; HEADER_BLOCK_START
; generated by IEMAI 3D Slicer 1.4.0 on 2026-09-19 at 16:24:10
; total layer number: 129
; filament_density: 1.24,1.24
; filament_diameter: 1.75,1.75
; max_z_height: 31.02
; filament: 1
; HEADER_BLOCK_END

; external perimeters extrusion width = 0.45mm
; perimeters extrusion width = 0.45mm
; infill extrusion width = 0.45mm
; solid infill extrusion width = 0.45mm
; top infill extrusion width = 0.40mm
; first layer extrusion width = 0.44mm

; EXECUTABLE_BLOCK_START
M73 P0 R114
;TYPE:Custom
G90 ; use absolute coordinates
M83 ; extruder relative mode
M204 S500 T500
T0
M104 S180 ; set extruder temp
M140 S50 ; set bed temp
G28 ; home all
G1 Y1.0 Z0.3 F1000 ; move print head up
M190 S50 ; wait for bed temp
M109 S180 ; wait for extruder temp
G92 E0.0
; initial load
G1 Y205.0 E19 F1000
G92 E0.0
G90
G21
M83 ; use relative distances for extrusion
; filament start gcode
T0
M106 S0
;LAYER_CHANGE
;Z:0.3
;HEIGHT:0.3
;BEFORE_LAYER_CHANGE
;0.3
G92 E0

;AFTER_LAYER_CHANGE
;0.3
;_SET_FAN_SPEED_CHANGING_LAYER
M204 P500
M205 X7 Y7
; printing object 圆柱体 id:2235774478336 copy 0
M204 T1000
G1 E-.9 F2400
G1 Z.7 F7200
G1 X199.339 Y139.893
G1 Z.7
G1 Z.3
G1 E.9 F2400
;TYPE:Outer wall
;WIDTH:0.44
G1 F1500
G1 X200.003 Y139.87 E.0311
G1 X200.528 Y139.879 E.02462
G3 X198.945 Y139.907 I-.527 J15.12 E4.37913
G1 X199.299 Y139.895 E.01663
G1 E-.9 F2400
G1 Z.7 F7200
G1 X208.876 Y142.937 Z.7
G1 Z.3
G1 E.9 F2400
;TYPE:Bottom surface
;WIDTH:0.444029
G1 F1500
G1 X210.679 Y144.74 E.12072
G3 X212.57 Y147.167 I-12.234 J11.478 E.14589
G1 X207.833 Y142.43 E.3172
G2 X206.623 Y141.758 I-7.02 J11.202 E.06555
G1 X213.242 Y148.377 E.44321
G1 X213.693 Y149.365 E.05144
G1 X205.646 Y141.317 E.53892
G2 X204.774 Y140.982 I-3.639 J8.17 E.04424
G1 X214.012 Y150.22 E.61862
G3 X214.261 Y151.006 I-11.695 J4.137 E.03904
G1 X204.005 Y140.751 E.68675
G2 X203.284 Y140.566 I-1.681 J5.067 E.0353
G1 X214.434 Y151.716 E.7467
G1 X214.579 Y152.398 E.03301
G1 X202.602 Y140.421 E.80207
G2 X201.966 Y140.322 I-3.509 J20.43 E.03048
G1 X214.669 Y153.025 E.85071
G3 X214.746 Y153.639 I-5.813 J1.036 E.02928
G1 X201.365 Y140.258 E.89606
G1 X200.788 Y140.217 E.0274
G1 X214.788 Y154.218 E.93752
G3 X214.801 Y154.768 I-5.247 J.407 E.0261
G1 X200.232 Y140.199 E.97567
G1 X199.695 Y140.199 E.02542
G1 X214.801 Y155.305 E1.01162
G3 X214.78 Y155.821 I-3.698 J.106 E.02446
G1 X199.174 Y140.215 E1.04508
G2 X198.678 Y140.256 I.146 J4.748 E.02356
G1 X214.745 Y156.323 E1.07591
G3 X214.697 Y156.812 I-4.689 J-.213 E.02327
G1 X198.193 Y140.307 E1.10523
G2 X197.717 Y140.369 I.35 J4.565 E.0227
G1 X214.628 Y157.279 E1.13243
G1 X214.547 Y157.736 E.02195
G1 X197.262 Y140.45 E1.15755
G1 X196.819 Y140.544 E.02144
G1 X214.462 Y158.187 E1.18148
G3 X214.36 Y158.621 I-4.193 J-.761 E.02114
G1 X196.379 Y140.641 E1.20411
G1 X195.961 Y140.76 E.02055
G1 X214.24 Y159.039 E1.22404
G1 X214.12 Y159.456 E.02055
G1 X195.544 Y140.88 E1.24397
G2 X195.139 Y141.012 I1.059 J3.927 E.02017
G1 X213.988 Y159.861 E1.26221
G3 X213.842 Y160.252 I-3.813 J-1.199 E.01977
G1 X194.748 Y141.158 E1.27862
G1 X194.366 Y141.312 E.01953
M73 P0 R113
G1 X213.688 Y160.634 E1.29388
G1 X213.533 Y161.016 E.01953
G1 X193.984 Y141.467 E1.30915
G2 X193.617 Y141.637 I1.444 J3.589 E.01915
G1 X213.357 Y161.378 E1.32194
G1 X213.181 Y161.739 E.01901
G1 X193.262 Y141.819 E1.33393
G1 X192.911 Y142.005 E.0188
G1 X212.999 Y162.093 E1.3452
G3 X212.806 Y162.437 I-3.379 J-1.671 E.01868
G1 X192.562 Y142.193 E1.35566
G1 X192.227 Y142.395 E.01853
G1 X212.6 Y162.768 E1.36429
G1 X212.393 Y163.098 E.01845
G1 X191.903 Y142.608 E1.37215
G1 X191.582 Y142.824 E.01831
G1 X212.18 Y163.422 E1.37937
G3 X211.958 Y163.736 I-3.11 J-1.968 E.01824
G1 X191.263 Y143.042 E1.38583
G1 X190.957 Y143.272 E.01815
G1 X211.722 Y164.038 E1.39056
G1 X211.487 Y164.339 E.01811
G1 X190.658 Y143.51 E1.39482
G2 X190.367 Y143.756 I2.202 J2.899 E.01805
G1 X211.246 Y164.635 E1.39815
G3 X210.995 Y164.922 I-2.866 J-2.251 E.01803
G1 X190.084 Y144.011 E1.40031
G1 X189.802 Y144.265 E.018
G1 X210.732 Y165.195 E1.40156
G1 X210.468 Y165.468 E.01798
G1 X189.532 Y144.532 E1.40197
G1 X189.268 Y144.805 E.01798
G1 X210.2 Y165.737 E1.40167
G1 X209.922 Y165.996 E.01799
G1 X189.005 Y145.078 E1.40073
G2 X188.754 Y145.365 I2.615 J2.537 E.01803
G1 X209.63 Y166.241 E1.39798
G1 X209.338 Y166.486 E.01805
G1 X188.513 Y145.661 E1.39457
G1 X188.278 Y145.962 E.01811
G1 X209.043 Y166.728 E1.39056
G1 X208.737 Y166.958 E.01815
G1 X188.042 Y146.264 E1.38583
G2 X187.82 Y146.578 I2.887 J2.282 E.01824
G1 X208.418 Y167.176 E1.37936
G1 X208.097 Y167.392 E.01831
G1 X187.607 Y146.902 E1.37215
G1 X187.4 Y147.232 E.01845
M73 P1 R113
G1 X207.772 Y167.604 E1.3642
G1 X207.432 Y167.801 E.01861
G1 X187.194 Y147.563 E1.35524
G2 X187.005 Y147.911 I2.399 J1.521 E.01878
G1 X207.091 Y167.997 E1.34505
G3 X206.742 Y168.185 I-1.964 J-3.24 E.01878
G1 X186.819 Y148.262 E1.33414
G2 X186.637 Y148.617 I3.297 J1.912 E.0189
G1 X206.383 Y168.363 E1.32229
G3 X206.016 Y168.533 I-1.806 J-3.408 E.01915
G1 X186.467 Y148.984 E1.30914
G1 X186.312 Y149.366 E.01953
G1 X205.634 Y168.688 E1.29388
G1 X205.252 Y168.842 E.01953
G1 X186.158 Y149.748 E1.27862
G2 X186.015 Y150.143 I2.747 J1.218 E.01987
G1 X204.861 Y168.988 E1.262
G3 X204.456 Y169.12 I-1.464 J-3.794 E.02017
G1 X185.883 Y150.548 E1.24372
G2 X185.753 Y150.954 I3.814 J1.445 E.02023
G1 X204.039 Y169.24 E1.22449
G1 X203.621 Y169.36 E.02055
G1 X185.64 Y151.378 E1.20415
G2 X185.544 Y151.819 I4.165 J1.136 E.02138
G1 X203.181 Y169.456 E1.18107
G1 X202.738 Y169.55 E.02144
G1 X185.45 Y152.262 E1.15772
G2 X185.369 Y152.717 I4.317 J1.005 E.02193
G1 X202.283 Y169.631 E1.13265
G3 X201.807 Y169.693 I-.825 J-4.504 E.0227
G1 X185.303 Y153.189 E1.10523
G2 X185.255 Y153.678 I4.64 J.702 E.02327
G1 X201.321 Y169.744 E1.07591
G3 X200.822 Y169.782 I-.519 J-3.551 E.02373
G1 X185.22 Y154.179 E1.04483
G2 X185.195 Y154.691 I4.871 J.495 E.02428
G1 X200.303 Y169.8 E1.01176
G3 X199.773 Y169.807 I-.33 J-5.055 E.02512
G1 X185.198 Y155.231 E.97607
G1 X185.217 Y155.787 E.02636
G1 X199.217 Y169.788 E.93755
G3 X198.632 Y169.739 I.17 J-5.609 E.02783
G1 X185.254 Y156.361 E.89586
G2 X185.331 Y156.975 I5.871 J-.42 E.02928
G1 X198.032 Y169.676 E.85056
G3 X197.398 Y169.579 I2.113 J-15.925 E.03037
G1 X185.421 Y157.602 E.80206
G1 X185.566 Y158.284 E.03301
G1 X196.716 Y169.434 E.7467
G3 X195.995 Y169.249 I.959 J-5.247 E.03531
G1 X185.751 Y159.005 E.686
G2 X185.982 Y159.774 I7.447 J-1.825 E.03802
G1 X195.22 Y169.012 E.61862
G3 X194.368 Y168.697 I2.582 J-8.293 E.04303
G1 X186.317 Y160.646 E.53913
G2 X186.758 Y161.624 I9.661 J-3.769 E.05082
G1 X193.376 Y168.242 E.44319
G3 X192.167 Y167.569 I5.81 J-11.873 E.06555
G1 X187.431 Y162.833 E.31718
G1 X187.438 Y162.846 E.00072
G2 X189.306 Y165.245 I12.518 J-7.817 E.14422
G1 X191.123 Y167.063 E.1217
; stop printing object 圆柱体 id:2235774478336 copy 0
; printing object 圆柱体 id:2235774478336 copy 0
G1 E-.9 F2400
G1 Z.7 F7200
G1 X154.339 Y139.893 Z.7
G1 Z.3
M73 P1 R112
G1 E.9 F2400
;TYPE:Outer wall
;WIDTH:0.44
G1 F1500
G1 X155.003 Y139.87 E.0311
G1 X155.528 Y139.879 E.02462
G3 X153.945 Y139.907 I-.527 J15.12 E4.37913
G1 X154.299 Y139.895 E.01663
G1 E-.9 F2400
G1 Z.7 F7200
G1 X163.876 Y142.937 Z.7
G1 Z.3
G1 E.9 F2400
;TYPE:Bottom surface
;WIDTH:0.444029
G1 F1500
G1 X165.679 Y144.74 E.12072
G3 X167.57 Y147.167 I-12.234 J11.478 E.14589
G1 X162.833 Y142.43 E.3172
G2 X161.623 Y141.758 I-7.02 J11.202 E.06555
G1 X168.242 Y148.377 E.44321
G1 X168.693 Y149.365 E.05144
G1 X160.646 Y141.317 E.53892
G2 X159.774 Y140.982 I-3.639 J8.17 E.04424
G1 X169.012 Y150.22 E.61862
G3 X169.261 Y151.006 I-11.695 J4.137 E.03904
G1 X159.005 Y140.751 E.68675
G2 X158.284 Y140.566 I-1.681 J5.067 E.0353
G1 X169.434 Y151.716 E.7467
G1 X169.579 Y152.398 E.03301
G1 X157.602 Y140.421 E.80207
G2 X156.966 Y140.322 I-3.509 J20.43 E.03048
G1 X169.669 Y153.025 E.85071
G3 X169.746 Y153.639 I-5.813 J1.036 E.02928
G1 X156.365 Y140.258 E.89606
G1 X155.788 Y140.217 E.0274
G1 X169.788 Y154.218 E.93752
G3 X169.801 Y154.768 I-5.247 J.407 E.0261
G1 X155.232 Y140.199 E.97567
G1 X154.695 Y140.199 E.02542
G1 X169.801 Y155.305 E1.01162
G3 X169.78 Y155.821 I-3.698 J.106 E.02446
G1 X154.174 Y140.215 E1.04508
G2 X153.678 Y140.256 I.146 J4.748 E.02356
G1 X169.745 Y156.323 E1.07591
G3 X169.697 Y156.812 I-4.689 J-.213 E.02327
G1 X153.193 Y140.307 E1.10523
G2 X152.717 Y140.369 I.35 J4.565 E.0227
G1 X169.628 Y157.279 E1.13243
G1 X169.547 Y157.736 E.02195
G1 X152.262 Y140.45 E1.15755
G1 X151.819 Y140.544 E.02144
G1 X169.462 Y158.187 E1.18148
G3 X169.36 Y158.621 I-4.193 J-.761 E.02114
G1 X151.379 Y140.641 E1.20411
G1 X150.961 Y140.76 E.02055
G1 X169.24 Y159.039 E1.22404
G1 X169.12 Y159.456 E.02055
G1 X150.544 Y140.88 E1.24397
G2 X150.139 Y141.012 I1.059 J3.927 E.02017
G1 X168.988 Y159.861 E1.26221
G3 X168.842 Y160.252 I-3.813 J-1.199 E.01977
G1 X149.748 Y141.158 E1.27862
G1 X149.366 Y141.312 E.01953
G1 X168.688 Y160.634 E1.29388
G1 X168.533 Y161.016 E.01953
G1 X148.984 Y141.467 E1.30915
G2 X148.617 Y141.637 I1.444 J3.589 E.01915
G1 X168.357 Y161.378 E1.32194
G1 X168.181 Y161.739 E.01901
G1 X148.262 Y141.819 E1.33393
G1 X147.911 Y142.005 E.0188
G1 X167.999 Y162.093 E1.3452
G3 X167.806 Y162.437 I-3.379 J-1.671 E.01868
G1 X147.562 Y142.193 E1.35566
G1 X147.227 Y142.395 E.01853
G1 X167.6 Y162.768 E1.36429
G1 X167.393 Y163.098 E.01845
G1 X146.903 Y142.608 E1.37215
G1 X146.582 Y142.824 E.01831
G1 X167.18 Y163.422 E1.37937
G3 X166.958 Y163.736 I-3.11 J-1.968 E.01824
G1 X146.263 Y143.042 E1.38583
G1 X145.957 Y143.272 E.01815
G1 X166.722 Y164.038 E1.39056
G1 X166.487 Y164.339 E.01811
M73 P2 R112
G1 X145.658 Y143.51 E1.39482
G2 X145.367 Y143.756 I2.202 J2.899 E.01805
G1 X166.246 Y164.635 E1.39815
G3 X165.995 Y164.922 I-2.866 J-2.251 E.01803
G1 X145.084 Y144.011 E1.40031
G1 X144.802 Y144.265 E.018
G1 X165.732 Y165.195 E1.40156
G1 X165.468 Y165.468 E.01798
G1 X144.532 Y144.532 E1.40197
G1 X144.268 Y144.805 E.01798
G1 X165.2 Y165.737 E1.40167
G1 X164.922 Y165.996 E.01799
G1 X144.005 Y145.078 E1.40073
G2 X143.754 Y145.365 I2.615 J2.537 E.01803
G1 X164.63 Y166.241 E1.39798
G1 X164.338 Y166.486 E.01805
G1 X143.513 Y145.661 E1.39457
G1 X143.278 Y145.962 E.01811
G1 X164.043 Y166.728 E1.39056
G1 X163.737 Y166.958 E.01815
G1 X143.042 Y146.264 E1.38583
G2 X142.82 Y146.578 I2.887 J2.282 E.01824
G1 X163.418 Y167.176 E1.37936
G1 X163.097 Y167.392 E.01831
G1 X142.607 Y146.902 E1.37215
G1 X142.4 Y147.232 E.01845
G1 X162.772 Y167.604 E1.3642
G1 X162.432 Y167.801 E.01861
G1 X142.194 Y147.563 E1.35524
G2 X142.005 Y147.911 I2.399 J1.521 E.01878
G1 X162.091 Y167.997 E1.34505
G3 X161.742 Y168.185 I-1.964 J-3.24 E.01878
G1 X141.819 Y148.262 E1.33414
G2 X141.637 Y148.617 I3.297 J1.912 E.0189
M73 P2 R111
G1 X161.383 Y168.363 E1.32229
G3 X161.016 Y168.533 I-1.806 J-3.408 E.01915
G1 X141.467 Y148.984 E1.30914
G1 X141.312 Y149.366 E.01953
G1 X160.634 Y168.688 E1.29388
G1 X160.252 Y168.842 E.01953
G1 X141.158 Y149.748 E1.27862
G2 X141.015 Y150.143 I2.747 J1.218 E.01987
G1 X159.861 Y168.988 E1.262
G3 X159.456 Y169.12 I-1.464 J-3.794 E.02017
G1 X140.883 Y150.548 E1.24372
G2 X140.753 Y150.954 I3.814 J1.445 E.02023
G1 X159.039 Y169.24 E1.22449
G1 X158.621 Y169.36 E.02055
G1 X140.64 Y151.378 E1.20415
G2 X140.544 Y151.819 I4.165 J1.136 E.02138
G1 X158.181 Y169.456 E1.18107
G1 X157.738 Y169.55 E.02144
G1 X140.45 Y152.262 E1.15772
G2 X140.369 Y152.717 I4.317 J1.005 E.02193
G1 X157.283 Y169.631 E1.13265
G3 X156.807 Y169.693 I-.825 J-4.504 E.0227
G1 X140.303 Y153.189 E1.10523
G2 X140.255 Y153.678 I4.64 J.702 E.02327
G1 X156.321 Y169.744 E1.07591
G3 X155.822 Y169.782 I-.519 J-3.551 E.02373
G1 X140.22 Y154.179 E1.04483
G2 X140.195 Y154.691 I4.871 J.495 E.02428
G1 X155.303 Y169.8 E1.01176
G3 X154.773 Y169.807 I-.33 J-5.055 E.02512
G1 X140.198 Y155.231 E.97607
G1 X140.217 Y155.787 E.02636
G1 X154.217 Y169.788 E.93755
G3 X153.632 Y169.739 I.17 J-5.609 E.02783
G1 X140.254 Y156.361 E.89586
G2 X140.331 Y156.975 I5.871 J-.42 E.02928
G1 X153.032 Y169.676 E.85056
G3 X152.398 Y169.579 I2.113 J-15.925 E.03037
G1 X140.421 Y157.602 E.80206
G1 X140.566 Y158.284 E.03301
G1 X151.716 Y169.434 E.7467
G3 X150.995 Y169.249 I.959 J-5.247 E.03531
G1 X140.751 Y159.005 E.686
G2 X140.982 Y159.774 I7.447 J-1.825 E.03802
G1 X150.22 Y169.012 E.61862
G3 X149.368 Y168.697 I2.582 J-8.293 E.04303
G1 X141.317 Y160.646 E.53913
G2 X141.758 Y161.624 I9.661 J-3.769 E.05082
G1 X148.376 Y168.242 E.44319
G3 X147.167 Y167.569 I5.81 J-11.873 E.06555
G1 X142.431 Y162.833 E.31718
G1 X142.438 Y162.846 E.00072
G2 X144.306 Y165.245 I12.518 J-7.817 E.14422
G1 X146.123 Y167.063 E.1217
; stop printing object 圆柱体 id:2235774478336 copy 0
M106 S255
;LAYER_CHANGE
;Z:0.54
;HEIGHT:0.24
;BEFORE_LAYER_CHANGE
;0.54
G92 E0

;AFTER_LAYER_CHANGE
;0.54
;_SET_FAN_SPEED_CHANGING_LAYER
M205 X3 Y3
; printing object 圆柱体 id:2235774478336 copy 0
M205 X7 Y7
G1 E-.9 F2400
G1 Z.94 F7200
G1 X200.238 Y140.976 Z.94
G1 Z.54
G1 E.9 F2400
M205 X3 Y3
;TYPE:Inner wall
;WIDTH:0.45
G1 X200.49 Y140.981 E.00999
G3 X200.007 Y140.972 I-.486 J14.018 E3.48512
G1 X200.198 Y140.976 E.00761
M205 X7 Y7
G1 X199.943 Y140.576 F7200
M205 X3 Y3
G1 F2400
G1 X200.007 Y140.574 E.00254
G1 X200.504 Y140.582 E.01974
G3 X198.994 Y140.609 I-.5 J14.417 E3.54381
G1 X199.903 Y140.577 E.03619
M205 X7 Y7
G1 X199.789 Y140.183 F7200
M205 X3 Y3
G1 F2400
G1 X200.007 Y140.175 E.00866
G1 X200.517 Y140.184 E.02029
G3 X198.966 Y140.212 I-.514 J14.815 E3.64172
G1 X199.749 Y140.184 E.03118
M204 T500
G1 X199.324 Y139.749 F7200
;TYPE:Outer wall
G1 F1800
G1 X200.007 Y139.725 E.02718
G1 X200.533 Y139.734 E.02091
G3 X198.935 Y139.763 I-.529 J15.265 E3.75228
G1 X199.284 Y139.75 E.01391
M204 T1000
M205 X7 Y7
G1 E-.9 F2400
G1 Z.94 F7200
G1 X208.422 Y165.781 Z.94
G1 Z.54
G1 E.9 F2400
;TYPE:Internal solid infill
;WIDTH:0.420534
G1 F2100
G2 X211.068 Y163.091 I-21.234 J-23.531 E.13899
G1 X207.116 Y166.878 F7200
;WIDTH:0.449999
G1 F2100
G1 X211.264 Y162.73 E.23323
G2 X212.112 Y161.318 I-9.042 J-6.394 E.06557
G1 X206.308 Y167.122 E.32637
G3 X205.257 Y167.609 I-4.008 J-7.268 E.04609
G1 X212.609 Y160.257 E.41341
G2 X212.949 Y159.354 I-6.286 J-2.878 E.03839
G1 X204.345 Y167.959 E.48383
G3 X203.545 Y168.195 I-2.652 J-7.51 E.03317
G1 X213.201 Y158.539 E.54297
G2 X213.369 Y157.807 I-6.897 J-1.971 E.02987
G1 X202.807 Y168.369 E.59394
G3 X202.115 Y168.498 I-1.265 J-4.884 E.02801
G1 X213.503 Y157.109 E.64039
G2 X213.591 Y156.458 I-9.276 J-1.575 E.02612
G1 X201.459 Y168.59 E.68217
G3 X200.844 Y168.642 I-1.779 J-17.468 E.02455
G1 X213.634 Y155.851 E.71924
G2 X213.665 Y155.257 I-5.649 J-.584 E.02365
G1 X200.261 Y168.661 E.7537
G1 X199.698 Y168.661 E.02241
G1 X213.658 Y154.7 E.78504
G1 X213.639 Y154.155 E.02167
G1 X199.16 Y168.635 E.81423
G1 X198.633 Y168.598 E.02099
G1 X213.599 Y153.632 E.84161
G2 X213.533 Y153.135 I-4.771 J.388 E.01994
G1 X198.128 Y168.54 E.86625
G3 X197.648 Y168.457 I.554 J-4.627 E.01939
G1 X213.463 Y152.641 E.88935
G2 X213.372 Y152.168 I-4.555 J.631 E.01915
G1 X197.168 Y168.372 E.91118
G3 X196.71 Y168.267 I.775 J-4.432 E.01871
G1 X213.26 Y151.717 E.93065
G1 X213.148 Y151.266 E.01849
G1 X196.265 Y168.148 E.94935
G3 X195.838 Y168.011 I1.094 J-4.142 E.01782
M73 P3 R111
G1 X213.011 Y150.838 E.96567
G1 X212.873 Y150.413 E.01778
G1 X195.413 Y167.873 E.98182
G3 X195.007 Y167.716 I.921 J-2.984 E.01734
G1 X212.721 Y150.002 E.9961
G2 X212.552 Y149.607 I-3.863 J1.414 E.01709
G1 X194.605 Y167.554 E1.00919
G3 X194.214 Y167.382 I1.446 J-3.821 E.01701
G1 X212.379 Y149.217 E1.02144
G2 X212.197 Y148.835 I-3.761 J1.551 E.01683
G1 X193.837 Y167.195 E1.03242
G1 X193.469 Y166.999 E.01657
G1 X212.002 Y148.467 E1.04212
G1 X211.796 Y148.109 E.0164
G1 X193.104 Y166.801 E1.05106
G3 X192.752 Y166.589 I1.846 J-3.463 E.01633
G1 X211.589 Y147.752 E1.05923
G1 X211.362 Y147.416 E.01614
G1 X192.416 Y166.362 E1.06538
G1 X192.079 Y166.135 E.01614
G1 X211.135 Y147.079 E1.07154
G2 X210.898 Y146.753 I-3.236 J2.098 E.01605
G1 X191.753 Y165.898 E1.07659
G3 X191.439 Y165.649 I2.206 J-3.1 E.01596
G1 X210.649 Y146.438 E1.08022
G1 X210.392 Y146.132 E.01591
G1 X191.132 Y165.391 E1.08299
G3 X190.827 Y165.133 I1.703 J-2.316 E.01591
M73 P3 R110
G1 X210.133 Y145.827 E1.0856
G1 X209.861 Y145.535 E.01585
G1 X190.541 Y164.856 E1.08643
G1 X190.254 Y164.579 E.01585
G1 X209.576 Y145.257 E1.08651
G1 X209.289 Y144.98 E.01585
G1 X189.978 Y164.292 E1.08594
G3 X189.713 Y163.993 I2.722 J-2.672 E.01588
G1 X208.995 Y144.711 E1.08427
G2 X208.689 Y144.453 I-2.588 J2.765 E.01591
G1 X189.456 Y163.686 E1.08152
G3 X189.201 Y163.378 I2.785 J-2.569 E.01592
G1 X208.373 Y144.206 E1.07809
G1 X208.056 Y143.959 E.01596
G1 X188.958 Y163.057 E1.07391
G3 X188.73 Y162.721 I3.108 J-2.359 E.01614
G1 X207.721 Y143.73 E1.06789
G1 X207.385 Y143.503 E.01614
G1 X188.503 Y162.385 E1.06173
G3 X188.285 Y162.039 I3.196 J-2.259 E.01625
G1 X207.039 Y143.285 E1.05457
G2 X206.683 Y143.078 I-3.144 J5.001 E.0164
G1 X188.078 Y161.683 E1.04618
G3 X187.882 Y161.316 I3.406 J-2.06 E.01656
G1 X206.316 Y142.882 E1.03659
G1 X205.937 Y142.697 E.01676
G1 X187.697 Y160.937 E1.02568
G1 X187.512 Y160.558 E.01676
G1 X205.558 Y142.512 E1.01475
G1 X205.157 Y142.35 E.01721
G1 X187.35 Y160.157 E1.0013
G1 X187.188 Y159.755 E.01721
G1 X204.755 Y142.188 E.98785
G2 X204.34 Y142.04 I-1.62 J3.891 E.01755
G1 X187.04 Y159.34 E.97281
G3 X186.909 Y158.907 I4.065 J-1.463 E.01799
G1 X203.912 Y141.904 E.95608
G2 X203.467 Y141.786 I-1.356 J4.184 E.01831
G1 X186.784 Y158.469 E.93813
G3 X186.67 Y158.018 I4.203 J-1.294 E.01848
G1 X203.016 Y141.673 E.91913
G2 X202.552 Y141.573 I-1.185 J4.374 E.01887
G1 X186.578 Y157.548 E.89826
G1 X186.493 Y157.068 E.01934
G1 X202.066 Y141.496 E.87569
G1 X201.572 Y141.426 E.01984
G1 X186.424 Y156.575 E.85182
G3 X186.38 Y156.055 I4.936 J-.678 E.02075
G1 X201.055 Y141.38 E.82521
G1 X200.528 Y141.343 E.02099
G1 X186.343 Y155.528 E.79766
G3 X186.339 Y154.968 I4.003 J-.305 E.02228
G1 X199.968 Y141.339 E.76637
G2 X199.396 Y141.348 I-.223 J4.098 E.02278
G1 X186.348 Y154.396 E.73368
G1 X186.391 Y153.79 E.02415
G1 X198.79 Y141.391 E.69722
G2 X198.161 Y141.456 I.311 J6.035 E.02516
G1 X186.456 Y153.161 E.65816
G3 X186.573 Y152.48 I6.55 J.774 E.02746
G1 X197.48 Y141.573 E.61334
G2 X196.771 Y141.719 I1.039 J6.843 E.02882
G1 X186.719 Y151.771 E.56522
G3 X186.941 Y150.985 I10.917 J2.659 E.03246
G1 X195.986 Y141.94 E.50865
G2 X195.127 Y142.235 I2.495 J8.65 E.03614
G1 X187.235 Y150.127 E.44379
G3 X187.647 Y149.152 I9.512 J3.442 E.04212
G1 X194.14 Y142.66 E.36508
G2 X192.919 Y143.316 I4.284 J9.423 E.05514
G1 X187.834 Y148.402 E.28598
; stop printing object 圆柱体 id:2235774478336 copy 0
; printing object 圆柱体 id:2235774478336 copy 0
G1 E-.9 F2400
G1 Z.94 F7200
G1 X155.238 Y140.976 Z.94
G1 Z.54
G1 E.9 F2400
M205 X3 Y3
;TYPE:Inner wall
;WIDTH:0.45
G1 X155.49 Y140.981 E.00999
G3 X155.007 Y140.972 I-.486 J14.018 E3.48512
G1 X155.198 Y140.976 E.00761
M205 X7 Y7
G1 X154.943 Y140.576 F7200
M205 X3 Y3
G1 F2400
G1 X155.007 Y140.574 E.00254
G1 X155.504 Y140.582 E.01974
G3 X153.994 Y140.609 I-.5 J14.417 E3.54381
G1 X154.903 Y140.577 E.03619
M205 X7 Y7
G1 X154.789 Y140.183 F7200
M205 X3 Y3
G1 F2400
G1 X155.007 Y140.175 E.00866
G1 X155.517 Y140.184 E.02029
G3 X153.966 Y140.212 I-.514 J14.815 E3.64172
G1 X154.749 Y140.184 E.03118
M204 T500
G1 X154.324 Y139.749 F7200
;TYPE:Outer wall
G1 F1800
G1 X155.007 Y139.725 E.02718
G1 X155.533 Y139.734 E.02091
G3 X153.935 Y139.763 I-.529 J15.265 E3.75228
G1 X154.284 Y139.75 E.01391
M204 T1000
M205 X7 Y7
G1 E-.9 F2400
G1 Z.94 F7200
G1 X163.422 Y165.781 Z.94
G1 Z.54
G1 E.9 F2400
;TYPE:Internal solid infill
;WIDTH:0.420534
G1 F2100
G2 X166.068 Y163.091 I-21.234 J-23.531 E.13899
G1 X162.116 Y166.878 F7200
;WIDTH:0.449999
G1 F2100
G1 X166.264 Y162.73 E.23323
G2 X167.112 Y161.318 I-9.042 J-6.394 E.06557
G1 X161.308 Y167.122 E.32637
G3 X160.257 Y167.609 I-4.008 J-7.268 E.04609
G1 X167.609 Y160.257 E.41341
G2 X167.949 Y159.354 I-6.286 J-2.878 E.03839
G1 X159.345 Y167.959 E.48383
G3 X158.545 Y168.195 I-2.652 J-7.51 E.03317
G1 X168.201 Y158.539 E.54297
G2 X168.369 Y157.807 I-6.897 J-1.971 E.02987
G1 X157.807 Y168.369 E.59394
G3 X157.115 Y168.498 I-1.265 J-4.884 E.02801
G1 X168.503 Y157.109 E.64039
G2 X168.591 Y156.458 I-9.276 J-1.575 E.02612
G1 X156.459 Y168.59 E.68217
G3 X155.844 Y168.642 I-1.779 J-17.468 E.02455
G1 X168.634 Y155.851 E.71924
G2 X168.665 Y155.257 I-5.649 J-.584 E.02365
G1 X155.261 Y168.661 E.7537
G1 X154.698 Y168.661 E.02241
G1 X168.658 Y154.7 E.78504
G1 X168.639 Y154.155 E.02167
G1 X154.16 Y168.635 E.81423
G1 X153.633 Y168.598 E.02099
G1 X168.599 Y153.632 E.84161
G2 X168.533 Y153.135 I-4.771 J.388 E.01994
G1 X153.128 Y168.54 E.86625
G3 X152.648 Y168.457 I.554 J-4.627 E.01939
G1 X168.463 Y152.641 E.88935
G2 X168.372 Y152.168 I-4.555 J.631 E.01915
G1 X152.168 Y168.372 E.91118
G3 X151.71 Y168.267 I.775 J-4.432 E.01871
G1 X168.26 Y151.717 E.93065
G1 X168.148 Y151.266 E.01849
G1 X151.265 Y168.148 E.94935
G3 X150.838 Y168.011 I1.094 J-4.142 E.01782
G1 X168.011 Y150.838 E.96567
G1 X167.873 Y150.413 E.01778
G1 X150.413 Y167.873 E.98182
G3 X150.007 Y167.716 I.921 J-2.984 E.01734
G1 X167.721 Y150.002 E.9961
G2 X167.552 Y149.607 I-3.863 J1.414 E.01709
G1 X149.605 Y167.554 E1.00919
G3 X149.214 Y167.382 I1.446 J-3.821 E.01701
G1 X167.379 Y149.217 E1.02144
G2 X167.197 Y148.835 I-3.761 J1.551 E.01683
G1 X148.837 Y167.195 E1.03242
G1 X148.469 Y166.999 E.01657
G1 X167.002 Y148.467 E1.04212
G1 X166.796 Y148.109 E.0164
G1 X148.104 Y166.801 E1.05106
G3 X147.752 Y166.589 I1.846 J-3.463 E.01633
M73 P4 R110
G1 X166.589 Y147.752 E1.05923
G1 X166.362 Y147.416 E.01614
G1 X147.416 Y166.362 E1.06538
G1 X147.079 Y166.135 E.01614
G1 X166.135 Y147.079 E1.07154
G2 X165.898 Y146.753 I-3.236 J2.098 E.01605
G1 X146.753 Y165.898 E1.07659
G3 X146.439 Y165.649 I2.206 J-3.1 E.01596
G1 X165.649 Y146.438 E1.08022
G1 X165.392 Y146.132 E.01591
M73 P4 R109
G1 X146.132 Y165.391 E1.08299
G3 X145.827 Y165.133 I1.703 J-2.316 E.01591
G1 X165.133 Y145.827 E1.0856
G1 X164.861 Y145.535 E.01585
G1 X145.541 Y164.856 E1.08643
G1 X145.254 Y164.579 E.01585
G1 X164.576 Y145.257 E1.08651
G1 X164.289 Y144.98 E.01585
G1 X144.978 Y164.292 E1.08594
G3 X144.713 Y163.993 I2.722 J-2.672 E.01588
G1 X163.995 Y144.711 E1.08427
G2 X163.689 Y144.453 I-2.588 J2.765 E.01591
G1 X144.456 Y163.686 E1.08152
G3 X144.201 Y163.378 I2.785 J-2.569 E.01592
G1 X163.373 Y144.206 E1.07809
G1 X163.056 Y143.959 E.01596
G1 X143.958 Y163.057 E1.07391
G3 X143.73 Y162.721 I3.108 J-2.359 E.01614
G1 X162.721 Y143.73 E1.06789
G1 X162.385 Y143.503 E.01614
G1 X143.503 Y162.385 E1.06173
G3 X143.285 Y162.039 I3.196 J-2.259 E.01625
G1 X162.039 Y143.285 E1.05457
G2 X161.683 Y143.078 I-3.144 J5.001 E.0164
G1 X143.078 Y161.683 E1.04618
G3 X142.882 Y161.316 I3.406 J-2.06 E.01656
G1 X161.316 Y142.882 E1.03659
G1 X160.937 Y142.697 E.01676
G1 X142.697 Y160.937 E1.02568
G1 X142.512 Y160.558 E.01676
G1 X160.558 Y142.512 E1.01475
G1 X160.157 Y142.35 E.01721
G1 X142.35 Y160.157 E1.0013
G1 X142.188 Y159.755 E.01721
G1 X159.755 Y142.188 E.98785
G2 X159.34 Y142.04 I-1.62 J3.891 E.01755
G1 X142.04 Y159.34 E.97281
G3 X141.909 Y158.907 I4.065 J-1.463 E.01799
G1 X158.912 Y141.904 E.95608
G2 X158.467 Y141.786 I-1.356 J4.184 E.01831
G1 X141.784 Y158.469 E.93813
G3 X141.67 Y158.018 I4.203 J-1.294 E.01848
G1 X158.016 Y141.673 E.91913
G2 X157.552 Y141.573 I-1.185 J4.374 E.01887
G1 X141.578 Y157.548 E.89826
G1 X141.493 Y157.068 E.01934
G1 X157.066 Y141.496 E.87569
G1 X156.572 Y141.426 E.01984
G1 X141.424 Y156.575 E.85182
G3 X141.38 Y156.055 I4.936 J-.678 E.02075
G1 X156.055 Y141.38 E.82521
G1 X155.528 Y141.343 E.02099
G1 X141.343 Y155.528 E.79766
G3 X141.339 Y154.968 I4.003 J-.305 E.02228
G1 X154.968 Y141.339 E.76637
G2 X154.396 Y141.348 I-.223 J4.098 E.02278
G1 X141.348 Y154.396 E.73368
G1 X141.391 Y153.79 E.02415
G1 X153.79 Y141.391 E.69722
G2 X153.161 Y141.456 I.311 J6.035 E.02516
G1 X141.456 Y153.161 E.65816
G3 X141.573 Y152.48 I6.55 J.774 E.02746
G1 X152.48 Y141.573 E.61334
G2 X151.771 Y141.719 I1.039 J6.843 E.02882
G1 X141.719 Y151.771 E.56522
G3 X141.941 Y150.985 I10.917 J2.659 E.03246
G1 X150.986 Y141.94 E.50865
G2 X150.127 Y142.235 I2.495 J8.65 E.03614
G1 X142.235 Y150.127 E.44379
G3 X142.647 Y149.152 I9.512 J3.442 E.04212
G1 X149.14 Y142.66 E.36508
G2 X147.919 Y143.316 I4.284 J9.423 E.05514
G1 X142.834 Y148.402 E.28598
; stop printing object 圆柱体 id:2235774478336 copy 0
;LAYER_CHANGE
;Z:0.78
;HEIGHT:0.24
;BEFORE_LAYER_CHANGE
;0.78
G92 E0

;AFTER_LAYER_CHANGE
;0.78
;_SET_FAN_SPEED_CHANGING_LAYER
; printing object 圆柱体 id:2235774478336 copy 0
G1 E-.9 F2400
G1 Z1.18 F7200
G1 X200.229 Y140.976 Z1.18
G1 Z.78
G1 E.9 F2400
M205 X3 Y3
;TYPE:Inner wall
;WIDTH:0.45
G1 X200.49 Y140.981 E.01036
G3 X200.011 Y140.972 I-.484 J14.018 E3.48528
G1 X200.189 Y140.976 E.00709
M205 X7 Y7
G1 X199.934 Y140.577 F7200
M205 X3 Y3
G1 F2400
G1 X200.011 Y140.574 E.00307
G1 X200.504 Y140.582 E.01958
G3 X198.994 Y140.609 I-.498 J14.417 E3.54381
G1 X199.894 Y140.578 E.03582
M205 X7 Y7
G1 X199.78 Y140.183 F7200
M205 X3 Y3
G1 F2400
G1 X200.011 Y140.175 E.00922
G1 X200.517 Y140.184 E.02013
G3 X198.966 Y140.212 I-.512 J14.815 E3.64172
G1 X199.74 Y140.185 E.03079
M204 T500
G1 X199.314 Y139.749 F7200
;TYPE:Outer wall
G1 F1800
G1 X200.011 Y139.725 E.02773
G1 X200.533 Y139.734 E.02074
G3 X198.935 Y139.763 I-.527 J15.265 E3.75228
G1 X199.274 Y139.751 E.01353
M204 T1000
M205 X7 Y7
G1 E-.9 F2400
G1 Z1.18 F7200
G1 X208.061 Y143.905 Z1.18
G1 Z.78
G1 E.9 F2400
;TYPE:Internal solid infill
;WIDTH:0.394432
G1 F2100
G1 X208.779 Y144.54 E.0328
;WIDTH:0.430486
G3 X210.136 Y145.874 I-18.414 J20.093 E.07195
;WIDTH:0.430406
G1 X211.069 Y146.91 E.05271
G1 X211.878 Y147.884 F7200
;WIDTH:0.449999
G1 F2100
G1 X207.73 Y143.736 E.23324
G2 X206.318 Y142.887 I-6.423 J9.088 E.06558
G1 X212.122 Y148.692 E.32639
G3 X212.609 Y149.742 I-7.202 J3.976 E.04607
G1 X205.257 Y142.391 E.41339
G2 X204.345 Y142.041 I-3.789 J8.536 E.03888
G1 X212.949 Y150.646 E.48384
G3 X213.201 Y151.461 I-7.684 J2.821 E.03396
G1 X203.545 Y141.805 E.54298
G2 X202.798 Y141.622 I-3.026 J10.723 E.03058
G1 X213.378 Y152.202 E.59493
G1 X213.499 Y152.886 E.02762
G1 X202.114 Y141.501 E.64018
G2 X201.458 Y141.409 I-1.206 J6.21 E.02633
G1 X213.591 Y153.542 E.68222
G3 X213.634 Y154.149 I-5.773 J.722 E.02423
G1 X200.851 Y141.366 E.71884
G2 X200.261 Y141.339 I-.482 J4.202 E.02349
G1 X213.661 Y154.739 E.75347
G1 X213.661 Y155.302 E.02241
G1 X199.698 Y141.339 E.78516
G2 X199.153 Y141.359 I-.089 J5.206 E.02167
G1 X213.641 Y155.847 E.81469
G3 X213.593 Y156.362 I-4.937 J-.207 E.02057
G1 X198.632 Y141.401 E.84129
G2 X198.135 Y141.467 I.389 J4.772 E.01994
G1 X213.539 Y156.872 E.86621
G3 X213.463 Y157.359 I-4.624 J-.469 E.01964
G1 X197.641 Y141.537 E.88973
G2 X197.175 Y141.635 I.467 J3.378 E.01893
G1 X213.365 Y157.825 E.91041
G1 X213.267 Y158.29 E.01889
G1 X196.71 Y141.733 E.93099
G2 X196.265 Y141.852 I.904 J4.305 E.01833
G1 X213.148 Y158.735 E.94938
G3 X213.011 Y159.162 I-4.139 J-1.093 E.01782
G1 X195.838 Y141.989 E.96567
G1 X195.413 Y142.127 E.01778
G1 X212.873 Y159.587 E.98182
G3 X212.721 Y159.998 I-3.999 J-1.249 E.01744
G1 X195.007 Y142.284 E.9961
G1 X194.605 Y142.446 E.01721
G1 X212.552 Y160.393 E1.00919
G1 X212.379 Y160.783 E.01697
G1 X194.217 Y142.622 E1.02125
G1 X193.838 Y142.806 E.01676
G1 X212.195 Y161.163 E1.03221
G1 X211.999 Y161.531 E.01657
G1 X193.465 Y142.996 E1.04222
G2 X193.105 Y143.2 I1.764 J3.532 E.01645
G1 X211.801 Y161.896 E1.0513
G1 X211.589 Y162.248 E.01633
G1 X192.758 Y143.417 E1.0589
G1 X192.411 Y143.634 E.01626
G1 X211.362 Y162.584 E1.06564
G1 X211.135 Y162.921 E.01614
G1 X192.077 Y143.863 E1.07165
G2 X191.756 Y144.105 I2.15 J3.187 E.01601
M73 P4 R108
G1 X210.895 Y163.244 E1.0762
G1 X210.647 Y163.56 E.01596
G1 X191.44 Y144.353 E1.08009
G2 X191.127 Y144.604 I2.241 J3.104 E.01594
G1 X210.396 Y163.873 E1.08352
G3 X210.133 Y164.173 I-4.434 J-3.614 E.01588
G1 X190.827 Y144.867 E1.08563
G1 X190.535 Y145.139 E.01585
G1 X209.861 Y164.465 E1.08674
G3 X209.576 Y164.743 I-2.799 J-2.584 E.01585
M73 P5 R108
G1 X190.257 Y145.424 E1.08635
G1 X189.98 Y145.711 E.01585
G1 X209.289 Y165.02 E1.08579
G3 X208.995 Y165.289 I-2.717 J-2.668 E.01587
G1 X189.713 Y146.007 E1.08427
G1 X189.456 Y146.314 E.01591
G1 X208.689 Y165.547 E1.08152
G1 X208.373 Y165.794 E.01596
G1 X189.2 Y146.622 E1.07809
G1 X188.958 Y146.943 E.016
G1 X208.056 Y166.041 E1.07392
G3 X207.721 Y166.269 I-1.787 J-2.264 E.01614
G1 X188.73 Y147.279 E1.06788
G1 X188.503 Y147.615 E.01614
G1 X207.384 Y166.496 E1.06171
G3 X207.036 Y166.712 I-1.723 J-2.395 E.01629
G1 X188.285 Y147.961 E1.0544
G2 X188.08 Y148.32 I3.321 J2.133 E.01643
G1 X206.679 Y166.918 E1.04582
G3 X206.317 Y167.12 I-2.116 J-3.362 E.01647
G1 X187.885 Y148.688 E1.03649
G2 X187.691 Y149.057 I3.433 J2.032 E.01661
G1 X205.943 Y167.309 E1.02631
G1 X205.558 Y167.488 E.01687
G1 X187.512 Y149.442 E1.01475
G1 X187.35 Y149.843 E.01721
G1 X205.157 Y167.65 E1.00131
G1 X204.755 Y167.812 E.01721
G1 X187.188 Y150.245 E.98785
G2 X187.045 Y150.665 I2.935 J1.232 E.01768
G1 X204.34 Y167.96 E.97253
G3 X203.907 Y168.091 I-1.463 J-4.065 E.01799
G1 X186.907 Y151.091 E.95595
G2 X186.781 Y151.529 I4.117 J1.418 E.01812
G1 X203.469 Y168.216 E.93839
G3 X203.014 Y168.325 I-.997 J-3.172 E.01862
G1 X186.675 Y151.986 E.91878
G1 X186.576 Y152.451 E.01889
G1 X202.549 Y168.424 E.89819
G3 X202.066 Y168.505 I-.824 J-3.428 E.01947
G1 X186.491 Y152.929 E.87584
G2 X186.429 Y153.431 I4.69 J.831 E.02011
G1 X201.572 Y168.574 E.85152
G3 X201.061 Y168.626 I-.758 J-4.868 E.02044
G1 X186.375 Y153.941 E.8258
G2 X186.342 Y154.471 I5.042 J.585 E.02113
G1 X200.522 Y168.651 E.79736
G3 X199.976 Y168.669 I-.444 J-5.195 E.02172
G1 X186.339 Y155.032 E.76682
G2 X186.348 Y155.604 I4.098 J.223 E.02278
G1 X199.396 Y168.652 E.73368
G1 X198.79 Y168.609 E.02415
G1 X186.391 Y156.21 E.69722
G2 X186.456 Y156.839 I6.034 J-.311 E.02516
G1 X198.161 Y168.544 E.65816
G3 X197.48 Y168.427 I.774 J-6.549 E.02746
G1 X186.573 Y157.52 E.61335
G2 X186.719 Y158.229 I6.915 J-1.056 E.02883
G1 X196.771 Y168.281 E.56522
G3 X195.985 Y168.059 I2.657 J-10.909 E.03246
G1 X186.94 Y159.014 E.50865
G2 X187.235 Y159.873 I8.65 J-2.495 E.03614
G1 X195.134 Y167.772 E.44417
G3 X194.146 Y167.347 I3.555 J-9.638 E.04278
G1 X187.647 Y160.848 E.36545
G2 X188.301 Y162.066 I19.338 J-9.605 E.05498
G1 X193.401 Y167.166 E.28676
; stop printing object 圆柱体 id:2235774478336 copy 0
; printing object 圆柱体 id:2235774478336 copy 0
G1 E-.9 F2400
G1 Z1.18 F7200
G1 X155.229 Y140.976 Z1.18
G1 Z.78
G1 E.9 F2400
M205 X3 Y3
;TYPE:Inner wall
;WIDTH:0.45
G1 X155.49 Y140.981 E.01036
G3 X155.011 Y140.972 I-.484 J14.018 E3.48528
G1 X155.189 Y140.976 E.00709
M205 X7 Y7
G1 X154.934 Y140.577 F7200
M205 X3 Y3
G1 F2400
G1 X155.011 Y140.574 E.00307
G1 X155.504 Y140.582 E.01958
G3 X153.994 Y140.609 I-.498 J14.417 E3.54381
G1 X154.894 Y140.578 E.03582
M205 X7 Y7
G1 X154.78 Y140.183 F7200
M205 X3 Y3
G1 F2400
G1 X155.011 Y140.175 E.00922
G1 X155.517 Y140.184 E.02013
G3 X153.966 Y140.212 I-.512 J14.815 E3.64172
G1 X154.74 Y140.185 E.03079
M204 T500
G1 X154.314 Y139.749 F7200
;TYPE:Outer wall
G1 F1800
G1 X155.011 Y139.725 E.02773
G1 X155.533 Y139.734 E.02074
G3 X153.935 Y139.763 I-.527 J15.265 E3.75228
G1 X154.274 Y139.751 E.01353
M204 T1000
M205 X7 Y7
G1 E-.9 F2400
G1 Z1.18 F7200
G1 X163.061 Y143.905 Z1.18
G1 Z.78
G1 E.9 F2400
;TYPE:Internal solid infill
;WIDTH:0.394432
G1 F2100
G1 X163.779 Y144.54 E.0328
;WIDTH:0.430486
G3 X165.136 Y145.874 I-18.414 J20.093 E.07195
;WIDTH:0.430406
G1 X166.069 Y146.91 E.05271
G1 X166.878 Y147.884 F7200
;WIDTH:0.449999
G1 F2100
G1 X162.73 Y143.736 E.23324
G2 X161.318 Y142.887 I-6.423 J9.088 E.06558
G1 X167.122 Y148.692 E.32639
G3 X167.609 Y149.742 I-7.202 J3.976 E.04607
G1 X160.257 Y142.391 E.41339
G2 X159.345 Y142.041 I-3.789 J8.536 E.03888
G1 X167.949 Y150.646 E.48384
G3 X168.201 Y151.461 I-7.684 J2.821 E.03396
G1 X158.545 Y141.805 E.54298
G2 X157.798 Y141.622 I-3.026 J10.723 E.03058
G1 X168.378 Y152.202 E.59493
G1 X168.499 Y152.886 E.02762
G1 X157.114 Y141.501 E.64018
G2 X156.458 Y141.409 I-1.206 J6.21 E.02633
G1 X168.591 Y153.542 E.68222
G3 X168.634 Y154.149 I-5.773 J.722 E.02423
G1 X155.851 Y141.366 E.71884
G2 X155.261 Y141.339 I-.482 J4.202 E.02349
G1 X168.661 Y154.739 E.75347
G1 X168.661 Y155.302 E.02241
G1 X154.698 Y141.339 E.78516
G2 X154.153 Y141.359 I-.089 J5.206 E.02167
G1 X168.641 Y155.847 E.81469
G3 X168.593 Y156.362 I-4.937 J-.207 E.02057
G1 X153.632 Y141.401 E.84129
G2 X153.135 Y141.467 I.389 J4.772 E.01994
G1 X168.539 Y156.872 E.86621
G3 X168.463 Y157.359 I-4.624 J-.469 E.01964
G1 X152.641 Y141.537 E.88973
G2 X152.175 Y141.635 I.467 J3.378 E.01893
G1 X168.365 Y157.825 E.91041
G1 X168.267 Y158.29 E.01889
G1 X151.71 Y141.733 E.93099
G2 X151.265 Y141.852 I.904 J4.305 E.01833
G1 X168.148 Y158.735 E.94938
G3 X168.011 Y159.162 I-4.139 J-1.093 E.01782
G1 X150.838 Y141.989 E.96567
G1 X150.413 Y142.127 E.01778
G1 X167.873 Y159.587 E.98182
G3 X167.721 Y159.998 I-3.999 J-1.249 E.01744
G1 X150.007 Y142.284 E.9961
G1 X149.605 Y142.446 E.01721
G1 X167.552 Y160.393 E1.00919
G1 X167.379 Y160.783 E.01697
G1 X149.217 Y142.622 E1.02125
G1 X148.838 Y142.806 E.01676
G1 X167.195 Y161.163 E1.03221
G1 X166.999 Y161.531 E.01657
G1 X148.465 Y142.996 E1.04222
G2 X148.105 Y143.2 I1.764 J3.532 E.01645
G1 X166.801 Y161.896 E1.0513
G1 X166.589 Y162.248 E.01633
G1 X147.758 Y143.417 E1.0589
G1 X147.411 Y143.634 E.01626
M73 P5 R107
G1 X166.362 Y162.584 E1.06564
G1 X166.135 Y162.921 E.01614
G1 X147.077 Y143.863 E1.07165
G2 X146.756 Y144.105 I2.15 J3.187 E.01601
G1 X165.895 Y163.244 E1.0762
G1 X165.647 Y163.56 E.01596
G1 X146.44 Y144.353 E1.08009
G2 X146.127 Y144.604 I2.241 J3.104 E.01594
G1 X165.396 Y163.873 E1.08352
G3 X165.133 Y164.173 I-4.434 J-3.614 E.01588
G1 X145.827 Y144.867 E1.08563
G1 X145.535 Y145.139 E.01585
G1 X164.861 Y164.465 E1.08674
G3 X164.576 Y164.743 I-2.799 J-2.584 E.01585
G1 X145.257 Y145.424 E1.08635
G1 X144.98 Y145.711 E.01585
G1 X164.289 Y165.02 E1.08579
G3 X163.995 Y165.289 I-2.717 J-2.668 E.01587
G1 X144.713 Y146.007 E1.08427
G1 X144.456 Y146.314 E.01591
G1 X163.689 Y165.547 E1.08152
G1 X163.373 Y165.794 E.01596
G1 X144.2 Y146.622 E1.07809
G1 X143.958 Y146.943 E.016
G1 X163.056 Y166.041 E1.07392
G3 X162.721 Y166.269 I-1.787 J-2.264 E.01614
G1 X143.73 Y147.279 E1.06788
G1 X143.503 Y147.615 E.01614
G1 X162.384 Y166.496 E1.06171
G3 X162.036 Y166.712 I-1.723 J-2.395 E.01629
G1 X143.285 Y147.961 E1.0544
G2 X143.08 Y148.32 I3.321 J2.133 E.01643
M73 P6 R107
G1 X161.679 Y166.918 E1.04582
G3 X161.317 Y167.12 I-2.116 J-3.362 E.01647
G1 X142.885 Y148.688 E1.03649
G2 X142.691 Y149.057 I3.433 J2.032 E.01661
G1 X160.943 Y167.309 E1.02631
G1 X160.558 Y167.488 E.01687
G1 X142.512 Y149.442 E1.01475
G1 X142.35 Y149.843 E.01721
G1 X160.157 Y167.65 E1.00131
G1 X159.755 Y167.812 E.01721
G1 X142.188 Y150.245 E.98785
G2 X142.045 Y150.665 I2.935 J1.232 E.01768
G1 X159.34 Y167.96 E.97253
G3 X158.907 Y168.091 I-1.463 J-4.065 E.01799
G1 X141.907 Y151.091 E.95595
G2 X141.781 Y151.529 I4.117 J1.418 E.01812
G1 X158.469 Y168.216 E.93839
G3 X158.014 Y168.325 I-.997 J-3.172 E.01862
G1 X141.675 Y151.986 E.91878
G1 X141.576 Y152.451 E.01889
G1 X157.549 Y168.424 E.89819
G3 X157.066 Y168.505 I-.824 J-3.428 E.01947
G1 X141.491 Y152.929 E.87584
G2 X141.429 Y153.431 I4.69 J.831 E.02011
G1 X156.572 Y168.574 E.85152
G3 X156.061 Y168.626 I-.758 J-4.868 E.02044
G1 X141.375 Y153.941 E.8258
G2 X141.342 Y154.471 I5.042 J.585 E.02113
G1 X155.522 Y168.651 E.79736
G3 X154.976 Y168.669 I-.444 J-5.195 E.02172
G1 X141.339 Y155.032 E.76682
G2 X141.348 Y155.604 I4.098 J.223 E.02278
G1 X154.396 Y168.652 E.73368
G1 X153.79 Y168.609 E.02415
G1 X141.391 Y156.21 E.69722
G2 X141.456 Y156.839 I6.034 J-.311 E.02516
G1 X153.161 Y168.544 E.65816
G3 X152.48 Y168.427 I.774 J-6.549 E.02746
G1 X141.573 Y157.52 E.61335
G2 X141.719 Y158.229 I6.915 J-1.056 E.02883
G1 X151.771 Y168.281 E.56522
G3 X150.985 Y168.059 I2.657 J-10.909 E.03246
G1 X141.94 Y159.014 E.50865
G2 X142.235 Y159.873 I8.65 J-2.495 E.03614
G1 X150.134 Y167.772 E.44417
G3 X149.146 Y167.347 I3.555 J-9.638 E.04278
G1 X142.647 Y160.848 E.36545
G2 X143.301 Y162.066 I19.338 J-9.605 E.05498
G1 X148.401 Y167.166 E.28676
; stop printing object 圆柱体 id:2235774478336 copy 0
;LAYER_CHANGE
;Z:1.02
;HEIGHT:0.24
;BEFORE_LAYER_CHANGE
;1.02
G92 E0

;AFTER_LAYER_CHANGE
;1.02
;_SET_FAN_SPEED_CHANGING_LAYER
; printing object 圆柱体 id:2235774478336 copy 0
G1 E-.9 F2400
G1 Z1.42 F7200
G1 X200.219 Y140.976 Z1.42
G1 Z1.02
G1 E.9 F2400
M205 X3 Y3
;TYPE:Inner wall
;WIDTH:0.45
G1 X200.49 Y140.981 E.01075
G3 X200.015 Y140.972 I-.482 J14.018 E3.48543
G1 X200.179 Y140.975 E.00654
M205 X7 Y7
G1 X199.924 Y140.577 F7200
M205 X3 Y3
G1 F2400
G1 X200.015 Y140.574 E.00361
G1 X200.504 Y140.582 E.01942
G3 X198.994 Y140.61 I-.496 J14.417 E3.54381
G1 X199.884 Y140.578 E.03543
M205 X7 Y7
G1 X199.769 Y140.184 F7200
M205 X3 Y3
G1 F2400
G1 X200.015 Y140.175 E.00979
G1 X200.517 Y140.184 E.01997
G3 X198.966 Y140.212 I-.51 J14.815 E3.64171
G1 X199.729 Y140.185 E.03037
M204 T500
G1 X199.304 Y139.75 F7200
;TYPE:Outer wall
G1 F1800
G1 X200.016 Y139.725 E.02831
G1 X200.533 Y139.734 E.02058
G3 X198.935 Y139.763 I-.525 J15.265 E3.75227
G1 X199.264 Y139.751 E.01311
M204 T1000
M205 X7 Y7
G1 E-.9 F2400
G1 Z1.42 F7200
G1 X212.82 Y149.786 Z1.42
G1 Z1.02
G1 E.9 F2400
;TYPE:Sparse infill
G1 X205.538 Y142.504 E.40948
G2 X202.317 Y141.537 I-5.417 J12.198 E.13408
G1 X213.463 Y152.683 E.62676
G3 X213.667 Y155.141 I-28.469 J3.598 E.0981
G1 X199.865 Y141.339 E.7761
G2 X197.787 Y141.516 I.166 J14.256 E.08298
G1 X213.482 Y157.21 E.88252
G3 X213.052 Y159.035 I-13.932 J-2.313 E.0746
G1 X195.965 Y141.948 E.96089
G2 X194.332 Y142.57 I3.255 J10.989 E.06952
G1 X212.435 Y160.672 E1.01794
G3 X211.65 Y162.142 I-12.283 J-5.611 E.06629
G1 X192.858 Y143.35 E1.05674
G2 X191.529 Y144.275 I21.802 J32.713 E.06439
G1 X210.721 Y163.467 E1.07918
G3 X209.661 Y164.661 I-11.225 J-8.894 E.06353
G1 X190.339 Y145.339 E1.08651
G2 X189.279 Y146.533 I10.142 J10.066 E.06353
G1 X208.47 Y165.724 E1.07915
G3 X207.144 Y166.652 I-24.708 J-33.92 E.06437
G1 X188.348 Y147.856 E1.05692
G2 X187.565 Y149.328 I16.163 J9.543 E.06629
G1 X205.672 Y167.435 E1.0182
G3 X204.035 Y168.052 I-6.827 J-15.616 E.06959
G1 X186.946 Y150.963 E.96095
G2 X186.518 Y152.79 I11.415 J3.638 E.07466
G1 X202.21 Y168.482 E.88239
G3 X200.135 Y168.661 I-2.663 J-18.746 E.08286
G1 X186.339 Y154.865 E.77577
G2 X186.537 Y157.317 I16.909 J-.13 E.0979
G1 X197.683 Y168.463 E.62676
G3 X194.462 Y167.496 I2.196 J-13.164 E.13408
G1 X187.179 Y160.213 E.40952
; stop printing object 圆柱体 id:2235774478336 copy 0
; printing object 圆柱体 id:2235774478336 copy 0
G1 E-.9
G1 Z1.42 F7200
G1 X155.219 Y140.976 Z1.42
G1 Z1.02
G1 E.9 F2400
M205 X3 Y3
;TYPE:Inner wall
G1 X155.49 Y140.981 E.01075
G3 X155.015 Y140.972 I-.482 J14.018 E3.48543
G1 X155.179 Y140.975 E.00654
M205 X7 Y7
G1 X154.924 Y140.577 F7200
M205 X3 Y3
G1 F2400
G1 X155.015 Y140.574 E.00361
G1 X155.504 Y140.582 E.01942
G3 X153.994 Y140.61 I-.496 J14.417 E3.54381
M73 P6 R106
G1 X154.884 Y140.578 E.03543
M205 X7 Y7
G1 X154.769 Y140.184 F7200
M205 X3 Y3
G1 F2400
G1 X155.015 Y140.175 E.00979
G1 X155.517 Y140.184 E.01997
G3 X153.966 Y140.212 I-.51 J14.815 E3.64171
G1 X154.729 Y140.185 E.03037
M204 T500
G1 X154.304 Y139.75 F7200
;TYPE:Outer wall
G1 F1800
G1 X155.016 Y139.725 E.02831
G1 X155.533 Y139.734 E.02058
G3 X153.935 Y139.763 I-.525 J15.265 E3.75227
G1 X154.264 Y139.751 E.01311
M204 T1000
M205 X7 Y7
G1 E-.9 F2400
G1 Z1.42 F7200
G1 X167.82 Y149.786 Z1.42
G1 Z1.02
G1 E.9 F2400
;TYPE:Sparse infill
G1 X160.538 Y142.504 E.40948
G2 X157.317 Y141.537 I-5.417 J12.198 E.13408
G1 X168.463 Y152.683 E.62676
G3 X168.667 Y155.141 I-28.469 J3.598 E.0981
G1 X154.865 Y141.339 E.7761
G2 X152.787 Y141.516 I.166 J14.256 E.08298
G1 X168.482 Y157.21 E.88252
G3 X168.052 Y159.035 I-13.932 J-2.313 E.0746
G1 X150.965 Y141.948 E.96089
G2 X149.332 Y142.57 I3.255 J10.989 E.06952
G1 X167.435 Y160.672 E1.01794
G3 X166.65 Y162.142 I-12.283 J-5.611 E.06629
G1 X147.858 Y143.35 E1.05674
G2 X146.529 Y144.275 I21.802 J32.713 E.06439
G1 X165.721 Y163.467 E1.07918
G3 X164.661 Y164.661 I-11.225 J-8.894 E.06353
G1 X145.339 Y145.339 E1.08651
G2 X144.279 Y146.533 I10.142 J10.066 E.06353
G1 X163.47 Y165.724 E1.07915
G3 X162.144 Y166.652 I-24.708 J-33.92 E.06437
G1 X143.348 Y147.856 E1.05692
G2 X142.565 Y149.328 I16.163 J9.543 E.06629
G1 X160.672 Y167.435 E1.0182
G3 X159.035 Y168.052 I-6.827 J-15.616 E.06959
G1 X141.946 Y150.963 E.96095
G2 X141.518 Y152.79 I11.415 J3.638 E.07466
G1 X157.21 Y168.482 E.88239
G3 X155.135 Y168.661 I-2.663 J-18.746 E.08286
G1 X141.339 Y154.865 E.77577
G2 X141.537 Y157.317 I16.909 J-.13 E.0979
G1 X152.683 Y168.463 E.62676
G3 X149.462 Y167.496 I2.196 J-13.164 E.13408
G1 X142.179 Y160.213 E.40952
; stop printing object 圆柱体 id:2235774478336 copy 0
;LAYER_CHANGE
;Z:1.26
;HEIGHT:0.24
;BEFORE_LAYER_CHANGE
;1.26
G92 E0

;AFTER_LAYER_CHANGE
;1.26
;_SET_FAN_SPEED_CHANGING_LAYER
; printing object 圆柱体 id:2235774478336 copy 0
G1 E-.9 F2400
G1 Z1.66 F7200
G1 X200.209 Y140.976 Z1.66
G1 Z1.26
G1 E.9 F2400
M205 X3 Y3
;TYPE:Inner wall
G1 X200.49 Y140.981 E.01117
G3 X200.019 Y140.973 I-.48 J14.018 E3.48559
M73 P7 R106
G1 X200.169 Y140.975 E.00596
M205 X7 Y7
G1 X199.914 Y140.578 F7200
M205 X3 Y3
G1 F2400
G1 X200.019 Y140.574 E.00419
G1 X200.504 Y140.582 E.01926
G3 X198.994 Y140.61 I-.494 J14.417 E3.5438
G1 X199.874 Y140.579 E.03502
M205 X7 Y7
G1 X199.758 Y140.184 F7200
M205 X3 Y3
G1 F2400
G1 X200.019 Y140.175 E.01039
G1 X200.517 Y140.184 E.0198
G3 X198.966 Y140.212 I-.508 J14.815 E3.64171
G1 X199.718 Y140.186 E.02993
M204 T500
G1 X199.293 Y139.75 F7200
;TYPE:Outer wall
G1 F1800
G1 X200.02 Y139.725 E.02891
G1 X200.533 Y139.734 E.02042
G3 X198.935 Y139.763 I-.523 J15.265 E3.75227
G1 X199.253 Y139.752 E.01268
M204 T1000
M205 X7 Y7
G1 E-.9 F2400
G1 Z1.66 F7200
G1 X212.821 Y149.787 Z1.66
G1 Z1.26
G1 E.9 F2400
;TYPE:Sparse infill
G1 X205.538 Y142.504 E.40952
G2 X202.317 Y141.537 I-5.637 J12.931 E.13404
G1 X213.472 Y152.692 E.62727
G3 X213.661 Y155.135 I-18.486 J2.657 E.0975
G1 X199.865 Y141.339 E.77576
G2 X197.785 Y141.514 I.68 J20.611 E.08303
G1 X213.482 Y157.21 E.88266
G3 X213.053 Y159.036 I-11.727 J-1.79 E.07464
G1 X195.965 Y141.948 E.96092
G2 X194.328 Y142.565 I5.191 J16.235 E.06959
G1 X212.435 Y160.672 E1.0182
G3 X211.652 Y162.144 I-16.967 J-8.083 E.06629
G1 X192.857 Y143.348 E1.05691
G2 X191.529 Y144.275 I24.939 J37.118 E.06437
G1 X210.721 Y163.467 E1.07917
G3 X209.661 Y164.661 I-8.734 J-6.682 E.06355
G1 X190.339 Y145.339 E1.08651
G2 X189.279 Y146.533 I7.674 J7.876 E.06355
G1 X208.471 Y165.726 E1.07921
G3 X207.142 Y166.65 I-23.391 J-32.202 E.0644
G1 X188.348 Y147.856 E1.05683
G2 X187.565 Y149.328 I16.164 J9.544 E.06629
G1 X205.67 Y167.433 E1.0181
G3 X204.04 Y168.056 I-12.057 J-29.102 E.06943
G1 X186.944 Y150.961 E.96133
G2 X186.516 Y152.787 I24.807 J6.772 E.07461
G1 X202.213 Y168.484 E.88266
G3 X200.135 Y168.661 I-2.247 J-14.132 E.08299
G1 X186.339 Y154.865 E.77577
G2 X186.529 Y157.309 I14.472 J.105 E.0976
G1 X197.691 Y168.47 E.62762
G3 X194.463 Y167.497 I3.184 J-16.397 E.13427
G1 X187.164 Y160.198 E.41043
; stop printing object 圆柱体 id:2235774478336 copy 0
; printing object 圆柱体 id:2235774478336 copy 0
G1 E-.9
G1 Z1.66 F7200
G1 X155.209 Y140.976 Z1.66
G1 Z1.26
G1 E.9 F2400
M205 X3 Y3
;TYPE:Inner wall
G1 X155.49 Y140.981 E.01117
G3 X155.019 Y140.973 I-.48 J14.018 E3.48559
G1 X155.169 Y140.975 E.00596
M205 X7 Y7
G1 X154.914 Y140.578 F7200
M205 X3 Y3
G1 F2400
G1 X155.019 Y140.574 E.00419
G1 X155.504 Y140.582 E.01926
G3 X153.994 Y140.61 I-.494 J14.417 E3.5438
G1 X154.874 Y140.579 E.03502
M205 X7 Y7
G1 X154.758 Y140.184 F7200
M205 X3 Y3
G1 F2400
G1 X155.019 Y140.175 E.01039
G1 X155.517 Y140.184 E.0198
G3 X153.966 Y140.212 I-.508 J14.815 E3.64171
G1 X154.718 Y140.186 E.02993
M204 T500
G1 X154.293 Y139.75 F7200
;TYPE:Outer wall
G1 F1800
G1 X155.02 Y139.725 E.02891
G1 X155.533 Y139.734 E.02042
G3 X153.935 Y139.763 I-.523 J15.265 E3.75227
G1 X154.253 Y139.752 E.01268
M204 T1000
M205 X7 Y7
G1 E-.9 F2400
G1 Z1.66 F7200
G1 X167.821 Y149.787 Z1.66
G1 Z1.26
G1 E.9 F2400
;TYPE:Sparse infill
G1 X160.538 Y142.504 E.40952
G2 X157.317 Y141.537 I-5.637 J12.931 E.13404
G1 X168.472 Y152.692 E.62727
G3 X168.661 Y155.135 I-18.486 J2.657 E.0975
G1 X154.865 Y141.339 E.77576
G2 X152.785 Y141.514 I.68 J20.611 E.08303
G1 X168.482 Y157.21 E.88266
G3 X168.053 Y159.036 I-11.727 J-1.79 E.07464
G1 X150.965 Y141.948 E.96092
G2 X149.328 Y142.565 I5.191 J16.235 E.06959
G1 X167.435 Y160.672 E1.0182
G3 X166.652 Y162.144 I-16.967 J-8.083 E.06629
M73 P7 R105
G1 X147.857 Y143.348 E1.05691
G2 X146.529 Y144.275 I24.939 J37.118 E.06437
G1 X165.721 Y163.467 E1.07917
G3 X164.661 Y164.661 I-8.734 J-6.682 E.06355
G1 X145.339 Y145.339 E1.08651
G2 X144.279 Y146.533 I7.674 J7.876 E.06355
G1 X163.471 Y165.726 E1.07921
G3 X162.142 Y166.65 I-23.391 J-32.202 E.0644
G1 X143.348 Y147.856 E1.05683
G2 X142.565 Y149.328 I16.164 J9.544 E.06629
G1 X160.67 Y167.433 E1.0181
G3 X159.04 Y168.056 I-12.057 J-29.102 E.06943
G1 X141.944 Y150.961 E.96133
G2 X141.516 Y152.787 I24.807 J6.772 E.07461
G1 X157.213 Y168.484 E.88266
G3 X155.135 Y168.661 I-2.247 J-14.132 E.08299
G1 X141.339 Y154.865 E.77577
G2 X141.529 Y157.309 I14.472 J.105 E.0976
G1 X152.691 Y168.47 E.62762
G3 X149.463 Y167.497 I3.184 J-16.397 E.13427
G1 X142.164 Y160.198 E.41043
; stop printing object 圆柱体 id:2235774478336 copy 0
;LAYER_CHANGE
;Z:1.5
;HEIGHT:0.24
;BEFORE_LAYER_CHANGE
;1.5
G92 E0

;AFTER_LAYER_CHANGE
;1.5
;_SET_FAN_SPEED_CHANGING_LAYER
; printing object 圆柱体 id:2235774478336 copy 0
G1 E-.9 F2400
G1 Z1.9 F7200
G1 X200.241 Y140.981 Z1.9
G1 Z1.5
G1 E.9 F2400
M205 X3 Y3
;TYPE:Inner wall
G1 X200.49 Y140.981 E.00991
G3 X199.509 Y140.981 I-.489 J14.015 E3.46454
G1 X200.201 Y140.981 E.02748
M205 X7 Y7
G1 X199.931 Y140.582 F7200
M205 X3 Y3
G1 F2400
G1 X200.504 Y140.582 E.02276
G3 X199.496 Y140.582 I-.503 J14.413 E3.56299
G1 X199.891 Y140.582 E.01572
M205 X7 Y7
G1 X199.763 Y140.184 F7200
M205 X3 Y3
G1 F2400
G1 X200.517 Y140.184 E.03001
G3 X199.482 Y140.184 I-.517 J14.811 E3.66144
G1 X199.723 Y140.184 E.00956
M204 T500
G1 X199.282 Y139.747 F7200
;TYPE:Outer wall
G1 F1800
G1 X199.467 Y139.734 E.00738
G3 X200.533 Y139.734 I.533 J15.948 E.04241
G3 X198.403 Y139.809 I-.533 J15.261 E3.73021
G1 X199.242 Y139.75 E.03341
M204 T1000
M205 X7 Y7
G1 E-.9 F2400
G1 Z1.9 F7200
G1 X212.821 Y149.787 Z1.9
G1 Z1.5
G1 E.9 F2400
;TYPE:Sparse infill
G1 X205.538 Y142.504 E.40952
G2 X202.308 Y141.528 I-5.583 J12.644 E.1345
G1 X213.463 Y152.683 E.62728
G3 X213.661 Y155.135 I-16.755 J2.584 E.09789
G1 X199.865 Y141.339 E.77576
G2 X197.787 Y141.516 I.166 J14.251 E.08298
G1 X213.486 Y157.215 E.88277
G3 X213.052 Y159.035 I-23.543 J-4.646 E.07443
G1 X195.965 Y141.948 E.96089
G2 X194.328 Y142.565 I5.189 J16.231 E.06959
G1 X212.435 Y160.672 E1.0182
G3 X211.652 Y162.143 I-16.68 J-7.937 E.06629
G1 X192.857 Y143.348 E1.05689
G2 X191.529 Y144.275 I25.057 J37.29 E.06437
G1 X210.725 Y163.471 E1.07941
G3 X209.661 Y164.661 I-9.275 J-7.22 E.06353
G1 X190.339 Y145.339 E1.08651
G2 X189.275 Y146.529 I8.077 J8.288 E.06353
G1 X208.47 Y165.724 E1.07936
G3 X207.143 Y166.652 I-23.374 J-32.007 E.06437
G1 X188.348 Y147.856 E1.05691
G2 X187.57 Y149.333 I13.757 J8.194 E.06638
G1 X205.672 Y167.435 E1.01793
G3 X204.037 Y168.054 I-11.516 J-27.97 E.06954
G1 X186.946 Y150.963 E.96102
G2 X186.514 Y152.785 I15.681 J4.684 E.07449
G1 X202.213 Y168.484 E.88279
G3 X200.139 Y168.664 I-2.149 J-12.727 E.08288
M73 P8 R105
G1 X186.339 Y154.865 E.77596
G2 X186.529 Y157.309 I14.478 J.105 E.09759
G1 X197.692 Y168.472 E.62772
G3 X194.463 Y167.497 I2.653 J-14.623 E.1344
G1 X187.164 Y160.198 E.41043
; stop printing object 圆柱体 id:2235774478336 copy 0
; printing object 圆柱体 id:2235774478336 copy 0
G1 E-.9
G1 Z1.9 F7200
G1 X155.241 Y140.981 Z1.9
G1 Z1.5
G1 E.9 F2400
M205 X3 Y3
;TYPE:Inner wall
G1 X155.49 Y140.981 E.00991
G3 X154.509 Y140.981 I-.489 J14.015 E3.46454
G1 X155.201 Y140.981 E.02748
M205 X7 Y7
G1 X154.931 Y140.582 F7200
M205 X3 Y3
G1 F2400
G1 X155.504 Y140.582 E.02276
G3 X154.496 Y140.582 I-.503 J14.413 E3.56299
G1 X154.891 Y140.582 E.01572
M205 X7 Y7
G1 X154.763 Y140.184 F7200
M205 X3 Y3
G1 F2400
G1 X155.517 Y140.184 E.03001
G3 X154.482 Y140.184 I-.517 J14.811 E3.66144
G1 X154.723 Y140.184 E.00956
M204 T500
G1 X154.282 Y139.747 F7200
;TYPE:Outer wall
G1 F1800
G1 X154.467 Y139.734 E.00738
G3 X155.533 Y139.734 I.533 J15.948 E.04241
G3 X153.403 Y139.809 I-.533 J15.261 E3.73021
G1 X154.242 Y139.75 E.03341
M204 T1000
M205 X7 Y7
G1 E-.9 F2400
G1 Z1.9 F7200
G1 X167.821 Y149.787 Z1.9
G1 Z1.5
G1 E.9 F2400
;TYPE:Sparse infill
G1 X160.538 Y142.504 E.40952
G2 X157.308 Y141.528 I-5.583 J12.644 E.1345
G1 X168.463 Y152.683 E.62728
G3 X168.661 Y155.135 I-16.755 J2.584 E.09789
G1 X154.865 Y141.339 E.77576
G2 X152.787 Y141.516 I.166 J14.251 E.08298
G1 X168.486 Y157.215 E.88277
G3 X168.052 Y159.035 I-23.543 J-4.646 E.07443
G1 X150.965 Y141.948 E.96089
G2 X149.328 Y142.565 I5.189 J16.231 E.06959
G1 X167.435 Y160.672 E1.0182
G3 X166.652 Y162.143 I-16.68 J-7.937 E.06629
G1 X147.857 Y143.348 E1.05689
G2 X146.529 Y144.275 I25.057 J37.29 E.06437
G1 X165.725 Y163.471 E1.07941
G3 X164.661 Y164.661 I-9.275 J-7.22 E.06353
G1 X145.339 Y145.339 E1.08651
G2 X144.275 Y146.529 I8.077 J8.288 E.06353
G1 X163.47 Y165.724 E1.07936
G3 X162.143 Y166.652 I-23.374 J-32.007 E.06437
G1 X143.348 Y147.856 E1.05691
G2 X142.57 Y149.333 I13.757 J8.194 E.06638
G1 X160.672 Y167.435 E1.01793
G3 X159.037 Y168.054 I-11.516 J-27.97 E.06954
G1 X141.946 Y150.963 E.96102
G2 X141.514 Y152.785 I15.681 J4.684 E.07449
G1 X157.213 Y168.484 E.88279
G3 X155.139 Y168.664 I-2.149 J-12.727 E.08288
G1 X141.339 Y154.865 E.77596
G2 X141.529 Y157.309 I14.478 J.105 E.09759
G1 X152.692 Y168.472 E.62772
G3 X149.463 Y167.497 I2.653 J-14.623 E.1344
G1 X142.164 Y160.198 E.41043
; stop printing object 圆柱体 id:2235774478336 copy 0
;LAYER_CHANGE
;Z:1.74
;HEIGHT:0.24
;BEFORE_LAYER_CHANGE
;1.74
G92 E0

;AFTER_LAYER_CHANGE
;1.74
;_SET_FAN_SPEED_CHANGING_LAYER
; printing object 圆柱体 id:2235774478336 copy 0
G1 E-.9 F2400
G1 Z2.14 F7200
G1 X200.23 Y140.981 Z2.14
G1 Z1.74
G1 E.9 F2400
M205 X3 Y3
;TYPE:Inner wall
G1 X200.49 Y140.981 E.01032
G3 X199.509 Y140.981 I-.489 J14.015 E3.46453
M73 P8 R104
G1 X200.19 Y140.981 E.02707
M205 X7 Y7
G1 X199.921 Y140.582 F7200
M205 X3 Y3
G1 F2400
G1 X200.504 Y140.582 E.02317
G3 X199.496 Y140.582 I-.503 J14.413 E3.56299
G1 X199.881 Y140.582 E.01531
M205 X7 Y7
G1 X199.751 Y140.184 F7200
M205 X3 Y3
G1 F2400
G1 X200.517 Y140.184 E.03047
G3 X199.482 Y140.184 I-.517 J14.811 E3.66143
G1 X199.711 Y140.184 E.0091
M204 T500
G1 X199.27 Y139.748 F7200
;TYPE:Outer wall
G1 F1800
G1 X199.467 Y139.734 E.00784
G3 X200.533 Y139.734 I.533 J16.067 E.04241
G3 X198.403 Y139.809 I-.533 J15.261 E3.73021
G1 X199.23 Y139.751 E.03296
M204 T1000
M205 X7 Y7
G1 E-.9 F2400
G1 Z2.14 F7200
G1 X212.819 Y149.785 Z2.14
G1 Z1.74
G1 E.9 F2400
;TYPE:Sparse infill
G1 X205.538 Y142.504 E.40945
G2 X202.308 Y141.528 I-5.848 J13.522 E.13446
G1 X213.463 Y152.683 E.62729
G3 X213.661 Y155.135 I-16.762 J2.584 E.09789
G1 X199.865 Y141.339 E.77576
G2 X197.785 Y141.514 I.709 J20.995 E.08303
G1 X213.486 Y157.215 E.88292
G3 X213.054 Y159.037 I-16.048 J-2.846 E.07449
G1 X195.964 Y141.947 E.96096
G2 X194.329 Y142.567 I4.983 J15.623 E.06955
G1 X212.435 Y160.672 E1.0181
G3 X211.652 Y162.143 I-16.633 J-7.913 E.06629
G1 X192.861 Y143.353 E1.05663
G2 X191.533 Y144.279 I5.564 J9.387 E.06443
G1 X210.721 Y163.467 E1.07894
G3 X209.661 Y164.661 I-8.733 J-6.682 E.06355
G1 X190.339 Y145.339 E1.08651
G2 X189.275 Y146.529 I7.979 J8.203 E.06353
G1 X208.467 Y165.721 E1.07917
G3 X207.144 Y166.652 I-10.49 J-13.495 E.06435
G1 X188.348 Y147.856 E1.05692
G2 X187.57 Y149.332 I13.817 J8.227 E.06638
G1 X205.672 Y167.435 E1.01794
G3 X204.035 Y168.052 I-6.826 J-15.615 E.06959
G1 X186.948 Y150.965 E.96089
G2 X186.514 Y152.785 I24.089 J6.707 E.07442
G1 X202.213 Y168.484 E.8828
G3 X200.139 Y168.664 I-2.146 J-12.674 E.08287
G1 X186.339 Y154.865 E.77596
G2 X186.528 Y157.308 I18.665 J-.213 E.0975
G1 X197.691 Y168.471 E.62773
G3 X194.462 Y167.496 I2.597 J-14.437 E.13442
G1 X187.18 Y160.213 E.40951
; stop printing object 圆柱体 id:2235774478336 copy 0
; printing object 圆柱体 id:2235774478336 copy 0
G1 E-.9
G1 Z2.14 F7200
G1 X155.23 Y140.981 Z2.14
G1 Z1.74
G1 E.9 F2400
M205 X3 Y3
;TYPE:Inner wall
G1 X155.49 Y140.981 E.01032
G3 X154.509 Y140.981 I-.489 J14.015 E3.46453
G1 X155.19 Y140.981 E.02707
M205 X7 Y7
G1 X154.921 Y140.582 F7200
M205 X3 Y3
G1 F2400
G1 X155.504 Y140.582 E.02317
G3 X154.496 Y140.582 I-.503 J14.413 E3.56299
G1 X154.881 Y140.582 E.01531
M205 X7 Y7
G1 X154.751 Y140.184 F7200
M205 X3 Y3
G1 F2400
G1 X155.517 Y140.184 E.03047
G3 X154.482 Y140.184 I-.517 J14.811 E3.66143
G1 X154.711 Y140.184 E.0091
M204 T500
G1 X154.27 Y139.748 F7200
;TYPE:Outer wall
G1 F1800
G1 X154.467 Y139.734 E.00784
G3 X155.533 Y139.734 I.533 J16.067 E.04241
G3 X153.403 Y139.809 I-.533 J15.261 E3.73021
G1 X154.23 Y139.751 E.03296
M204 T1000
M205 X7 Y7
G1 E-.9 F2400
G1 Z2.14 F7200
G1 X167.819 Y149.785 Z2.14
G1 Z1.74
G1 E.9 F2400
;TYPE:Sparse infill
G1 X160.538 Y142.504 E.40945
G2 X157.308 Y141.528 I-5.848 J13.522 E.13446
G1 X168.463 Y152.683 E.62729
G3 X168.661 Y155.135 I-16.762 J2.584 E.09789
G1 X154.865 Y141.339 E.77576
G2 X152.785 Y141.514 I.709 J20.995 E.08303
G1 X168.486 Y157.215 E.88292
G3 X168.054 Y159.037 I-16.048 J-2.846 E.07449
G1 X150.964 Y141.947 E.96096
G2 X149.329 Y142.567 I4.983 J15.623 E.06955
G1 X167.435 Y160.672 E1.0181
G3 X166.652 Y162.143 I-16.633 J-7.913 E.06629
G1 X147.861 Y143.353 E1.05663
G2 X146.533 Y144.279 I5.564 J9.387 E.06443
G1 X165.721 Y163.467 E1.07894
G3 X164.661 Y164.661 I-8.733 J-6.682 E.06355
G1 X145.339 Y145.339 E1.08651
G2 X144.275 Y146.529 I7.979 J8.203 E.06353
M73 P9 R104
G1 X163.467 Y165.721 E1.07917
G3 X162.144 Y166.652 I-10.49 J-13.495 E.06435
G1 X143.348 Y147.856 E1.05692
G2 X142.57 Y149.332 I13.817 J8.227 E.06638
G1 X160.672 Y167.435 E1.01794
G3 X159.035 Y168.052 I-6.826 J-15.615 E.06959
G1 X141.948 Y150.965 E.96089
G2 X141.514 Y152.785 I24.089 J6.707 E.07442
G1 X157.213 Y168.484 E.8828
G3 X155.139 Y168.664 I-2.146 J-12.674 E.08287
G1 X141.339 Y154.865 E.77596
G2 X141.528 Y157.308 I18.665 J-.213 E.0975
G1 X152.691 Y168.471 E.62773
G3 X149.462 Y167.496 I2.597 J-14.437 E.13442
G1 X142.18 Y160.213 E.40951
; stop printing object 圆柱体 id:2235774478336 copy 0
;LAYER_CHANGE
;Z:1.98
;HEIGHT:0.24
;BEFORE_LAYER_CHANGE
;1.98
G92 E0

;AFTER_LAYER_CHANGE
;1.98
;_SET_FAN_SPEED_CHANGING_LAYER
; printing object 圆柱体 id:2235774478336 copy 0
G1 E-.9 F2400
G1 Z2.38 F7200
G1 X200.219 Y140.981 Z2.38
G1 Z1.98
G1 E.9 F2400
M205 X3 Y3
;TYPE:Inner wall
G1 X200.49 Y140.981 E.01074
G3 X199.509 Y140.981 I-.489 J14.015 E3.46453
G1 X200.179 Y140.981 E.02666
M205 X7 Y7
G1 X199.91 Y140.582 F7200
M205 X3 Y3
G1 F2400
G1 X200.504 Y140.582 E.02359
G3 X199.495 Y140.583 I-.503 J14.413 E3.56298
G1 X199.87 Y140.582 E.0149
M205 X7 Y7
G1 X199.739 Y140.184 F7200
M205 X3 Y3
G1 F2400
G1 X200.517 Y140.184 E.03094
G3 X199.482 Y140.184 I-.517 J14.811 E3.66143
G1 X199.699 Y140.184 E.00864
M204 T500
G1 X199.258 Y139.749 F7200
;TYPE:Outer wall
G1 F1800
G1 X199.467 Y139.734 E.00831
G3 X200.533 Y139.734 I.533 J16.186 E.04241
G3 X198.403 Y139.809 I-.533 J15.261 E3.73021
G1 X199.218 Y139.752 E.03249
M204 T1000
M205 X7 Y7
G1 E-.9 F2400
G1 Z2.38 F7200
G1 X212.835 Y149.801 Z2.38
G1 Z1.98
G1 E.9 F2400
;TYPE:Sparse infill
G1 X205.538 Y142.504 E.41033
G2 X202.317 Y141.537 I-5.37 J12.041 E.13409
G1 X213.47 Y152.691 E.62718
G3 X213.661 Y155.135 I-14.242 J2.338 E.09761
G1 X199.865 Y141.339 E.77576
G2 X197.787 Y141.516 I.165 J14.247 E.08298
G1 X213.486 Y157.215 E.8828
G3 X213.054 Y159.037 I-16.529 J-2.966 E.07448
M73 P9 R103
G1 X195.965 Y141.948 E.96095
G2 X194.328 Y142.565 I5.19 J16.233 E.06959
G1 X212.433 Y160.67 E1.0181
G3 X211.648 Y162.139 I-10.76 J-4.81 E.06628
G1 X192.861 Y143.352 E1.05642
G2 X191.533 Y144.279 I5.708 J9.59 E.06443
G1 X210.721 Y163.467 E1.07894
G3 X209.661 Y164.661 I-8.733 J-6.681 E.06355
G1 X190.339 Y145.339 E1.08651
G2 X189.275 Y146.529 I8.222 J8.42 E.06353
G1 X208.467 Y165.721 E1.07917
G3 X207.139 Y166.647 I-6.883 J-8.447 E.06443
G1 X188.353 Y147.861 E1.05639
G2 X187.57 Y149.333 I11.896 J7.271 E.06631
G1 X205.672 Y167.434 E1.01789
G3 X204.037 Y168.054 I-10.724 J-25.842 E.06953
G1 X186.948 Y150.965 E.96095
G2 X186.514 Y152.785 I22.732 J6.375 E.07444
G1 X202.213 Y168.484 E.88279
G3 X200.139 Y168.664 I-2.15 J-12.748 E.08288
G1 X186.333 Y154.859 E.7763
G2 X186.53 Y157.309 I20.555 J-.414 E.09781
G1 X197.691 Y168.471 E.62763
G3 X194.462 Y167.496 I2.328 J-13.546 E.13446
G1 X187.179 Y160.213 E.40952
; stop printing object 圆柱体 id:2235774478336 copy 0
; printing object 圆柱体 id:2235774478336 copy 0
G1 E-.9
G1 Z2.38 F7200
G1 X155.219 Y140.981 Z2.38
G1 Z1.98
G1 E.9 F2400
M205 X3 Y3
;TYPE:Inner wall
G1 X155.49 Y140.981 E.01074
G3 X154.509 Y140.981 I-.489 J14.015 E3.46453
G1 X155.179 Y140.981 E.02666
M205 X7 Y7
G1 X154.91 Y140.582 F7200
M205 X3 Y3
G1 F2400
G1 X155.504 Y140.582 E.02359
G3 X154.495 Y140.583 I-.503 J14.413 E3.56298
G1 X154.87 Y140.582 E.0149
M205 X7 Y7
G1 X154.739 Y140.184 F7200
M205 X3 Y3
G1 F2400
G1 X155.517 Y140.184 E.03094
G3 X154.482 Y140.184 I-.517 J14.811 E3.66143
G1 X154.699 Y140.184 E.00864
M204 T500
G1 X154.258 Y139.749 F7200
;TYPE:Outer wall
G1 F1800
G1 X154.467 Y139.734 E.00831
G3 X155.533 Y139.734 I.533 J16.186 E.04241
G3 X153.403 Y139.809 I-.533 J15.261 E3.73021
G1 X154.218 Y139.752 E.03249
M204 T1000
M205 X7 Y7
G1 E-.9 F2400
G1 Z2.38 F7200
G1 X167.835 Y149.801 Z2.38
G1 Z1.98
G1 E.9 F2400
;TYPE:Sparse infill
G1 X160.538 Y142.504 E.41033
G2 X157.317 Y141.537 I-5.37 J12.041 E.13409
G1 X168.47 Y152.691 E.62718
G3 X168.661 Y155.135 I-14.242 J2.338 E.09761
G1 X154.865 Y141.339 E.77576
G2 X152.787 Y141.516 I.165 J14.247 E.08298
G1 X168.486 Y157.215 E.8828
G3 X168.054 Y159.037 I-16.529 J-2.966 E.07448
G1 X150.965 Y141.948 E.96095
G2 X149.328 Y142.565 I5.19 J16.233 E.06959
G1 X167.433 Y160.67 E1.0181
G3 X166.648 Y162.139 I-10.76 J-4.81 E.06628
G1 X147.861 Y143.352 E1.05642
G2 X146.533 Y144.279 I5.708 J9.59 E.06443
G1 X165.721 Y163.467 E1.07894
G3 X164.661 Y164.661 I-8.733 J-6.681 E.06355
G1 X145.339 Y145.339 E1.08651
G2 X144.275 Y146.529 I8.222 J8.42 E.06353
G1 X163.467 Y165.721 E1.07917
G3 X162.139 Y166.647 I-6.883 J-8.447 E.06443
G1 X143.353 Y147.861 E1.05639
G2 X142.57 Y149.333 I11.896 J7.271 E.06631
G1 X160.672 Y167.434 E1.01789
G3 X159.037 Y168.054 I-10.724 J-25.842 E.06953
G1 X141.948 Y150.965 E.96095
G2 X141.514 Y152.785 I22.732 J6.375 E.07444
G1 X157.213 Y168.484 E.88279
G3 X155.139 Y168.664 I-2.15 J-12.748 E.08288
G1 X141.333 Y154.859 E.7763
G2 X141.53 Y157.309 I20.555 J-.414 E.09781
G1 X152.691 Y168.471 E.62763
G3 X149.462 Y167.496 I2.328 J-13.546 E.13446
G1 X142.179 Y160.213 E.40952
; stop printing object 圆柱体 id:2235774478336 copy 0
;LAYER_CHANGE
;Z:2.22
;HEIGHT:0.24
;BEFORE_LAYER_CHANGE
;2.22
G92 E0

;AFTER_LAYER_CHANGE
;2.22
;_SET_FAN_SPEED_CHANGING_LAYER
; printing object 圆柱体 id:2235774478336 copy 0
G1 E-.9 F2400
G1 Z2.62 F7200
G1 X200.209 Y140.981 Z2.62
G1 Z2.22
G1 E.9 F2400
M205 X3 Y3
;TYPE:Inner wall
G1 X200.49 Y140.981 E.01117
G3 X199.509 Y140.981 I-.489 J14.015 E3.46452
G1 X200.169 Y140.981 E.02624
M205 X7 Y7
G1 X199.899 Y140.582 F7200
M205 X3 Y3
G1 F2400
G1 X200.504 Y140.582 E.02402
G3 X199.495 Y140.583 I-.503 J14.413 E3.56297
G1 X199.859 Y140.582 E.01447
M205 X7 Y7
G1 X199.727 Y140.184 F7200
M205 X3 Y3
G1 F2400
G1 X200.517 Y140.184 E.03142
G3 X199.482 Y140.184 I-.517 J14.811 E3.66143
G1 X199.687 Y140.184 E.00817
M204 T500
G1 X199.246 Y139.75 F7200
;TYPE:Outer wall
G1 F1800
G1 X199.467 Y139.734 E.00878
G3 X200.533 Y139.734 I.533 J16.306 E.04241
G3 X198.403 Y139.809 I-.533 J15.261 E3.73021
G1 X199.206 Y139.753 E.03201
M204 T1000
M205 X7 Y7
G1 E-.9 F2400
G1 Z2.62 F7200
G1 X212.821 Y149.787 Z2.62
G1 Z2.22
G1 E.9 F2400
;TYPE:Sparse infill
G1 X205.538 Y142.504 E.40952
G2 X202.317 Y141.537 I-5.643 J12.952 E.13404
G1 X213.463 Y152.683 E.62676
G3 X213.667 Y155.141 I-28.516 J3.602 E.0981
G1 X199.865 Y141.339 E.7761
G2 X197.785 Y141.514 I.708 J20.982 E.08304
G1 X213.486 Y157.215 E.88291
G3 X213.054 Y159.037 I-15.914 J-2.813 E.0745
M73 P10 R103
G1 X195.963 Y141.946 E.96102
G2 X194.33 Y142.567 I8.938 J25.997 E.0695
G1 X212.435 Y160.672 E1.0181
G3 X211.652 Y162.144 I-16.945 J-8.071 E.06629
G1 X192.861 Y143.353 E1.05666
G2 X191.533 Y144.279 I5.563 J9.385 E.06443
G1 X210.721 Y163.467 E1.07894
G3 X209.661 Y164.661 I-11.202 J-8.872 E.06353
G1 X190.339 Y145.339 E1.08651
G2 X189.275 Y146.529 I8.222 J8.419 E.06353
G1 X208.471 Y165.725 E1.07941
G3 X207.139 Y166.647 I-10.166 J-13.253 E.06444
G1 X188.348 Y147.856 E1.05666
G2 X187.565 Y149.328 I16.162 J9.542 E.06629
G1 X205.67 Y167.433 E1.0181
G3 X204.037 Y168.054 I-10.624 J-25.514 E.0695
G1 X186.946 Y150.963 E.96102
G2 X186.518 Y152.79 I11.415 J3.638 E.07466
G1 X202.21 Y168.482 E.88239
G3 X200.135 Y168.661 I-2.662 J-18.741 E.08286
G1 X186.339 Y154.865 E.77577
G2 X186.537 Y157.317 I16.904 J-.13 E.0979
G1 X197.683 Y168.463 E.62676
G3 X194.448 Y167.482 I2.759 J-14.922 E.1347
G1 X187.179 Y160.213 E.40872
; stop printing object 圆柱体 id:2235774478336 copy 0
; printing object 圆柱体 id:2235774478336 copy 0
G1 E-.9
G1 Z2.62 F7200
G1 X155.209 Y140.981 Z2.62
G1 Z2.22
G1 E.9 F2400
M205 X3 Y3
;TYPE:Inner wall
G1 X155.49 Y140.981 E.01117
G3 X154.509 Y140.981 I-.489 J14.015 E3.46452
M73 P10 R102
G1 X155.169 Y140.981 E.02624
M205 X7 Y7
G1 X154.899 Y140.582 F7200
M205 X3 Y3
G1 F2400
G1 X155.504 Y140.582 E.02402
G3 X154.495 Y140.583 I-.503 J14.413 E3.56297
G1 X154.859 Y140.582 E.01447
M205 X7 Y7
G1 X154.727 Y140.184 F7200
M205 X3 Y3
G1 F2400
G1 X155.517 Y140.184 E.03142
G3 X154.482 Y140.184 I-.517 J14.811 E3.66143
G1 X154.687 Y140.184 E.00817
M204 T500
G1 X154.246 Y139.75 F7200
;TYPE:Outer wall
G1 F1800
G1 X154.467 Y139.734 E.00878
G3 X155.533 Y139.734 I.533 J16.306 E.04241
G3 X153.403 Y139.809 I-.533 J15.261 E3.73021
G1 X154.206 Y139.753 E.03201
M204 T1000
M205 X7 Y7
G1 E-.9 F2400
G1 Z2.62 F7200
G1 X167.821 Y149.787 Z2.62
G1 Z2.22
G1 E.9 F2400
;TYPE:Sparse infill
G1 X160.538 Y142.504 E.40952
G2 X157.317 Y141.537 I-5.643 J12.952 E.13404
G1 X168.463 Y152.683 E.62676
G3 X168.667 Y155.141 I-28.516 J3.602 E.0981
G1 X154.865 Y141.339 E.7761
G2 X152.785 Y141.514 I.708 J20.982 E.08304
G1 X168.486 Y157.215 E.88291
G3 X168.054 Y159.037 I-15.914 J-2.813 E.0745
G1 X150.963 Y141.946 E.96102
G2 X149.33 Y142.567 I8.938 J25.997 E.0695
G1 X167.435 Y160.672 E1.0181
G3 X166.652 Y162.144 I-16.945 J-8.071 E.06629
G1 X147.861 Y143.353 E1.05666
G2 X146.533 Y144.279 I5.563 J9.385 E.06443
G1 X165.721 Y163.467 E1.07894
G3 X164.661 Y164.661 I-11.202 J-8.872 E.06353
G1 X145.339 Y145.339 E1.08651
G2 X144.275 Y146.529 I8.222 J8.419 E.06353
G1 X163.471 Y165.725 E1.07941
G3 X162.139 Y166.647 I-10.166 J-13.253 E.06444
G1 X143.348 Y147.856 E1.05666
G2 X142.565 Y149.328 I16.162 J9.542 E.06629
G1 X160.67 Y167.433 E1.0181
G3 X159.037 Y168.054 I-10.624 J-25.514 E.0695
G1 X141.946 Y150.963 E.96102
G2 X141.518 Y152.79 I11.415 J3.638 E.07466
G1 X157.21 Y168.482 E.88239
G3 X155.135 Y168.661 I-2.662 J-18.741 E.08286
G1 X141.339 Y154.865 E.77577
G2 X141.537 Y157.317 I16.904 J-.13 E.0979
G1 X152.683 Y168.463 E.62676
G3 X149.448 Y167.482 I2.759 J-14.922 E.1347
G1 X142.179 Y160.213 E.40872
; stop printing object 圆柱体 id:2235774478336 copy 0
;LAYER_CHANGE
;Z:2.46
;HEIGHT:0.24
;BEFORE_LAYER_CHANGE
;2.46
G92 E0

;AFTER_LAYER_CHANGE
;2.46
;_SET_FAN_SPEED_CHANGING_LAYER
; printing object 圆柱体 id:2235774478336 copy 0
G1 E-.9 F2400
G1 Z2.86 F7200
G1 X200.198 Y140.981 Z2.86
G1 Z2.46
G1 E.9 F2400
M205 X3 Y3
;TYPE:Inner wall
G1 X200.49 Y140.981 E.0116
G3 X199.509 Y140.981 I-.489 J14.015 E3.46451
G1 X200.158 Y140.981 E.02581
M205 X7 Y7
G1 X199.889 Y140.582 F7200
M205 X3 Y3
G1 F2400
G1 X200.504 Y140.582 E.02445
G3 X199.495 Y140.583 I-.503 J14.413 E3.56297
G1 X199.849 Y140.582 E.01405
M205 X7 Y7
G1 X199.715 Y140.184 F7200
M205 X3 Y3
G1 F2400
G1 X200.517 Y140.184 E.03189
G3 X199.482 Y140.184 I-.517 J14.811 E3.66142
G1 X199.675 Y140.184 E.00769
M204 T500
G1 X199.234 Y139.751 F7200
;TYPE:Outer wall
G1 F1800
G1 X199.467 Y139.734 E.00926
G3 X200.533 Y139.734 I.533 J16.425 E.04241
G3 X198.403 Y139.809 I-.533 J15.261 E3.73021
G1 X199.194 Y139.753 E.03153
M204 T1000
M205 X7 Y7
G1 E-.9 F2400
G1 Z2.86 F7200
G1 X212.821 Y149.787 Z2.86
G1 Z2.46
G1 E.9 F2400
;TYPE:Sparse infill
G1 X205.538 Y142.504 E.40952
G2 X202.317 Y141.537 I-5.643 J12.951 E.13404
G1 X213.47 Y152.691 E.62718
G3 X213.667 Y155.141 I-20.36 J2.864 E.09781
G1 X199.865 Y141.339 E.7761
G2 X197.79 Y141.518 I.584 J18.891 E.08287
G1 X213.486 Y157.215 E.88263
G3 X213.054 Y159.037 I-15.85 J-2.797 E.0745
G1 X195.963 Y141.946 E.96102
G2 X194.328 Y142.565 I9.843 J28.489 E.06954
G1 X212.435 Y160.672 E1.0182
G3 X211.65 Y162.142 I-12.284 J-5.611 E.06629
G1 X192.857 Y143.348 E1.05681
G2 X191.529 Y144.275 I24.554 J36.575 E.06438
G1 X210.725 Y163.471 E1.07941
G3 X209.661 Y164.661 I-9.286 J-7.229 E.06353
G1 X190.339 Y145.339 E1.08651
G2 X189.279 Y146.533 I10.142 J10.066 E.06353
G1 X208.466 Y165.721 E1.07894
G3 X207.144 Y166.652 I-10.486 J-13.489 E.06435
G1 X188.352 Y147.861 E1.05667
G2 X187.57 Y149.332 I12.615 J7.652 E.06631
G1 X205.672 Y167.435 E1.01794
G3 X204.037 Y168.054 I-11.534 J-28.018 E.06954
G1 X186.948 Y150.965 E.96095
G2 X186.518 Y152.79 I13.503 J4.138 E.0746
G1 X202.215 Y168.486 E.88267
G3 X200.135 Y168.661 I-2.792 J-20.848 E.08303
G1 X186.333 Y154.859 E.7761
G2 X186.529 Y157.309 I20.697 J-.419 E.09778
G1 X197.683 Y168.463 E.62722
G3 X194.462 Y167.496 I2.195 J-13.161 E.13407
G1 X187.18 Y160.213 E.40951
; stop printing object 圆柱体 id:2235774478336 copy 0
; printing object 圆柱体 id:2235774478336 copy 0
G1 E-.9
G1 Z2.86 F7200
G1 X155.198 Y140.981 Z2.86
G1 Z2.46
G1 E.9 F2400
M205 X3 Y3
;TYPE:Inner wall
G1 X155.49 Y140.981 E.0116
G3 X154.509 Y140.981 I-.489 J14.015 E3.46451
G1 X155.158 Y140.981 E.02581
M205 X7 Y7
G1 X154.889 Y140.582 F7200
M205 X3 Y3
G1 F2400
G1 X155.504 Y140.582 E.02445
G3 X154.495 Y140.583 I-.503 J14.413 E3.56297
G1 X154.849 Y140.582 E.01405
M205 X7 Y7
G1 X154.715 Y140.184 F7200
M205 X3 Y3
G1 F2400
G1 X155.517 Y140.184 E.03189
G3 X154.482 Y140.184 I-.517 J14.811 E3.66142
G1 X154.675 Y140.184 E.00769
M204 T500
G1 X154.234 Y139.751 F7200
;TYPE:Outer wall
G1 F1800
G1 X154.467 Y139.734 E.00926
G3 X155.533 Y139.734 I.533 J16.425 E.04241
G3 X153.403 Y139.809 I-.533 J15.261 E3.73021
M73 P11 R102
G1 X154.194 Y139.753 E.03153
M204 T1000
M205 X7 Y7
G1 E-.9 F2400
G1 Z2.86 F7200
G1 X167.821 Y149.787 Z2.86
G1 Z2.46
G1 E.9 F2400
;TYPE:Sparse infill
G1 X160.538 Y142.504 E.40952
G2 X157.317 Y141.537 I-5.643 J12.951 E.13404
M73 P11 R101
G1 X168.47 Y152.691 E.62718
G3 X168.667 Y155.141 I-20.36 J2.864 E.09781
G1 X154.865 Y141.339 E.7761
G2 X152.79 Y141.518 I.584 J18.891 E.08287
G1 X168.486 Y157.215 E.88263
G3 X168.054 Y159.037 I-15.85 J-2.797 E.0745
G1 X150.963 Y141.946 E.96102
G2 X149.328 Y142.565 I9.843 J28.489 E.06954
G1 X167.435 Y160.672 E1.0182
G3 X166.65 Y162.142 I-12.284 J-5.611 E.06629
G1 X147.857 Y143.348 E1.05681
G2 X146.529 Y144.275 I24.554 J36.575 E.06438
G1 X165.725 Y163.471 E1.07941
G3 X164.661 Y164.661 I-9.286 J-7.229 E.06353
G1 X145.339 Y145.339 E1.08651
G2 X144.279 Y146.533 I10.142 J10.066 E.06353
G1 X163.466 Y165.721 E1.07894
G3 X162.144 Y166.652 I-10.486 J-13.489 E.06435
G1 X143.352 Y147.861 E1.05667
G2 X142.57 Y149.332 I12.615 J7.652 E.06631
G1 X160.672 Y167.435 E1.01794
G3 X159.037 Y168.054 I-11.534 J-28.018 E.06954
G1 X141.948 Y150.965 E.96095
G2 X141.518 Y152.79 I13.503 J4.138 E.0746
G1 X157.215 Y168.486 E.88267
G3 X155.135 Y168.661 I-2.792 J-20.848 E.08303
G1 X141.333 Y154.859 E.7761
G2 X141.529 Y157.309 I20.697 J-.419 E.09778
G1 X152.683 Y168.463 E.62722
G3 X149.462 Y167.496 I2.195 J-13.161 E.13407
G1 X142.18 Y160.213 E.40951
; stop printing object 圆柱体 id:2235774478336 copy 0
;LAYER_CHANGE
;Z:2.7
;HEIGHT:0.24
;BEFORE_LAYER_CHANGE
;2.7
G92 E0

;AFTER_LAYER_CHANGE
;2.7
;_SET_FAN_SPEED_CHANGING_LAYER
; printing object 圆柱体 id:2235774478336 copy 0
G1 E-.9 F2400
G1 Z3.1 F7200
G1 X200.187 Y140.981 Z3.1
G1 Z2.7
G1 E.9 F2400
M205 X3 Y3
;TYPE:Inner wall
G1 X200.49 Y140.981 E.01203
G3 X199.508 Y140.981 I-.489 J14.015 E3.46451
G1 X200.147 Y140.981 E.02539
M205 X7 Y7
G1 X199.878 Y140.582 F7200
M205 X3 Y3
G1 F2400
G1 X200.504 Y140.582 E.02488
G3 X199.495 Y140.583 I-.503 J14.413 E3.56296
G1 X199.838 Y140.582 E.01362
M205 X7 Y7
G1 X199.703 Y140.184 F7200
M205 X3 Y3
G1 F2400
G1 X200.517 Y140.184 E.03237
G3 X199.482 Y140.184 I-.517 J14.811 E3.66142
G1 X199.663 Y140.184 E.00722
M204 T500
G1 X199.222 Y139.751 F7200
;TYPE:Outer wall
G1 F1800
G1 X199.467 Y139.734 E.00973
G3 X200.533 Y139.734 I.533 J16.543 E.04241
G3 X198.403 Y139.809 I-.533 J15.261 E3.73021
G1 X199.183 Y139.754 E.03106
M204 T1000
M205 X7 Y7
G1 E-.9 F2400
G1 Z3.1 F7200
G1 X212.821 Y149.787 Z3.1
G1 Z2.7
G1 E.9 F2400
;TYPE:Sparse infill
G1 X205.538 Y142.504 E.40952
G2 X202.308 Y141.528 I-5.848 J13.522 E.13446
G1 X213.472 Y152.692 E.62778
G3 X213.661 Y155.135 I-18.505 J2.658 E.0975
G1 X199.865 Y141.339 E.77576
G2 X197.785 Y141.514 I.707 J20.973 E.08304
G1 X213.486 Y157.215 E.8829
G3 X213.054 Y159.037 I-15.788 J-2.781 E.0745
G1 X195.964 Y141.947 E.96096
G2 X194.328 Y142.565 I5.514 J17.086 E.06958
G1 X212.435 Y160.672 E1.0182
G3 X211.651 Y162.143 I-16.466 J-7.829 E.06628
G1 X192.861 Y143.353 E1.05661
G2 X191.533 Y144.279 I5.564 J9.386 E.06443
G1 X210.725 Y163.471 E1.07917
G3 X209.661 Y164.661 I-9.266 J-7.213 E.06353
G1 X190.339 Y145.339 E1.08652
G2 X189.275 Y146.529 I8.156 J8.357 E.06353
G1 X208.466 Y165.721 E1.07916
G3 X207.144 Y166.652 I-10.485 J-13.487 E.06435
G1 X188.348 Y147.856 E1.05692
G2 X187.57 Y149.332 I13.853 J8.247 E.06638
G1 X205.672 Y167.435 E1.01794
G3 X204.035 Y168.052 I-6.843 J-15.661 E.06959
G1 X186.948 Y150.965 E.96089
G2 X186.514 Y152.785 I24.093 J6.708 E.07442
G1 X202.213 Y168.484 E.8828
G3 X200.139 Y168.664 I-2.146 J-12.675 E.08287
G1 X186.333 Y154.859 E.7763
G2 X186.53 Y157.309 I20.555 J-.414 E.09781
G1 X197.692 Y168.472 E.62769
G3 X194.462 Y167.496 I2.617 J-14.498 E.13446
G1 X187.179 Y160.213 E.40952
; stop printing object 圆柱体 id:2235774478336 copy 0
; printing object 圆柱体 id:2235774478336 copy 0
G1 E-.9
G1 Z3.1 F7200
G1 X155.187 Y140.981 Z3.1
G1 Z2.7
G1 E.9 F2400
M205 X3 Y3
;TYPE:Inner wall
G1 X155.49 Y140.981 E.01203
G3 X154.508 Y140.981 I-.489 J14.015 E3.46451
G1 X155.147 Y140.981 E.02539
M205 X7 Y7
G1 X154.878 Y140.582 F7200
M205 X3 Y3
G1 F2400
G1 X155.504 Y140.582 E.02488
G3 X154.495 Y140.583 I-.503 J14.413 E3.56296
G1 X154.838 Y140.582 E.01362
M205 X7 Y7
G1 X154.703 Y140.184 F7200
M205 X3 Y3
G1 F2400
G1 X155.517 Y140.184 E.03237
G3 X154.482 Y140.184 I-.517 J14.811 E3.66142
G1 X154.663 Y140.184 E.00722
M204 T500
G1 X154.222 Y139.751 F7200
;TYPE:Outer wall
G1 F1800
G1 X154.467 Y139.734 E.00973
G3 X155.533 Y139.734 I.533 J16.543 E.04241
G3 X153.403 Y139.809 I-.533 J15.261 E3.73021
G1 X154.183 Y139.754 E.03106
M204 T1000
M205 X7 Y7
G1 E-.9 F2400
G1 Z3.1 F7200
G1 X167.821 Y149.787 Z3.1
G1 Z2.7
G1 E.9 F2400
;TYPE:Sparse infill
G1 X160.538 Y142.504 E.40952
G2 X157.308 Y141.528 I-5.848 J13.522 E.13446
G1 X168.472 Y152.692 E.62778
G3 X168.661 Y155.135 I-18.505 J2.658 E.0975
G1 X154.865 Y141.339 E.77576
G2 X152.785 Y141.514 I.707 J20.973 E.08304
G1 X168.486 Y157.215 E.8829
G3 X168.054 Y159.037 I-15.788 J-2.781 E.0745
G1 X150.964 Y141.947 E.96096
G2 X149.328 Y142.565 I5.514 J17.086 E.06958
G1 X167.435 Y160.672 E1.0182
G3 X166.651 Y162.143 I-16.466 J-7.829 E.06628
G1 X147.861 Y143.353 E1.05661
G2 X146.533 Y144.279 I5.564 J9.386 E.06443
G1 X165.725 Y163.471 E1.07917
G3 X164.661 Y164.661 I-9.266 J-7.213 E.06353
G1 X145.339 Y145.339 E1.08652
G2 X144.275 Y146.529 I8.156 J8.357 E.06353
G1 X163.466 Y165.721 E1.07916
G3 X162.144 Y166.652 I-10.485 J-13.487 E.06435
G1 X143.348 Y147.856 E1.05692
G2 X142.57 Y149.332 I13.853 J8.247 E.06638
G1 X160.672 Y167.435 E1.01794
G3 X159.035 Y168.052 I-6.843 J-15.661 E.06959
G1 X141.948 Y150.965 E.96089
G2 X141.514 Y152.785 I24.093 J6.708 E.07442
G1 X157.213 Y168.484 E.8828
G3 X155.139 Y168.664 I-2.146 J-12.675 E.08287
G1 X141.333 Y154.859 E.7763
G2 X141.53 Y157.309 I20.555 J-.414 E.09781
G1 X152.692 Y168.472 E.62769
G3 X149.462 Y167.496 I2.617 J-14.498 E.13446
M73 P11 R100
G1 X142.179 Y160.213 E.40952
; stop printing object 圆柱体 id:2235774478336 copy 0
;LAYER_CHANGE
;Z:2.94
;HEIGHT:0.24
;BEFORE_LAYER_CHANGE
;2.94
G92 E0

;AFTER_LAYER_CHANGE
;2.94
;_SET_FAN_SPEED_CHANGING_LAYER
; printing object 圆柱体 id:2235774478336 copy 0
G1 E-.9 F2400
G1 Z3.34 F7200
G1 X200.176 Y140.981 Z3.34
G1 Z2.94
G1 E.9 F2400
M205 X3 Y3
;TYPE:Inner wall
G1 X200.49 Y140.981 E.01245
G3 X199.508 Y140.981 I-.489 J14.015 E3.4645
G1 X200.136 Y140.981 E.02498
M205 X7 Y7
G1 X199.867 Y140.582 F7200
M205 X3 Y3
G1 F2400
G1 X200.504 Y140.582 E.02531
G3 X199.495 Y140.583 I-.503 J14.413 E3.56296
G1 X199.827 Y140.583 E.01321
M205 X7 Y7
G1 X199.691 Y140.184 F7200
M205 X3 Y3
G1 F2400
G1 X200.517 Y140.184 E.03284
G3 X199.482 Y140.184 I-.517 J14.811 E3.66142
M73 P12 R100
G1 X199.651 Y140.184 E.00675
M204 T500
G1 X199.211 Y139.752 F7200
;TYPE:Outer wall
G1 F1800
G1 X199.467 Y139.734 E.0102
G3 X200.533 Y139.734 I.534 J16.662 E.04241
G3 X198.403 Y139.809 I-.533 J15.261 E3.73021
G1 X199.171 Y139.755 E.03059
M204 T1000
M205 X7 Y7
G1 E-.9 F2400
G1 Z3.34 F7200
G1 X212.821 Y149.787 Z3.34
G1 Z2.94
G1 E.9 F2400
;TYPE:Sparse infill
G1 X205.538 Y142.504 E.40952
G2 X202.317 Y141.537 I-5.643 J12.952 E.13404
G1 X213.47 Y152.691 E.62718
G3 X213.661 Y155.135 I-14.242 J2.338 E.09761
G1 X199.865 Y141.339 E.77576
G2 X197.785 Y141.514 I.707 J20.968 E.08304
G1 X213.486 Y157.215 E.88295
G3 X213.054 Y159.037 I-16.53 J-2.967 E.07448
G1 X195.963 Y141.946 E.96102
G2 X194.33 Y142.567 I8.934 J25.986 E.0695
G1 X212.43 Y160.667 E1.01783
G3 X211.651 Y162.143 I-14.151 J-6.527 E.06637
G1 X192.861 Y143.353 E1.05661
G2 X191.533 Y144.279 I5.563 J9.385 E.06443
G1 X210.726 Y163.472 E1.07923
G3 X209.661 Y164.661 I-13.104 J-10.663 E.0635
G1 X190.339 Y145.339 E1.08651
G2 X189.275 Y146.529 I7.979 J8.202 E.06353
G1 X208.469 Y165.723 E1.07932
G3 X207.142 Y166.65 I-18.955 J-25.721 E.06438
G1 X188.348 Y147.856 E1.05683
G2 X187.57 Y149.332 I13.861 J8.252 E.06638
G1 X205.672 Y167.435 E1.01794
G3 X204.037 Y168.054 I-11.547 J-28.051 E.06954
G1 X186.948 Y150.965 E.96095
G2 X186.514 Y152.785 I24.091 J6.707 E.07442
G1 X202.213 Y168.484 E.88283
G3 X200.139 Y168.664 I-2.152 J-12.787 E.08289
G1 X186.339 Y154.865 E.77596
G2 X186.537 Y157.316 I16.995 J-.134 E.09788
G1 X197.683 Y168.463 E.62679
G3 X194.448 Y167.482 I2.76 J-14.93 E.13469
G1 X187.179 Y160.213 E.40873
; stop printing object 圆柱体 id:2235774478336 copy 0
; printing object 圆柱体 id:2235774478336 copy 0
G1 E-.9
G1 Z3.34 F7200
G1 X155.176 Y140.981 Z3.34
G1 Z2.94
G1 E.9 F2400
M205 X3 Y3
;TYPE:Inner wall
G1 X155.49 Y140.981 E.01245
G3 X154.508 Y140.981 I-.489 J14.015 E3.4645
G1 X155.136 Y140.981 E.02498
M205 X7 Y7
G1 X154.867 Y140.582 F7200
M205 X3 Y3
G1 F2400
G1 X155.504 Y140.582 E.02531
G3 X154.495 Y140.583 I-.503 J14.413 E3.56296
G1 X154.827 Y140.583 E.01321
M205 X7 Y7
G1 X154.691 Y140.184 F7200
M205 X3 Y3
G1 F2400
G1 X155.517 Y140.184 E.03284
G3 X154.482 Y140.184 I-.517 J14.811 E3.66142
G1 X154.651 Y140.184 E.00675
M204 T500
G1 X154.211 Y139.752 F7200
;TYPE:Outer wall
G1 F1800
G1 X154.467 Y139.734 E.0102
G3 X155.533 Y139.734 I.534 J16.662 E.04241
G3 X153.403 Y139.809 I-.533 J15.261 E3.73021
G1 X154.171 Y139.755 E.03059
M204 T1000
M205 X7 Y7
G1 E-.9 F2400
G1 Z3.34 F7200
G1 X167.821 Y149.787 Z3.34
G1 Z2.94
G1 E.9 F2400
;TYPE:Sparse infill
G1 X160.538 Y142.504 E.40952
G2 X157.317 Y141.537 I-5.643 J12.952 E.13404
G1 X168.47 Y152.691 E.62718
G3 X168.661 Y155.135 I-14.242 J2.338 E.09761
G1 X154.865 Y141.339 E.77576
G2 X152.785 Y141.514 I.707 J20.968 E.08304
G1 X168.486 Y157.215 E.88295
G3 X168.054 Y159.037 I-16.53 J-2.967 E.07448
G1 X150.963 Y141.946 E.96102
G2 X149.33 Y142.567 I8.934 J25.986 E.0695
G1 X167.43 Y160.667 E1.01783
G3 X166.651 Y162.143 I-14.151 J-6.527 E.06637
G1 X147.861 Y143.353 E1.05661
G2 X146.533 Y144.279 I5.563 J9.385 E.06443
G1 X165.726 Y163.472 E1.07923
G3 X164.661 Y164.661 I-13.104 J-10.663 E.0635
G1 X145.339 Y145.339 E1.08651
G2 X144.275 Y146.529 I7.979 J8.202 E.06353
G1 X163.469 Y165.723 E1.07932
G3 X162.142 Y166.65 I-18.955 J-25.721 E.06438
G1 X143.348 Y147.856 E1.05683
G2 X142.57 Y149.332 I13.861 J8.252 E.06638
G1 X160.672 Y167.435 E1.01794
G3 X159.037 Y168.054 I-11.547 J-28.051 E.06954
G1 X141.948 Y150.965 E.96095
G2 X141.514 Y152.785 I24.091 J6.707 E.07442
G1 X157.213 Y168.484 E.88283
G3 X155.139 Y168.664 I-2.152 J-12.787 E.08289
G1 X141.339 Y154.865 E.77596
G2 X141.537 Y157.316 I16.995 J-.134 E.09788
G1 X152.683 Y168.463 E.62679
G3 X149.448 Y167.482 I2.76 J-14.93 E.13469
G1 X142.179 Y160.213 E.40873
; stop printing object 圆柱体 id:2235774478336 copy 0
;LAYER_CHANGE
;Z:3.18
;HEIGHT:0.24
;BEFORE_LAYER_CHANGE
;3.18
G92 E0

;AFTER_LAYER_CHANGE
;3.18
;_SET_FAN_SPEED_CHANGING_LAYER
; printing object 圆柱体 id:2235774478336 copy 0
G1 E-.9 F2400
G1 Z3.58 F7200
G1 X200.166 Y140.981 Z3.58
G1 Z3.18
G1 E.9 F2400
M205 X3 Y3
;TYPE:Inner wall
G1 X200.49 Y140.981 E.01287
G3 X199.508 Y140.981 I-.489 J14.015 E3.46449
G1 X200.126 Y140.981 E.02456
M205 X7 Y7
G1 X199.857 Y140.583 F7200
M205 X3 Y3
G1 F2400
G1 X200.504 Y140.582 E.02572
G3 X199.495 Y140.583 I-.503 J14.413 E3.56295
G1 X199.817 Y140.583 E.01279
M205 X7 Y7
G1 X199.68 Y140.184 F7200
M205 X3 Y3
G1 F2400
G1 X200.517 Y140.184 E.0333
G3 X199.482 Y140.184 I-.517 J14.811 E3.66141
G1 X199.64 Y140.184 E.0063
M204 T500
G1 X199.199 Y139.753 F7200
;TYPE:Outer wall
G1 F1800
G1 X199.467 Y139.734 E.01066
G3 X200.533 Y139.734 I.534 J16.779 E.04241
G3 X198.403 Y139.809 I-.533 J15.261 E3.73021
M73 P12 R99
G1 X199.159 Y139.756 E.03013
M204 T1000
M205 X7 Y7
G1 E-.9 F2400
G1 Z3.58 F7200
G1 X212.821 Y149.787 Z3.58
G1 Z3.18
G1 E.9 F2400
;TYPE:Sparse infill
G1 X205.538 Y142.504 E.40952
G2 X202.308 Y141.528 I-5.847 J13.521 E.13446
G1 X213.471 Y152.692 E.62775
G3 X213.667 Y155.141 I-20.55 J2.871 E.09777
G1 X199.865 Y141.339 E.7761
G2 X197.79 Y141.518 I.583 J18.88 E.08287
G1 X213.486 Y157.214 E.88261
G3 X213.054 Y159.037 I-15.663 J-2.75 E.07451
G1 X195.963 Y141.946 E.96102
G2 X194.328 Y142.565 I9.841 J28.484 E.06954
G1 X212.435 Y160.672 E1.0182
G3 X211.652 Y162.144 I-16.944 J-8.07 E.06629
G1 X192.861 Y143.352 E1.05667
G2 X191.533 Y144.279 I5.803 J9.725 E.06443
G1 X210.725 Y163.471 E1.07917
G3 X209.661 Y164.661 I-9.043 J-7.012 E.06353
G1 X190.339 Y145.339 E1.08651
G2 X189.275 Y146.529 I8.222 J8.42 E.06353
G1 X208.469 Y165.723 E1.07931
G3 X207.144 Y166.652 I-21.014 J-28.577 E.06436
G1 X188.348 Y147.856 E1.05692
G2 X187.565 Y149.328 I16.163 J9.543 E.06629
G1 X205.671 Y167.434 E1.01815
G3 X204.037 Y168.054 I-10.307 J-24.724 E.06952
G1 X186.946 Y150.963 E.96102
G2 X186.514 Y152.786 I15.231 J4.572 E.07451
G1 X202.213 Y168.485 E.88278
G3 X200.139 Y168.664 I-2.153 J-12.798 E.08289
G1 X186.333 Y154.859 E.7763
G2 X186.529 Y157.308 I20.743 J-.421 E.09777
G1 X197.691 Y168.47 E.62765
G3 X194.447 Y167.481 I2.909 J-15.352 E.13508
G1 X187.179 Y160.212 E.40874
; stop printing object 圆柱体 id:2235774478336 copy 0
; printing object 圆柱体 id:2235774478336 copy 0
G1 E-.9
G1 Z3.58 F7200
G1 X155.166 Y140.981 Z3.58
G1 Z3.18
G1 E.9 F2400
M205 X3 Y3
;TYPE:Inner wall
G1 X155.49 Y140.981 E.01287
G3 X154.508 Y140.981 I-.489 J14.015 E3.46449
M73 P13 R99
G1 X155.126 Y140.981 E.02456
M205 X7 Y7
G1 X154.857 Y140.583 F7200
M205 X3 Y3
G1 F2400
G1 X155.504 Y140.582 E.02572
G3 X154.495 Y140.583 I-.503 J14.413 E3.56295
G1 X154.817 Y140.583 E.01279
M205 X7 Y7
G1 X154.68 Y140.184 F7200
M205 X3 Y3
G1 F2400
G1 X155.517 Y140.184 E.0333
G3 X154.482 Y140.184 I-.517 J14.811 E3.66141
G1 X154.64 Y140.184 E.0063
M204 T500
G1 X154.199 Y139.753 F7200
;TYPE:Outer wall
G1 F1800
G1 X154.467 Y139.734 E.01066
G3 X155.533 Y139.734 I.534 J16.779 E.04241
G3 X153.403 Y139.809 I-.533 J15.261 E3.73021
G1 X154.159 Y139.756 E.03013
M204 T1000
M205 X7 Y7
G1 E-.9 F2400
G1 Z3.58 F7200
G1 X167.821 Y149.787 Z3.58
G1 Z3.18
G1 E.9 F2400
;TYPE:Sparse infill
G1 X160.538 Y142.504 E.40952
G2 X157.308 Y141.528 I-5.847 J13.521 E.13446
G1 X168.471 Y152.692 E.62775
G3 X168.667 Y155.141 I-20.55 J2.871 E.09777
G1 X154.865 Y141.339 E.7761
G2 X152.79 Y141.518 I.583 J18.88 E.08287
G1 X168.486 Y157.214 E.88261
G3 X168.054 Y159.037 I-15.663 J-2.75 E.07451
G1 X150.963 Y141.946 E.96102
G2 X149.328 Y142.565 I9.841 J28.484 E.06954
G1 X167.435 Y160.672 E1.0182
G3 X166.652 Y162.144 I-16.944 J-8.07 E.06629
G1 X147.861 Y143.352 E1.05667
G2 X146.533 Y144.279 I5.803 J9.725 E.06443
G1 X165.725 Y163.471 E1.07917
G3 X164.661 Y164.661 I-9.043 J-7.012 E.06353
G1 X145.339 Y145.339 E1.08651
G2 X144.275 Y146.529 I8.222 J8.42 E.06353
G1 X163.469 Y165.723 E1.07931
G3 X162.144 Y166.652 I-21.014 J-28.577 E.06436
G1 X143.348 Y147.856 E1.05692
G2 X142.565 Y149.328 I16.163 J9.543 E.06629
G1 X160.671 Y167.434 E1.01815
G3 X159.037 Y168.054 I-10.307 J-24.724 E.06952
G1 X141.946 Y150.963 E.96102
G2 X141.514 Y152.786 I15.231 J4.572 E.07451
G1 X157.213 Y168.485 E.88278
G3 X155.139 Y168.664 I-2.153 J-12.798 E.08289
G1 X141.333 Y154.859 E.7763
G2 X141.529 Y157.308 I20.743 J-.421 E.09777
G1 X152.691 Y168.47 E.62765
G3 X149.447 Y167.481 I2.909 J-15.352 E.13508
G1 X142.179 Y160.212 E.40874
; stop printing object 圆柱体 id:2235774478336 copy 0
;LAYER_CHANGE
;Z:3.42
;HEIGHT:0.24
;BEFORE_LAYER_CHANGE
;3.42
G92 E0

;AFTER_LAYER_CHANGE
;3.42
;_SET_FAN_SPEED_CHANGING_LAYER
; printing object 圆柱体 id:2235774478336 copy 0
G1 E-.9 F2400
G1 Z3.82 F7200
G1 X200.156 Y140.981 Z3.82
G1 Z3.42
G1 E.9 F2400
M205 X3 Y3
;TYPE:Inner wall
G1 X200.49 Y140.981 E.01328
G3 X199.508 Y140.981 I-.489 J14.015 E3.46448
G1 X200.116 Y140.981 E.02417
M205 X7 Y7
G1 X199.846 Y140.583 F7200
M205 X3 Y3
G1 F2400
G1 X200.504 Y140.582 E.02613
G3 X199.495 Y140.583 I-.503 J14.413 E3.56295
G1 X199.806 Y140.583 E.01239
M205 X7 Y7
G1 X199.669 Y140.184 F7200
M205 X3 Y3
G1 F2400
G1 X200.517 Y140.184 E.03375
G3 X199.481 Y140.184 I-.517 J14.811 E3.66141
G1 X199.629 Y140.184 E.00585
M204 T500
G1 X199.188 Y139.754 F7200
;TYPE:Outer wall
G1 F1800
G1 X199.467 Y139.734 E.01111
G3 X200.533 Y139.734 I.534 J16.899 E.04242
G3 X198.403 Y139.809 I-.533 J15.261 E3.73021
G1 X199.148 Y139.757 E.02968
M204 T1000
M205 X7 Y7
G1 E-.9 F2400
G1 Z3.82 F7200
G1 X212.818 Y149.784 Z3.82
G1 Z3.42
G1 E.9 F2400
;TYPE:Sparse infill
G1 X205.538 Y142.504 E.40939
G2 X202.317 Y141.537 I-5.643 J12.951 E.13404
G1 X213.463 Y152.683 E.62676
G3 X213.661 Y155.135 I-16.716 J2.582 E.0979
G1 X199.865 Y141.339 E.77576
G2 X197.785 Y141.514 I.706 J20.96 E.08304
G1 X213.485 Y157.214 E.88289
G3 X213.054 Y159.037 I-15.605 J-2.735 E.07451
G1 X195.965 Y141.948 E.96095
G2 X194.328 Y142.565 I5.193 J16.242 E.06959
G1 X212.435 Y160.672 E1.0182
G3 X211.651 Y162.143 I-16.352 J-7.772 E.06628
G1 X192.857 Y143.348 E1.05684
G2 X191.529 Y144.275 I24.277 J36.186 E.06438
G1 X210.721 Y163.467 E1.07917
G3 X209.661 Y164.661 I-11.165 J-8.84 E.06353
G1 X190.339 Y145.339 E1.08652
G2 X189.275 Y146.529 I8.2 J8.395 E.06353
G1 X208.471 Y165.725 E1.0794
G3 X207.144 Y166.652 I-26.653 J-36.736 E.06437
G1 X188.348 Y147.856 E1.05692
G2 X187.57 Y149.332 I13.881 J8.263 E.06638
G1 X205.67 Y167.433 E1.01785
G3 X204.037 Y168.054 I-10.649 J-25.579 E.0695
G1 X186.948 Y150.965 E.96095
G2 X186.518 Y152.79 I13.506 J4.139 E.0746
G1 X202.213 Y168.485 E.88256
G3 X200.139 Y168.664 I-2.153 J-12.808 E.08289
M73 P13 R98
G1 X186.339 Y154.865 E.77596
G2 X186.529 Y157.308 I14.546 J.103 E.09756
G1 X197.684 Y168.464 E.62728
G3 X194.448 Y167.482 I2.776 J-14.978 E.13472
G1 X187.179 Y160.213 E.40874
; stop printing object 圆柱体 id:2235774478336 copy 0
; printing object 圆柱体 id:2235774478336 copy 0
G1 E-.9
G1 Z3.82 F7200
G1 X155.156 Y140.981 Z3.82
G1 Z3.42
G1 E.9 F2400
M205 X3 Y3
;TYPE:Inner wall
G1 X155.49 Y140.981 E.01328
G3 X154.508 Y140.981 I-.489 J14.015 E3.46448
G1 X155.116 Y140.981 E.02417
M205 X7 Y7
G1 X154.846 Y140.583 F7200
M205 X3 Y3
G1 F2400
G1 X155.504 Y140.582 E.02613
G3 X154.495 Y140.583 I-.503 J14.413 E3.56295
G1 X154.806 Y140.583 E.01239
M205 X7 Y7
G1 X154.669 Y140.184 F7200
M205 X3 Y3
G1 F2400
G1 X155.517 Y140.184 E.03375
G3 X154.481 Y140.184 I-.517 J14.811 E3.66141
G1 X154.629 Y140.184 E.00585
M204 T500
G1 X154.188 Y139.754 F7200
;TYPE:Outer wall
G1 F1800
G1 X154.467 Y139.734 E.01111
G3 X155.533 Y139.734 I.534 J16.899 E.04242
G3 X153.403 Y139.809 I-.533 J15.261 E3.73021
G1 X154.148 Y139.757 E.02968
M204 T1000
M205 X7 Y7
G1 E-.9 F2400
G1 Z3.82 F7200
G1 X167.818 Y149.784 Z3.82
G1 Z3.42
G1 E.9 F2400
;TYPE:Sparse infill
G1 X160.538 Y142.504 E.40939
G2 X157.317 Y141.537 I-5.643 J12.951 E.13404
G1 X168.463 Y152.683 E.62676
G3 X168.661 Y155.135 I-16.716 J2.582 E.0979
G1 X154.865 Y141.339 E.77576
G2 X152.785 Y141.514 I.706 J20.96 E.08304
G1 X168.485 Y157.214 E.88289
G3 X168.054 Y159.037 I-15.605 J-2.735 E.07451
G1 X150.965 Y141.948 E.96095
G2 X149.328 Y142.565 I5.193 J16.242 E.06959
G1 X167.435 Y160.672 E1.0182
G3 X166.651 Y162.143 I-16.352 J-7.772 E.06628
G1 X147.857 Y143.348 E1.05684
G2 X146.529 Y144.275 I24.277 J36.186 E.06438
G1 X165.721 Y163.467 E1.07917
G3 X164.661 Y164.661 I-11.165 J-8.84 E.06353
G1 X145.339 Y145.339 E1.08652
G2 X144.275 Y146.529 I8.2 J8.395 E.06353
G1 X163.471 Y165.725 E1.0794
G3 X162.144 Y166.652 I-26.653 J-36.736 E.06437
G1 X143.348 Y147.856 E1.05692
G2 X142.57 Y149.332 I13.881 J8.263 E.06638
G1 X160.67 Y167.433 E1.01785
G3 X159.037 Y168.054 I-10.649 J-25.579 E.0695
G1 X141.948 Y150.965 E.96095
G2 X141.518 Y152.79 I13.506 J4.139 E.0746
M73 P14 R98
G1 X157.213 Y168.485 E.88256
G3 X155.139 Y168.664 I-2.153 J-12.808 E.08289
G1 X141.339 Y154.865 E.77596
G2 X141.529 Y157.308 I14.546 J.103 E.09756
G1 X152.684 Y168.464 E.62728
G3 X149.448 Y167.482 I2.776 J-14.978 E.13472
G1 X142.179 Y160.213 E.40874
; stop printing object 圆柱体 id:2235774478336 copy 0
;LAYER_CHANGE
;Z:3.66
;HEIGHT:0.24
;BEFORE_LAYER_CHANGE
;3.66
G92 E0

;AFTER_LAYER_CHANGE
;3.66
;_SET_FAN_SPEED_CHANGING_LAYER
; printing object 圆柱体 id:2235774478336 copy 0
G1 E-.9 F2400
G1 Z4.06 F7200
G1 X200.146 Y140.981 Z4.06
G1 Z3.66
G1 E.9 F2400
M205 X3 Y3
;TYPE:Inner wall
G1 X200.49 Y140.981 E.01367
G3 X199.508 Y140.981 I-.489 J14.015 E3.46448
G1 X200.106 Y140.981 E.02378
M205 X7 Y7
G1 X199.837 Y140.583 F7200
M205 X3 Y3
G1 F2400
G1 X200.504 Y140.582 E.02652
G3 X199.495 Y140.583 I-.503 J14.413 E3.56294
G1 X199.797 Y140.583 E.01201
M205 X7 Y7
G1 X199.658 Y140.184 F7200
M205 X3 Y3
G1 F2400
G1 X200.517 Y140.184 E.03418
G3 X199.481 Y140.184 I-.517 J14.811 E3.66141
G1 X199.618 Y140.184 E.00542
M204 T500
G1 X199.177 Y139.755 F7200
;TYPE:Outer wall
G1 F1800
G1 X199.467 Y139.734 E.01154
G3 X200.533 Y139.734 I.534 J17.016 E.04242
G3 X198.403 Y139.809 I-.533 J15.261 E3.73021
G1 X199.137 Y139.757 E.02925
M204 T1000
M205 X7 Y7
G1 E-.9 F2400
G1 Z4.06 F7200
G1 X212.821 Y149.787 Z4.06
G1 Z3.66
G1 E.9 F2400
;TYPE:Sparse infill
G1 X205.538 Y142.504 E.40952
G2 X202.308 Y141.528 I-5.848 J13.522 E.13446
G1 X213.47 Y152.691 E.62769
G3 X213.667 Y155.141 I-20.36 J2.864 E.09781
G1 X199.865 Y141.339 E.7761
G2 X197.79 Y141.518 I.582 J18.872 E.08287
G1 X213.485 Y157.214 E.88261
G3 X213.054 Y159.037 I-15.545 J-2.721 E.07451
G1 X195.963 Y141.946 E.96102
G2 X194.328 Y142.565 I9.842 J28.487 E.06954
G1 X212.435 Y160.672 E1.0182
G3 X211.651 Y162.143 I-16.316 J-7.754 E.06628
G1 X192.861 Y143.353 E1.0566
G2 X191.533 Y144.279 I5.563 J9.385 E.06443
G1 X210.721 Y163.467 E1.07894
G3 X209.661 Y164.661 I-11.161 J-8.837 E.06353
G1 X190.339 Y145.339 E1.08651
G2 X189.279 Y146.533 I7.674 J7.876 E.06355
G1 X208.469 Y165.723 E1.07907
G3 X207.144 Y166.652 I-20.355 J-27.623 E.06436
G1 X188.353 Y147.861 E1.05666
G2 X187.57 Y149.332 I12.003 J7.332 E.06631
G1 X205.672 Y167.435 E1.01795
G3 X204.035 Y168.052 I-6.849 J-15.675 E.06959
G1 X186.948 Y150.965 E.96089
G2 X186.514 Y152.785 I24.095 J6.708 E.07442
G1 X202.213 Y168.484 E.8828
G3 X200.139 Y168.664 I-2.146 J-12.674 E.08287
G1 X186.339 Y154.865 E.77596
G2 X186.529 Y157.308 I14.556 J.102 E.09756
G1 X197.683 Y168.463 E.62725
G3 X194.448 Y167.482 I2.762 J-14.939 E.13468
G1 X187.179 Y160.213 E.40875
; stop printing object 圆柱体 id:2235774478336 copy 0
; printing object 圆柱体 id:2235774478336 copy 0
G1 E-.9
G1 Z4.06 F7200
G1 X155.146 Y140.981 Z4.06
G1 Z3.66
G1 E.9 F2400
M205 X3 Y3
;TYPE:Inner wall
G1 X155.49 Y140.981 E.01367
G3 X154.508 Y140.981 I-.489 J14.015 E3.46448
G1 X155.106 Y140.981 E.02378
M205 X7 Y7
G1 X154.837 Y140.583 F7200
M205 X3 Y3
G1 F2400
G1 X155.504 Y140.582 E.02652
G3 X154.495 Y140.583 I-.503 J14.413 E3.56294
G1 X154.797 Y140.583 E.01201
M205 X7 Y7
G1 X154.658 Y140.184 F7200
M205 X3 Y3
G1 F2400
G1 X155.517 Y140.184 E.03418
G3 X154.481 Y140.184 I-.517 J14.811 E3.66141
G1 X154.618 Y140.184 E.00542
M204 T500
G1 X154.177 Y139.755 F7200
;TYPE:Outer wall
G1 F1800
G1 X154.467 Y139.734 E.01154
G3 X155.533 Y139.734 I.534 J17.016 E.04242
G3 X153.403 Y139.809 I-.533 J15.261 E3.73021
M73 P14 R97
G1 X154.137 Y139.757 E.02925
M204 T1000
M205 X7 Y7
G1 E-.9 F2400
G1 Z4.06 F7200
G1 X167.821 Y149.787 Z4.06
G1 Z3.66
G1 E.9 F2400
;TYPE:Sparse infill
G1 X160.538 Y142.504 E.40952
G2 X157.308 Y141.528 I-5.848 J13.522 E.13446
G1 X168.47 Y152.691 E.62769
G3 X168.667 Y155.141 I-20.36 J2.864 E.09781
G1 X154.865 Y141.339 E.7761
G2 X152.79 Y141.518 I.582 J18.872 E.08287
G1 X168.485 Y157.214 E.88261
G3 X168.054 Y159.037 I-15.545 J-2.721 E.07451
G1 X150.963 Y141.946 E.96102
G2 X149.328 Y142.565 I9.842 J28.487 E.06954
G1 X167.435 Y160.672 E1.0182
G3 X166.651 Y162.143 I-16.316 J-7.754 E.06628
G1 X147.861 Y143.353 E1.0566
G2 X146.533 Y144.279 I5.563 J9.385 E.06443
G1 X165.721 Y163.467 E1.07894
G3 X164.661 Y164.661 I-11.161 J-8.837 E.06353
G1 X145.339 Y145.339 E1.08651
G2 X144.279 Y146.533 I7.674 J7.876 E.06355
G1 X163.469 Y165.723 E1.07907
G3 X162.144 Y166.652 I-20.355 J-27.623 E.06436
G1 X143.353 Y147.861 E1.05666
G2 X142.57 Y149.332 I12.003 J7.332 E.06631
G1 X160.672 Y167.435 E1.01795
G3 X159.035 Y168.052 I-6.849 J-15.675 E.06959
G1 X141.948 Y150.965 E.96089
G2 X141.514 Y152.785 I24.095 J6.708 E.07442
G1 X157.213 Y168.484 E.8828
G3 X155.139 Y168.664 I-2.146 J-12.674 E.08287
G1 X141.339 Y154.865 E.77596
G2 X141.529 Y157.308 I14.556 J.102 E.09756
G1 X152.683 Y168.463 E.62725
G3 X149.448 Y167.482 I2.762 J-14.939 E.13468
G1 X142.179 Y160.213 E.40875
; stop printing object 圆柱体 id:2235774478336 copy 0
;LAYER_CHANGE
;Z:3.9
;HEIGHT:0.24
;BEFORE_LAYER_CHANGE
;3.9
G92 E0

;AFTER_LAYER_CHANGE
;3.9
;_SET_FAN_SPEED_CHANGING_LAYER
; printing object 圆柱体 id:2235774478336 copy 0
G1 E-.9 F2400
G1 Z4.3 F7200
G1 X200.137 Y140.981 Z4.3
G1 Z3.9
G1 E.9 F2400
M205 X3 Y3
;TYPE:Inner wall
G1 X200.49 Y140.981 E.01404
G3 X199.508 Y140.981 I-.489 J14.015 E3.46447
G1 X200.097 Y140.981 E.02342
M205 X7 Y7
G1 X199.827 Y140.583 F7200
M205 X3 Y3
G1 F2400
G1 X200.504 Y140.582 E.02689
G3 X199.495 Y140.583 I-.503 J14.413 E3.56294
G1 X199.787 Y140.583 E.01164
M205 X7 Y7
G1 X199.647 Y140.184 F7200
M205 X3 Y3
G1 F2400
G1 X200.517 Y140.184 E.03459
G3 X199.481 Y140.184 I-.517 J14.811 E3.66141
G1 X199.607 Y140.184 E.00501
M204 T500
G1 X199.167 Y139.755 F7200
;TYPE:Outer wall
G1 F1800
G1 X199.466 Y139.734 E.01195
G3 X200.533 Y139.734 I.534 J17.136 E.04242
G3 X198.403 Y139.809 I-.533 J15.261 E3.73021
G1 X199.127 Y139.758 E.02884
M204 T1000
M205 X7 Y7
G1 E-.9 F2400
G1 Z4.3 F7200
G1 X212.821 Y149.787 Z4.3
G1 Z3.9
G1 E.9 F2400
;TYPE:Sparse infill
G1 X205.538 Y142.504 E.40952
G2 X202.317 Y141.537 I-5.37 J12.041 E.13409
G1 X213.47 Y152.691 E.62718
G3 X213.661 Y155.135 I-14.242 J2.338 E.09761
G1 X199.865 Y141.339 E.77576
G2 X197.787 Y141.516 I.164 J14.232 E.08298
G1 X213.486 Y157.215 E.8828
G3 X213.054 Y159.037 I-16.513 J-2.963 E.07448
G1 X195.96 Y141.944 E.96118
G2 X194.33 Y142.567 I10.427 J29.727 E.06943
G1 X212.435 Y160.672 E1.0181
G3 X211.652 Y162.144 I-16.942 J-8.069 E.06629
G1 X192.861 Y143.353 E1.05666
G2 X191.533 Y144.279 I5.563 J9.385 E.06443
G1 X210.721 Y163.467 E1.07894
G3 X209.661 Y164.661 I-11.202 J-8.871 E.06353
M73 P15 R97
G1 X190.339 Y145.339 E1.08651
G2 X189.279 Y146.533 I7.679 J7.881 E.06355
G1 X208.471 Y165.725 E1.07917
G3 X207.139 Y166.647 I-10.171 J-13.261 E.06444
G1 X188.353 Y147.861 E1.05639
G2 X187.567 Y149.33 I9.708 J6.139 E.06628
G1 X205.672 Y167.435 E1.0181
G3 X204.037 Y168.054 I-11.566 J-28.101 E.06954
G1 X186.946 Y150.963 E.96102
G2 X186.515 Y152.786 I15.055 J4.529 E.07452
G1 X202.214 Y168.485 E.88278
G3 X200.139 Y168.664 I-2.154 J-12.829 E.0829
G1 X186.339 Y154.865 E.77596
G2 X186.537 Y157.316 I17.025 J-.135 E.09787
G1 X197.683 Y168.463 E.6268
G3 X194.462 Y167.496 I2.422 J-13.919 E.13404
G1 X187.179 Y160.213 E.40952
; stop printing object 圆柱体 id:2235774478336 copy 0
; printing object 圆柱体 id:2235774478336 copy 0
G1 E-.9
G1 Z4.3 F7200
G1 X155.137 Y140.981 Z4.3
G1 Z3.9
G1 E.9 F2400
M205 X3 Y3
;TYPE:Inner wall
G1 X155.49 Y140.981 E.01404
G3 X154.508 Y140.981 I-.489 J14.015 E3.46447
G1 X155.097 Y140.981 E.02342
M205 X7 Y7
G1 X154.827 Y140.583 F7200
M205 X3 Y3
G1 F2400
G1 X155.504 Y140.582 E.02689
G3 X154.495 Y140.583 I-.503 J14.413 E3.56294
G1 X154.787 Y140.583 E.01164
M205 X7 Y7
G1 X154.647 Y140.184 F7200
M205 X3 Y3
G1 F2400
G1 X155.517 Y140.184 E.03459
G3 X154.481 Y140.184 I-.517 J14.811 E3.66141
G1 X154.607 Y140.184 E.00501
M204 T500
G1 X154.167 Y139.755 F7200
;TYPE:Outer wall
G1 F1800
G1 X154.466 Y139.734 E.01195
G3 X155.533 Y139.734 I.534 J17.136 E.04242
G3 X153.403 Y139.809 I-.533 J15.261 E3.73021
G1 X154.127 Y139.758 E.02884
M204 T1000
M205 X7 Y7
G1 E-.9 F2400
G1 Z4.3 F7200
G1 X167.821 Y149.787 Z4.3
G1 Z3.9
G1 E.9 F2400
;TYPE:Sparse infill
G1 X160.538 Y142.504 E.40952
G2 X157.317 Y141.537 I-5.37 J12.041 E.13409
G1 X168.47 Y152.691 E.62718
G3 X168.661 Y155.135 I-14.242 J2.338 E.09761
G1 X154.865 Y141.339 E.77576
G2 X152.787 Y141.516 I.164 J14.232 E.08298
G1 X168.486 Y157.215 E.8828
G3 X168.054 Y159.037 I-16.513 J-2.963 E.07448
G1 X150.96 Y141.944 E.96118
G2 X149.33 Y142.567 I10.427 J29.727 E.06943
G1 X167.435 Y160.672 E1.0181
G3 X166.652 Y162.144 I-16.942 J-8.069 E.06629
G1 X147.861 Y143.353 E1.05666
G2 X146.533 Y144.279 I5.563 J9.385 E.06443
G1 X165.721 Y163.467 E1.07894
G3 X164.661 Y164.661 I-11.202 J-8.871 E.06353
G1 X145.339 Y145.339 E1.08651
G2 X144.279 Y146.533 I7.679 J7.881 E.06355
G1 X163.471 Y165.725 E1.07917
G3 X162.139 Y166.647 I-10.171 J-13.261 E.06444
G1 X143.353 Y147.861 E1.05639
G2 X142.567 Y149.33 I9.708 J6.139 E.06628
G1 X160.672 Y167.435 E1.0181
G3 X159.037 Y168.054 I-11.566 J-28.101 E.06954
M73 P15 R96
G1 X141.946 Y150.963 E.96102
G2 X141.515 Y152.786 I15.055 J4.529 E.07452
G1 X157.214 Y168.485 E.88278
G3 X155.139 Y168.664 I-2.154 J-12.829 E.0829
G1 X141.339 Y154.865 E.77596
G2 X141.537 Y157.316 I17.025 J-.135 E.09787
G1 X152.683 Y168.463 E.6268
G3 X149.462 Y167.496 I2.422 J-13.919 E.13404
G1 X142.179 Y160.213 E.40952
; stop printing object 圆柱体 id:2235774478336 copy 0
;LAYER_CHANGE
;Z:4.14
;HEIGHT:0.24
;BEFORE_LAYER_CHANGE
;4.14
G92 E0

;AFTER_LAYER_CHANGE
;4.14
;_SET_FAN_SPEED_CHANGING_LAYER
; printing object 圆柱体 id:2235774478336 copy 0
G1 E-.9 F2400
G1 Z4.54 F7200
G1 X200.128 Y140.981 Z4.54
G1 Z4.14
G1 E.9 F2400
M205 X3 Y3
;TYPE:Inner wall
G1 X200.49 Y140.981 E.01439
G3 X199.507 Y140.981 I-.489 J14.015 E3.46446
G1 X200.088 Y140.981 E.02307
M205 X7 Y7
G1 X199.818 Y140.583 F7200
M205 X3 Y3
G1 F2400
G1 X200.504 Y140.582 E.02724
G3 X199.494 Y140.583 I-.503 J14.413 E3.56293
G1 X199.778 Y140.583 E.01129
M205 X7 Y7
G1 X199.638 Y140.184 F7200
M205 X3 Y3
G1 F2400
G1 X200.517 Y140.184 E.03498
G3 X199.481 Y140.184 I-.517 J14.811 E3.6614
G1 X199.598 Y140.184 E.00463
M204 T500
G1 X199.157 Y139.756 F7200
;TYPE:Outer wall
G1 F1800
G1 X199.466 Y139.734 E.01234
G3 X200.533 Y139.734 I.534 J17.255 E.04242
G3 X198.403 Y139.809 I-.533 J15.261 E3.73021
G1 X199.117 Y139.759 E.02845
M204 T1000
M205 X7 Y7
G1 E-.9 F2400
G1 Z4.54 F7200
G1 X212.821 Y149.787 Z4.54
G1 Z4.14
G1 E.9 F2400
;TYPE:Sparse infill
G1 X205.538 Y142.504 E.40952
G2 X202.317 Y141.537 I-5.37 J12.041 E.13409
G1 X213.472 Y152.692 E.62726
G3 X213.661 Y155.135 I-14.385 J2.341 E.09755
G1 X199.865 Y141.34 E.77576
G2 X197.785 Y141.514 I.704 J20.932 E.08304
G1 X213.481 Y157.21 E.88266
G3 X213.056 Y159.04 I-15.579 J-2.656 E.07471
G1 X195.96 Y141.944 E.96134
G2 X194.33 Y142.567 I10.429 J29.732 E.06943
G1 X212.433 Y160.67 E1.018
G3 X211.652 Y162.144 I-12.287 J-5.571 E.06634
G1 X192.861 Y143.353 E1.05666
G2 X191.533 Y144.279 I5.563 J9.385 E.06443
G1 X210.721 Y163.467 E1.07894
G3 X209.661 Y164.661 I-11.201 J-8.871 E.06353
G1 X190.339 Y145.339 E1.08651
G2 X189.274 Y146.528 I9.147 J9.262 E.06352
G1 X208.467 Y165.721 E1.07923
G3 X207.144 Y166.652 I-10.497 J-13.506 E.06435
G1 X188.353 Y147.861 E1.05666
G2 X187.565 Y149.328 I13.688 J8.294 E.06622
G1 X205.672 Y167.435 E1.0182
G3 X204.037 Y168.054 I-11.48 J-27.875 E.06954
G1 X186.946 Y150.963 E.96102
G2 X186.518 Y152.79 I11.415 J3.638 E.07466
G1 X202.214 Y168.485 E.88257
G3 X200.139 Y168.664 I-2.155 J-12.84 E.0829
G1 X186.339 Y154.865 E.77596
G2 X186.528 Y157.308 I14.574 J.102 E.09755
G1 X197.692 Y168.472 E.62777
G3 X194.463 Y167.497 I2.63 J-14.547 E.13441
G1 X187.164 Y160.198 E.41043
; stop printing object 圆柱体 id:2235774478336 copy 0
; printing object 圆柱体 id:2235774478336 copy 0
G1 E-.9
G1 Z4.54 F7200
G1 X155.128 Y140.981 Z4.54
G1 Z4.14
G1 E.9 F2400
M205 X3 Y3
;TYPE:Inner wall
G1 X155.49 Y140.981 E.01439
G3 X154.507 Y140.981 I-.489 J14.015 E3.46446
G1 X155.088 Y140.981 E.02307
M205 X7 Y7
G1 X154.818 Y140.583 F7200
M205 X3 Y3
G1 F2400
G1 X155.504 Y140.582 E.02724
G3 X154.494 Y140.583 I-.503 J14.413 E3.56293
G1 X154.778 Y140.583 E.01129
M205 X7 Y7
G1 X154.638 Y140.184 F7200
M205 X3 Y3
G1 F2400
G1 X155.517 Y140.184 E.03498
G3 X154.481 Y140.184 I-.517 J14.811 E3.6614
G1 X154.598 Y140.184 E.00463
M204 T500
G1 X154.157 Y139.756 F7200
;TYPE:Outer wall
G1 F1800
G1 X154.466 Y139.734 E.01234
G3 X155.533 Y139.734 I.534 J17.255 E.04242
G3 X153.403 Y139.809 I-.533 J15.261 E3.73021
G1 X154.117 Y139.759 E.02845
M204 T1000
M205 X7 Y7
G1 E-.9 F2400
G1 Z4.54 F7200
G1 X167.821 Y149.787 Z4.54
G1 Z4.14
G1 E.9 F2400
;TYPE:Sparse infill
G1 X160.538 Y142.504 E.40952
G2 X157.317 Y141.537 I-5.37 J12.041 E.13409
G1 X168.472 Y152.692 E.62726
G3 X168.661 Y155.135 I-14.385 J2.341 E.09755
G1 X154.865 Y141.34 E.77576
G2 X152.785 Y141.514 I.704 J20.932 E.08304
M73 P16 R96
G1 X168.481 Y157.21 E.88266
G3 X168.056 Y159.04 I-15.579 J-2.656 E.07471
G1 X150.96 Y141.944 E.96134
G2 X149.33 Y142.567 I10.429 J29.732 E.06943
G1 X167.433 Y160.67 E1.018
G3 X166.652 Y162.144 I-12.287 J-5.571 E.06634
G1 X147.861 Y143.353 E1.05666
G2 X146.533 Y144.279 I5.563 J9.385 E.06443
G1 X165.721 Y163.467 E1.07894
G3 X164.661 Y164.661 I-11.201 J-8.871 E.06353
G1 X145.339 Y145.339 E1.08651
G2 X144.274 Y146.528 I9.147 J9.262 E.06352
G1 X163.467 Y165.721 E1.07923
G3 X162.144 Y166.652 I-10.497 J-13.506 E.06435
G1 X143.353 Y147.861 E1.05666
G2 X142.565 Y149.328 I13.688 J8.294 E.06622
G1 X160.672 Y167.435 E1.0182
G3 X159.037 Y168.054 I-11.48 J-27.875 E.06954
G1 X141.946 Y150.963 E.96102
G2 X141.518 Y152.79 I11.415 J3.638 E.07466
G1 X157.214 Y168.485 E.88257
G3 X155.139 Y168.664 I-2.155 J-12.84 E.0829
G1 X141.339 Y154.865 E.77596
G2 X141.528 Y157.308 I14.574 J.102 E.09755
G1 X152.692 Y168.472 E.62777
G3 X149.463 Y167.497 I2.63 J-14.547 E.13441
G1 X142.164 Y160.198 E.41043
; stop printing object 圆柱体 id:2235774478336 copy 0
;LAYER_CHANGE
;Z:4.38
;HEIGHT:0.24
;BEFORE_LAYER_CHANGE
;4.38
G92 E0

;AFTER_LAYER_CHANGE
;4.38
;_SET_FAN_SPEED_CHANGING_LAYER
; printing object 圆柱体 id:2235774478336 copy 0
G1 E-.9 F2400
G1 Z4.78 F7200
G1 X200.119 Y140.981 Z4.78
G1 Z4.38
G1 E.9 F2400
M205 X3 Y3
;TYPE:Inner wall
G1 X200.49 Y140.981 E.01472
G3 X199.507 Y140.981 I-.489 J14.015 E3.46446
G1 X200.079 Y140.981 E.02275
M205 X7 Y7
G1 X199.81 Y140.583 F7200
M205 X3 Y3
G1 F2400
G1 X200.504 Y140.582 E.02757
G3 X199.494 Y140.583 I-.503 J14.413 E3.56293
G1 X199.77 Y140.583 E.01097
M205 X7 Y7
G1 X199.629 Y140.184 F7200
M205 X3 Y3
G1 F2400
G1 X200.517 Y140.184 E.03534
G3 X199.481 Y140.184 I-.517 J14.811 E3.6614
M73 P16 R95
G1 X199.589 Y140.184 E.00427
M204 T500
G1 X199.148 Y139.757 F7200
;TYPE:Outer wall
G1 F1800
G1 X199.466 Y139.734 E.0127
G3 X200.533 Y139.734 I.534 J17.374 E.04242
G3 X198.403 Y139.809 I-.533 J15.261 E3.73021
G1 X199.108 Y139.759 E.02809
M204 T1000
M205 X7 Y7
G1 E-.9 F2400
G1 Z4.78 F7200
G1 X212.821 Y149.787 Z4.78
G1 Z4.38
G1 E.9 F2400
;TYPE:Sparse infill
G1 X205.537 Y142.503 E.40958
G2 X202.317 Y141.537 I-5.65 J12.987 E.13398
G1 X213.471 Y152.692 E.62725
G3 X213.667 Y155.141 I-13.609 J2.317 E.09783
G1 X199.865 Y141.34 E.7761
G2 X197.79 Y141.518 I.581 J18.864 E.08287
G1 X213.481 Y157.21 E.88239
G3 X213.056 Y159.04 I-15.577 J-2.655 E.07471
G1 X195.963 Y141.946 E.96118
G2 X194.332 Y142.569 I4.471 J14.157 E.06947
G1 X212.435 Y160.672 E1.01796
G3 X211.652 Y162.144 I-16.944 J-8.07 E.06629
G1 X192.861 Y143.353 E1.05666
G2 X191.533 Y144.279 I5.563 J9.385 E.06443
G1 X210.721 Y163.467 E1.07894
G3 X209.661 Y164.661 I-11.154 J-8.831 E.06353
G1 X190.339 Y145.339 E1.08651
G2 X189.275 Y146.529 I8.222 J8.42 E.06353
G1 X208.466 Y165.721 E1.07917
G3 X207.144 Y166.652 I-10.479 J-13.479 E.06435
G1 X188.348 Y147.856 E1.05692
G2 X187.57 Y149.333 I13.756 J8.193 E.06638
G1 X205.672 Y167.435 E1.01793
G3 X204.037 Y168.054 I-11.48 J-27.874 E.06954
G1 X186.948 Y150.965 E.96095
G2 X186.515 Y152.786 I21.266 J6.016 E.07446
G1 X202.21 Y168.482 E.8826
G3 X200.139 Y168.664 I-2.31 J-14.376 E.08277
G1 X186.339 Y154.865 E.77596
G2 X186.537 Y157.317 I16.913 J-.13 E.0979
G1 X197.69 Y168.47 E.62714
G3 X194.463 Y167.497 I2.656 J-14.653 E.13429
G1 X187.179 Y160.213 E.40958
; stop printing object 圆柱体 id:2235774478336 copy 0
; printing object 圆柱体 id:2235774478336 copy 0
G1 E-.9
G1 Z4.78 F7200
G1 X155.119 Y140.981 Z4.78
G1 Z4.38
G1 E.9 F2400
M205 X3 Y3
;TYPE:Inner wall
G1 X155.49 Y140.981 E.01472
G3 X154.507 Y140.981 I-.489 J14.015 E3.46446
G1 X155.079 Y140.981 E.02275
M205 X7 Y7
G1 X154.81 Y140.583 F7200
M205 X3 Y3
G1 F2400
G1 X155.504 Y140.582 E.02757
G3 X154.494 Y140.583 I-.503 J14.413 E3.56293
G1 X154.77 Y140.583 E.01097
M205 X7 Y7
G1 X154.629 Y140.184 F7200
M205 X3 Y3
G1 F2400
G1 X155.517 Y140.184 E.03534
G3 X154.481 Y140.184 I-.517 J14.811 E3.6614
G1 X154.589 Y140.184 E.00427
M204 T500
G1 X154.148 Y139.757 F7200
;TYPE:Outer wall
G1 F1800
G1 X154.466 Y139.734 E.0127
G3 X155.533 Y139.734 I.534 J17.374 E.04242
G3 X153.403 Y139.809 I-.533 J15.261 E3.73021
G1 X154.108 Y139.759 E.02809
M204 T1000
M205 X7 Y7
G1 E-.9 F2400
G1 Z4.78 F7200
G1 X167.821 Y149.787 Z4.78
G1 Z4.38
G1 E.9 F2400
;TYPE:Sparse infill
G1 X160.537 Y142.503 E.40958
G2 X157.317 Y141.537 I-5.65 J12.987 E.13398
G1 X168.471 Y152.692 E.62725
G3 X168.667 Y155.141 I-13.609 J2.317 E.09783
G1 X154.865 Y141.34 E.7761
G2 X152.79 Y141.518 I.581 J18.864 E.08287
G1 X168.481 Y157.21 E.88239
G3 X168.056 Y159.04 I-15.577 J-2.655 E.07471
G1 X150.963 Y141.946 E.96118
G2 X149.332 Y142.569 I4.471 J14.157 E.06947
G1 X167.435 Y160.672 E1.01796
G3 X166.652 Y162.144 I-16.944 J-8.07 E.06629
G1 X147.861 Y143.353 E1.05666
G2 X146.533 Y144.279 I5.563 J9.385 E.06443
G1 X165.721 Y163.467 E1.07894
G3 X164.661 Y164.661 I-11.154 J-8.831 E.06353
G1 X145.339 Y145.339 E1.08651
G2 X144.275 Y146.529 I8.222 J8.42 E.06353
G1 X163.466 Y165.721 E1.07917
G3 X162.144 Y166.652 I-10.479 J-13.479 E.06435
G1 X143.348 Y147.856 E1.05692
G2 X142.57 Y149.333 I13.756 J8.193 E.06638
G1 X160.672 Y167.435 E1.01793
G3 X159.037 Y168.054 I-11.48 J-27.874 E.06954
G1 X141.948 Y150.965 E.96095
G2 X141.515 Y152.786 I21.266 J6.016 E.07446
G1 X157.21 Y168.482 E.8826
G3 X155.139 Y168.664 I-2.31 J-14.376 E.08277
G1 X141.339 Y154.865 E.77596
G2 X141.537 Y157.317 I16.913 J-.13 E.0979
G1 X152.69 Y168.47 E.62714
G3 X149.463 Y167.497 I2.656 J-14.653 E.13429
G1 X142.179 Y160.213 E.40958
; stop printing object 圆柱体 id:2235774478336 copy 0
;LAYER_CHANGE
;Z:4.62
;HEIGHT:0.24
;BEFORE_LAYER_CHANGE
;4.62
G92 E0

;AFTER_LAYER_CHANGE
;4.62
;_SET_FAN_SPEED_CHANGING_LAYER
; printing object 圆柱体 id:2235774478336 copy 0
G1 E-.9 F2400
G1 Z5.02 F7200
G1 X200.112 Y140.981 Z5.02
G1 Z4.62
G1 E.9 F2400
M205 X3 Y3
;TYPE:Inner wall
G1 X200.49 Y140.981 E.01502
G3 X199.507 Y140.981 I-.489 J14.015 E3.46445
G1 X200.072 Y140.981 E.02246
M205 X7 Y7
G1 X199.803 Y140.583 F7200
M205 X3 Y3
G1 F2400
G1 X200.504 Y140.582 E.02787
G3 X199.494 Y140.583 I-.503 J14.413 E3.56292
G1 X199.763 Y140.583 E.01068
M205 X7 Y7
G1 X199.62 Y140.184 F7200
M205 X3 Y3
G1 F2400
G1 X200.517 Y140.184 E.03567
G3 X199.481 Y140.184 I-.517 J14.811 E3.6614
G1 X199.58 Y140.184 E.00394
M204 T500
G1 X199.14 Y139.757 F7200
;TYPE:Outer wall
G1 F1800
G1 X199.466 Y139.734 E.01303
G3 X200.533 Y139.734 I.534 J17.494 E.04242
G3 X198.403 Y139.809 I-.533 J15.261 E3.73021
M73 P17 R95
G1 X199.1 Y139.76 E.02776
M204 T1000
M205 X7 Y7
G1 E-.9 F2400
G1 Z5.02 F7200
G1 X212.821 Y149.787 Z5.02
G1 Z4.62
G1 E.9 F2400
;TYPE:Sparse infill
G1 X205.538 Y142.504 E.40952
G2 X202.308 Y141.528 I-5.848 J13.522 E.13446
G1 X213.47 Y152.691 E.62769
G3 X213.667 Y155.141 I-20.36 J2.864 E.09781
G1 X199.865 Y141.34 E.7761
G2 X197.785 Y141.514 I.704 J20.937 E.08304
G1 X213.482 Y157.21 E.88267
G3 X213.054 Y159.037 I-11.843 J-1.812 E.07466
G1 X195.965 Y141.948 E.96095
G2 X194.332 Y142.569 I3.297 J11.114 E.06953
G1 X212.433 Y160.67 E1.01787
G3 X211.652 Y162.144 I-12.287 J-5.571 E.06634
G1 X192.861 Y143.352 E1.05668
G2 X191.533 Y144.279 I5.921 J9.891 E.06442
G1 X210.725 Y163.471 E1.07917
G3 X209.661 Y164.661 I-9.286 J-7.229 E.06353
G1 X190.339 Y145.339 E1.08651
G2 X189.275 Y146.529 I7.979 J8.202 E.06353
G1 X208.466 Y165.721 E1.07917
M73 P17 R94
G3 X207.144 Y166.652 I-10.478 J-13.477 E.06435
G1 X188.348 Y147.856 E1.05692
G2 X187.57 Y149.333 I13.737 J8.182 E.06638
G1 X205.67 Y167.433 E1.01783
G3 X204.037 Y168.054 I-10.575 J-25.384 E.0695
G1 X186.946 Y150.963 E.96102
G2 X186.514 Y152.785 I16.098 J4.788 E.07448
G1 X202.21 Y168.482 E.88267
G3 X200.139 Y168.664 I-2.31 J-14.377 E.08277
G1 X186.333 Y154.859 E.7763
G2 X186.528 Y157.308 I33.327 J-1.418 E.09771
G1 X197.683 Y168.463 E.62727
G3 X194.462 Y167.496 I2.149 J-13.008 E.13409
G1 X187.179 Y160.213 E.40952
; stop printing object 圆柱体 id:2235774478336 copy 0
; printing object 圆柱体 id:2235774478336 copy 0
G1 E-.9
G1 Z5.02 F7200
G1 X155.112 Y140.981 Z5.02
G1 Z4.62
G1 E.9 F2400
M205 X3 Y3
;TYPE:Inner wall
G1 X155.49 Y140.981 E.01502
G3 X154.507 Y140.981 I-.489 J14.015 E3.46445
G1 X155.072 Y140.981 E.02246
M205 X7 Y7
G1 X154.803 Y140.583 F7200
M205 X3 Y3
G1 F2400
G1 X155.504 Y140.582 E.02787
G3 X154.494 Y140.583 I-.503 J14.413 E3.56292
G1 X154.763 Y140.583 E.01068
M205 X7 Y7
G1 X154.62 Y140.184 F7200
M205 X3 Y3
G1 F2400
G1 X155.517 Y140.184 E.03567
G3 X154.481 Y140.184 I-.517 J14.811 E3.6614
G1 X154.58 Y140.184 E.00394
M204 T500
G1 X154.14 Y139.757 F7200
;TYPE:Outer wall
G1 F1800
G1 X154.466 Y139.734 E.01303
G3 X155.533 Y139.734 I.534 J17.494 E.04242
G3 X153.403 Y139.809 I-.533 J15.261 E3.73021
G1 X154.1 Y139.76 E.02776
M204 T1000
M205 X7 Y7
G1 E-.9 F2400
G1 Z5.02 F7200
G1 X167.821 Y149.787 Z5.02
G1 Z4.62
G1 E.9 F2400
;TYPE:Sparse infill
G1 X160.538 Y142.504 E.40952
G2 X157.308 Y141.528 I-5.848 J13.522 E.13446
G1 X168.47 Y152.691 E.62769
G3 X168.667 Y155.141 I-20.36 J2.864 E.09781
G1 X154.865 Y141.34 E.7761
G2 X152.785 Y141.514 I.704 J20.937 E.08304
G1 X168.482 Y157.21 E.88267
G3 X168.054 Y159.037 I-11.843 J-1.812 E.07466
G1 X150.965 Y141.948 E.96095
G2 X149.332 Y142.569 I3.297 J11.114 E.06953
G1 X167.433 Y160.67 E1.01787
G3 X166.652 Y162.144 I-12.287 J-5.571 E.06634
G1 X147.861 Y143.352 E1.05668
G2 X146.533 Y144.279 I5.921 J9.891 E.06442
G1 X165.725 Y163.471 E1.07917
G3 X164.661 Y164.661 I-9.286 J-7.229 E.06353
G1 X145.339 Y145.339 E1.08651
G2 X144.275 Y146.529 I7.979 J8.202 E.06353
G1 X163.466 Y165.721 E1.07917
G3 X162.144 Y166.652 I-10.478 J-13.477 E.06435
G1 X143.348 Y147.856 E1.05692
G2 X142.57 Y149.333 I13.737 J8.182 E.06638
G1 X160.67 Y167.433 E1.01783
G3 X159.037 Y168.054 I-10.575 J-25.384 E.0695
G1 X141.946 Y150.963 E.96102
G2 X141.514 Y152.785 I16.098 J4.788 E.07448
G1 X157.21 Y168.482 E.88267
G3 X155.139 Y168.664 I-2.31 J-14.377 E.08277
G1 X141.333 Y154.859 E.7763
G2 X141.528 Y157.308 I33.327 J-1.418 E.09771
G1 X152.683 Y168.463 E.62727
G3 X149.462 Y167.496 I2.149 J-13.008 E.13409
G1 X142.179 Y160.213 E.40952
; stop printing object 圆柱体 id:2235774478336 copy 0
;LAYER_CHANGE
;Z:4.86
;HEIGHT:0.24
;BEFORE_LAYER_CHANGE
;4.86
G92 E0

;AFTER_LAYER_CHANGE
;4.86
;_SET_FAN_SPEED_CHANGING_LAYER
; printing object 圆柱体 id:2235774478336 copy 0
G1 E-.9 F2400
G1 Z5.26 F7200
G1 X200.105 Y140.975 Z5.26
G1 Z4.86
G1 E.9 F2400
M205 X3 Y3
;TYPE:Inner wall
G1 X200.978 Y141.008 E.03475
G3 X198.534 Y141.049 I-.987 J13.992 E3.4069
G3 X200.057 Y140.973 I1.96 J24.028 E.06065
G1 X200.065 Y140.974 E.00033
M205 X7 Y7
G1 X199.796 Y140.578 F7200
M205 X3 Y3
G1 F2400
G1 X200.064 Y140.575 E.01066
G3 X198.492 Y140.653 I-.073 J14.425 E3.54118
G3 X199.497 Y140.591 I2 J24.45 E.04003
G1 X199.756 Y140.58 E.01031
M205 X7 Y7
G1 X199.613 Y140.182 F7200
M205 X3 Y3
G1 F2400
G1 X200.071 Y140.176 E.01822
G3 X198.45 Y140.256 I-.081 J14.823 E3.6388
G3 X199.483 Y140.193 I2.04 J24.888 E.04114
G1 X199.573 Y140.186 E.00359
M204 T500
G1 X199.132 Y139.758 F7200
;TYPE:Outer wall
G1 F1800
G1 X199.467 Y139.744 E.01334
G3 X200.079 Y139.726 I1.023 J25.462 E.02432
G3 X198.403 Y139.809 I-.089 J15.274 E3.74917
G1 X199.092 Y139.761 E.02746
M204 T1000
M205 X7 Y7
G1 E-.9 F2400
G1 Z5.26 F7200
G1 X212.835 Y149.801 Z5.26
G1 Z4.86
G1 E.9 F2400
;TYPE:Sparse infill
G1 X205.538 Y142.504 E.41033
G2 X202.309 Y141.53 I-6.369 J15.269 E.13432
G1 X213.463 Y152.684 E.62722
G3 X213.667 Y155.141 I-14.533 J2.439 E.09816
G1 X199.864 Y141.338 E.77617
G2 X197.787 Y141.516 I.026 J12.515 E.08296
G1 X213.482 Y157.21 E.88252
G3 X213.056 Y159.04 I-15.603 J-2.662 E.07471
G1 X195.96 Y141.944 E.96134
G2 X194.333 Y142.57 I5.016 J15.466 E.06939
G1 X212.433 Y160.67 E1.01783
G3 X211.647 Y162.139 I-10.493 J-4.67 E.06628
G1 X192.858 Y143.35 E1.05657
G2 X191.529 Y144.275 I21.802 J32.714 E.06439
G1 X210.721 Y163.467 E1.07917
G3 X209.661 Y164.661 I-11.308 J-8.966 E.06353
G1 X190.339 Y145.339 E1.08651
G2 X189.279 Y146.533 I7.674 J7.876 E.06355
G1 X208.467 Y165.721 E1.07894
G3 X207.139 Y166.647 I-6.89 J-8.458 E.06443
G1 X188.348 Y147.856 E1.05666
G2 X187.567 Y149.33 I11.506 J7.044 E.06634
G1 X205.67 Y167.433 E1.018
G3 X204.037 Y168.054 I-10.575 J-25.384 E.0695
G1 X186.944 Y150.96 E.96118
G2 X186.518 Y152.79 I15.178 J4.491 E.07471
G1 X202.213 Y168.485 E.88257
G3 X200.141 Y168.667 I-2.449 J-15.996 E.08277
G1 X186.333 Y154.859 E.77644
G2 X186.537 Y157.317 I14.676 J.021 E.09819
G1 X197.683 Y168.463 E.62676
G3 X194.462 Y167.496 I2.196 J-13.164 E.13408
G1 X187.165 Y160.199 E.41033
; stop printing object 圆柱体 id:2235774478336 copy 0
; printing object 圆柱体 id:2235774478336 copy 0
G1 E-.9
G1 Z5.26 F7200
G1 X155.105 Y140.975 Z5.26
G1 Z4.86
G1 E.9 F2400
M205 X3 Y3
;TYPE:Inner wall
G1 X155.978 Y141.008 E.03475
G3 X153.534 Y141.049 I-.987 J13.992 E3.4069
G3 X155.057 Y140.973 I1.96 J24.028 E.06065
G1 X155.065 Y140.974 E.00033
M205 X7 Y7
G1 X154.796 Y140.578 F7200
M205 X3 Y3
G1 F2400
G1 X155.064 Y140.575 E.01066
G3 X153.492 Y140.653 I-.073 J14.425 E3.54118
M73 P18 R94
G3 X154.497 Y140.591 I2 J24.45 E.04003
G1 X154.756 Y140.58 E.01031
M205 X7 Y7
G1 X154.613 Y140.182 F7200
M205 X3 Y3
G1 F2400
G1 X155.071 Y140.176 E.01822
G3 X153.45 Y140.256 I-.081 J14.823 E3.6388
M73 P18 R93
G3 X154.483 Y140.193 I2.04 J24.888 E.04114
G1 X154.573 Y140.186 E.00359
M204 T500
G1 X154.132 Y139.758 F7200
;TYPE:Outer wall
G1 F1800
G1 X154.467 Y139.744 E.01334
G3 X155.079 Y139.726 I1.023 J25.462 E.02432
G3 X153.403 Y139.809 I-.089 J15.274 E3.74917
G1 X154.092 Y139.761 E.02746
M204 T1000
M205 X7 Y7
G1 E-.9 F2400
G1 Z5.26 F7200
G1 X167.835 Y149.801 Z5.26
G1 Z4.86
G1 E.9 F2400
;TYPE:Sparse infill
G1 X160.538 Y142.504 E.41033
G2 X157.309 Y141.53 I-6.369 J15.269 E.13432
G1 X168.463 Y152.684 E.62722
G3 X168.667 Y155.141 I-14.533 J2.439 E.09816
G1 X154.864 Y141.338 E.77617
G2 X152.787 Y141.516 I.026 J12.515 E.08296
G1 X168.482 Y157.21 E.88252
G3 X168.056 Y159.04 I-15.603 J-2.662 E.07471
G1 X150.96 Y141.944 E.96134
G2 X149.333 Y142.57 I5.016 J15.466 E.06939
G1 X167.433 Y160.67 E1.01783
G3 X166.647 Y162.139 I-10.493 J-4.67 E.06628
G1 X147.858 Y143.35 E1.05657
G2 X146.529 Y144.275 I21.802 J32.714 E.06439
G1 X165.721 Y163.467 E1.07917
G3 X164.661 Y164.661 I-11.308 J-8.966 E.06353
G1 X145.339 Y145.339 E1.08651
G2 X144.279 Y146.533 I7.674 J7.876 E.06355
G1 X163.467 Y165.721 E1.07894
G3 X162.139 Y166.647 I-6.89 J-8.458 E.06443
G1 X143.348 Y147.856 E1.05666
G2 X142.567 Y149.33 I11.506 J7.044 E.06634
G1 X160.67 Y167.433 E1.018
G3 X159.037 Y168.054 I-10.575 J-25.384 E.0695
G1 X141.944 Y150.96 E.96118
G2 X141.518 Y152.79 I15.178 J4.491 E.07471
G1 X157.213 Y168.485 E.88257
G3 X155.141 Y168.667 I-2.449 J-15.996 E.08277
G1 X141.333 Y154.859 E.77644
G2 X141.537 Y157.317 I14.676 J.021 E.09819
G1 X152.683 Y168.463 E.62676
G3 X149.462 Y167.496 I2.196 J-13.164 E.13408
G1 X142.165 Y160.199 E.41033
; stop printing object 圆柱体 id:2235774478336 copy 0
;LAYER_CHANGE
;Z:5.1
;HEIGHT:0.24
;BEFORE_LAYER_CHANGE
;5.1
G92 E0

;AFTER_LAYER_CHANGE
;5.1
;_SET_FAN_SPEED_CHANGING_LAYER
; printing object 圆柱体 id:2235774478336 copy 0
G1 E-.9 F2400
G1 Z5.5 F7200
G1 X200.099 Y140.975 Z5.5
G1 Z5.1
G1 E.9 F2400
M205 X3 Y3
;TYPE:Inner wall
G1 X200.978 Y141.007 E.035
G3 X186.267 Y157.856 I-.979 J13.992 E2.47483
G3 X200.059 Y140.973 I13.749 J-2.843 E.99246
M205 X7 Y7
G1 X199.79 Y140.579 F7200
M205 X3 Y3
G1 F2400
G1 X200.068 Y140.575 E.01107
G3 X198.492 Y140.653 I-.078 J14.425 E3.54118
G3 X199.497 Y140.591 I1.988 J24.259 E.04003
G1 X199.75 Y140.58 E.01007
M205 X7 Y7
G1 X199.606 Y140.183 F7200
M205 X3 Y3
G1 F2400
G1 X200.075 Y140.176 E.01865
G3 X198.45 Y140.256 I-.085 J14.824 E3.63881
G3 X199.483 Y140.193 I2.029 J24.705 E.04114
G1 X199.566 Y140.186 E.00332
M204 T500
G1 X199.125 Y139.756 F7200
;TYPE:Outer wall
G1 F1800
G1 X200.083 Y139.726 E.03811
G3 X197.874 Y139.874 I-.091 J15.274 E3.72781
G3 X198.935 Y139.764 I2.161 J15.784 E.0424
G1 X199.085 Y139.758 E.00599
M204 T1000
M205 X7 Y7
G1 E-.9 F2400
G1 Z5.5 F7200
G1 X212.835 Y149.801 Z5.5
G1 Z5.1
G1 E.9 F2400
;TYPE:Sparse infill
G1 X205.538 Y142.504 E.41033
G2 X202.309 Y141.53 I-6.369 J15.269 E.13432
G1 X213.472 Y152.692 E.62767
G3 X213.667 Y155.141 I-20.588 J2.872 E.09776
G1 X199.864 Y141.338 E.77616
G2 X197.787 Y141.516 I.023 J12.492 E.08296
G1 X213.482 Y157.21 E.88252
G3 X213.056 Y159.04 I-15.603 J-2.662 E.07471
G1 X195.96 Y141.944 E.96134
G2 X194.333 Y142.57 I5.016 J15.465 E.06939
G1 X212.43 Y160.667 E1.01766
G3 X211.65 Y162.142 I-10.54 J-4.629 E.06638
G1 X192.856 Y143.348 E1.05683
G2 X191.528 Y144.274 I28.439 J42.195 E.06438
G1 X210.725 Y163.471 E1.07946
G3 X209.661 Y164.661 I-9.285 J-7.229 E.06353
G1 X190.339 Y145.339 E1.08651
G2 X189.279 Y146.533 I7.674 J7.877 E.06355
G1 X208.467 Y165.721 E1.07894
G3 X207.139 Y166.647 I-6.891 J-8.458 E.06443
G1 X188.348 Y147.856 E1.05666
G2 X187.565 Y149.328 I16.16 J9.541 E.06629
G1 X205.672 Y167.435 E1.0182
G3 X204.037 Y168.054 I-11.482 J-27.879 E.06954
G1 X186.944 Y150.96 E.96118
G2 X186.516 Y152.787 I25.102 J6.836 E.07462
G1 X202.214 Y168.485 E.8827
G3 X200.141 Y168.667 I-2.45 J-16.01 E.08277
G1 X186.333 Y154.859 E.77644
G2 X186.537 Y157.317 I14.676 J.021 E.09819
G1 X197.683 Y168.463 E.62676
G3 X194.462 Y167.496 I2.196 J-13.164 E.13408
G1 X187.164 Y160.198 E.41036
; stop printing object 圆柱体 id:2235774478336 copy 0
; printing object 圆柱体 id:2235774478336 copy 0
G1 E-.9
G1 Z5.5 F7200
G1 X155.099 Y140.975 Z5.5
G1 Z5.1
G1 E.9 F2400
M205 X3 Y3
;TYPE:Inner wall
G1 X155.978 Y141.007 E.035
G3 X141.267 Y157.856 I-.979 J13.992 E2.47483
G3 X155.059 Y140.973 I13.749 J-2.843 E.99246
M205 X7 Y7
G1 X154.79 Y140.579 F7200
M205 X3 Y3
G1 F2400
G1 X155.068 Y140.575 E.01107
G3 X153.492 Y140.653 I-.078 J14.425 E3.54118
G3 X154.497 Y140.591 I1.988 J24.259 E.04003
G1 X154.75 Y140.58 E.01007
M205 X7 Y7
G1 X154.606 Y140.183 F7200
M205 X3 Y3
G1 F2400
G1 X155.075 Y140.176 E.01865
G3 X153.45 Y140.256 I-.085 J14.824 E3.63881
G3 X154.483 Y140.193 I2.029 J24.705 E.04114
G1 X154.566 Y140.186 E.00332
M204 T500
G1 X154.125 Y139.756 F7200
;TYPE:Outer wall
G1 F1800
G1 X155.083 Y139.726 E.03811
G3 X152.874 Y139.874 I-.091 J15.274 E3.72781
G3 X153.935 Y139.764 I2.161 J15.784 E.0424
G1 X154.085 Y139.758 E.00599
M204 T1000
M205 X7 Y7
G1 E-.9 F2400
G1 Z5.5 F7200
G1 X167.835 Y149.801 Z5.5
G1 Z5.1
G1 E.9 F2400
;TYPE:Sparse infill
G1 X160.538 Y142.504 E.41033
G2 X157.309 Y141.53 I-6.369 J15.269 E.13432
G1 X168.472 Y152.692 E.62767
G3 X168.667 Y155.141 I-20.588 J2.872 E.09776
G1 X154.864 Y141.338 E.77616
G2 X152.787 Y141.516 I.023 J12.492 E.08296
G1 X168.482 Y157.21 E.88252
G3 X168.056 Y159.04 I-15.603 J-2.662 E.07471
G1 X150.96 Y141.944 E.96134
G2 X149.333 Y142.57 I5.016 J15.465 E.06939
G1 X167.43 Y160.667 E1.01766
G3 X166.65 Y162.142 I-10.54 J-4.629 E.06638
G1 X147.856 Y143.348 E1.05683
G2 X146.528 Y144.274 I28.439 J42.195 E.06438
G1 X165.725 Y163.471 E1.07946
G3 X164.661 Y164.661 I-9.285 J-7.229 E.06353
M73 P18 R92
G1 X145.339 Y145.339 E1.08651
G2 X144.279 Y146.533 I7.674 J7.877 E.06355
G1 X163.467 Y165.721 E1.07894
G3 X162.139 Y166.647 I-6.891 J-8.458 E.06443
G1 X143.348 Y147.856 E1.05666
G2 X142.565 Y149.328 I16.16 J9.541 E.06629
G1 X160.672 Y167.435 E1.0182
G3 X159.037 Y168.054 I-11.482 J-27.879 E.06954
G1 X141.944 Y150.96 E.96118
G2 X141.516 Y152.787 I25.102 J6.836 E.07462
G1 X157.214 Y168.485 E.8827
G3 X155.141 Y168.667 I-2.45 J-16.01 E.08277
G1 X141.333 Y154.859 E.77644
G2 X141.537 Y157.317 I14.676 J.021 E.09819
G1 X152.683 Y168.463 E.62676
G3 X149.462 Y167.496 I2.196 J-13.164 E.13408
G1 X142.164 Y160.198 E.41036
; stop printing object 圆柱体 id:2235774478336 copy 0
;LAYER_CHANGE
;Z:5.34
;HEIGHT:0.24
;BEFORE_LAYER_CHANGE
;5.34
G92 E0

;AFTER_LAYER_CHANGE
;5.34
;_SET_FAN_SPEED_CHANGING_LAYER
; printing object 圆柱体 id:2235774478336 copy 0
G1 E-.9 F2400
G1 Z5.74 F7200
G1 X200.094 Y140.974 Z5.74
G1 Z5.34
M73 P19 R92
G1 E.9 F2400
M205 X3 Y3
;TYPE:Inner wall
G1 X200.978 Y141.008 E.03519
G3 X198.534 Y141.049 I-.987 J13.992 E3.40705
G3 X200.054 Y140.974 I1.935 J23.629 E.06054
M205 X7 Y7
G1 X199.785 Y140.579 F7200
M205 X3 Y3
G1 F2400
G1 X200.072 Y140.575 E.01144
G3 X198.492 Y140.653 I-.082 J14.425 E3.54101
G3 X199.497 Y140.591 I1.977 J24.072 E.04003
G1 X199.745 Y140.58 E.00987
M205 X7 Y7
G1 X199.601 Y140.183 F7200
M205 X3 Y3
G1 F2400
G1 X200.079 Y140.176 E.01903
G3 X198.45 Y140.256 I-.09 J14.824 E3.63858
G3 X199.483 Y140.193 I2.018 J24.528 E.04114
G1 X199.561 Y140.186 E.00311
M204 T500
G1 X199.12 Y139.757 F7200
;TYPE:Outer wall
G1 F1800
G1 X200.087 Y139.727 E.03849
G3 X215.026 Y157.738 I-.103 J15.286 E1.05963
G3 X198.935 Y139.764 I-15.023 J-2.741 E2.70926
G1 X199.08 Y139.758 E.00577
M204 T1000
M205 X7 Y7
G1 E-.9 F2400
G1 Z5.74 F7200
G1 X212.836 Y149.802 Z5.74
G1 Z5.34
G1 E.9 F2400
;TYPE:Sparse infill
G1 X205.538 Y142.504 E.41036
G2 X202.309 Y141.53 I-6.369 J15.269 E.13432
G1 X213.472 Y152.692 E.62768
G3 X213.667 Y155.141 I-20.605 J2.873 E.09775
G1 X199.864 Y141.339 E.77615
G2 X197.787 Y141.516 I.02 J12.47 E.08297
G1 X213.484 Y157.213 E.88265
G3 X213.056 Y159.04 I-25.531 J-5.01 E.07462
G1 X195.96 Y141.944 E.96134
G2 X194.333 Y142.57 I5.017 J15.466 E.06939
G1 X212.435 Y160.672 E1.01793
G3 X211.647 Y162.139 I-14.474 J-6.827 E.06622
G1 X192.861 Y143.353 E1.05639
G2 X191.533 Y144.279 I5.635 J9.496 E.06444
G1 X210.721 Y163.467 E1.07897
G3 X209.661 Y164.661 I-8.734 J-6.682 E.06355
G1 X190.339 Y145.339 E1.08651
G2 X189.279 Y146.533 I7.674 J7.876 E.06355
G1 X208.472 Y165.726 E1.07923
G3 X207.144 Y166.652 I-29.76 J-41.26 E.06438
G1 X188.353 Y147.861 E1.05666
G2 X187.57 Y149.332 I11.907 J7.282 E.06631
G1 X205.667 Y167.43 E1.01768
G3 X204.037 Y168.054 I-6.086 J-13.472 E.06946
G1 X186.944 Y150.96 E.96118
G2 X186.518 Y152.79 I15.178 J4.492 E.07471
G1 X202.213 Y168.484 E.88252
G3 X200.141 Y168.667 I-2.44 J-15.823 E.08274
G1 X186.333 Y154.859 E.77644
G2 X186.537 Y157.317 I14.676 J.021 E.09819
G1 X197.684 Y168.464 E.62681
G3 X194.463 Y167.497 I2.218 J-13.24 E.13406
G1 X187.164 Y160.198 E.41043
; stop printing object 圆柱体 id:2235774478336 copy 0
; printing object 圆柱体 id:2235774478336 copy 0
G1 E-.9
G1 Z5.74 F7200
G1 X155.094 Y140.974 Z5.74
G1 Z5.34
G1 E.9 F2400
M205 X3 Y3
;TYPE:Inner wall
G1 X155.978 Y141.008 E.03519
G3 X153.534 Y141.049 I-.987 J13.992 E3.40705
G3 X155.054 Y140.974 I1.935 J23.629 E.06054
M205 X7 Y7
G1 X154.785 Y140.579 F7200
M205 X3 Y3
G1 F2400
G1 X155.072 Y140.575 E.01144
G3 X153.492 Y140.653 I-.082 J14.425 E3.54101
G3 X154.497 Y140.591 I1.977 J24.072 E.04003
G1 X154.745 Y140.58 E.00987
M205 X7 Y7
G1 X154.601 Y140.183 F7200
M205 X3 Y3
G1 F2400
G1 X155.079 Y140.176 E.01903
G3 X153.45 Y140.256 I-.09 J14.824 E3.63858
G3 X154.483 Y140.193 I2.018 J24.528 E.04114
G1 X154.561 Y140.186 E.00311
M204 T500
G1 X154.12 Y139.757 F7200
;TYPE:Outer wall
G1 F1800
G1 X155.087 Y139.727 E.03849
G3 X170.026 Y157.738 I-.103 J15.286 E1.05963
G3 X153.935 Y139.764 I-15.023 J-2.741 E2.70926
G1 X154.08 Y139.758 E.00577
M204 T1000
M205 X7 Y7
G1 E-.9 F2400
G1 Z5.74 F7200
G1 X167.836 Y149.802 Z5.74
G1 Z5.34
G1 E.9 F2400
;TYPE:Sparse infill
G1 X160.538 Y142.504 E.41036
G2 X157.309 Y141.53 I-6.369 J15.269 E.13432
G1 X168.472 Y152.692 E.62768
G3 X168.667 Y155.141 I-20.605 J2.873 E.09775
G1 X154.864 Y141.339 E.77615
G2 X152.787 Y141.516 I.02 J12.47 E.08297
G1 X168.484 Y157.213 E.88265
G3 X168.056 Y159.04 I-25.531 J-5.01 E.07462
G1 X150.96 Y141.944 E.96134
G2 X149.333 Y142.57 I5.017 J15.466 E.06939
G1 X167.435 Y160.672 E1.01793
G3 X166.647 Y162.139 I-14.474 J-6.827 E.06622
G1 X147.861 Y143.353 E1.05639
G2 X146.533 Y144.279 I5.635 J9.496 E.06444
G1 X165.721 Y163.467 E1.07897
G3 X164.661 Y164.661 I-8.734 J-6.682 E.06355
G1 X145.339 Y145.339 E1.08651
G2 X144.279 Y146.533 I7.674 J7.876 E.06355
G1 X163.472 Y165.726 E1.07923
G3 X162.144 Y166.652 I-29.76 J-41.26 E.06438
G1 X143.353 Y147.861 E1.05666
G2 X142.57 Y149.332 I11.907 J7.282 E.06631
G1 X160.667 Y167.43 E1.01768
G3 X159.037 Y168.054 I-6.086 J-13.472 E.06946
G1 X141.944 Y150.96 E.96118
G2 X141.518 Y152.79 I15.178 J4.492 E.07471
G1 X157.213 Y168.484 E.88252
G3 X155.141 Y168.667 I-2.44 J-15.823 E.08274
G1 X141.333 Y154.859 E.77644
G2 X141.537 Y157.317 I14.676 J.021 E.09819
G1 X152.684 Y168.464 E.62681
G3 X149.463 Y167.497 I2.218 J-13.24 E.13406
G1 X142.164 Y160.198 E.41043
; stop printing object 圆柱体 id:2235774478336 copy 0
;LAYER_CHANGE
;Z:5.58
;HEIGHT:0.24
;BEFORE_LAYER_CHANGE
;5.58
G92 E0

;AFTER_LAYER_CHANGE
;5.58
;_SET_FAN_SPEED_CHANGING_LAYER
; printing object 圆柱体 id:2235774478336 copy 0
G1 E-.9 F2400
G1 Z5.98 F7200
G1 X200.09 Y140.974 Z5.98
G1 Z5.58
G1 E.9 F2400
M205 X3 Y3
;TYPE:Inner wall
G1 X200.978 Y141.008 E.03535
G3 X198.534 Y141.049 I-.988 J13.992 E3.40704
G3 X200.05 Y140.974 I1.924 J23.44 E.06038
M205 X7 Y7
G1 X199.781 Y140.579 F7200
M205 X3 Y3
G1 F2400
G1 X200.077 Y140.575 E.01176
G3 X198.492 Y140.653 I-.087 J14.425 E3.54083
M73 P19 R91
G3 X199.497 Y140.591 I1.966 J23.894 E.04003
G1 X199.741 Y140.581 E.00971
M205 X7 Y7
G1 X199.579 Y140.192 F7200
M205 X3 Y3
G1 F2400
G1 X200.083 Y140.177 E.02007
G3 X197.937 Y140.319 I-.092 J14.823 E3.61774
G3 X198.966 Y140.213 I2.096 J15.308 E.04115
G1 X199.539 Y140.194 E.0228
M204 T500
G1 X199.115 Y139.757 F7200
;TYPE:Outer wall
G1 F1800
G1 X200.091 Y139.727 E.03883
G3 X197.874 Y139.874 I-.1 J15.273 E3.72736
G3 X198.935 Y139.764 I2.158 J15.753 E.0424
G1 X199.075 Y139.758 E.0056
M204 T1000
M205 X7 Y7
G1 E-.9 F2400
G1 Z5.98 F7200
G1 X212.835 Y149.801 Z5.98
G1 Z5.58
G1 E.9 F2400
;TYPE:Sparse infill
G1 X205.538 Y142.504 E.41033
G2 X202.309 Y141.53 I-6.369 J15.269 E.13432
G1 X213.47 Y152.691 E.6276
G3 X213.667 Y155.141 I-20.358 J2.864 E.09781
G1 X199.864 Y141.339 E.77614
G2 X197.787 Y141.516 I.017 J12.447 E.08298
G1 X213.484 Y157.213 E.88265
G3 X213.055 Y159.039 I-24.707 J-4.834 E.07459
G1 X195.965 Y141.948 E.96106
G2 X194.33 Y142.567 I4.733 J14.965 E.06955
G1 X212.43 Y160.667 E1.01783
G3 X211.65 Y162.142 I-10.54 J-4.629 E.06638
G1 X192.861 Y143.353 E1.05657
G2 X191.53 Y144.275 I8.395 J13.536 E.06444
G1 X210.725 Y163.471 E1.07939
G3 X209.661 Y164.661 I-9.285 J-7.229 E.06353
G1 X190.339 Y145.339 E1.08651
G2 X189.279 Y146.533 I7.674 J7.876 E.06355
G1 X208.467 Y165.721 E1.07894
G3 X207.139 Y166.647 I-6.891 J-8.458 E.06443
G1 X188.348 Y147.856 E1.05666
G2 X187.565 Y149.328 I16.165 J9.544 E.06629
G1 X205.67 Y167.433 E1.0181
G3 X204.04 Y168.056 I-12.057 J-29.103 E.06943
M73 P20 R91
G1 X186.944 Y150.96 E.96134
G2 X186.516 Y152.787 I25.1 J6.836 E.07462
G1 X202.213 Y168.484 E.88265
G3 X200.141 Y168.667 I-2.44 J-15.823 E.08274
G1 X186.333 Y154.859 E.77644
G2 X186.528 Y157.308 I20.817 J-.424 E.09775
G1 X197.691 Y168.47 E.62768
G3 X194.463 Y167.497 I3.148 J-16.278 E.13427
G1 X187.165 Y160.199 E.41039
; stop printing object 圆柱体 id:2235774478336 copy 0
; printing object 圆柱体 id:2235774478336 copy 0
G1 E-.9
G1 Z5.98 F7200
G1 X155.09 Y140.974 Z5.98
G1 Z5.58
G1 E.9 F2400
M205 X3 Y3
;TYPE:Inner wall
G1 X155.978 Y141.008 E.03535
G3 X153.534 Y141.049 I-.988 J13.992 E3.40704
G3 X155.05 Y140.974 I1.924 J23.44 E.06038
M205 X7 Y7
G1 X154.781 Y140.579 F7200
M205 X3 Y3
G1 F2400
G1 X155.077 Y140.575 E.01176
G3 X153.492 Y140.653 I-.087 J14.425 E3.54083
G3 X154.497 Y140.591 I1.966 J23.894 E.04003
G1 X154.741 Y140.581 E.00971
M205 X7 Y7
G1 X154.579 Y140.192 F7200
M205 X3 Y3
G1 F2400
G1 X155.083 Y140.177 E.02007
G3 X152.937 Y140.319 I-.092 J14.823 E3.61774
G3 X153.966 Y140.213 I2.096 J15.308 E.04115
G1 X154.539 Y140.194 E.0228
M204 T500
G1 X154.115 Y139.757 F7200
;TYPE:Outer wall
G1 F1800
G1 X155.091 Y139.727 E.03883
G3 X152.874 Y139.874 I-.1 J15.273 E3.72736
G3 X153.935 Y139.764 I2.158 J15.753 E.0424
G1 X154.075 Y139.758 E.0056
M204 T1000
M205 X7 Y7
G1 E-.9 F2400
G1 Z5.98 F7200
G1 X167.835 Y149.801 Z5.98
G1 Z5.58
G1 E.9 F2400
;TYPE:Sparse infill
G1 X160.538 Y142.504 E.41033
G2 X157.309 Y141.53 I-6.369 J15.269 E.13432
G1 X168.47 Y152.691 E.6276
G3 X168.667 Y155.141 I-20.358 J2.864 E.09781
G1 X154.864 Y141.339 E.77614
G2 X152.787 Y141.516 I.017 J12.447 E.08298
G1 X168.484 Y157.213 E.88265
G3 X168.055 Y159.039 I-24.707 J-4.834 E.07459
G1 X150.965 Y141.948 E.96106
G2 X149.33 Y142.567 I4.733 J14.965 E.06955
G1 X167.43 Y160.667 E1.01783
G3 X166.65 Y162.142 I-10.54 J-4.629 E.06638
G1 X147.861 Y143.353 E1.05657
G2 X146.53 Y144.275 I8.395 J13.536 E.06444
G1 X165.725 Y163.471 E1.07939
G3 X164.661 Y164.661 I-9.285 J-7.229 E.06353
G1 X145.339 Y145.339 E1.08651
G2 X144.279 Y146.533 I7.674 J7.876 E.06355
G1 X163.467 Y165.721 E1.07894
G3 X162.139 Y166.647 I-6.891 J-8.458 E.06443
G1 X143.348 Y147.856 E1.05666
G2 X142.565 Y149.328 I16.165 J9.544 E.06629
G1 X160.67 Y167.433 E1.0181
G3 X159.04 Y168.056 I-12.057 J-29.103 E.06943
G1 X141.944 Y150.96 E.96134
G2 X141.516 Y152.787 I25.1 J6.836 E.07462
G1 X157.213 Y168.484 E.88265
G3 X155.141 Y168.667 I-2.44 J-15.823 E.08274
G1 X141.333 Y154.859 E.77644
G2 X141.528 Y157.308 I20.817 J-.424 E.09775
G1 X152.691 Y168.47 E.62768
G3 X149.463 Y167.497 I3.148 J-16.278 E.13427
G1 X142.165 Y160.199 E.41039
; stop printing object 圆柱体 id:2235774478336 copy 0
;LAYER_CHANGE
;Z:5.82
;HEIGHT:0.24
;BEFORE_LAYER_CHANGE
;5.82
G92 E0

;AFTER_LAYER_CHANGE
;5.82
;_SET_FAN_SPEED_CHANGING_LAYER
; printing object 圆柱体 id:2235774478336 copy 0
G1 E-.9 F2400
G1 Z6.22 F7200
G1 X200.087 Y140.974 Z6.22
G1 Z5.82
G1 E.9 F2400
M205 X3 Y3
;TYPE:Inner wall
G1 X200.978 Y141.008 E.03545
G3 X198.534 Y141.049 I-.988 J13.992 E3.40697
G3 X200.048 Y140.974 I1.913 J23.264 E.06028
M205 X7 Y7
G1 X199.778 Y140.579 F7200
M205 X3 Y3
G1 F2400
G1 X200.081 Y140.575 E.01203
G3 X198.492 Y140.653 I-.091 J14.425 E3.5406
G3 X199.497 Y140.591 I1.955 J23.726 E.04003
G1 X199.738 Y140.581 E.00961
M205 X7 Y7
G1 X199.576 Y140.192 F7200
M205 X3 Y3
G1 F2400
G1 X200.088 Y140.177 E.02036
G3 X197.937 Y140.319 I-.096 J14.823 E3.61761
G3 X198.966 Y140.213 I2.095 J15.293 E.04115
G1 X199.536 Y140.194 E.02267
M204 T500
G1 X199.112 Y139.757 F7200
;TYPE:Outer wall
G1 F1800
G1 X200.096 Y139.727 E.03912
G3 X215.025 Y157.746 I-.098 J15.275 E1.05991
G3 X197.254 Y170.025 I-15.04 J-2.769 E.95363
G3 X198.935 Y139.764 I2.755 J-15.024 E1.75513
G1 X199.072 Y139.758 E.00548
M204 T1000
M205 X7 Y7
G1 E-.9 F2400
G1 Z6.22 F7200
G1 X212.835 Y149.801 Z6.22
G1 Z5.82
G1 E.9 F2400
;TYPE:Sparse infill
G1 X205.537 Y142.503 E.41039
G2 X202.309 Y141.53 I-6.375 J15.304 E.13427
G1 X213.47 Y152.691 E.6276
G3 X213.667 Y155.141 I-20.358 J2.864 E.09781
G1 X199.864 Y141.339 E.77613
G2 X197.787 Y141.516 I.014 J12.425 E.08298
G1 X213.482 Y157.21 E.88252
G3 X213.056 Y159.04 I-15.602 J-2.662 E.07471
G1 X195.96 Y141.944 E.96134
G2 X194.333 Y142.57 I5.017 J15.467 E.06939
G1 X212.433 Y160.67 E1.01783
M73 P20 R90
G3 X211.652 Y162.144 I-12.287 J-5.571 E.06634
G1 X192.861 Y143.352 E1.05668
G2 X191.529 Y144.275 I10.053 J15.925 E.06443
G1 X210.721 Y163.467 E1.07917
G3 X209.661 Y164.661 I-8.734 J-6.682 E.06355
G1 X190.339 Y145.339 E1.08651
G2 X189.279 Y146.533 I7.674 J7.876 E.06355
G1 X208.472 Y165.726 E1.07923
G3 X207.142 Y166.65 I-25.436 J-35.164 E.0644
G1 X188.353 Y147.861 E1.05657
G2 X187.565 Y149.328 I13.689 J8.295 E.06622
G1 X205.667 Y167.43 E1.01793
G3 X204.04 Y168.056 I-6.644 J-14.839 E.06939
G1 X186.944 Y150.96 E.96134
G2 X186.516 Y152.787 I25.103 J6.837 E.07462
G1 X202.213 Y168.484 E.88265
G3 X200.141 Y168.667 I-2.44 J-15.823 E.08274
G1 X186.333 Y154.859 E.77644
G2 X186.528 Y157.308 I15.666 J-.015 E.0978
G1 X197.683 Y168.463 E.62726
G3 X194.463 Y167.497 I2.204 J-13.198 E.13402
G1 X187.165 Y160.199 E.41039
; stop printing object 圆柱体 id:2235774478336 copy 0
; printing object 圆柱体 id:2235774478336 copy 0
G1 E-.9
G1 Z6.22 F7200
G1 X155.087 Y140.974 Z6.22
G1 Z5.82
G1 E.9 F2400
M205 X3 Y3
;TYPE:Inner wall
G1 X155.978 Y141.008 E.03545
G3 X153.534 Y141.049 I-.988 J13.992 E3.40697
G3 X155.048 Y140.974 I1.913 J23.264 E.06028
M205 X7 Y7
G1 X154.778 Y140.579 F7200
M205 X3 Y3
G1 F2400
G1 X155.081 Y140.575 E.01203
G3 X153.492 Y140.653 I-.091 J14.425 E3.5406
G3 X154.497 Y140.591 I1.955 J23.726 E.04003
G1 X154.738 Y140.581 E.00961
M205 X7 Y7
G1 X154.576 Y140.192 F7200
M205 X3 Y3
G1 F2400
G1 X155.088 Y140.177 E.02036
G3 X152.937 Y140.319 I-.096 J14.823 E3.61761
G3 X153.966 Y140.213 I2.095 J15.293 E.04115
G1 X154.536 Y140.194 E.02267
M204 T500
G1 X154.112 Y139.757 F7200
;TYPE:Outer wall
G1 F1800
G1 X155.096 Y139.727 E.03912
G3 X170.025 Y157.746 I-.098 J15.275 E1.05991
G3 X152.254 Y170.025 I-15.04 J-2.769 E.95363
G3 X153.935 Y139.764 I2.755 J-15.024 E1.75513
G1 X154.072 Y139.758 E.00548
M204 T1000
M205 X7 Y7
G1 E-.9 F2400
G1 Z6.22 F7200
G1 X167.835 Y149.801 Z6.22
G1 Z5.82
G1 E.9 F2400
;TYPE:Sparse infill
G1 X160.537 Y142.503 E.41039
G2 X157.309 Y141.53 I-6.375 J15.304 E.13427
G1 X168.47 Y152.691 E.6276
G3 X168.667 Y155.141 I-20.358 J2.864 E.09781
G1 X154.864 Y141.339 E.77613
G2 X152.787 Y141.516 I.014 J12.425 E.08298
G1 X168.482 Y157.21 E.88252
G3 X168.056 Y159.04 I-15.602 J-2.662 E.07471
G1 X150.96 Y141.944 E.96134
G2 X149.333 Y142.57 I5.017 J15.467 E.06939
G1 X167.433 Y160.67 E1.01783
G3 X166.652 Y162.144 I-12.287 J-5.571 E.06634
G1 X147.861 Y143.352 E1.05668
G2 X146.529 Y144.275 I10.053 J15.925 E.06443
M73 P21 R90
G1 X165.721 Y163.467 E1.07917
G3 X164.661 Y164.661 I-8.734 J-6.682 E.06355
G1 X145.339 Y145.339 E1.08651
G2 X144.279 Y146.533 I7.674 J7.876 E.06355
G1 X163.472 Y165.726 E1.07923
G3 X162.142 Y166.65 I-25.436 J-35.164 E.0644
G1 X143.353 Y147.861 E1.05657
G2 X142.565 Y149.328 I13.689 J8.295 E.06622
G1 X160.667 Y167.43 E1.01793
G3 X159.04 Y168.056 I-6.644 J-14.839 E.06939
G1 X141.944 Y150.96 E.96134
G2 X141.516 Y152.787 I25.103 J6.837 E.07462
G1 X157.213 Y168.484 E.88265
G3 X155.141 Y168.667 I-2.44 J-15.823 E.08274
G1 X141.333 Y154.859 E.77644
G2 X141.528 Y157.308 I15.666 J-.015 E.0978
G1 X152.683 Y168.463 E.62726
G3 X149.463 Y167.497 I2.204 J-13.198 E.13402
G1 X142.165 Y160.199 E.41039
; stop printing object 圆柱体 id:2235774478336 copy 0
;LAYER_CHANGE
;Z:6.06
;HEIGHT:0.24
;BEFORE_LAYER_CHANGE
;6.06
G92 E0

;AFTER_LAYER_CHANGE
;6.06
;_SET_FAN_SPEED_CHANGING_LAYER
; printing object 圆柱体 id:2235774478336 copy 0
G1 E-.9 F2400
G1 Z6.46 F7200
G1 X200.085 Y140.974 Z6.46
G1 Z6.06
G1 E.9 F2400
M205 X3 Y3
;TYPE:Inner wall
G1 X200.978 Y141.008 E.03554
G3 X198.534 Y141.049 I-.989 J13.992 E3.40698
G3 X200.045 Y140.974 I1.903 J23.091 E.06019
M205 X7 Y7
G1 X199.741 Y140.586 F7200
M205 X3 Y3
G1 F2400
G1 X200.085 Y140.575 E.01367
G3 X197.992 Y140.714 I-.093 J14.424 E3.52026
G3 X198.994 Y140.611 I2.039 J14.883 E.04004
G1 X199.701 Y140.587 E.02815
M205 X7 Y7
G1 X199.574 Y140.193 F7200
M205 X3 Y3
G1 F2400
G1 X200.092 Y140.177 E.02061
G3 X197.937 Y140.319 I-.101 J14.823 E3.61732
G3 X198.966 Y140.213 I2.094 J15.278 E.04115
G1 X199.534 Y140.194 E.02259
M204 T500
G1 X199.11 Y139.757 F7200
;TYPE:Outer wall
G1 F1800
G1 X200.1 Y139.727 E.03936
G3 X197.874 Y139.874 I-.109 J15.273 E3.72693
G3 X198.935 Y139.764 I2.156 J15.725 E.0424
G1 X199.07 Y139.759 E.0054
M204 T1000
M205 X7 Y7
G1 E-.9 F2400
G1 Z6.46 F7200
G1 X212.835 Y149.801 Z6.46
G1 Z6.06
G1 E.9 F2400
;TYPE:Sparse infill
G1 X205.538 Y142.504 E.41033
G2 X202.309 Y141.53 I-6.369 J15.269 E.13432
G1 X213.47 Y152.691 E.6276
G3 X213.667 Y155.141 I-20.358 J2.864 E.09781
G1 X199.864 Y141.339 E.77613
G2 X197.787 Y141.516 I.011 J12.404 E.08299
G1 X213.482 Y157.21 E.88252
G3 X213.056 Y159.04 I-15.602 J-2.662 E.07471
G1 X195.96 Y141.944 E.96134
G2 X194.333 Y142.57 I5.017 J15.466 E.06939
G1 X212.43 Y160.667 E1.01766
G3 X211.652 Y162.144 I-14.532 J-6.716 E.06638
G1 X192.861 Y143.353 E1.05666
G2 X191.53 Y144.275 I8.29 J13.381 E.06444
G1 X210.725 Y163.471 E1.07938
G3 X209.661 Y164.661 I-9.285 J-7.229 E.06353
G1 X190.339 Y145.339 E1.08651
G2 X189.279 Y146.533 I7.674 J7.876 E.06355
G1 X208.467 Y165.721 E1.07894
G3 X207.144 Y166.652 I-10.496 J-13.505 E.06435
G1 X188.353 Y147.861 E1.05666
G2 X187.57 Y149.333 I11.795 J7.218 E.06631
G1 X205.672 Y167.435 E1.01793
G3 X204.04 Y168.056 I-13.298 J-32.474 E.06947
G1 X186.944 Y150.96 E.96134
G2 X186.518 Y152.79 I15.177 J4.491 E.07471
G1 X202.214 Y168.485 E.88258
G3 X200.141 Y168.667 I-2.453 J-16.066 E.08278
G1 X186.333 Y154.859 E.77644
G2 X186.529 Y157.308 I15.647 J-.014 E.0978
G1 X197.683 Y168.463 E.62725
G3 X194.447 Y167.481 I2.32 J-13.471 E.1348
G1 X187.164 Y160.198 E.40953
; stop printing object 圆柱体 id:2235774478336 copy 0
; printing object 圆柱体 id:2235774478336 copy 0
G1 E-.9
G1 Z6.46 F7200
G1 X155.085 Y140.974 Z6.46
G1 Z6.06
G1 E.9 F2400
M205 X3 Y3
;TYPE:Inner wall
G1 X155.978 Y141.008 E.03554
G3 X153.534 Y141.049 I-.989 J13.992 E3.40698
M73 P21 R89
G3 X155.045 Y140.974 I1.903 J23.091 E.06019
M205 X7 Y7
G1 X154.741 Y140.586 F7200
M205 X3 Y3
G1 F2400
G1 X155.085 Y140.575 E.01367
G3 X152.992 Y140.714 I-.093 J14.424 E3.52026
G3 X153.994 Y140.611 I2.039 J14.883 E.04004
G1 X154.701 Y140.587 E.02815
M205 X7 Y7
G1 X154.574 Y140.193 F7200
M205 X3 Y3
G1 F2400
G1 X155.092 Y140.177 E.02061
G3 X152.937 Y140.319 I-.101 J14.823 E3.61732
G3 X153.966 Y140.213 I2.094 J15.278 E.04115
G1 X154.534 Y140.194 E.02259
M204 T500
G1 X154.11 Y139.757 F7200
;TYPE:Outer wall
G1 F1800
G1 X155.1 Y139.727 E.03936
G3 X152.874 Y139.874 I-.109 J15.273 E3.72693
G3 X153.935 Y139.764 I2.156 J15.725 E.0424
G1 X154.07 Y139.759 E.0054
M204 T1000
M205 X7 Y7
G1 E-.9 F2400
G1 Z6.46 F7200
G1 X167.835 Y149.801 Z6.46
G1 Z6.06
G1 E.9 F2400
;TYPE:Sparse infill
G1 X160.538 Y142.504 E.41033
G2 X157.309 Y141.53 I-6.369 J15.269 E.13432
G1 X168.47 Y152.691 E.6276
G3 X168.667 Y155.141 I-20.358 J2.864 E.09781
G1 X154.864 Y141.339 E.77613
G2 X152.787 Y141.516 I.011 J12.404 E.08299
G1 X168.482 Y157.21 E.88252
G3 X168.056 Y159.04 I-15.602 J-2.662 E.07471
G1 X150.96 Y141.944 E.96134
G2 X149.333 Y142.57 I5.017 J15.466 E.06939
G1 X167.43 Y160.667 E1.01766
G3 X166.652 Y162.144 I-14.532 J-6.716 E.06638
G1 X147.861 Y143.353 E1.05666
G2 X146.53 Y144.275 I8.29 J13.381 E.06444
G1 X165.725 Y163.471 E1.07938
G3 X164.661 Y164.661 I-9.285 J-7.229 E.06353
G1 X145.339 Y145.339 E1.08651
G2 X144.279 Y146.533 I7.674 J7.876 E.06355
G1 X163.467 Y165.721 E1.07894
G3 X162.144 Y166.652 I-10.496 J-13.505 E.06435
G1 X143.353 Y147.861 E1.05666
G2 X142.57 Y149.333 I11.795 J7.218 E.06631
G1 X160.672 Y167.435 E1.01793
G3 X159.04 Y168.056 I-13.298 J-32.474 E.06947
G1 X141.944 Y150.96 E.96134
G2 X141.518 Y152.79 I15.177 J4.491 E.07471
G1 X157.214 Y168.485 E.88258
G3 X155.141 Y168.667 I-2.453 J-16.066 E.08278
G1 X141.333 Y154.859 E.77644
G2 X141.529 Y157.308 I15.647 J-.014 E.0978
G1 X152.683 Y168.463 E.62725
G3 X149.447 Y167.481 I2.32 J-13.471 E.1348
G1 X142.164 Y160.198 E.40953
; stop printing object 圆柱体 id:2235774478336 copy 0
;LAYER_CHANGE
;Z:6.3
;HEIGHT:0.24
;BEFORE_LAYER_CHANGE
;6.3
G92 E0

;AFTER_LAYER_CHANGE
;6.3
;_SET_FAN_SPEED_CHANGING_LAYER
; printing object 圆柱体 id:2235774478336 copy 0
G1 E-.9 F2400
G1 Z6.7 F7200
G1 X200.084 Y140.974 Z6.7
G1 Z6.3
G1 E.9 F2400
M205 X3 Y3
;TYPE:Inner wall
G1 X200.978 Y141.008 E.03557
G3 X198.534 Y141.049 I-.989 J13.992 E3.40697
G3 X200.044 Y140.974 I1.893 J22.926 E.06015
M205 X7 Y7
G1 X199.74 Y140.586 F7200
M205 X3 Y3
G1 F2400
G1 X200.089 Y140.575 E.01388
G3 X197.992 Y140.714 I-.098 J14.425 E3.52024
G3 X198.994 Y140.611 I2.038 J14.868 E.04004
G1 X199.7 Y140.587 E.0281
M205 X7 Y7
G1 X199.573 Y140.193 F7200
M205 X3 Y3
G1 F2400
G1 X200.096 Y140.177 E.02082
G3 X197.937 Y140.319 I-.105 J14.823 E3.61732
G3 X198.966 Y140.213 I2.092 J15.264 E.04115
G1 X199.533 Y140.194 E.02255
M204 T500
G1 X199.109 Y139.757 F7200
;TYPE:Outer wall
G1 F1800
G1 X200.104 Y139.727 E.03957
G3 X197.874 Y139.874 I-.114 J15.273 E3.72694
G3 X198.935 Y139.764 I2.154 J15.712 E.0424
G1 X199.069 Y139.759 E.00536
M204 T1000
M205 X7 Y7
G1 E-.9 F2400
G1 Z6.7 F7200
G1 X212.835 Y149.801 Z6.7
G1 Z6.3
G1 E.9 F2400
;TYPE:Sparse infill
G1 X205.538 Y142.504 E.41033
G2 X202.309 Y141.53 I-6.369 J15.269 E.13432
M73 P22 R89
G1 X213.47 Y152.691 E.6276
G3 X213.667 Y155.141 I-20.358 J2.864 E.09781
G1 X199.865 Y141.339 E.77612
G2 X197.787 Y141.516 I.009 J12.382 E.08299
G1 X213.482 Y157.21 E.88252
G3 X213.056 Y159.04 I-15.603 J-2.663 E.07471
G1 X195.96 Y141.944 E.96134
G2 X194.33 Y142.567 I10.428 J29.731 E.06943
G1 X212.43 Y160.667 E1.01783
G3 X211.65 Y162.142 I-10.541 J-4.629 E.06638
G1 X192.861 Y143.353 E1.05657
G2 X191.533 Y144.279 I5.563 J9.384 E.06443
G1 X210.725 Y163.471 E1.07917
G3 X209.661 Y164.661 I-9.285 J-7.229 E.06353
G1 X190.339 Y145.339 E1.08651
G2 X189.279 Y146.533 I7.674 J7.877 E.06355
G1 X208.467 Y165.721 E1.07894
G3 X207.139 Y166.647 I-6.891 J-8.458 E.06443
G1 X188.348 Y147.856 E1.05666
G2 X187.565 Y149.328 I16.163 J9.543 E.06629
G1 X205.67 Y167.433 E1.0181
G3 X204.037 Y168.054 I-10.575 J-25.383 E.0695
G1 X186.944 Y150.96 E.96118
G2 X186.518 Y152.79 I15.177 J4.491 E.07471
G1 X202.213 Y168.484 E.88252
G3 X200.141 Y168.667 I-2.44 J-15.823 E.08274
G1 X186.333 Y154.859 E.77644
G2 X186.537 Y157.317 I14.676 J.021 E.09819
G1 X197.683 Y168.463 E.62676
G3 X194.447 Y167.481 I2.091 J-12.717 E.13484
G1 X187.179 Y160.213 E.40869
; stop printing object 圆柱体 id:2235774478336 copy 0
; printing object 圆柱体 id:2235774478336 copy 0
G1 E-.9
G1 Z6.7 F7200
G1 X155.084 Y140.974 Z6.7
G1 Z6.3
G1 E.9 F2400
M205 X3 Y3
;TYPE:Inner wall
G1 X155.978 Y141.008 E.03557
G3 X153.534 Y141.049 I-.989 J13.992 E3.40697
G3 X155.044 Y140.974 I1.893 J22.926 E.06015
M205 X7 Y7
G1 X154.74 Y140.586 F7200
M205 X3 Y3
G1 F2400
G1 X155.089 Y140.575 E.01388
G3 X152.992 Y140.714 I-.098 J14.425 E3.52024
G3 X153.994 Y140.611 I2.038 J14.868 E.04004
G1 X154.7 Y140.587 E.0281
M205 X7 Y7
G1 X154.573 Y140.193 F7200
M205 X3 Y3
G1 F2400
G1 X155.096 Y140.177 E.02082
G3 X152.937 Y140.319 I-.105 J14.823 E3.61732
G3 X153.966 Y140.213 I2.092 J15.264 E.04115
G1 X154.533 Y140.194 E.02255
M204 T500
G1 X154.109 Y139.757 F7200
;TYPE:Outer wall
G1 F1800
G1 X155.104 Y139.727 E.03957
G3 X152.874 Y139.874 I-.114 J15.273 E3.72694
G3 X153.935 Y139.764 I2.154 J15.712 E.0424
G1 X154.069 Y139.759 E.00536
M204 T1000
M205 X7 Y7
G1 E-.9 F2400
G1 Z6.7 F7200
G1 X167.835 Y149.801 Z6.7
G1 Z6.3
G1 E.9 F2400
;TYPE:Sparse infill
G1 X160.538 Y142.504 E.41033
G2 X157.309 Y141.53 I-6.369 J15.269 E.13432
G1 X168.47 Y152.691 E.6276
G3 X168.667 Y155.141 I-20.358 J2.864 E.09781
G1 X154.865 Y141.339 E.77612
G2 X152.787 Y141.516 I.009 J12.382 E.08299
G1 X168.482 Y157.21 E.88252
M73 P22 R88
G3 X168.056 Y159.04 I-15.603 J-2.663 E.07471
G1 X150.96 Y141.944 E.96134
G2 X149.33 Y142.567 I10.428 J29.731 E.06943
G1 X167.43 Y160.667 E1.01783
G3 X166.65 Y162.142 I-10.541 J-4.629 E.06638
G1 X147.861 Y143.353 E1.05657
G2 X146.533 Y144.279 I5.563 J9.384 E.06443
G1 X165.725 Y163.471 E1.07917
G3 X164.661 Y164.661 I-9.285 J-7.229 E.06353
G1 X145.339 Y145.339 E1.08651
G2 X144.279 Y146.533 I7.674 J7.877 E.06355
G1 X163.467 Y165.721 E1.07894
G3 X162.139 Y166.647 I-6.891 J-8.458 E.06443
G1 X143.348 Y147.856 E1.05666
G2 X142.565 Y149.328 I16.163 J9.543 E.06629
G1 X160.67 Y167.433 E1.0181
G3 X159.037 Y168.054 I-10.575 J-25.383 E.0695
G1 X141.944 Y150.96 E.96118
G2 X141.518 Y152.79 I15.177 J4.491 E.07471
G1 X157.213 Y168.484 E.88252
G3 X155.141 Y168.667 I-2.44 J-15.823 E.08274
G1 X141.333 Y154.859 E.77644
G2 X141.537 Y157.317 I14.676 J.021 E.09819
G1 X152.683 Y168.463 E.62676
G3 X149.447 Y167.481 I2.091 J-12.717 E.13484
G1 X142.179 Y160.213 E.40869
; stop printing object 圆柱体 id:2235774478336 copy 0
;LAYER_CHANGE
;Z:6.54
;HEIGHT:0.24
;BEFORE_LAYER_CHANGE
;6.54
G92 E0

;AFTER_LAYER_CHANGE
;6.54
;_SET_FAN_SPEED_CHANGING_LAYER
; printing object 圆柱体 id:2235774478336 copy 0
G1 E-.9 F2400
G1 Z6.94 F7200
G1 X200.034 Y140.975 Z6.94
G1 Z6.54
G1 E.9 F2400
M205 X3 Y3
;TYPE:Inner wall
G1 X200.086 Y140.974 E.00209
G3 X198.048 Y141.109 I-.095 J14.026 E3.42292
G3 X199.022 Y141.008 I1.981 J14.458 E.03894
G1 X199.994 Y140.977 E.03868
M205 X7 Y7
G1 X199.74 Y140.586 F7200
M205 X3 Y3
G1 F2400
G1 X200.093 Y140.575 E.01405
G3 X197.992 Y140.714 I-.102 J14.424 E3.51999
G3 X198.994 Y140.611 I2.036 J14.854 E.04004
G1 X199.7 Y140.587 E.0281
M205 X7 Y7
G1 X199.573 Y140.193 F7200
M205 X3 Y3
G1 F2400
G1 X200.1 Y140.177 E.02098
G3 X197.937 Y140.319 I-.11 J14.823 E3.61706
G3 X198.966 Y140.213 I2.091 J15.251 E.04115
G1 X199.533 Y140.194 E.02255
M204 T500
G1 X199.109 Y139.757 F7200
;TYPE:Outer wall
G1 F1800
G1 X200.108 Y139.727 E.03973
G3 X197.874 Y139.874 I-.118 J15.273 E3.72668
G3 X198.935 Y139.764 I2.153 J15.699 E.0424
G1 X199.069 Y139.759 E.00536
M204 T1000
M205 X7 Y7
G1 E-.9 F2400
G1 Z6.94 F7200
G1 X212.835 Y149.801 Z6.94
G1 Z6.54
G1 E.9 F2400
;TYPE:Sparse infill
G1 X205.538 Y142.504 E.41033
G2 X202.309 Y141.53 I-6.369 J15.269 E.13432
G1 X213.471 Y152.692 E.62765
G3 X213.667 Y155.141 I-15.415 J2.463 E.09782
G1 X199.865 Y141.339 E.77611
G2 X197.787 Y141.516 I.006 J12.361 E.083
G1 X213.481 Y157.21 E.88248
G3 X213.056 Y159.04 I-21.388 J-3.996 E.07471
G1 X195.96 Y141.944 E.96134
G2 X194.33 Y142.567 I10.428 J29.73 E.06943
G1 X212.43 Y160.667 E1.01783
G3 X211.65 Y162.142 I-10.54 J-4.629 E.06638
G1 X192.861 Y143.353 E1.05657
G2 X191.533 Y144.279 I5.563 J9.385 E.06443
G1 X210.725 Y163.471 E1.07917
G3 X209.661 Y164.661 I-9.285 J-7.228 E.06353
G1 X190.339 Y145.339 E1.08651
G2 X189.279 Y146.533 I7.674 J7.876 E.06355
G1 X208.467 Y165.721 E1.07894
G3 X207.144 Y166.652 I-10.497 J-13.506 E.06435
G1 X188.353 Y147.861 E1.05666
G2 X187.57 Y149.333 I11.795 J7.218 E.06631
G1 X205.671 Y167.433 E1.01784
G3 X204.037 Y168.054 I-10.652 J-25.597 E.0695
G1 X186.944 Y150.96 E.96118
G2 X186.517 Y152.789 I15.434 J4.561 E.07468
G1 X202.214 Y168.485 E.88264
G3 X200.141 Y168.667 I-2.454 J-16.095 E.08279
G1 X186.333 Y154.859 E.77644
G2 X186.537 Y157.317 I14.676 J.021 E.09819
G1 X197.684 Y168.464 E.62683
G3 X194.447 Y167.481 I2.109 J-12.768 E.1349
G1 X187.165 Y160.199 E.4095
; stop printing object 圆柱体 id:2235774478336 copy 0
; printing object 圆柱体 id:2235774478336 copy 0
G1 E-.9
G1 Z6.94 F7200
G1 X155.034 Y140.975 Z6.94
G1 Z6.54
G1 E.9 F2400
M205 X3 Y3
;TYPE:Inner wall
G1 X155.086 Y140.974 E.00209
G3 X153.048 Y141.109 I-.095 J14.026 E3.42292
G3 X154.022 Y141.008 I1.981 J14.458 E.03894
G1 X154.994 Y140.977 E.03868
M205 X7 Y7
G1 X154.74 Y140.586 F7200
M205 X3 Y3
G1 F2400
G1 X155.093 Y140.575 E.01405
G3 X152.992 Y140.714 I-.102 J14.424 E3.51999
G3 X153.994 Y140.611 I2.036 J14.854 E.04004
G1 X154.7 Y140.587 E.0281
M205 X7 Y7
G1 X154.573 Y140.193 F7200
M205 X3 Y3
G1 F2400
G1 X155.1 Y140.177 E.02098
G3 X152.937 Y140.319 I-.11 J14.823 E3.61706
G3 X153.966 Y140.213 I2.091 J15.251 E.04115
G1 X154.533 Y140.194 E.02255
M204 T500
G1 X154.109 Y139.757 F7200
;TYPE:Outer wall
G1 F1800
G1 X155.108 Y139.727 E.03973
G3 X152.874 Y139.874 I-.118 J15.273 E3.72668
M73 P23 R88
G3 X153.935 Y139.764 I2.153 J15.699 E.0424
G1 X154.069 Y139.759 E.00536
M204 T1000
M205 X7 Y7
G1 E-.9 F2400
G1 Z6.94 F7200
G1 X167.835 Y149.801 Z6.94
G1 Z6.54
G1 E.9 F2400
;TYPE:Sparse infill
G1 X160.538 Y142.504 E.41033
G2 X157.309 Y141.53 I-6.369 J15.269 E.13432
G1 X168.471 Y152.692 E.62765
G3 X168.667 Y155.141 I-15.415 J2.463 E.09782
G1 X154.865 Y141.339 E.77611
G2 X152.787 Y141.516 I.006 J12.361 E.083
G1 X168.481 Y157.21 E.88248
G3 X168.056 Y159.04 I-21.388 J-3.996 E.07471
G1 X150.96 Y141.944 E.96134
G2 X149.33 Y142.567 I10.428 J29.73 E.06943
G1 X167.43 Y160.667 E1.01783
G3 X166.65 Y162.142 I-10.54 J-4.629 E.06638
G1 X147.861 Y143.353 E1.05657
G2 X146.533 Y144.279 I5.563 J9.385 E.06443
G1 X165.725 Y163.471 E1.07917
G3 X164.661 Y164.661 I-9.285 J-7.228 E.06353
G1 X145.339 Y145.339 E1.08651
G2 X144.279 Y146.533 I7.674 J7.876 E.06355
G1 X163.467 Y165.721 E1.07894
G3 X162.144 Y166.652 I-10.497 J-13.506 E.06435
G1 X143.353 Y147.861 E1.05666
G2 X142.57 Y149.333 I11.795 J7.218 E.06631
G1 X160.671 Y167.433 E1.01784
G3 X159.037 Y168.054 I-10.652 J-25.597 E.0695
G1 X141.944 Y150.96 E.96118
G2 X141.517 Y152.789 I15.434 J4.561 E.07468
G1 X157.214 Y168.485 E.88264
G3 X155.141 Y168.667 I-2.454 J-16.095 E.08279
G1 X141.333 Y154.859 E.77644
G2 X141.537 Y157.317 I14.676 J.021 E.09819
G1 X152.684 Y168.464 E.62683
G3 X149.447 Y167.481 I2.109 J-12.768 E.1349
G1 X142.165 Y160.199 E.4095
; stop printing object 圆柱体 id:2235774478336 copy 0
;LAYER_CHANGE
;Z:6.78
;HEIGHT:0.24
;BEFORE_LAYER_CHANGE
;6.78
G92 E0

;AFTER_LAYER_CHANGE
;6.78
;_SET_FAN_SPEED_CHANGING_LAYER
; printing object 圆柱体 id:2235774478336 copy 0
G1 E-.9 F2400
G1 Z7.18 F7200
G1 X200.035 Y140.976 Z7.18
G1 Z6.78
M73 P23 R87
G1 E.9 F2400
M205 X3 Y3
;TYPE:Inner wall
G1 X200.091 Y140.974 E.00222
G3 X198.048 Y141.109 I-.099 J14.027 E3.42289
G3 X199.022 Y141.008 I1.98 J14.444 E.03894
G1 X199.995 Y140.977 E.03871
M205 X7 Y7
G1 X199.741 Y140.586 F7200
M205 X3 Y3
G1 F2400
G1 X200.097 Y140.575 E.01418
G3 X197.992 Y140.714 I-.107 J14.425 E3.51996
G3 X198.994 Y140.611 I2.035 J14.84 E.04004
G1 X199.701 Y140.587 E.02814
M205 X7 Y7
G1 X199.574 Y140.193 F7200
M205 X3 Y3
G1 F2400
G1 X200.104 Y140.177 E.02111
G3 X197.937 Y140.319 I-.114 J14.823 E3.61703
G3 X198.966 Y140.213 I2.09 J15.237 E.04115
G1 X199.534 Y140.194 E.02259
M204 T500
G1 X199.111 Y139.757 F7200
;TYPE:Outer wall
G1 F1800
G1 X200.112 Y139.727 E.03985
G3 X197.874 Y139.874 I-.123 J15.273 E3.72664
G3 X198.935 Y139.764 I2.152 J15.686 E.0424
G1 X199.071 Y139.759 E.00541
M204 T1000
M205 X7 Y7
G1 E-.9 F2400
G1 Z7.18 F7200
G1 X212.835 Y149.801 Z7.18
G1 Z6.78
G1 E.9 F2400
;TYPE:Sparse infill
G1 X205.538 Y142.504 E.41033
G2 X202.309 Y141.53 I-6.369 J15.269 E.13432
G1 X213.47 Y152.69 E.62758
G3 X213.667 Y155.141 I-19.569 J2.804 E.09783
G1 X199.865 Y141.339 E.7761
G2 X197.787 Y141.516 I.003 J12.339 E.08301
G1 X213.482 Y157.21 E.88252
G3 X213.056 Y159.04 I-15.603 J-2.662 E.07471
G1 X195.96 Y141.944 E.96134
G2 X194.33 Y142.567 I10.429 J29.733 E.06943
G1 X212.43 Y160.667 E1.01783
G3 X211.652 Y162.144 I-14.534 J-6.717 E.06638
G1 X192.861 Y143.353 E1.05666
G2 X191.533 Y144.279 I5.563 J9.384 E.06443
G1 X210.725 Y163.471 E1.07917
G3 X209.661 Y164.661 I-9.286 J-7.229 E.06353
G1 X190.339 Y145.339 E1.08651
G2 X189.279 Y146.533 I7.674 J7.877 E.06355
G1 X208.467 Y165.721 E1.07894
G3 X207.139 Y166.648 I-7.305 J-9.043 E.06442
G1 X188.348 Y147.856 E1.05668
G2 X187.565 Y149.328 I16.164 J9.543 E.06629
G1 X205.67 Y167.433 E1.0181
G3 X204.04 Y168.056 I-12.058 J-29.103 E.06943
G1 X186.944 Y150.96 E.96134
G2 X186.516 Y152.787 I25.098 J6.835 E.07462
G1 X202.213 Y168.484 E.88265
G3 X200.141 Y168.667 I-2.44 J-15.823 E.08274
G1 X186.333 Y154.859 E.77644
G2 X186.529 Y157.309 I15.593 J-.012 E.09782
G1 X197.683 Y168.463 E.62722
G3 X194.447 Y167.481 I2.091 J-12.717 E.13484
G1 X187.164 Y160.198 E.40953
; stop printing object 圆柱体 id:2235774478336 copy 0
; printing object 圆柱体 id:2235774478336 copy 0
G1 E-.9
G1 Z7.18 F7200
G1 X155.035 Y140.976 Z7.18
G1 Z6.78
G1 E.9 F2400
M205 X3 Y3
;TYPE:Inner wall
G1 X155.091 Y140.974 E.00222
G3 X153.048 Y141.109 I-.099 J14.027 E3.42289
G3 X154.022 Y141.008 I1.98 J14.444 E.03894
G1 X154.995 Y140.977 E.03871
M205 X7 Y7
G1 X154.741 Y140.586 F7200
M205 X3 Y3
G1 F2400
G1 X155.097 Y140.575 E.01418
G3 X152.992 Y140.714 I-.107 J14.425 E3.51996
G3 X153.994 Y140.611 I2.035 J14.84 E.04004
G1 X154.701 Y140.587 E.02814
M205 X7 Y7
G1 X154.574 Y140.193 F7200
M205 X3 Y3
G1 F2400
G1 X155.104 Y140.177 E.02111
G3 X152.937 Y140.319 I-.114 J14.823 E3.61703
G3 X153.966 Y140.213 I2.09 J15.237 E.04115
G1 X154.534 Y140.194 E.02259
M204 T500
G1 X154.111 Y139.757 F7200
;TYPE:Outer wall
G1 F1800
G1 X155.112 Y139.727 E.03985
G3 X152.874 Y139.874 I-.123 J15.273 E3.72664
G3 X153.935 Y139.764 I2.152 J15.686 E.0424
G1 X154.071 Y139.759 E.00541
M204 T1000
M205 X7 Y7
G1 E-.9 F2400
G1 Z7.18 F7200
G1 X167.835 Y149.801 Z7.18
G1 Z6.78
G1 E.9 F2400
;TYPE:Sparse infill
G1 X160.538 Y142.504 E.41033
G2 X157.309 Y141.53 I-6.369 J15.269 E.13432
G1 X168.47 Y152.69 E.62758
G3 X168.667 Y155.141 I-19.569 J2.804 E.09783
G1 X154.865 Y141.339 E.7761
G2 X152.787 Y141.516 I.003 J12.339 E.08301
G1 X168.482 Y157.21 E.88252
G3 X168.056 Y159.04 I-15.603 J-2.662 E.07471
G1 X150.96 Y141.944 E.96134
G2 X149.33 Y142.567 I10.429 J29.733 E.06943
G1 X167.43 Y160.667 E1.01783
G3 X166.652 Y162.144 I-14.534 J-6.717 E.06638
G1 X147.861 Y143.353 E1.05666
G2 X146.533 Y144.279 I5.563 J9.384 E.06443
G1 X165.725 Y163.471 E1.07917
G3 X164.661 Y164.661 I-9.286 J-7.229 E.06353
G1 X145.339 Y145.339 E1.08651
G2 X144.279 Y146.533 I7.674 J7.877 E.06355
G1 X163.467 Y165.721 E1.07894
G3 X162.139 Y166.648 I-7.305 J-9.043 E.06442
G1 X143.348 Y147.856 E1.05668
G2 X142.565 Y149.328 I16.164 J9.543 E.06629
G1 X160.67 Y167.433 E1.0181
G3 X159.04 Y168.056 I-12.058 J-29.103 E.06943
G1 X141.944 Y150.96 E.96134
G2 X141.516 Y152.787 I25.098 J6.835 E.07462
G1 X157.213 Y168.484 E.88265
G3 X155.141 Y168.667 I-2.44 J-15.823 E.08274
G1 X141.333 Y154.859 E.77644
G2 X141.529 Y157.309 I15.593 J-.012 E.09782
G1 X152.683 Y168.463 E.62722
G3 X149.447 Y167.481 I2.091 J-12.717 E.13484
G1 X142.164 Y160.198 E.40953
; stop printing object 圆柱体 id:2235774478336 copy 0
;LAYER_CHANGE
;Z:7.02
;HEIGHT:0.24
;BEFORE_LAYER_CHANGE
;7.02
G92 E0

;AFTER_LAYER_CHANGE
;7.02
;_SET_FAN_SPEED_CHANGING_LAYER
; printing object 圆柱体 id:2235774478336 copy 0
G1 E-.9 F2400
G1 Z7.42 F7200
G1 X200.088 Y140.974 Z7.42
G1 Z7.02
G1 E.9 F2400
M205 X3 Y3
;TYPE:Inner wall
G1 X200.095 Y140.974 E.00027
G3 X213.31 Y159.424 I-.109 J14.036 E1.05092
G3 X199.51 Y140.982 I-13.31 J-4.425 E2.42966
G1 X200.048 Y140.975 E.02138
M205 X7 Y7
G1 X199.779 Y140.579 F7200
M205 X3 Y3
G1 F2400
G1 X200.102 Y140.575 E.01285
G3 X213.687 Y159.554 I-.116 J14.435 E1.08078
M73 P24 R87
G3 X199.497 Y140.584 I-13.687 J-4.554 E2.49852
G1 X199.739 Y140.58 E.00963
M205 X7 Y7
G1 X199.576 Y140.193 F7200
M205 X3 Y3
G1 F2400
G1 X200.109 Y140.177 E.02119
G3 X197.937 Y140.319 I-.119 J14.824 E3.6169
G3 X198.966 Y140.213 I2.089 J15.225 E.04115
G1 X199.536 Y140.194 E.02268
M204 T500
G1 X199.113 Y139.753 F7200
;TYPE:Outer wall
G1 F1800
G1 X199.467 Y139.736 E.0141
G3 X200.116 Y139.727 I.534 J15.264 E.02583
G3 X215.021 Y157.767 I-.118 J15.274 E1.05991
G3 X197.233 Y170.021 I-15.022 J-2.769 E.95392
G3 X198.935 Y139.764 I2.768 J-15.021 E1.75481
G1 X199.073 Y139.755 E.00551
M204 T1000
M205 X7 Y7
G1 E-.9 F2400
G1 Z7.42 F7200
G1 X212.835 Y149.801 Z7.42
G1 Z7.02
G1 E.9 F2400
M73 P24 R86
;TYPE:Sparse infill
G1 X205.538 Y142.504 E.41033
G2 X202.309 Y141.53 I-6.369 J15.27 E.13432
G1 X213.47 Y152.691 E.6276
G3 X213.667 Y155.141 I-20.358 J2.864 E.09781
G1 X199.865 Y141.34 E.77609
G2 X197.787 Y141.516 I0 J12.319 E.08301
G1 X213.482 Y157.21 E.88252
G3 X213.056 Y159.04 I-15.602 J-2.662 E.07471
G1 X195.96 Y141.944 E.96134
G2 X194.33 Y142.567 I10.427 J29.728 E.06943
G1 X212.43 Y160.667 E1.01783
G3 X211.652 Y162.144 I-14.532 J-6.716 E.06638
G1 X192.861 Y143.353 E1.05666
G2 X191.533 Y144.279 I5.563 J9.384 E.06443
G1 X210.725 Y163.471 E1.07917
G3 X209.661 Y164.661 I-9.285 J-7.229 E.06353
G1 X190.339 Y145.339 E1.08651
G2 X189.279 Y146.533 I7.674 J7.877 E.06355
G1 X208.467 Y165.721 E1.07894
G3 X207.144 Y166.652 I-10.497 J-13.506 E.06435
G1 X188.353 Y147.861 E1.05666
G2 X187.567 Y149.33 I9.707 J6.139 E.06628
G1 X205.672 Y167.435 E1.0181
G3 X204.04 Y168.056 I-13.3 J-32.479 E.06947
G1 X186.944 Y150.96 E.96134
G2 X186.518 Y152.79 I15.177 J4.491 E.07471
G1 X202.214 Y168.485 E.8826
G3 X200.141 Y168.667 I-2.456 J-16.125 E.08279
G1 X186.333 Y154.859 E.77644
G2 X186.537 Y157.317 I14.676 J.021 E.09819
G1 X197.691 Y168.47 E.62718
G3 X194.463 Y167.497 I3.148 J-16.278 E.13427
G1 X187.165 Y160.199 E.41039
; stop printing object 圆柱体 id:2235774478336 copy 0
; printing object 圆柱体 id:2235774478336 copy 0
G1 E-.9
G1 Z7.42 F7200
G1 X155.088 Y140.974 Z7.42
G1 Z7.02
G1 E.9 F2400
M205 X3 Y3
;TYPE:Inner wall
G1 X155.095 Y140.974 E.00027
G3 X168.31 Y159.424 I-.109 J14.036 E1.05092
G3 X154.51 Y140.982 I-13.31 J-4.425 E2.42966
G1 X155.048 Y140.975 E.02138
M205 X7 Y7
G1 X154.779 Y140.579 F7200
M205 X3 Y3
G1 F2400
G1 X155.102 Y140.575 E.01285
G3 X168.687 Y159.554 I-.116 J14.435 E1.08078
G3 X154.497 Y140.584 I-13.687 J-4.554 E2.49852
G1 X154.739 Y140.58 E.00963
M205 X7 Y7
G1 X154.576 Y140.193 F7200
M205 X3 Y3
G1 F2400
G1 X155.109 Y140.177 E.02119
G3 X152.937 Y140.319 I-.119 J14.824 E3.6169
G3 X153.966 Y140.213 I2.089 J15.225 E.04115
G1 X154.536 Y140.194 E.02268
M204 T500
G1 X154.113 Y139.753 F7200
;TYPE:Outer wall
G1 F1800
G1 X154.467 Y139.736 E.0141
G3 X155.116 Y139.727 I.534 J15.264 E.02583
G3 X170.021 Y157.767 I-.118 J15.274 E1.05991
G3 X152.233 Y170.021 I-15.022 J-2.769 E.95392
G3 X153.935 Y139.764 I2.768 J-15.021 E1.75481
G1 X154.073 Y139.755 E.00551
M204 T1000
M205 X7 Y7
G1 E-.9 F2400
G1 Z7.42 F7200
G1 X167.835 Y149.801 Z7.42
G1 Z7.02
G1 E.9 F2400
;TYPE:Sparse infill
G1 X160.538 Y142.504 E.41033
G2 X157.309 Y141.53 I-6.369 J15.27 E.13432
G1 X168.47 Y152.691 E.6276
G3 X168.667 Y155.141 I-20.358 J2.864 E.09781
G1 X154.865 Y141.34 E.77609
G2 X152.787 Y141.516 I0 J12.319 E.08301
G1 X168.482 Y157.21 E.88252
G3 X168.056 Y159.04 I-15.602 J-2.662 E.07471
G1 X150.96 Y141.944 E.96134
G2 X149.33 Y142.567 I10.427 J29.728 E.06943
G1 X167.43 Y160.667 E1.01783
G3 X166.652 Y162.144 I-14.532 J-6.716 E.06638
G1 X147.861 Y143.353 E1.05666
G2 X146.533 Y144.279 I5.563 J9.384 E.06443
G1 X165.725 Y163.471 E1.07917
G3 X164.661 Y164.661 I-9.285 J-7.229 E.06353
G1 X145.339 Y145.339 E1.08651
G2 X144.279 Y146.533 I7.674 J7.877 E.06355
G1 X163.467 Y165.721 E1.07894
G3 X162.144 Y166.652 I-10.497 J-13.506 E.06435
G1 X143.353 Y147.861 E1.05666
G2 X142.567 Y149.33 I9.707 J6.139 E.06628
G1 X160.672 Y167.435 E1.0181
G3 X159.04 Y168.056 I-13.3 J-32.479 E.06947
G1 X141.944 Y150.96 E.96134
G2 X141.518 Y152.79 I15.177 J4.491 E.07471
G1 X157.214 Y168.485 E.8826
G3 X155.141 Y168.667 I-2.456 J-16.125 E.08279
G1 X141.333 Y154.859 E.77644
G2 X141.537 Y157.317 I14.676 J.021 E.09819
G1 X152.691 Y168.47 E.62718
G3 X149.463 Y167.497 I3.148 J-16.278 E.13427
G1 X142.165 Y160.199 E.41039
; stop printing object 圆柱体 id:2235774478336 copy 0
;LAYER_CHANGE
;Z:7.26
;HEIGHT:0.24
;BEFORE_LAYER_CHANGE
;7.26
G92 E0

;AFTER_LAYER_CHANGE
;7.26
;_SET_FAN_SPEED_CHANGING_LAYER
; printing object 圆柱体 id:2235774478336 copy 0
G1 E-.9 F2400
G1 Z7.66 F7200
G1 X200.04 Y140.976 Z7.66
G1 Z7.26
G1 E.9 F2400
M205 X3 Y3
;TYPE:Inner wall
G1 X200.099 Y140.974 E.00235
G3 X198.048 Y141.109 I-.108 J14.026 E3.42246
G3 X199.022 Y141.008 I1.977 J14.418 E.03894
G1 X200 Y140.977 E.03891
M205 X7 Y7
G1 X199.746 Y140.586 F7200
M205 X3 Y3
G1 F2400
G1 X200.106 Y140.576 E.01431
G3 X197.992 Y140.714 I-.116 J14.425 E3.51953
G3 X198.994 Y140.611 I2.032 J14.815 E.04004
G1 X199.706 Y140.588 E.02834
M205 X7 Y7
G1 X199.579 Y140.193 F7200
M205 X3 Y3
G1 F2400
G1 X200.113 Y140.177 E.02123
G3 X197.937 Y140.319 I-.123 J14.823 E3.6166
G3 X198.966 Y140.213 I2.088 J15.213 E.04115
G1 X199.539 Y140.194 E.0228
M204 T500
G1 X199.116 Y139.753 F7200
;TYPE:Outer wall
G1 F1800
G1 X199.467 Y139.742 E.01398
G3 X200.121 Y139.727 I.72 J17.629 E.02599
G3 X197.348 Y139.957 I-.13 J15.273 E3.705
G3 X198.935 Y139.772 I2.84 J17.414 E.06358
G1 X199.076 Y139.757 E.00563
M204 T1000
M205 X7 Y7
G1 E-.9 F2400
G1 Z7.66 F7200
G1 X212.835 Y149.801 Z7.66
G1 Z7.26
G1 E.9 F2400
;TYPE:Sparse infill
G1 X205.537 Y142.503 E.41039
G2 X202.309 Y141.53 I-6.375 J15.305 E.13427
G1 X213.47 Y152.691 E.6276
G3 X213.667 Y155.141 I-20.358 J2.864 E.09781
G1 X199.865 Y141.34 E.77608
G2 X197.787 Y141.516 I-.003 J12.298 E.08302
G1 X213.482 Y157.21 E.88252
G3 X213.056 Y159.04 I-15.602 J-2.662 E.07471
G1 X195.96 Y141.944 E.96134
G2 X194.333 Y142.57 I5.017 J15.466 E.06939
G1 X212.428 Y160.665 E1.01753
G3 X211.652 Y162.144 I-13.271 J-6.021 E.06642
G1 X192.861 Y143.353 E1.05666
G2 X191.533 Y144.279 I5.563 J9.385 E.06443
G1 X210.725 Y163.471 E1.07917
G3 X209.661 Y164.661 I-9.286 J-7.229 E.06353
G1 X190.339 Y145.339 E1.08651
G2 X189.279 Y146.533 I7.674 J7.876 E.06355
G1 X208.467 Y165.721 E1.07894
G3 X207.144 Y166.652 I-10.497 J-13.506 E.06435
G1 X188.353 Y147.861 E1.05666
G2 X187.567 Y149.33 I9.708 J6.139 E.06628
G1 X205.67 Y167.433 E1.018
G3 X204.04 Y168.056 I-12.061 J-29.112 E.06943
G1 X186.944 Y150.96 E.96134
G2 X186.516 Y152.787 I25.102 J6.836 E.07462
G1 X202.214 Y168.485 E.88273
G3 X200.141 Y168.667 I-2.456 J-16.14 E.08279
G1 X186.333 Y154.859 E.77644
G2 X186.53 Y157.309 I20.554 J-.414 E.09781
M73 P24 R85
G1 X197.683 Y168.463 E.62718
G3 X194.463 Y167.497 I2.204 J-13.199 E.13402
G1 X187.165 Y160.199 E.41039
; stop printing object 圆柱体 id:2235774478336 copy 0
; printing object 圆柱体 id:2235774478336 copy 0
G1 E-.9
M73 P25 R85
G1 Z7.66 F7200
G1 X155.04 Y140.976 Z7.66
G1 Z7.26
G1 E.9 F2400
M205 X3 Y3
;TYPE:Inner wall
G1 X155.099 Y140.974 E.00235
G3 X153.048 Y141.109 I-.108 J14.026 E3.42246
G3 X154.022 Y141.008 I1.977 J14.418 E.03894
G1 X155 Y140.977 E.03891
M205 X7 Y7
G1 X154.746 Y140.586 F7200
M205 X3 Y3
G1 F2400
G1 X155.106 Y140.576 E.01431
G3 X152.992 Y140.714 I-.116 J14.425 E3.51953
G3 X153.994 Y140.611 I2.032 J14.815 E.04004
G1 X154.706 Y140.588 E.02834
M205 X7 Y7
G1 X154.579 Y140.193 F7200
M205 X3 Y3
G1 F2400
G1 X155.113 Y140.177 E.02123
G3 X152.937 Y140.319 I-.123 J14.823 E3.6166
G3 X153.966 Y140.213 I2.088 J15.213 E.04115
G1 X154.539 Y140.194 E.0228
M204 T500
G1 X154.116 Y139.753 F7200
;TYPE:Outer wall
G1 F1800
G1 X154.467 Y139.742 E.01398
G3 X155.121 Y139.727 I.72 J17.629 E.02599
G3 X152.348 Y139.957 I-.13 J15.273 E3.705
G3 X153.935 Y139.772 I2.84 J17.414 E.06358
G1 X154.076 Y139.757 E.00563
M204 T1000
M205 X7 Y7
G1 E-.9 F2400
G1 Z7.66 F7200
G1 X167.835 Y149.801 Z7.66
G1 Z7.26
G1 E.9 F2400
;TYPE:Sparse infill
G1 X160.537 Y142.503 E.41039
G2 X157.309 Y141.53 I-6.375 J15.305 E.13427
G1 X168.47 Y152.691 E.6276
G3 X168.667 Y155.141 I-20.358 J2.864 E.09781
G1 X154.865 Y141.34 E.77608
G2 X152.787 Y141.516 I-.003 J12.298 E.08302
G1 X168.482 Y157.21 E.88252
G3 X168.056 Y159.04 I-15.602 J-2.662 E.07471
G1 X150.96 Y141.944 E.96134
G2 X149.333 Y142.57 I5.017 J15.466 E.06939
G1 X167.428 Y160.665 E1.01753
G3 X166.652 Y162.144 I-13.271 J-6.021 E.06642
G1 X147.861 Y143.353 E1.05666
G2 X146.533 Y144.279 I5.563 J9.385 E.06443
G1 X165.725 Y163.471 E1.07917
G3 X164.661 Y164.661 I-9.286 J-7.229 E.06353
G1 X145.339 Y145.339 E1.08651
G2 X144.279 Y146.533 I7.674 J7.876 E.06355
G1 X163.467 Y165.721 E1.07894
G3 X162.144 Y166.652 I-10.497 J-13.506 E.06435
G1 X143.353 Y147.861 E1.05666
G2 X142.567 Y149.33 I9.708 J6.139 E.06628
G1 X160.67 Y167.433 E1.018
G3 X159.04 Y168.056 I-12.061 J-29.112 E.06943
G1 X141.944 Y150.96 E.96134
G2 X141.516 Y152.787 I25.102 J6.836 E.07462
G1 X157.214 Y168.485 E.88273
G3 X155.141 Y168.667 I-2.456 J-16.14 E.08279
G1 X141.333 Y154.859 E.77644
G2 X141.53 Y157.309 I20.554 J-.414 E.09781
G1 X152.683 Y168.463 E.62718
G3 X149.463 Y167.497 I2.204 J-13.199 E.13402
G1 X142.165 Y160.199 E.41039
; stop printing object 圆柱体 id:2235774478336 copy 0
;LAYER_CHANGE
;Z:7.5
;HEIGHT:0.24
;BEFORE_LAYER_CHANGE
;7.5
G92 E0

;AFTER_LAYER_CHANGE
;7.5
;_SET_FAN_SPEED_CHANGING_LAYER
; printing object 圆柱体 id:2235774478336 copy 0
G1 E-.9 F2400
G1 Z7.9 F7200
G1 X200.043 Y140.976 Z7.9
G1 Z7.5
G1 E.9 F2400
M205 X3 Y3
;TYPE:Inner wall
G1 X200.103 Y140.974 E.00237
G3 X195.3 Y141.785 I-.104 J14.022 E3.30867
G3 X199.022 Y141.008 I4.708 J13.262 E.15164
G1 X200.003 Y140.977 E.03906
M205 X7 Y7
G1 X199.75 Y140.586 F7200
M205 X3 Y3
G1 F2400
G1 X200.11 Y140.576 E.01432
G3 X197.992 Y140.714 I-.12 J14.425 E3.51944
G3 X198.994 Y140.611 I2.031 J14.803 E.04004
G1 X199.71 Y140.588 E.02849
M205 X7 Y7
G1 X199.583 Y140.193 F7200
M205 X3 Y3
G1 F2400
G1 X200.117 Y140.177 E.02124
G3 X197.937 Y140.319 I-.128 J14.823 E3.61651
G3 X198.966 Y140.213 I2.086 J15.201 E.04115
G1 X199.543 Y140.194 E.02296
M204 T500
G1 X199.12 Y139.753 F7200
;TYPE:Outer wall
G1 F1800
G1 X199.467 Y139.742 E.01382
G3 X200.125 Y139.727 I.718 J17.612 E.02616
G3 X197.348 Y139.957 I-.134 J15.273 E3.70475
G3 X198.935 Y139.772 I2.838 J17.397 E.06358
G1 X199.08 Y139.757 E.0058
M204 T1000
M205 X7 Y7
G1 E-.9 F2400
G1 Z7.9 F7200
G1 X212.835 Y149.801 Z7.9
G1 Z7.5
G1 E.9 F2400
;TYPE:Sparse infill
G1 X205.537 Y142.503 E.41039
G2 X202.309 Y141.53 I-6.375 J15.305 E.13427
G1 X213.47 Y152.691 E.6276
G3 X213.667 Y155.141 I-20.358 J2.864 E.09781
G1 X199.865 Y141.34 E.77607
G2 X197.787 Y141.516 I-.005 J12.278 E.08302
G1 X213.482 Y157.21 E.88252
G3 X213.056 Y159.04 I-15.603 J-2.662 E.07471
G1 X195.96 Y141.944 E.96134
G2 X194.333 Y142.57 I5.017 J15.466 E.06939
G1 X212.43 Y160.667 E1.01766
G3 X211.65 Y162.142 I-10.541 J-4.63 E.06638
G1 X192.861 Y143.353 E1.05657
G2 X191.533 Y144.279 I5.563 J9.385 E.06443
G1 X210.725 Y163.471 E1.07917
G3 X209.661 Y164.661 I-9.285 J-7.229 E.06353
G1 X190.339 Y145.339 E1.08651
G2 X189.279 Y146.533 I7.674 J7.876 E.06355
G1 X208.467 Y165.721 E1.07894
G3 X207.139 Y166.647 I-6.891 J-8.459 E.06443
G1 X188.348 Y147.856 E1.05666
G2 X187.567 Y149.33 I11.506 J7.044 E.06634
G1 X205.672 Y167.435 E1.0181
G3 X204.04 Y168.056 I-13.3 J-32.479 E.06947
G1 X186.944 Y150.96 E.96134
G2 X186.518 Y152.79 I15.177 J4.491 E.07471
G1 X202.213 Y168.484 E.88252
G3 X200.141 Y168.667 I-2.44 J-15.823 E.08274
G1 X186.333 Y154.859 E.77644
G2 X186.537 Y157.317 I14.676 J.021 E.09819
G1 X197.683 Y168.463 E.62676
G3 X194.463 Y167.497 I2.204 J-13.198 E.13402
G1 X187.165 Y160.199 E.41039
; stop printing object 圆柱体 id:2235774478336 copy 0
; printing object 圆柱体 id:2235774478336 copy 0
G1 E-.9
G1 Z7.9 F7200
G1 X155.043 Y140.976 Z7.9
G1 Z7.5
G1 E.9 F2400
M205 X3 Y3
;TYPE:Inner wall
G1 X155.103 Y140.974 E.00237
G3 X150.3 Y141.785 I-.104 J14.022 E3.30867
G3 X154.022 Y141.008 I4.708 J13.262 E.15164
G1 X155.003 Y140.977 E.03906
M205 X7 Y7
G1 X154.75 Y140.586 F7200
M205 X3 Y3
G1 F2400
G1 X155.11 Y140.576 E.01432
G3 X152.992 Y140.714 I-.12 J14.425 E3.51944
G3 X153.994 Y140.611 I2.031 J14.803 E.04004
G1 X154.71 Y140.588 E.02849
M205 X7 Y7
G1 X154.583 Y140.193 F7200
M205 X3 Y3
G1 F2400
G1 X155.117 Y140.177 E.02124
G3 X152.937 Y140.319 I-.128 J14.823 E3.61651
G3 X153.966 Y140.213 I2.086 J15.201 E.04115
G1 X154.543 Y140.194 E.02296
M204 T500
G1 X154.12 Y139.753 F7200
;TYPE:Outer wall
G1 F1800
G1 X154.467 Y139.742 E.01382
G3 X155.125 Y139.727 I.718 J17.612 E.02616
G3 X152.348 Y139.957 I-.134 J15.273 E3.70475
M73 P25 R84
G3 X153.935 Y139.772 I2.838 J17.397 E.06358
G1 X154.08 Y139.757 E.0058
M204 T1000
M205 X7 Y7
G1 E-.9 F2400
G1 Z7.9 F7200
G1 X167.835 Y149.801 Z7.9
G1 Z7.5
G1 E.9 F2400
;TYPE:Sparse infill
G1 X160.537 Y142.503 E.41039
G2 X157.309 Y141.53 I-6.375 J15.305 E.13427
G1 X168.47 Y152.691 E.6276
G3 X168.667 Y155.141 I-20.358 J2.864 E.09781
G1 X154.865 Y141.34 E.77607
G2 X152.787 Y141.516 I-.005 J12.278 E.08302
G1 X168.482 Y157.21 E.88252
G3 X168.056 Y159.04 I-15.603 J-2.662 E.07471
G1 X150.96 Y141.944 E.96134
G2 X149.333 Y142.57 I5.017 J15.466 E.06939
G1 X167.43 Y160.667 E1.01766
G3 X166.65 Y162.142 I-10.541 J-4.63 E.06638
G1 X147.861 Y143.353 E1.05657
G2 X146.533 Y144.279 I5.563 J9.385 E.06443
G1 X165.725 Y163.471 E1.07917
G3 X164.661 Y164.661 I-9.285 J-7.229 E.06353
G1 X145.339 Y145.339 E1.08651
G2 X144.279 Y146.533 I7.674 J7.876 E.06355
G1 X163.467 Y165.721 E1.07894
G3 X162.139 Y166.647 I-6.891 J-8.459 E.06443
G1 X143.348 Y147.856 E1.05666
G2 X142.567 Y149.33 I11.506 J7.044 E.06634
M73 P26 R84
G1 X160.672 Y167.435 E1.0181
G3 X159.04 Y168.056 I-13.3 J-32.479 E.06947
G1 X141.944 Y150.96 E.96134
G2 X141.518 Y152.79 I15.177 J4.491 E.07471
G1 X157.213 Y168.484 E.88252
G3 X155.141 Y168.667 I-2.44 J-15.823 E.08274
G1 X141.333 Y154.859 E.77644
G2 X141.537 Y157.317 I14.676 J.021 E.09819
G1 X152.683 Y168.463 E.62676
G3 X149.463 Y167.497 I2.204 J-13.198 E.13402
G1 X142.165 Y160.199 E.41039
; stop printing object 圆柱体 id:2235774478336 copy 0
;LAYER_CHANGE
;Z:7.74
;HEIGHT:0.24
;BEFORE_LAYER_CHANGE
;7.74
G92 E0

;AFTER_LAYER_CHANGE
;7.74
;_SET_FAN_SPEED_CHANGING_LAYER
; printing object 圆柱体 id:2235774478336 copy 0
G1 E-.9 F2400
G1 Z8.14 F7200
G1 X200.048 Y140.976 Z8.14
G1 Z7.74
G1 E.9 F2400
M205 X3 Y3
;TYPE:Inner wall
G1 X200.107 Y140.974 E.00236
G3 X198.048 Y141.109 I-.117 J14.025 E3.42199
G3 X199.022 Y141.008 I1.975 J14.393 E.03894
G1 X200.008 Y140.977 E.03924
M205 X7 Y7
G1 X199.755 Y140.586 F7200
M205 X3 Y3
G1 F2400
G1 X200.114 Y140.576 E.01431
G3 X197.992 Y140.714 I-.125 J14.425 E3.51926
G3 X198.994 Y140.611 I2.03 J14.792 E.04004
G1 X199.715 Y140.588 E.02867
M205 X7 Y7
G1 X199.588 Y140.193 F7200
M205 X3 Y3
G1 F2400
G1 X200.121 Y140.177 E.02121
G3 X197.426 Y140.4 I-.13 J14.823 E3.59559
G3 X198.967 Y140.22 I2.754 J16.884 E.0617
G1 X199.548 Y140.195 E.02315
M204 T500
G1 X199.125 Y139.752 F7200
;TYPE:Outer wall
G1 F1800
G1 X199.467 Y139.742 E.01362
G3 X200.129 Y139.727 I.717 J17.596 E.02632
G3 X197.348 Y139.957 I-.138 J15.272 E3.70458
G3 X198.935 Y139.772 I2.836 J17.381 E.06358
G1 X199.085 Y139.756 E.00599
M204 T1000
M205 X7 Y7
G1 E-.9 F2400
G1 Z8.14 F7200
G1 X212.835 Y149.801 Z8.14
G1 Z7.74
G1 E.9 F2400
;TYPE:Sparse infill
G1 X205.538 Y142.504 E.41033
G2 X202.317 Y141.537 I-5.417 J12.197 E.13408
G1 X213.464 Y152.684 E.62683
G3 X213.667 Y155.141 I-14.594 J2.441 E.09814
G1 X199.865 Y141.34 E.77607
G2 X197.787 Y141.516 I-.008 J12.258 E.08303
G1 X213.484 Y157.213 E.88265
G3 X213.052 Y159.035 I-22.397 J-4.339 E.0745
G1 X195.96 Y141.944 E.96111
G2 X194.33 Y142.567 I10.427 J29.728 E.06943
G1 X212.43 Y160.667 E1.01783
G3 X211.65 Y162.142 I-10.541 J-4.63 E.06638
G1 X192.861 Y143.353 E1.05657
G2 X191.533 Y144.279 I5.563 J9.384 E.06443
G1 X210.725 Y163.471 E1.07917
G3 X209.661 Y164.661 I-9.286 J-7.229 E.06353
G1 X190.339 Y145.339 E1.08651
G2 X189.279 Y146.533 I7.674 J7.876 E.06355
G1 X208.467 Y165.721 E1.07894
G3 X207.139 Y166.647 I-6.891 J-8.458 E.06443
G1 X188.353 Y147.861 E1.05639
G2 X187.569 Y149.332 I11.989 J7.328 E.0663
G1 X205.672 Y167.435 E1.01796
G3 X204.04 Y168.056 I-13.297 J-32.471 E.06947
G1 X186.944 Y150.96 E.96134
G2 X186.518 Y152.79 I15.177 J4.491 E.07471
G1 X202.213 Y168.484 E.88252
G3 X200.141 Y168.667 I-2.44 J-15.823 E.08274
G1 X186.333 Y154.859 E.77644
G2 X186.537 Y157.317 I14.676 J.021 E.09819
G1 X197.683 Y168.463 E.62676
G3 X194.463 Y167.497 I2.204 J-13.199 E.13402
G1 X187.165 Y160.199 E.41039
; stop printing object 圆柱体 id:2235774478336 copy 0
; printing object 圆柱体 id:2235774478336 copy 0
G1 E-.9
G1 Z8.14 F7200
G1 X155.048 Y140.976 Z8.14
G1 Z7.74
G1 E.9 F2400
M205 X3 Y3
;TYPE:Inner wall
G1 X155.107 Y140.974 E.00236
G3 X153.048 Y141.109 I-.117 J14.025 E3.42199
G3 X154.022 Y141.008 I1.975 J14.393 E.03894
G1 X155.008 Y140.977 E.03924
M205 X7 Y7
G1 X154.755 Y140.586 F7200
M205 X3 Y3
G1 F2400
G1 X155.114 Y140.576 E.01431
G3 X152.992 Y140.714 I-.125 J14.425 E3.51926
G3 X153.994 Y140.611 I2.03 J14.792 E.04004
G1 X154.715 Y140.588 E.02867
M205 X7 Y7
G1 X154.588 Y140.193 F7200
M205 X3 Y3
G1 F2400
G1 X155.121 Y140.177 E.02121
G3 X152.426 Y140.4 I-.13 J14.823 E3.59559
G3 X153.967 Y140.22 I2.754 J16.884 E.0617
G1 X154.548 Y140.195 E.02315
M204 T500
G1 X154.125 Y139.752 F7200
;TYPE:Outer wall
G1 F1800
G1 X154.467 Y139.742 E.01362
G3 X155.129 Y139.727 I.717 J17.596 E.02632
G3 X152.348 Y139.957 I-.138 J15.272 E3.70458
G3 X153.935 Y139.772 I2.836 J17.381 E.06358
G1 X154.085 Y139.756 E.00599
M204 T1000
M205 X7 Y7
G1 E-.9 F2400
G1 Z8.14 F7200
G1 X167.835 Y149.801 Z8.14
G1 Z7.74
G1 E.9 F2400
;TYPE:Sparse infill
G1 X160.538 Y142.504 E.41033
G2 X157.317 Y141.537 I-5.417 J12.197 E.13408
G1 X168.464 Y152.684 E.62683
G3 X168.667 Y155.141 I-14.594 J2.441 E.09814
G1 X154.865 Y141.34 E.77607
G2 X152.787 Y141.516 I-.008 J12.258 E.08303
G1 X168.484 Y157.213 E.88265
G3 X168.052 Y159.035 I-22.397 J-4.339 E.0745
G1 X150.96 Y141.944 E.96111
G2 X149.33 Y142.567 I10.427 J29.728 E.06943
G1 X167.43 Y160.667 E1.01783
G3 X166.65 Y162.142 I-10.541 J-4.63 E.06638
G1 X147.861 Y143.353 E1.05657
G2 X146.533 Y144.279 I5.563 J9.384 E.06443
G1 X165.725 Y163.471 E1.07917
G3 X164.661 Y164.661 I-9.286 J-7.229 E.06353
G1 X145.339 Y145.339 E1.08651
G2 X144.279 Y146.533 I7.674 J7.876 E.06355
G1 X163.467 Y165.721 E1.07894
G3 X162.139 Y166.647 I-6.891 J-8.458 E.06443
G1 X143.353 Y147.861 E1.05639
G2 X142.569 Y149.332 I11.989 J7.328 E.0663
G1 X160.672 Y167.435 E1.01796
G3 X159.04 Y168.056 I-13.297 J-32.471 E.06947
G1 X141.944 Y150.96 E.96134
G2 X141.518 Y152.79 I15.177 J4.491 E.07471
M73 P26 R83
G1 X157.213 Y168.484 E.88252
G3 X155.141 Y168.667 I-2.44 J-15.823 E.08274
G1 X141.333 Y154.859 E.77644
G2 X141.537 Y157.317 I14.676 J.021 E.09819
G1 X152.683 Y168.463 E.62676
G3 X149.463 Y167.497 I2.204 J-13.199 E.13402
G1 X142.165 Y160.199 E.41039
; stop printing object 圆柱体 id:2235774478336 copy 0
;LAYER_CHANGE
;Z:7.98
;HEIGHT:0.24
;BEFORE_LAYER_CHANGE
;7.98
G92 E0

;AFTER_LAYER_CHANGE
;7.98
;_SET_FAN_SPEED_CHANGING_LAYER
; printing object 圆柱体 id:2235774478336 copy 0
G1 E-.9 F2400
G1 Z8.38 F7200
G1 X200.053 Y140.976 Z8.38
G1 Z7.98
G1 E.9 F2400
M205 X3 Y3
;TYPE:Inner wall
G1 X200.111 Y140.974 E.00231
G3 X198.048 Y141.109 I-.122 J14.026 E3.42186
G3 X199.022 Y141.008 I1.974 J14.381 E.03894
G1 X200.013 Y140.977 E.03946
M205 X7 Y7
G1 X199.76 Y140.586 F7200
M205 X3 Y3
G1 F2400
G1 X200.118 Y140.576 E.01425
G3 X197.992 Y140.714 I-.129 J14.425 E3.51909
G3 X198.994 Y140.611 I2.029 J14.78 E.04004
G1 X199.72 Y140.588 E.02889
M205 X7 Y7
G1 X199.594 Y140.193 F7200
M205 X3 Y3
G1 F2400
G1 X200.125 Y140.177 E.02115
G3 X197.426 Y140.4 I-.134 J14.823 E3.59546
G3 X198.967 Y140.22 I2.753 J16.868 E.0617
G1 X199.554 Y140.195 E.02338
M204 T500
G1 X199.131 Y139.752 F7200
;TYPE:Outer wall
G1 F1800
G1 X199.467 Y139.742 E.01338
G3 X200.133 Y139.727 I.715 J17.581 E.02649
G3 X197.348 Y139.957 I-.143 J15.273 E3.70445
G3 X198.935 Y139.772 I2.834 J17.365 E.06358
G1 X199.091 Y139.756 E.00623
M204 T1000
M205 X7 Y7
G1 E-.9 F2400
G1 Z8.38 F7200
G1 X212.835 Y149.801 Z8.38
G1 Z7.98
G1 E.9 F2400
;TYPE:Sparse infill
G1 X205.538 Y142.504 E.41033
G2 X202.309 Y141.53 I-6.369 J15.269 E.13432
G1 X213.464 Y152.684 E.62725
G3 X213.667 Y155.141 I-14.599 J2.441 E.09813
G1 X199.866 Y141.34 E.77606
G2 X197.787 Y141.516 I-.011 J12.238 E.08303
G1 X213.48 Y157.209 E.88244
G3 X213.056 Y159.04 I-20.49 J-3.777 E.07474
G1 X195.96 Y141.944 E.96134
G2 X194.333 Y142.57 I5.017 J15.466 E.06939
G1 X212.43 Y160.667 E1.01766
G3 X211.65 Y162.142 I-10.54 J-4.629 E.06638
M73 P27 R83
G1 X192.861 Y143.353 E1.05657
G2 X191.533 Y144.278 I5.694 J9.587 E.06444
G1 X210.725 Y163.471 E1.07922
G3 X209.661 Y164.661 I-9.285 J-7.229 E.06353
G1 X190.339 Y145.339 E1.08651
G2 X189.279 Y146.533 I7.674 J7.876 E.06355
G1 X208.467 Y165.721 E1.07894
G3 X207.139 Y166.647 I-6.891 J-8.458 E.06443
G1 X188.353 Y147.861 E1.05639
G2 X187.565 Y149.328 I13.688 J8.294 E.06622
G1 X205.672 Y167.435 E1.0182
G3 X204.04 Y168.056 I-13.298 J-32.474 E.06947
G1 X186.944 Y150.96 E.96134
G2 X186.518 Y152.79 I15.178 J4.491 E.07471
G1 X202.214 Y168.485 E.88261
G3 X200.141 Y168.667 I-2.459 J-16.186 E.0828
G1 X186.333 Y154.859 E.77644
G2 X186.53 Y157.309 I15.508 J-.009 E.09785
G1 X197.683 Y168.463 E.62718
G3 X194.463 Y167.497 I2.43 J-13.953 E.13398
G1 X187.164 Y160.198 E.41043
; stop printing object 圆柱体 id:2235774478336 copy 0
; printing object 圆柱体 id:2235774478336 copy 0
G1 E-.9
G1 Z8.38 F7200
G1 X155.053 Y140.976 Z8.38
G1 Z7.98
G1 E.9 F2400
M205 X3 Y3
;TYPE:Inner wall
G1 X155.111 Y140.974 E.00231
G3 X153.048 Y141.109 I-.122 J14.026 E3.42186
G3 X154.022 Y141.008 I1.974 J14.381 E.03894
G1 X155.013 Y140.977 E.03946
M205 X7 Y7
G1 X154.76 Y140.586 F7200
M205 X3 Y3
G1 F2400
G1 X155.118 Y140.576 E.01425
G3 X152.992 Y140.714 I-.129 J14.425 E3.51909
G3 X153.994 Y140.611 I2.029 J14.78 E.04004
G1 X154.72 Y140.588 E.02889
M205 X7 Y7
G1 X154.594 Y140.193 F7200
M205 X3 Y3
G1 F2400
G1 X155.125 Y140.177 E.02115
G3 X152.426 Y140.4 I-.134 J14.823 E3.59546
G3 X153.967 Y140.22 I2.753 J16.868 E.0617
G1 X154.554 Y140.195 E.02338
M204 T500
G1 X154.131 Y139.752 F7200
;TYPE:Outer wall
G1 F1800
G1 X154.467 Y139.742 E.01338
G3 X155.133 Y139.727 I.715 J17.581 E.02649
G3 X152.348 Y139.957 I-.143 J15.273 E3.70445
G3 X153.935 Y139.772 I2.834 J17.365 E.06358
G1 X154.091 Y139.756 E.00623
M204 T1000
M205 X7 Y7
G1 E-.9 F2400
G1 Z8.38 F7200
G1 X167.835 Y149.801 Z8.38
G1 Z7.98
G1 E.9 F2400
;TYPE:Sparse infill
G1 X160.538 Y142.504 E.41033
G2 X157.309 Y141.53 I-6.369 J15.269 E.13432
G1 X168.464 Y152.684 E.62725
G3 X168.667 Y155.141 I-14.599 J2.441 E.09813
G1 X154.866 Y141.34 E.77606
G2 X152.787 Y141.516 I-.011 J12.238 E.08303
G1 X168.48 Y157.209 E.88244
G3 X168.056 Y159.04 I-20.49 J-3.777 E.07474
G1 X150.96 Y141.944 E.96134
G2 X149.333 Y142.57 I5.017 J15.466 E.06939
G1 X167.43 Y160.667 E1.01766
G3 X166.65 Y162.142 I-10.54 J-4.629 E.06638
G1 X147.861 Y143.353 E1.05657
G2 X146.533 Y144.278 I5.694 J9.587 E.06444
G1 X165.725 Y163.471 E1.07922
G3 X164.661 Y164.661 I-9.285 J-7.229 E.06353
G1 X145.339 Y145.339 E1.08651
G2 X144.279 Y146.533 I7.674 J7.876 E.06355
G1 X163.467 Y165.721 E1.07894
G3 X162.139 Y166.647 I-6.891 J-8.458 E.06443
G1 X143.353 Y147.861 E1.05639
G2 X142.565 Y149.328 I13.688 J8.294 E.06622
G1 X160.672 Y167.435 E1.0182
G3 X159.04 Y168.056 I-13.298 J-32.474 E.06947
G1 X141.944 Y150.96 E.96134
G2 X141.518 Y152.79 I15.178 J4.491 E.07471
G1 X157.214 Y168.485 E.88261
G3 X155.141 Y168.667 I-2.459 J-16.186 E.0828
G1 X141.333 Y154.859 E.77644
G2 X141.53 Y157.309 I15.508 J-.009 E.09785
G1 X152.683 Y168.463 E.62718
G3 X149.463 Y167.497 I2.43 J-13.953 E.13398
G1 X142.164 Y160.198 E.41043
; stop printing object 圆柱体 id:2235774478336 copy 0
;LAYER_CHANGE
;Z:8.22
;HEIGHT:0.24
;BEFORE_LAYER_CHANGE
;8.22
G92 E0

;AFTER_LAYER_CHANGE
;8.22
;_SET_FAN_SPEED_CHANGING_LAYER
; printing object 圆柱体 id:2235774478336 copy 0
G1 E-.9 F2400
G1 Z8.62 F7200
G1 X200.06 Y140.976 Z8.62
G1 Z8.22
G1 E.9 F2400
M205 X3 Y3
;TYPE:Inner wall
G1 X200.116 Y140.974 E.00223
G3 X198.048 Y141.109 I-.126 J14.026 E3.42189
G3 X199.022 Y141.008 I1.973 J14.37 E.03894
G1 X200.02 Y140.977 E.03971
M205 X7 Y7
G1 X199.766 Y140.586 F7200
M205 X3 Y3
G1 F2400
G1 X200.123 Y140.576 E.01417
G3 X197.495 Y140.793 I-.131 J14.424 E3.49885
G3 X198.994 Y140.618 I2.678 J16.412 E.06004
G1 X199.726 Y140.588 E.02914
M205 X7 Y7
G1 X199.611 Y140.183 F7200
M205 X3 Y3
G1 F2400
G1 X200.13 Y140.177 E.02064
G3 X197.426 Y140.4 I-.139 J14.823 E3.59537
G3 X199.483 Y140.191 I2.751 J16.853 E.08227
G1 X199.571 Y140.185 E.0035
M204 T500
G1 X199.137 Y139.752 F7200
;TYPE:Outer wall
G1 F1800
G1 X199.467 Y139.742 E.01312
G3 X200.137 Y139.727 I.713 J17.565 E.02666
G3 X197.348 Y139.957 I-.147 J15.273 E3.70436
M73 P27 R82
G3 X198.935 Y139.772 I2.833 J17.35 E.06358
G1 X199.098 Y139.756 E.00649
M204 T1000
M205 X7 Y7
G1 E-.9 F2400
G1 Z8.62 F7200
G1 X212.835 Y149.801 Z8.62
G1 Z8.22
G1 E.9 F2400
;TYPE:Sparse infill
G1 X205.538 Y142.504 E.41033
G2 X202.317 Y141.537 I-5.417 J12.197 E.13408
G1 X213.47 Y152.691 E.62718
G3 X213.667 Y155.141 I-20.357 J2.864 E.09781
G1 X199.866 Y141.34 E.77605
G2 X197.787 Y141.516 I-.013 J12.218 E.08304
G1 X213.482 Y157.21 E.88252
G3 X213.056 Y159.04 I-15.602 J-2.662 E.07471
G1 X195.96 Y141.944 E.96134
G2 X194.33 Y142.567 I10.428 J29.73 E.06943
G1 X212.43 Y160.667 E1.01783
G3 X211.65 Y162.142 I-10.54 J-4.629 E.06638
G1 X192.861 Y143.353 E1.05657
G2 X191.533 Y144.279 I5.563 J9.384 E.06443
G1 X210.725 Y163.471 E1.07917
G3 X209.661 Y164.661 I-9.285 J-7.229 E.06353
G1 X190.339 Y145.339 E1.08651
G2 X189.279 Y146.533 I7.674 J7.877 E.06355
G1 X208.472 Y165.726 E1.07923
G3 X207.139 Y166.647 I-10.83 J-14.24 E.06445
G1 X188.348 Y147.856 E1.05666
G2 X187.565 Y149.328 I16.163 J9.543 E.06629
G1 X205.672 Y167.435 E1.0182
G3 X204.037 Y168.054 I-11.479 J-27.871 E.06954
G1 X186.944 Y150.96 E.96118
G2 X186.518 Y152.79 I15.177 J4.491 E.07471
G1 X202.214 Y168.486 E.88262
G3 X200.141 Y168.667 I-2.46 J-16.202 E.0828
G1 X186.333 Y154.859 E.77644
G2 X186.536 Y157.316 I14.807 J.016 E.09813
G1 X197.683 Y168.463 E.62683
G3 X194.462 Y167.496 I2.196 J-13.164 E.13408
G1 X187.164 Y160.198 E.41036
; stop printing object 圆柱体 id:2235774478336 copy 0
; printing object 圆柱体 id:2235774478336 copy 0
G1 E-.9
G1 Z8.62 F7200
G1 X155.06 Y140.976 Z8.62
G1 Z8.22
G1 E.9 F2400
M205 X3 Y3
;TYPE:Inner wall
G1 X155.116 Y140.974 E.00223
G3 X153.048 Y141.109 I-.126 J14.026 E3.42189
G3 X154.022 Y141.008 I1.973 J14.37 E.03894
G1 X155.02 Y140.977 E.03971
M205 X7 Y7
G1 X154.766 Y140.586 F7200
M205 X3 Y3
G1 F2400
G1 X155.123 Y140.576 E.01417
G3 X152.495 Y140.793 I-.131 J14.424 E3.49885
G3 X153.994 Y140.618 I2.678 J16.412 E.06004
G1 X154.726 Y140.588 E.02914
M205 X7 Y7
G1 X154.611 Y140.183 F7200
M205 X3 Y3
G1 F2400
G1 X155.13 Y140.177 E.02064
G3 X152.426 Y140.4 I-.139 J14.823 E3.59537
G3 X154.483 Y140.191 I2.751 J16.853 E.08227
G1 X154.571 Y140.185 E.0035
M204 T500
G1 X154.137 Y139.752 F7200
;TYPE:Outer wall
G1 F1800
G1 X154.467 Y139.742 E.01312
G3 X155.137 Y139.727 I.713 J17.565 E.02666
G3 X152.348 Y139.957 I-.147 J15.273 E3.70436
G3 X153.935 Y139.772 I2.833 J17.35 E.06358
G1 X154.098 Y139.756 E.00649
M204 T1000
M205 X7 Y7
G1 E-.9 F2400
G1 Z8.62 F7200
G1 X167.835 Y149.801 Z8.62
M73 P28 R82
G1 Z8.22
G1 E.9 F2400
;TYPE:Sparse infill
G1 X160.538 Y142.504 E.41033
G2 X157.317 Y141.537 I-5.417 J12.197 E.13408
G1 X168.47 Y152.691 E.62718
G3 X168.667 Y155.141 I-20.357 J2.864 E.09781
G1 X154.866 Y141.34 E.77605
G2 X152.787 Y141.516 I-.013 J12.218 E.08304
G1 X168.482 Y157.21 E.88252
G3 X168.056 Y159.04 I-15.602 J-2.662 E.07471
G1 X150.96 Y141.944 E.96134
G2 X149.33 Y142.567 I10.428 J29.73 E.06943
G1 X167.43 Y160.667 E1.01783
G3 X166.65 Y162.142 I-10.54 J-4.629 E.06638
G1 X147.861 Y143.353 E1.05657
G2 X146.533 Y144.279 I5.563 J9.384 E.06443
G1 X165.725 Y163.471 E1.07917
G3 X164.661 Y164.661 I-9.285 J-7.229 E.06353
G1 X145.339 Y145.339 E1.08651
G2 X144.279 Y146.533 I7.674 J7.877 E.06355
G1 X163.472 Y165.726 E1.07923
G3 X162.139 Y166.647 I-10.83 J-14.24 E.06445
G1 X143.348 Y147.856 E1.05666
G2 X142.565 Y149.328 I16.163 J9.543 E.06629
G1 X160.672 Y167.435 E1.0182
G3 X159.037 Y168.054 I-11.479 J-27.871 E.06954
G1 X141.944 Y150.96 E.96118
G2 X141.518 Y152.79 I15.177 J4.491 E.07471
G1 X157.214 Y168.486 E.88262
G3 X155.141 Y168.667 I-2.46 J-16.202 E.0828
G1 X141.333 Y154.859 E.77644
G2 X141.536 Y157.316 I14.807 J.016 E.09813
G1 X152.683 Y168.463 E.62683
G3 X149.462 Y167.496 I2.196 J-13.164 E.13408
G1 X142.164 Y160.198 E.41036
; stop printing object 圆柱体 id:2235774478336 copy 0
;LAYER_CHANGE
;Z:8.46
;HEIGHT:0.24
;BEFORE_LAYER_CHANGE
;8.46
G92 E0

;AFTER_LAYER_CHANGE
;8.46
;_SET_FAN_SPEED_CHANGING_LAYER
; printing object 圆柱体 id:2235774478336 copy 0
G1 E-.9 F2400
G1 Z8.86 F7200
G1 X200.067 Y140.976 Z8.86
G1 Z8.46
G1 E.9 F2400
M205 X3 Y3
;TYPE:Inner wall
G1 X200.12 Y140.974 E.00211
G3 X198.048 Y141.109 I-.131 J14.026 E3.42172
G3 X199.022 Y141.008 I1.972 J14.36 E.03894
G1 X200.027 Y140.977 E.03999
M205 X7 Y7
G1 X199.774 Y140.586 F7200
M205 X3 Y3
G1 F2400
G1 X200.127 Y140.576 E.01405
G3 X197.495 Y140.793 I-.136 J14.424 E3.49868
G3 X198.994 Y140.618 I2.676 J16.396 E.06004
G1 X199.734 Y140.588 E.02942
M205 X7 Y7
G1 X199.618 Y140.183 F7200
M205 X3 Y3
G1 F2400
G1 X200.134 Y140.177 E.0205
G3 X197.426 Y140.4 I-.143 J14.823 E3.5952
G3 X199.483 Y140.191 I2.749 J16.837 E.08227
G1 X199.578 Y140.185 E.0038
M204 T500
G1 X199.145 Y139.751 F7200
;TYPE:Outer wall
G1 F1800
G1 X199.467 Y139.742 E.01282
G3 X200.142 Y139.728 I.711 J17.55 E.02682
G3 X197.348 Y139.957 I-.151 J15.273 E3.70429
G3 X198.935 Y139.772 I2.831 J17.335 E.06358
G1 X199.105 Y139.755 E.0068
M204 T1000
M205 X7 Y7
G1 E-.9 F2400
G1 Z8.86 F7200
G1 X212.836 Y149.802 Z8.86
G1 Z8.46
G1 E.9 F2400
;TYPE:Sparse infill
G1 X205.537 Y142.503 E.41043
G2 X202.309 Y141.53 I-6.375 J15.305 E.13427
G1 X213.47 Y152.69 E.62759
G3 X213.667 Y155.141 I-15.28 J2.459 E.09787
G1 X199.866 Y141.341 E.77604
G2 X197.787 Y141.516 I-.016 J12.199 E.08305
G1 X213.484 Y157.213 E.88265
G3 X213.056 Y159.04 I-25.533 J-5.01 E.07462
G1 X195.96 Y141.944 E.96134
G2 X194.33 Y142.567 I10.428 J29.729 E.06943
G1 X212.43 Y160.667 E1.01783
G3 X211.65 Y162.142 I-10.541 J-4.63 E.06638
G1 X192.86 Y143.352 E1.0566
G2 X191.528 Y144.274 I11.538 J18.09 E.06443
G1 X210.725 Y163.471 E1.07946
G3 X209.661 Y164.661 I-9.286 J-7.229 E.06353
G1 X190.339 Y145.339 E1.08651
G2 X189.279 Y146.533 I7.674 J7.876 E.06355
G1 X208.467 Y165.721 E1.07894
G3 X207.144 Y166.652 I-10.498 J-13.507 E.06435
G1 X188.353 Y147.861 E1.05666
G2 X187.569 Y149.332 I12.015 J7.344 E.0663
M73 P28 R81
G1 X205.67 Y167.433 E1.01787
G3 X204.04 Y168.056 I-12.06 J-29.11 E.06943
G1 X186.944 Y150.96 E.96134
G2 X186.518 Y152.79 I15.178 J4.492 E.07471
G1 X202.213 Y168.484 E.88252
G3 X200.141 Y168.667 I-2.44 J-15.823 E.08274
G1 X186.333 Y154.859 E.77644
G2 X186.537 Y157.317 I14.676 J.021 E.09819
G1 X197.683 Y168.463 E.62676
G3 X194.463 Y167.497 I2.204 J-13.199 E.13402
G1 X187.164 Y160.198 E.41043
; stop printing object 圆柱体 id:2235774478336 copy 0
; printing object 圆柱体 id:2235774478336 copy 0
G1 E-.9
G1 Z8.86 F7200
G1 X155.067 Y140.976 Z8.86
G1 Z8.46
G1 E.9 F2400
M205 X3 Y3
;TYPE:Inner wall
G1 X155.12 Y140.974 E.00211
G3 X153.048 Y141.109 I-.131 J14.026 E3.42172
G3 X154.022 Y141.008 I1.972 J14.36 E.03894
G1 X155.027 Y140.977 E.03999
M205 X7 Y7
G1 X154.774 Y140.586 F7200
M205 X3 Y3
G1 F2400
G1 X155.127 Y140.576 E.01405
G3 X152.495 Y140.793 I-.136 J14.424 E3.49868
G3 X153.994 Y140.618 I2.676 J16.396 E.06004
G1 X154.734 Y140.588 E.02942
M205 X7 Y7
G1 X154.618 Y140.183 F7200
M205 X3 Y3
G1 F2400
G1 X155.134 Y140.177 E.0205
G3 X152.426 Y140.4 I-.143 J14.823 E3.5952
G3 X154.483 Y140.191 I2.749 J16.837 E.08227
G1 X154.578 Y140.185 E.0038
M204 T500
G1 X154.145 Y139.751 F7200
;TYPE:Outer wall
G1 F1800
G1 X154.467 Y139.742 E.01282
G3 X155.142 Y139.728 I.711 J17.55 E.02682
G3 X152.348 Y139.957 I-.151 J15.273 E3.70429
G3 X153.935 Y139.772 I2.831 J17.335 E.06358
G1 X154.105 Y139.755 E.0068
M204 T1000
M205 X7 Y7
G1 E-.9 F2400
G1 Z8.86 F7200
G1 X167.836 Y149.802 Z8.86
G1 Z8.46
G1 E.9 F2400
;TYPE:Sparse infill
G1 X160.537 Y142.503 E.41043
G2 X157.309 Y141.53 I-6.375 J15.305 E.13427
G1 X168.47 Y152.69 E.62759
G3 X168.667 Y155.141 I-15.28 J2.459 E.09787
G1 X154.866 Y141.341 E.77604
G2 X152.787 Y141.516 I-.016 J12.199 E.08305
G1 X168.484 Y157.213 E.88265
G3 X168.056 Y159.04 I-25.533 J-5.01 E.07462
G1 X150.96 Y141.944 E.96134
G2 X149.33 Y142.567 I10.428 J29.729 E.06943
G1 X167.43 Y160.667 E1.01783
G3 X166.65 Y162.142 I-10.541 J-4.63 E.06638
G1 X147.86 Y143.352 E1.0566
G2 X146.528 Y144.274 I11.538 J18.09 E.06443
G1 X165.725 Y163.471 E1.07946
G3 X164.661 Y164.661 I-9.286 J-7.229 E.06353
G1 X145.339 Y145.339 E1.08651
G2 X144.279 Y146.533 I7.674 J7.876 E.06355
G1 X163.467 Y165.721 E1.07894
G3 X162.144 Y166.652 I-10.498 J-13.507 E.06435
G1 X143.353 Y147.861 E1.05666
G2 X142.569 Y149.332 I12.015 J7.344 E.0663
G1 X160.67 Y167.433 E1.01787
G3 X159.04 Y168.056 I-12.06 J-29.11 E.06943
G1 X141.944 Y150.96 E.96134
G2 X141.518 Y152.79 I15.178 J4.492 E.07471
G1 X157.213 Y168.484 E.88252
G3 X155.141 Y168.667 I-2.44 J-15.823 E.08274
G1 X141.333 Y154.859 E.77644
G2 X141.537 Y157.317 I14.676 J.021 E.09819
G1 X152.683 Y168.463 E.62676
G3 X149.463 Y167.497 I2.204 J-13.199 E.13402
G1 X142.164 Y160.198 E.41043
; stop printing object 圆柱体 id:2235774478336 copy 0
;LAYER_CHANGE
;Z:8.7
;HEIGHT:0.24
;BEFORE_LAYER_CHANGE
;8.7
G92 E0

;AFTER_LAYER_CHANGE
;8.7
;_SET_FAN_SPEED_CHANGING_LAYER
; printing object 圆柱体 id:2235774478336 copy 0
G1 E-.9 F2400
G1 Z9.1 F7200
G1 X200.075 Y140.976 Z9.1
G1 Z8.7
G1 E.9 F2400
M205 X3 Y3
;TYPE:Inner wall
G1 X200.124 Y140.974 E.00196
G3 X197.564 Y141.185 I-.133 J14.026 E3.40205
G3 X199.022 Y141.015 I2.602 J15.941 E.05839
G1 X200.035 Y140.977 E.04029
M205 X7 Y7
G1 X199.782 Y140.586 F7200
M205 X3 Y3
G1 F2400
G1 X200.131 Y140.576 E.0139
G3 X197.495 Y140.793 I-.14 J14.425 E3.49861
G3 X198.994 Y140.618 I2.675 J16.381 E.06004
G1 X199.742 Y140.588 E.02974
M205 X7 Y7
G1 X199.627 Y140.183 F7200
M205 X3 Y3
G1 F2400
G1 X200.138 Y140.178 E.02034
G3 X197.426 Y140.4 I-.148 J14.823 E3.59513
M73 P29 R81
G3 X199.483 Y140.191 I2.747 J16.822 E.08227
G1 X199.587 Y140.185 E.00413
M204 T500
G1 X199.153 Y139.751 F7200
;TYPE:Outer wall
G1 F1800
G1 X199.467 Y139.742 E.01248
G3 X200.146 Y139.728 I.709 J17.536 E.02699
G3 X197.348 Y139.957 I-.156 J15.273 E3.70412
G3 X198.935 Y139.772 I2.829 J17.32 E.06358
G1 X199.114 Y139.755 E.00713
M204 T1000
M205 X7 Y7
G1 E-.9 F2400
G1 Z9.1 F7200
G1 X212.835 Y149.801 Z9.1
G1 Z8.7
G1 E.9 F2400
;TYPE:Sparse infill
G1 X205.538 Y142.504 E.41033
G2 X202.317 Y141.537 I-5.417 J12.197 E.13408
G1 X213.47 Y152.691 E.62718
G3 X213.667 Y155.141 I-20.357 J2.864 E.09781
G1 X199.866 Y141.341 E.77603
G2 X197.787 Y141.516 I-.019 J12.179 E.08305
G1 X213.482 Y157.21 E.88252
G3 X213.056 Y159.04 I-15.603 J-2.662 E.07471
G1 X195.96 Y141.944 E.96134
G2 X194.33 Y142.567 I10.428 J29.729 E.06943
G1 X212.43 Y160.667 E1.01783
G3 X211.652 Y162.144 I-14.532 J-6.716 E.06638
G1 X192.858 Y143.35 E1.05683
G2 X191.529 Y144.275 I21.796 J32.705 E.06439
G1 X210.725 Y163.471 E1.07941
G3 X209.661 Y164.661 I-9.285 J-7.229 E.06353
G1 X190.339 Y145.339 E1.08651
G2 X189.279 Y146.533 I7.674 J7.877 E.06355
G1 X208.467 Y165.721 E1.07894
G3 X207.139 Y166.647 I-6.891 J-8.458 E.06443
G1 X188.348 Y147.856 E1.05666
G2 X187.565 Y149.328 I16.163 J9.543 E.06629
G1 X205.672 Y167.435 E1.0182
G3 X204.04 Y168.056 I-13.301 J-32.481 E.06947
G1 X186.944 Y150.96 E.96134
G2 X186.518 Y152.79 I15.177 J4.491 E.07471
G1 X202.213 Y168.484 E.88252
G3 X200.141 Y168.667 I-2.44 J-15.823 E.08274
G1 X186.333 Y154.859 E.77644
G2 X186.537 Y157.317 I14.676 J.021 E.09819
G1 X197.683 Y168.463 E.62676
G3 X194.463 Y167.497 I2.204 J-13.199 E.13402
G1 X187.164 Y160.198 E.41043
; stop printing object 圆柱体 id:2235774478336 copy 0
; printing object 圆柱体 id:2235774478336 copy 0
G1 E-.9
G1 Z9.1 F7200
G1 X155.075 Y140.976 Z9.1
G1 Z8.7
G1 E.9 F2400
M205 X3 Y3
;TYPE:Inner wall
G1 X155.124 Y140.974 E.00196
G3 X152.564 Y141.185 I-.133 J14.026 E3.40205
G3 X154.022 Y141.015 I2.602 J15.941 E.05839
G1 X155.035 Y140.977 E.04029
M205 X7 Y7
G1 X154.782 Y140.586 F7200
M205 X3 Y3
G1 F2400
G1 X155.131 Y140.576 E.0139
G3 X152.495 Y140.793 I-.14 J14.425 E3.49861
G3 X153.994 Y140.618 I2.675 J16.381 E.06004
G1 X154.742 Y140.588 E.02974
M205 X7 Y7
G1 X154.627 Y140.183 F7200
M205 X3 Y3
G1 F2400
G1 X155.138 Y140.178 E.02034
G3 X152.426 Y140.4 I-.148 J14.823 E3.59513
M73 P29 R80
G3 X154.483 Y140.191 I2.747 J16.822 E.08227
G1 X154.587 Y140.185 E.00413
M204 T500
G1 X154.153 Y139.751 F7200
;TYPE:Outer wall
G1 F1800
G1 X154.467 Y139.742 E.01248
G3 X155.146 Y139.728 I.709 J17.536 E.02699
G3 X152.348 Y139.957 I-.156 J15.273 E3.70412
G3 X153.935 Y139.772 I2.829 J17.32 E.06358
G1 X154.114 Y139.755 E.00713
M204 T1000
M205 X7 Y7
G1 E-.9 F2400
G1 Z9.1 F7200
G1 X167.835 Y149.801 Z9.1
G1 Z8.7
G1 E.9 F2400
;TYPE:Sparse infill
G1 X160.538 Y142.504 E.41033
G2 X157.317 Y141.537 I-5.417 J12.197 E.13408
G1 X168.47 Y152.691 E.62718
G3 X168.667 Y155.141 I-20.357 J2.864 E.09781
G1 X154.866 Y141.341 E.77603
G2 X152.787 Y141.516 I-.019 J12.179 E.08305
G1 X168.482 Y157.21 E.88252
G3 X168.056 Y159.04 I-15.603 J-2.662 E.07471
G1 X150.96 Y141.944 E.96134
G2 X149.33 Y142.567 I10.428 J29.729 E.06943
G1 X167.43 Y160.667 E1.01783
G3 X166.652 Y162.144 I-14.532 J-6.716 E.06638
G1 X147.858 Y143.35 E1.05683
G2 X146.529 Y144.275 I21.796 J32.705 E.06439
G1 X165.725 Y163.471 E1.07941
G3 X164.661 Y164.661 I-9.285 J-7.229 E.06353
G1 X145.339 Y145.339 E1.08651
G2 X144.279 Y146.533 I7.674 J7.877 E.06355
G1 X163.467 Y165.721 E1.07894
G3 X162.139 Y166.647 I-6.891 J-8.458 E.06443
G1 X143.348 Y147.856 E1.05666
G2 X142.565 Y149.328 I16.163 J9.543 E.06629
G1 X160.672 Y167.435 E1.0182
G3 X159.04 Y168.056 I-13.301 J-32.481 E.06947
G1 X141.944 Y150.96 E.96134
G2 X141.518 Y152.79 I15.177 J4.491 E.07471
G1 X157.213 Y168.484 E.88252
G3 X155.141 Y168.667 I-2.44 J-15.823 E.08274
G1 X141.333 Y154.859 E.77644
G2 X141.537 Y157.317 I14.676 J.021 E.09819
G1 X152.683 Y168.463 E.62676
G3 X149.463 Y167.497 I2.204 J-13.199 E.13402
G1 X142.164 Y160.198 E.41043
; stop printing object 圆柱体 id:2235774478336 copy 0
;LAYER_CHANGE
;Z:8.94
;HEIGHT:0.24
;BEFORE_LAYER_CHANGE
;8.94
G92 E0

;AFTER_LAYER_CHANGE
;8.94
;_SET_FAN_SPEED_CHANGING_LAYER
; printing object 圆柱体 id:2235774478336 copy 0
G1 E-.9 F2400
G1 Z9.34 F7200
G1 X200.083 Y140.976 Z9.34
G1 Z8.94
G1 E.9 F2400
M205 X3 Y3
;TYPE:Inner wall
G1 X200.128 Y140.974 E.00178
G3 X197.564 Y141.185 I-.137 J14.026 E3.40188
G3 X199.022 Y141.015 I2.6 J15.925 E.05839
G1 X200.043 Y140.977 E.04064
M205 X7 Y7
G1 X199.79 Y140.586 F7200
M205 X3 Y3
G1 F2400
G1 X200.135 Y140.576 E.01371
G3 X197.495 Y140.793 I-.145 J14.424 E3.49827
G3 X198.994 Y140.618 I2.673 J16.366 E.06004
G1 X199.75 Y140.588 E.03009
M205 X7 Y7
G1 X199.636 Y140.183 F7200
M205 X3 Y3
G1 F2400
G1 X200.142 Y140.178 E.02014
G3 X197.426 Y140.4 I-.152 J14.822 E3.59478
G3 X199.483 Y140.191 I2.746 J16.808 E.08227
G1 X199.596 Y140.185 E.00449
M204 T500
G1 X199.163 Y139.75 F7200
;TYPE:Outer wall
G1 F1800
G1 X199.467 Y139.742 E.01212
G3 X200.15 Y139.728 I.708 J17.521 E.02716
G3 X197.348 Y139.957 I-.16 J15.273 E3.70395
G3 X198.935 Y139.772 I2.828 J17.306 E.06358
G1 X199.123 Y139.754 E.00749
M204 T1000
M205 X7 Y7
G1 E-.9 F2400
G1 Z9.34 F7200
G1 X212.835 Y149.801 Z9.34
G1 Z8.94
G1 E.9 F2400
;TYPE:Sparse infill
G1 X205.538 Y142.504 E.41033
G2 X202.309 Y141.53 I-6.369 J15.269 E.13432
G1 X213.47 Y152.691 E.6276
G3 X213.667 Y155.141 I-20.358 J2.864 E.09781
G1 X199.866 Y141.341 E.77603
G2 X197.787 Y141.516 I-.021 J12.16 E.08306
G1 X213.48 Y157.208 E.88241
G3 X213.056 Y159.04 I-19.946 J-3.644 E.07475
G1 X195.96 Y141.944 E.96134
G2 X194.333 Y142.57 I5.016 J15.465 E.06939
G1 X212.43 Y160.667 E1.01766
G3 X211.65 Y162.142 I-10.541 J-4.63 E.06638
G1 X192.856 Y143.348 E1.05683
G2 X191.529 Y144.275 I25.321 J37.656 E.06437
G1 X210.725 Y163.471 E1.07941
G3 X209.661 Y164.661 I-9.285 J-7.229 E.06353
G1 X190.339 Y145.339 E1.08651
G2 X189.275 Y146.529 I7.98 J8.203 E.06353
G1 X208.467 Y165.721 E1.07917
G3 X207.144 Y166.652 I-10.497 J-13.506 E.06435
G1 X188.353 Y147.861 E1.05666
G2 X187.567 Y149.33 I9.708 J6.139 E.06628
G1 X205.67 Y167.433 E1.018
G3 X204.04 Y168.056 I-12.088 J-29.183 E.06943
G1 X186.944 Y150.96 E.96134
G2 X186.518 Y152.79 I15.178 J4.491 E.07471
G1 X202.213 Y168.484 E.88252
G3 X200.141 Y168.667 I-2.44 J-15.823 E.08274
G1 X186.333 Y154.859 E.77644
G2 X186.53 Y157.31 I15.445 J-.007 E.09788
G1 X197.683 Y168.463 E.62715
G3 X194.463 Y167.497 I2.204 J-13.199 E.13402
G1 X187.164 Y160.198 E.41043
; stop printing object 圆柱体 id:2235774478336 copy 0
; printing object 圆柱体 id:2235774478336 copy 0
G1 E-.9
G1 Z9.34 F7200
G1 X155.083 Y140.976 Z9.34
G1 Z8.94
G1 E.9 F2400
M205 X3 Y3
;TYPE:Inner wall
G1 X155.128 Y140.974 E.00178
G3 X152.564 Y141.185 I-.137 J14.026 E3.40188
M73 P30 R80
G3 X154.022 Y141.015 I2.6 J15.925 E.05839
G1 X155.043 Y140.977 E.04064
M205 X7 Y7
G1 X154.79 Y140.586 F7200
M205 X3 Y3
G1 F2400
G1 X155.135 Y140.576 E.01371
G3 X152.495 Y140.793 I-.145 J14.424 E3.49827
G3 X153.994 Y140.618 I2.673 J16.366 E.06004
G1 X154.75 Y140.588 E.03009
M205 X7 Y7
G1 X154.636 Y140.183 F7200
M205 X3 Y3
G1 F2400
G1 X155.142 Y140.178 E.02014
G3 X152.426 Y140.4 I-.152 J14.822 E3.59478
G3 X154.483 Y140.191 I2.746 J16.808 E.08227
G1 X154.596 Y140.185 E.00449
M204 T500
G1 X154.163 Y139.75 F7200
;TYPE:Outer wall
G1 F1800
G1 X154.467 Y139.742 E.01212
G3 X155.15 Y139.728 I.708 J17.521 E.02716
G3 X152.348 Y139.957 I-.16 J15.273 E3.70395
G3 X153.935 Y139.772 I2.828 J17.306 E.06358
G1 X154.123 Y139.754 E.00749
M204 T1000
M205 X7 Y7
G1 E-.9 F2400
G1 Z9.34 F7200
G1 X167.835 Y149.801 Z9.34
G1 Z8.94
G1 E.9 F2400
;TYPE:Sparse infill
G1 X160.538 Y142.504 E.41033
G2 X157.309 Y141.53 I-6.369 J15.269 E.13432
G1 X168.47 Y152.691 E.6276
G3 X168.667 Y155.141 I-20.358 J2.864 E.09781
G1 X154.866 Y141.341 E.77603
G2 X152.787 Y141.516 I-.021 J12.16 E.08306
G1 X168.48 Y157.208 E.88241
G3 X168.056 Y159.04 I-19.946 J-3.644 E.07475
G1 X150.96 Y141.944 E.96134
G2 X149.333 Y142.57 I5.016 J15.465 E.06939
G1 X167.43 Y160.667 E1.01766
G3 X166.65 Y162.142 I-10.541 J-4.63 E.06638
G1 X147.856 Y143.348 E1.05683
G2 X146.529 Y144.275 I25.321 J37.656 E.06437
G1 X165.725 Y163.471 E1.07941
G3 X164.661 Y164.661 I-9.285 J-7.229 E.06353
G1 X145.339 Y145.339 E1.08651
G2 X144.275 Y146.529 I7.98 J8.203 E.06353
M73 P30 R79
G1 X163.467 Y165.721 E1.07917
G3 X162.144 Y166.652 I-10.497 J-13.506 E.06435
G1 X143.353 Y147.861 E1.05666
G2 X142.567 Y149.33 I9.708 J6.139 E.06628
G1 X160.67 Y167.433 E1.018
G3 X159.04 Y168.056 I-12.088 J-29.183 E.06943
G1 X141.944 Y150.96 E.96134
G2 X141.518 Y152.79 I15.178 J4.491 E.07471
G1 X157.213 Y168.484 E.88252
G3 X155.141 Y168.667 I-2.44 J-15.823 E.08274
G1 X141.333 Y154.859 E.77644
G2 X141.53 Y157.31 I15.445 J-.007 E.09788
G1 X152.683 Y168.463 E.62715
G3 X149.463 Y167.497 I2.204 J-13.199 E.13402
G1 X142.164 Y160.198 E.41043
; stop printing object 圆柱体 id:2235774478336 copy 0
;LAYER_CHANGE
;Z:9.18
;HEIGHT:0.240001
;BEFORE_LAYER_CHANGE
;9.18
G92 E0

;AFTER_LAYER_CHANGE
;9.18
;_SET_FAN_SPEED_CHANGING_LAYER
; printing object 圆柱体 id:2235774478336 copy 0
G1 E-.9 F2400
G1 Z9.58 F7200
G1 X200.093 Y140.976 Z9.58
G1 Z9.18
G1 E.9 F2400
M205 X3 Y3
;TYPE:Inner wall
G1 X200.132 Y140.975 E.00157
G3 X197.564 Y141.185 I-.142 J14.026 E3.40162
G3 X199.022 Y141.015 I2.599 J15.91 E.05839
G1 X200.053 Y140.977 E.04102
M205 X7 Y7
G1 X199.8 Y140.586 F7200
M205 X3 Y3
G1 F2400
G1 X200.139 Y140.576 E.0135
G3 X197.495 Y140.793 I-.149 J14.424 E3.49814
G3 X198.994 Y140.618 I2.671 J16.352 E.06004
G1 X199.76 Y140.587 E.03047
M205 X7 Y7
G1 X199.646 Y140.183 F7200
M205 X3 Y3
G1 F2400
G1 X200.146 Y140.178 E.01991
G3 X197.426 Y140.4 I-.156 J14.823 E3.59466
G3 X199.483 Y140.192 I2.744 J16.793 E.08227
G1 X199.606 Y140.185 E.00489
M204 T500
G1 X199.172 Y139.75 F7200
;TYPE:Outer wall
G1 F1800
G1 X199.467 Y139.742 E.01173
G3 X200.154 Y139.728 I.706 J17.507 E.02732
G3 X197.348 Y139.957 I-.165 J15.273 E3.70378
G3 X198.935 Y139.772 I2.826 J17.292 E.06358
G1 X199.133 Y139.753 E.00788
M204 T1000
M205 X7 Y7
G1 E-.9 F2400
G1 Z9.58 F7200
G1 X212.835 Y149.801 Z9.58
G1 Z9.18
G1 E.9 F2400
;TYPE:Sparse infill
G1 X205.538 Y142.504 E.41033
G2 X202.309 Y141.53 I-6.369 J15.269 E.13432
G1 X213.47 Y152.691 E.6276
G3 X213.667 Y155.141 I-20.357 J2.864 E.09781
G1 X199.866 Y141.341 E.77602
G2 X197.787 Y141.516 I-.024 J12.141 E.08306
G1 X213.479 Y157.208 E.8824
G3 X213.056 Y159.04 I-19.817 J-3.613 E.07476
G1 X195.96 Y141.944 E.96134
G2 X194.33 Y142.567 I10.43 J29.736 E.06943
G1 X212.43 Y160.667 E1.01783
G3 X211.65 Y162.142 I-10.54 J-4.629 E.06638
G1 X192.861 Y143.353 E1.05657
G2 X191.533 Y144.279 I5.563 J9.385 E.06443
G1 X210.725 Y163.471 E1.07917
G3 X209.661 Y164.661 I-9.285 J-7.229 E.06353
G1 X190.339 Y145.339 E1.08651
G2 X189.279 Y146.533 I7.674 J7.876 E.06355
G1 X208.467 Y165.721 E1.07894
G3 X207.139 Y166.647 I-6.891 J-8.459 E.06443
G1 X188.353 Y147.861 E1.05639
G2 X187.567 Y149.33 I9.708 J6.139 E.06628
G1 X205.672 Y167.435 E1.0181
G3 X204.04 Y168.056 I-13.309 J-32.504 E.06947
G1 X186.944 Y150.96 E.96134
G2 X186.518 Y152.79 I15.178 J4.491 E.07471
G1 X202.215 Y168.486 E.88263
G3 X200.141 Y168.667 I-2.463 J-16.267 E.08281
G1 X186.333 Y154.859 E.77644
G2 X186.53 Y157.31 I15.43 J-.006 E.09788
G1 X197.683 Y168.463 E.62715
G3 X194.463 Y167.497 I2.204 J-13.199 E.13402
G1 X187.164 Y160.198 E.41043
; stop printing object 圆柱体 id:2235774478336 copy 0
; printing object 圆柱体 id:2235774478336 copy 0
G1 E-.9
G1 Z9.58 F7200
G1 X155.093 Y140.976 Z9.58
G1 Z9.18
G1 E.9 F2400
M205 X3 Y3
;TYPE:Inner wall
G1 X155.132 Y140.975 E.00157
G3 X152.564 Y141.185 I-.142 J14.026 E3.40162
G3 X154.022 Y141.015 I2.599 J15.91 E.05839
G1 X155.053 Y140.977 E.04102
M205 X7 Y7
G1 X154.8 Y140.586 F7200
M205 X3 Y3
G1 F2400
G1 X155.139 Y140.576 E.0135
G3 X152.495 Y140.793 I-.149 J14.424 E3.49814
G3 X153.994 Y140.618 I2.671 J16.352 E.06004
G1 X154.76 Y140.587 E.03047
M205 X7 Y7
G1 X154.646 Y140.183 F7200
M205 X3 Y3
G1 F2400
G1 X155.146 Y140.178 E.01991
G3 X152.426 Y140.4 I-.156 J14.823 E3.59466
G3 X154.483 Y140.192 I2.744 J16.793 E.08227
G1 X154.606 Y140.185 E.00489
M204 T500
G1 X154.172 Y139.75 F7200
;TYPE:Outer wall
G1 F1800
G1 X154.467 Y139.742 E.01173
G3 X155.154 Y139.728 I.706 J17.507 E.02732
G3 X152.348 Y139.957 I-.165 J15.273 E3.70378
G3 X153.935 Y139.772 I2.826 J17.292 E.06358
G1 X154.133 Y139.753 E.00788
M204 T1000
M205 X7 Y7
G1 E-.9 F2400
G1 Z9.58 F7200
G1 X167.835 Y149.801 Z9.58
G1 Z9.18
G1 E.9 F2400
;TYPE:Sparse infill
G1 X160.538 Y142.504 E.41033
G2 X157.309 Y141.53 I-6.369 J15.269 E.13432
G1 X168.47 Y152.691 E.6276
G3 X168.667 Y155.141 I-20.357 J2.864 E.09781
G1 X154.866 Y141.341 E.77602
G2 X152.787 Y141.516 I-.024 J12.141 E.08306
G1 X168.479 Y157.208 E.8824
G3 X168.056 Y159.04 I-19.817 J-3.613 E.07476
G1 X150.96 Y141.944 E.96134
G2 X149.33 Y142.567 I10.43 J29.736 E.06943
G1 X167.43 Y160.667 E1.01783
G3 X166.65 Y162.142 I-10.54 J-4.629 E.06638
G1 X147.861 Y143.353 E1.05657
G2 X146.533 Y144.279 I5.563 J9.385 E.06443
G1 X165.725 Y163.471 E1.07917
G3 X164.661 Y164.661 I-9.285 J-7.229 E.06353
G1 X145.339 Y145.339 E1.08651
G2 X144.279 Y146.533 I7.674 J7.876 E.06355
G1 X163.467 Y165.721 E1.07894
G3 X162.139 Y166.647 I-6.891 J-8.459 E.06443
G1 X143.353 Y147.861 E1.05639
G2 X142.567 Y149.33 I9.708 J6.139 E.06628
G1 X160.672 Y167.435 E1.0181
G3 X159.04 Y168.056 I-13.309 J-32.504 E.06947
G1 X141.944 Y150.96 E.96134
G2 X141.518 Y152.79 I15.178 J4.491 E.07471
G1 X157.215 Y168.486 E.88263
G3 X155.141 Y168.667 I-2.463 J-16.267 E.08281
G1 X141.333 Y154.859 E.77644
G2 X141.53 Y157.31 I15.43 J-.006 E.09788
M73 P31 R79
G1 X152.683 Y168.463 E.62715
G3 X149.463 Y167.497 I2.204 J-13.199 E.13402
G1 X142.164 Y160.198 E.41043
; stop printing object 圆柱体 id:2235774478336 copy 0
;LAYER_CHANGE
;Z:9.42
;HEIGHT:0.24
;BEFORE_LAYER_CHANGE
;9.42
G92 E0

;AFTER_LAYER_CHANGE
;9.42
;_SET_FAN_SPEED_CHANGING_LAYER
; printing object 圆柱体 id:2235774478336 copy 0
G1 E-.9 F2400
G1 Z9.82 F7200
G1 X200.103 Y140.976 Z9.82
G1 Z9.42
G1 E.9 F2400
M205 X3 Y3
;TYPE:Inner wall
G1 X200.137 Y140.975 E.00134
G3 X197.564 Y141.185 I-.146 J14.026 E3.40158
G3 X199.022 Y141.015 I2.597 J15.896 E.05839
G1 X200.063 Y140.977 E.04141
M205 X7 Y7
G1 X199.826 Y140.579 F7200
M205 X3 Y3
G1 F2400
G1 X200.144 Y140.576 E.01261
G3 X197.495 Y140.793 I-.153 J14.425 E3.4981
M73 P31 R78
G3 X199.497 Y140.59 I2.67 J16.338 E.08006
G1 X199.786 Y140.581 E.01152
M205 X7 Y7
G1 X199.656 Y140.182 F7200
M205 X3 Y3
G1 F2400
G1 X200.151 Y140.178 E.01966
G3 X197.426 Y140.4 I-.161 J14.823 E3.59462
G3 X199.483 Y140.192 I2.742 J16.779 E.08227
G1 X199.616 Y140.185 E.0053
M204 T500
G1 X199.183 Y139.749 F7200
;TYPE:Outer wall
G1 F1800
G1 X199.467 Y139.736 E.01131
G3 X200.158 Y139.728 I.535 J15.26 E.0275
G3 X214.574 Y150.431 I-.181 J15.303 E.7629
G3 X198.935 Y139.764 I-14.571 J4.565 E3.00301
G1 X199.143 Y139.752 E.0083
M204 T1000
M205 X7 Y7
G1 E-.9 F2400
G1 Z9.82 F7200
G1 X212.836 Y149.802 Z9.82
G1 Z9.42
G1 E.9 F2400
;TYPE:Sparse infill
G1 X205.538 Y142.504 E.41036
G2 X202.309 Y141.53 I-6.369 J15.269 E.13432
G1 X213.47 Y152.69 E.62756
G3 X213.667 Y155.141 I-15.219 J2.457 E.09789
G1 X199.866 Y141.341 E.77601
G2 X197.787 Y141.516 I-.026 J12.123 E.08307
G1 X213.482 Y157.21 E.88252
G3 X213.056 Y159.04 I-15.602 J-2.662 E.07471
G1 X195.96 Y141.944 E.96134
G2 X194.33 Y142.567 I10.428 J29.731 E.06943
G1 X212.43 Y160.667 E1.01783
G3 X211.65 Y162.142 I-10.54 J-4.629 E.06638
G1 X192.861 Y143.353 E1.05657
G2 X191.533 Y144.279 I5.563 J9.384 E.06443
G1 X210.725 Y163.471 E1.07917
G3 X209.663 Y164.663 I-10.017 J-7.857 E.06353
G1 X190.339 Y145.339 E1.08661
G2 X189.279 Y146.533 I7.674 J7.876 E.06355
G1 X208.467 Y165.721 E1.07894
G3 X207.144 Y166.652 I-10.497 J-13.505 E.06435
G1 X188.353 Y147.861 E1.05666
G2 X187.565 Y149.328 I13.689 J8.295 E.06622
G1 X205.672 Y167.435 E1.0182
G3 X204.04 Y168.056 I-13.298 J-32.474 E.06947
G1 X186.944 Y150.96 E.96134
G2 X186.518 Y152.79 I15.177 J4.491 E.07471
G1 X202.213 Y168.484 E.88252
G3 X200.141 Y168.667 I-2.44 J-15.823 E.08274
G1 X186.333 Y154.859 E.77644
G2 X186.537 Y157.317 I14.676 J.021 E.09819
G1 X197.683 Y168.463 E.62676
G3 X194.462 Y167.496 I2.196 J-13.164 E.13408
G1 X187.164 Y160.198 E.41036
; stop printing object 圆柱体 id:2235774478336 copy 0
; printing object 圆柱体 id:2235774478336 copy 0
G1 E-.9
G1 Z9.82 F7200
G1 X155.103 Y140.976 Z9.82
G1 Z9.42
G1 E.9 F2400
M205 X3 Y3
;TYPE:Inner wall
G1 X155.137 Y140.975 E.00134
G3 X152.564 Y141.185 I-.146 J14.026 E3.40158
G3 X154.022 Y141.015 I2.597 J15.896 E.05839
G1 X155.063 Y140.977 E.04141
M205 X7 Y7
G1 X154.826 Y140.579 F7200
M205 X3 Y3
G1 F2400
G1 X155.144 Y140.576 E.01261
G3 X152.495 Y140.793 I-.153 J14.425 E3.4981
G3 X154.497 Y140.59 I2.67 J16.338 E.08006
G1 X154.786 Y140.581 E.01152
M205 X7 Y7
G1 X154.656 Y140.182 F7200
M205 X3 Y3
G1 F2400
G1 X155.151 Y140.178 E.01966
G3 X152.426 Y140.4 I-.161 J14.823 E3.59462
G3 X154.483 Y140.192 I2.742 J16.779 E.08227
G1 X154.616 Y140.185 E.0053
M204 T500
G1 X154.183 Y139.749 F7200
;TYPE:Outer wall
G1 F1800
G1 X154.467 Y139.736 E.01131
G3 X155.158 Y139.728 I.535 J15.26 E.0275
G3 X169.574 Y150.431 I-.181 J15.303 E.7629
G3 X153.935 Y139.764 I-14.571 J4.565 E3.00301
G1 X154.143 Y139.752 E.0083
M204 T1000
M205 X7 Y7
G1 E-.9 F2400
G1 Z9.82 F7200
G1 X167.836 Y149.802 Z9.82
G1 Z9.42
G1 E.9 F2400
;TYPE:Sparse infill
G1 X160.538 Y142.504 E.41036
G2 X157.309 Y141.53 I-6.369 J15.269 E.13432
G1 X168.47 Y152.69 E.62756
G3 X168.667 Y155.141 I-15.219 J2.457 E.09789
G1 X154.866 Y141.341 E.77601
G2 X152.787 Y141.516 I-.026 J12.123 E.08307
G1 X168.482 Y157.21 E.88252
G3 X168.056 Y159.04 I-15.602 J-2.662 E.07471
G1 X150.96 Y141.944 E.96134
G2 X149.33 Y142.567 I10.428 J29.731 E.06943
G1 X167.43 Y160.667 E1.01783
G3 X166.65 Y162.142 I-10.54 J-4.629 E.06638
G1 X147.861 Y143.353 E1.05657
G2 X146.533 Y144.279 I5.563 J9.384 E.06443
G1 X165.725 Y163.471 E1.07917
G3 X164.663 Y164.663 I-10.017 J-7.857 E.06353
G1 X145.339 Y145.339 E1.08661
G2 X144.279 Y146.533 I7.674 J7.876 E.06355
G1 X163.467 Y165.721 E1.07894
G3 X162.144 Y166.652 I-10.497 J-13.505 E.06435
G1 X143.353 Y147.861 E1.05666
G2 X142.565 Y149.328 I13.689 J8.295 E.06622
G1 X160.672 Y167.435 E1.0182
G3 X159.04 Y168.056 I-13.298 J-32.474 E.06947
G1 X141.944 Y150.96 E.96134
G2 X141.518 Y152.79 I15.177 J4.491 E.07471
G1 X157.213 Y168.484 E.88252
G3 X155.141 Y168.667 I-2.44 J-15.823 E.08274
G1 X141.333 Y154.859 E.77644
G2 X141.537 Y157.317 I14.676 J.021 E.09819
G1 X152.683 Y168.463 E.62676
G3 X149.462 Y167.496 I2.196 J-13.164 E.13408
G1 X142.164 Y160.198 E.41036
; stop printing object 圆柱体 id:2235774478336 copy 0
;LAYER_CHANGE
;Z:9.66
;HEIGHT:0.24
;BEFORE_LAYER_CHANGE
;9.66
G92 E0

;AFTER_LAYER_CHANGE
;9.66
;_SET_FAN_SPEED_CHANGING_LAYER
; printing object 圆柱体 id:2235774478336 copy 0
G1 E-.9 F2400
G1 Z10.06 F7200
G1 X200.114 Y140.975 Z10.06
G1 Z9.66
G1 E.9 F2400
M205 X3 Y3
;TYPE:Inner wall
G1 X200.141 Y140.975 E.00106
G3 X197.564 Y141.185 I-.15 J14.026 E3.40128
G3 X199.022 Y141.015 I2.595 J15.882 E.05839
G1 X200.074 Y140.977 E.04186
M205 X7 Y7
G1 X199.837 Y140.579 F7200
M205 X3 Y3
G1 F2400
G1 X200.148 Y140.576 E.01234
G3 X197.495 Y140.793 I-.158 J14.424 E3.4978
G3 X199.497 Y140.59 I2.668 J16.324 E.08006
G1 X199.797 Y140.58 E.01196
M205 X7 Y7
G1 X199.667 Y140.182 F7200
M205 X3 Y3
G1 F2400
G1 X200.155 Y140.178 E.01938
G3 X197.426 Y140.4 I-.165 J14.822 E3.59432
G3 X199.483 Y140.192 I2.741 J16.766 E.08227
G1 X199.627 Y140.184 E.00575
M204 T500
G1 X199.194 Y139.749 F7200
;TYPE:Outer wall
G1 F1800
G1 X199.467 Y139.742 E.01086
G3 X200.163 Y139.728 I.703 J17.48 E.02766
G3 X197.348 Y139.957 I-.173 J15.273 E3.70344
G3 X198.935 Y139.772 I2.823 J17.265 E.06358
G1 X199.154 Y139.752 E.00875
M204 T1000
M205 X7 Y7
G1 E-.9 F2400
G1 Z10.06 F7200
G1 X212.835 Y149.801 Z10.06
G1 Z9.66
G1 E.9 F2400
;TYPE:Sparse infill
G1 X205.538 Y142.504 E.41033
G2 X202.309 Y141.53 I-6.369 J15.269 E.13432
G1 X213.47 Y152.691 E.6276
G3 X213.667 Y155.141 I-20.358 J2.864 E.09781
G1 X199.867 Y141.341 E.776
G2 X197.787 Y141.516 I-.029 J12.104 E.08307
G1 X213.484 Y157.213 E.88265
G3 X213.056 Y159.04 I-25.532 J-5.01 E.07462
G1 X195.96 Y141.944 E.96134
G2 X194.33 Y142.567 I10.427 J29.728 E.06943
G1 X212.43 Y160.667 E1.01783
G3 X211.652 Y162.144 I-14.531 J-6.715 E.06638
G1 X192.861 Y143.353 E1.05666
G2 X191.533 Y144.279 I5.563 J9.385 E.06443
M73 P31 R77
G1 X210.725 Y163.471 E1.07917
G3 X209.661 Y164.661 I-9.286 J-7.229 E.06353
G1 X190.339 Y145.339 E1.08651
G2 X189.279 Y146.533 I7.674 J7.876 E.06355
G1 X208.467 Y165.721 E1.07894
G3 X207.139 Y166.647 I-6.891 J-8.458 E.06443
M73 P32 R77
G1 X188.353 Y147.861 E1.05639
G2 X187.567 Y149.33 I9.708 J6.139 E.06628
G1 X205.672 Y167.435 E1.0181
G3 X204.04 Y168.056 I-13.309 J-32.502 E.06947
G1 X186.944 Y150.96 E.96134
G2 X186.518 Y152.79 I15.177 J4.491 E.07471
G1 X202.213 Y168.484 E.88252
G3 X200.141 Y168.667 I-2.44 J-15.823 E.08274
G1 X186.333 Y154.859 E.77644
G2 X186.537 Y157.317 I14.676 J.021 E.09819
G1 X197.685 Y168.465 E.62687
G3 X194.463 Y167.497 I2.237 J-13.295 E.13411
G1 X187.164 Y160.198 E.41043
; stop printing object 圆柱体 id:2235774478336 copy 0
; printing object 圆柱体 id:2235774478336 copy 0
G1 E-.9
G1 Z10.06 F7200
G1 X155.114 Y140.975 Z10.06
G1 Z9.66
G1 E.9 F2400
M205 X3 Y3
;TYPE:Inner wall
G1 X155.141 Y140.975 E.00106
G3 X152.564 Y141.185 I-.15 J14.026 E3.40128
G3 X154.022 Y141.015 I2.595 J15.882 E.05839
G1 X155.074 Y140.977 E.04186
M205 X7 Y7
G1 X154.837 Y140.579 F7200
M205 X3 Y3
G1 F2400
G1 X155.148 Y140.576 E.01234
G3 X152.495 Y140.793 I-.158 J14.424 E3.4978
G3 X154.497 Y140.59 I2.668 J16.324 E.08006
G1 X154.797 Y140.58 E.01196
M205 X7 Y7
G1 X154.667 Y140.182 F7200
M205 X3 Y3
G1 F2400
G1 X155.155 Y140.178 E.01938
G3 X152.426 Y140.4 I-.165 J14.822 E3.59432
G3 X154.483 Y140.192 I2.741 J16.766 E.08227
G1 X154.627 Y140.184 E.00575
M204 T500
G1 X154.194 Y139.749 F7200
;TYPE:Outer wall
G1 F1800
G1 X154.467 Y139.742 E.01086
G3 X155.163 Y139.728 I.703 J17.48 E.02766
G3 X152.348 Y139.957 I-.173 J15.273 E3.70344
G3 X153.935 Y139.772 I2.823 J17.265 E.06358
G1 X154.154 Y139.752 E.00875
M204 T1000
M205 X7 Y7
G1 E-.9 F2400
G1 Z10.06 F7200
G1 X167.835 Y149.801 Z10.06
G1 Z9.66
G1 E.9 F2400
;TYPE:Sparse infill
G1 X160.538 Y142.504 E.41033
G2 X157.309 Y141.53 I-6.369 J15.269 E.13432
G1 X168.47 Y152.691 E.6276
G3 X168.667 Y155.141 I-20.358 J2.864 E.09781
G1 X154.867 Y141.341 E.776
G2 X152.787 Y141.516 I-.029 J12.104 E.08307
G1 X168.484 Y157.213 E.88265
G3 X168.056 Y159.04 I-25.532 J-5.01 E.07462
G1 X150.96 Y141.944 E.96134
G2 X149.33 Y142.567 I10.427 J29.728 E.06943
G1 X167.43 Y160.667 E1.01783
G3 X166.652 Y162.144 I-14.531 J-6.715 E.06638
G1 X147.861 Y143.353 E1.05666
G2 X146.533 Y144.279 I5.563 J9.385 E.06443
G1 X165.725 Y163.471 E1.07917
G3 X164.661 Y164.661 I-9.286 J-7.229 E.06353
G1 X145.339 Y145.339 E1.08651
G2 X144.279 Y146.533 I7.674 J7.876 E.06355
G1 X163.467 Y165.721 E1.07894
G3 X162.139 Y166.647 I-6.891 J-8.458 E.06443
G1 X143.353 Y147.861 E1.05639
G2 X142.567 Y149.33 I9.708 J6.139 E.06628
G1 X160.672 Y167.435 E1.0181
G3 X159.04 Y168.056 I-13.309 J-32.502 E.06947
G1 X141.944 Y150.96 E.96134
G2 X141.518 Y152.79 I15.177 J4.491 E.07471
G1 X157.213 Y168.484 E.88252
G3 X155.141 Y168.667 I-2.44 J-15.823 E.08274
G1 X141.333 Y154.859 E.77644
G2 X141.537 Y157.317 I14.676 J.021 E.09819
G1 X152.685 Y168.465 E.62687
G3 X149.463 Y167.497 I2.237 J-13.295 E.13411
G1 X142.164 Y160.198 E.41043
; stop printing object 圆柱体 id:2235774478336 copy 0
;LAYER_CHANGE
;Z:9.9
;HEIGHT:0.24
;BEFORE_LAYER_CHANGE
;9.9
G92 E0

;AFTER_LAYER_CHANGE
;9.9
;_SET_FAN_SPEED_CHANGING_LAYER
; printing object 圆柱体 id:2235774478336 copy 0
G1 E-.9 F2400
G1 Z10.3 F7200
G1 X200.176 Y140.976 Z10.3
G1 Z9.9
G1 E.9 F2400
M205 X3 Y3
;TYPE:Inner wall
G1 X200.978 Y141.008 E.03193
G3 X196.748 Y141.356 I-.979 J13.988 E3.33386
G3 X200.136 Y140.975 I3.361 J14.611 E.13587
M205 X7 Y7
G1 X199.849 Y140.579 F7200
M205 X3 Y3
G1 F2400
G1 X200.152 Y140.576 E.01205
G3 X197.495 Y140.793 I-.162 J14.424 E3.49776
G3 X199.497 Y140.59 I2.666 J16.31 E.08006
G1 X199.809 Y140.58 E.01242
M205 X7 Y7
G1 X199.679 Y140.182 F7200
M205 X3 Y3
G1 F2400
G1 X200.159 Y140.178 E.01907
G3 X197.426 Y140.4 I-.169 J14.823 E3.59428
G3 X199.483 Y140.192 I2.739 J16.753 E.08227
G1 X199.639 Y140.184 E.00623
M204 T500
G1 X199.206 Y139.753 F7200
;TYPE:Outer wall
G1 F1800
G1 X199.467 Y139.737 E.01038
G3 X200.167 Y139.728 I.544 J15.469 E.02783
G3 X196.824 Y140.059 I-.176 J15.272 E3.68192
G3 X198.404 Y139.811 I3.187 J15.147 E.0636
G1 X199.167 Y139.755 E.03042
M204 T1000
M205 X7 Y7
G1 E-.9 F2400
G1 Z10.3 F7200
G1 X212.835 Y149.801 Z10.3
G1 Z9.9
G1 E.9 F2400
;TYPE:Sparse infill
G1 X205.538 Y142.504 E.41033
G2 X202.309 Y141.53 I-6.369 J15.269 E.13432
G1 X213.47 Y152.691 E.6276
G3 X213.667 Y155.141 I-20.358 J2.864 E.09781
G1 X199.867 Y141.341 E.77599
G2 X197.787 Y141.516 I-.031 J12.086 E.08308
G1 X213.482 Y157.21 E.88252
G3 X213.056 Y159.04 I-15.602 J-2.662 E.07471
G1 X195.96 Y141.944 E.96134
G2 X194.33 Y142.567 I10.426 J29.726 E.06943
G1 X212.43 Y160.667 E1.01783
G3 X211.65 Y162.142 I-10.54 J-4.629 E.06638
G1 X192.858 Y143.35 E1.05674
G2 X191.533 Y144.279 I8.325 J13.269 E.06437
G1 X210.725 Y163.471 E1.07917
G3 X209.661 Y164.661 I-9.285 J-7.229 E.06353
G1 X190.339 Y145.339 E1.08651
G2 X189.279 Y146.533 I7.674 J7.877 E.06355
G1 X208.467 Y165.721 E1.07894
G3 X207.139 Y166.647 I-6.891 J-8.458 E.06443
G1 X188.348 Y147.856 E1.05666
G2 X187.566 Y149.329 I14.626 J8.713 E.06631
G1 X205.672 Y167.435 E1.01815
G3 X204.04 Y168.056 I-13.3 J-32.479 E.06947
G1 X186.944 Y150.96 E.96134
G2 X186.518 Y152.79 I15.177 J4.491 E.07471
G1 X202.213 Y168.484 E.88252
G3 X200.141 Y168.667 I-2.44 J-15.823 E.08274
G1 X186.333 Y154.859 E.77644
G2 X186.53 Y157.309 I20.554 J-.414 E.09781
G1 X197.683 Y168.463 E.62718
G3 X194.463 Y167.497 I2.204 J-13.199 E.13402
G1 X187.164 Y160.198 E.41043
; stop printing object 圆柱体 id:2235774478336 copy 0
; printing object 圆柱体 id:2235774478336 copy 0
G1 E-.9
G1 Z10.3 F7200
G1 X155.176 Y140.976 Z10.3
G1 Z9.9
G1 E.9 F2400
M205 X3 Y3
;TYPE:Inner wall
G1 X155.978 Y141.008 E.03193
G3 X151.748 Y141.356 I-.979 J13.988 E3.33386
G3 X155.136 Y140.975 I3.361 J14.611 E.13587
M205 X7 Y7
G1 X154.849 Y140.579 F7200
M205 X3 Y3
G1 F2400
G1 X155.152 Y140.576 E.01205
G3 X152.495 Y140.793 I-.162 J14.424 E3.49776
M73 P32 R76
G3 X154.497 Y140.59 I2.666 J16.31 E.08006
G1 X154.809 Y140.58 E.01242
M205 X7 Y7
G1 X154.679 Y140.182 F7200
M205 X3 Y3
G1 F2400
G1 X155.159 Y140.178 E.01907
G3 X152.426 Y140.4 I-.169 J14.823 E3.59428
G3 X154.483 Y140.192 I2.739 J16.753 E.08227
G1 X154.639 Y140.184 E.00623
M204 T500
G1 X154.206 Y139.753 F7200
;TYPE:Outer wall
G1 F1800
G1 X154.467 Y139.737 E.01038
G3 X155.167 Y139.728 I.544 J15.469 E.02783
G3 X151.824 Y140.059 I-.176 J15.272 E3.68192
G3 X153.404 Y139.811 I3.187 J15.147 E.0636
G1 X154.167 Y139.755 E.03042
M204 T1000
M205 X7 Y7
G1 E-.9 F2400
G1 Z10.3 F7200
G1 X167.835 Y149.801 Z10.3
G1 Z9.9
G1 E.9 F2400
;TYPE:Sparse infill
G1 X160.538 Y142.504 E.41033
G2 X157.309 Y141.53 I-6.369 J15.269 E.13432
G1 X168.47 Y152.691 E.6276
G3 X168.667 Y155.141 I-20.358 J2.864 E.09781
G1 X154.867 Y141.341 E.77599
G2 X152.787 Y141.516 I-.031 J12.086 E.08308
G1 X168.482 Y157.21 E.88252
G3 X168.056 Y159.04 I-15.602 J-2.662 E.07471
G1 X150.96 Y141.944 E.96134
G2 X149.33 Y142.567 I10.426 J29.726 E.06943
M73 P33 R76
G1 X167.43 Y160.667 E1.01783
G3 X166.65 Y162.142 I-10.54 J-4.629 E.06638
G1 X147.858 Y143.35 E1.05674
G2 X146.533 Y144.279 I8.325 J13.269 E.06437
G1 X165.725 Y163.471 E1.07917
G3 X164.661 Y164.661 I-9.285 J-7.229 E.06353
G1 X145.339 Y145.339 E1.08651
G2 X144.279 Y146.533 I7.674 J7.877 E.06355
G1 X163.467 Y165.721 E1.07894
G3 X162.139 Y166.647 I-6.891 J-8.458 E.06443
G1 X143.348 Y147.856 E1.05666
G2 X142.566 Y149.329 I14.626 J8.713 E.06631
G1 X160.672 Y167.435 E1.01815
G3 X159.04 Y168.056 I-13.3 J-32.479 E.06947
G1 X141.944 Y150.96 E.96134
G2 X141.518 Y152.79 I15.177 J4.491 E.07471
G1 X157.213 Y168.484 E.88252
G3 X155.141 Y168.667 I-2.44 J-15.823 E.08274
G1 X141.333 Y154.859 E.77644
G2 X141.53 Y157.309 I20.554 J-.414 E.09781
G1 X152.683 Y168.463 E.62718
G3 X149.463 Y167.497 I2.204 J-13.199 E.13402
G1 X142.164 Y160.198 E.41043
; stop printing object 圆柱体 id:2235774478336 copy 0
;LAYER_CHANGE
;Z:10.14
;HEIGHT:0.240001
;BEFORE_LAYER_CHANGE
;10.14
G92 E0

;AFTER_LAYER_CHANGE
;10.14
;_SET_FAN_SPEED_CHANGING_LAYER
; printing object 圆柱体 id:2235774478336 copy 0
G1 E-.9 F2400
G1 Z10.54 F7200
G1 X200.138 Y140.975 Z10.54
G1 Z10.14
G1 E.9 F2400
M205 X3 Y3
;TYPE:Inner wall
G1 X200.149 Y140.975 E.00045
G3 X197.564 Y141.185 I-.159 J14.025 E3.40095
G3 X199.022 Y141.015 I2.592 J15.855 E.05839
G1 X200.098 Y140.977 E.0428
M205 X7 Y7
G1 X199.861 Y140.579 F7200
M205 X3 Y3
G1 F2400
G1 X200.156 Y140.576 E.01173
G3 X197.495 Y140.793 I-.166 J14.424 E3.49747
G3 X199.497 Y140.59 I2.665 J16.297 E.08006
G1 X199.821 Y140.58 E.01291
M205 X7 Y7
G1 X199.692 Y140.182 F7200
M205 X3 Y3
G1 F2400
G1 X200.163 Y140.178 E.01873
G3 X197.426 Y140.4 I-.174 J14.823 E3.59411
G3 X199.483 Y140.192 I2.738 J16.74 E.08227
G1 X199.652 Y140.184 E.00673
M204 T500
G1 X199.219 Y139.752 F7200
;TYPE:Outer wall
G1 F1800
G1 X199.467 Y139.737 E.00988
G3 X200.171 Y139.728 I.544 J15.466 E.02799
G3 X196.824 Y140.059 I-.18 J15.273 E3.68191
G3 X198.404 Y139.811 I3.187 J15.144 E.0636
G1 X199.179 Y139.755 E.03092
M204 T1000
M205 X7 Y7
G1 E-.9 F2400
G1 Z10.54 F7200
G1 X212.835 Y149.801 Z10.54
G1 Z10.14
G1 E.9 F2400
;TYPE:Sparse infill
G1 X205.538 Y142.504 E.41033
G2 X202.309 Y141.53 I-6.369 J15.269 E.13432
G1 X213.47 Y152.691 E.6276
G3 X213.667 Y155.141 I-20.358 J2.864 E.09781
G1 X199.867 Y141.342 E.77599
G2 X197.787 Y141.516 I-.034 J12.068 E.08308
G1 X213.479 Y157.208 E.88237
G3 X213.056 Y159.04 I-19.319 J-3.492 E.07477
G1 X195.96 Y141.944 E.96134
G2 X194.333 Y142.57 I5.017 J15.466 E.06939
G1 X212.43 Y160.667 E1.01766
G3 X211.65 Y162.142 I-10.54 J-4.629 E.06638
G1 X192.858 Y143.35 E1.05674
G2 X191.529 Y144.275 I21.802 J32.714 E.06439
G1 X210.725 Y163.471 E1.07941
G3 X209.661 Y164.661 I-9.285 J-7.228 E.06353
G1 X190.339 Y145.339 E1.08651
G2 X189.279 Y146.533 I7.674 J7.876 E.06355
G1 X208.467 Y165.721 E1.07894
G3 X207.139 Y166.647 I-6.891 J-8.458 E.06443
G1 X188.353 Y147.861 E1.05639
G2 X187.567 Y149.33 I9.709 J6.139 E.06628
G1 X205.672 Y167.435 E1.0181
G3 X204.04 Y168.056 I-13.3 J-32.478 E.06947
G1 X186.944 Y150.96 E.96134
G2 X186.518 Y152.79 I15.177 J4.491 E.07471
G1 X202.215 Y168.486 E.88265
G3 X200.141 Y168.667 I-2.467 J-16.335 E.08282
G1 X186.333 Y154.859 E.77644
G2 X186.531 Y157.31 I15.373 J-.004 E.09791
G1 X197.683 Y168.463 E.62712
G3 X194.462 Y167.496 I2.196 J-13.164 E.13408
G1 X187.164 Y160.198 E.41036
; stop printing object 圆柱体 id:2235774478336 copy 0
; printing object 圆柱体 id:2235774478336 copy 0
G1 E-.9
G1 Z10.54 F7200
G1 X155.138 Y140.975 Z10.54
G1 Z10.14
G1 E.9 F2400
M205 X3 Y3
;TYPE:Inner wall
G1 X155.149 Y140.975 E.00045
G3 X152.564 Y141.185 I-.159 J14.025 E3.40095
G3 X154.022 Y141.015 I2.592 J15.855 E.05839
G1 X155.098 Y140.977 E.0428
M205 X7 Y7
G1 X154.861 Y140.579 F7200
M205 X3 Y3
G1 F2400
G1 X155.156 Y140.576 E.01173
G3 X152.495 Y140.793 I-.166 J14.424 E3.49747
G3 X154.497 Y140.59 I2.665 J16.297 E.08006
G1 X154.821 Y140.58 E.01291
M205 X7 Y7
G1 X154.692 Y140.182 F7200
M205 X3 Y3
G1 F2400
G1 X155.163 Y140.178 E.01873
G3 X152.426 Y140.4 I-.174 J14.823 E3.59411
G3 X154.483 Y140.192 I2.738 J16.74 E.08227
G1 X154.652 Y140.184 E.00673
M204 T500
G1 X154.219 Y139.752 F7200
;TYPE:Outer wall
G1 F1800
G1 X154.467 Y139.737 E.00988
G3 X155.171 Y139.728 I.544 J15.466 E.02799
G3 X151.824 Y140.059 I-.18 J15.273 E3.68191
G3 X153.404 Y139.811 I3.187 J15.144 E.0636
G1 X154.179 Y139.755 E.03092
M204 T1000
M205 X7 Y7
G1 E-.9 F2400
G1 Z10.54 F7200
G1 X167.835 Y149.801 Z10.54
G1 Z10.14
G1 E.9 F2400
;TYPE:Sparse infill
G1 X160.538 Y142.504 E.41033
G2 X157.309 Y141.53 I-6.369 J15.269 E.13432
G1 X168.47 Y152.691 E.6276
G3 X168.667 Y155.141 I-20.358 J2.864 E.09781
G1 X154.867 Y141.342 E.77599
G2 X152.787 Y141.516 I-.034 J12.068 E.08308
G1 X168.479 Y157.208 E.88237
G3 X168.056 Y159.04 I-19.319 J-3.492 E.07477
G1 X150.96 Y141.944 E.96134
G2 X149.333 Y142.57 I5.017 J15.466 E.06939
M73 P33 R75
G1 X167.43 Y160.667 E1.01766
G3 X166.65 Y162.142 I-10.54 J-4.629 E.06638
G1 X147.858 Y143.35 E1.05674
G2 X146.529 Y144.275 I21.802 J32.714 E.06439
G1 X165.725 Y163.471 E1.07941
G3 X164.661 Y164.661 I-9.285 J-7.228 E.06353
G1 X145.339 Y145.339 E1.08651
G2 X144.279 Y146.533 I7.674 J7.876 E.06355
G1 X163.467 Y165.721 E1.07894
G3 X162.139 Y166.647 I-6.891 J-8.458 E.06443
G1 X143.353 Y147.861 E1.05639
G2 X142.567 Y149.33 I9.709 J6.139 E.06628
G1 X160.672 Y167.435 E1.0181
G3 X159.04 Y168.056 I-13.3 J-32.478 E.06947
G1 X141.944 Y150.96 E.96134
G2 X141.518 Y152.79 I15.177 J4.491 E.07471
G1 X157.215 Y168.486 E.88265
G3 X155.141 Y168.667 I-2.467 J-16.335 E.08282
G1 X141.333 Y154.859 E.77644
G2 X141.531 Y157.31 I15.373 J-.004 E.09791
G1 X152.683 Y168.463 E.62712
G3 X149.462 Y167.496 I2.196 J-13.164 E.13408
G1 X142.164 Y160.198 E.41036
; stop printing object 圆柱体 id:2235774478336 copy 0
;LAYER_CHANGE
;Z:10.38
;HEIGHT:0.24
;BEFORE_LAYER_CHANGE
;10.38
G92 E0

;AFTER_LAYER_CHANGE
;10.38
;_SET_FAN_SPEED_CHANGING_LAYER
; printing object 圆柱体 id:2235774478336 copy 0
G1 E-.9 F2400
G1 Z10.78 F7200
G1 X200.177 Y140.976 Z10.78
G1 Z10.38
G1 E.9 F2400
M205 X3 Y3
;TYPE:Inner wall
G1 X200.978 Y141.009 E.03191
G3 X197.564 Y141.185 I-.988 J13.992 E3.36806
G3 X200.137 Y140.975 I2.591 J15.842 E.10274
M205 X7 Y7
G1 X199.874 Y140.579 F7200
M205 X3 Y3
G1 F2400
G1 X200.16 Y140.576 E.01138
G3 X197.495 Y140.793 I-.171 J14.424 E3.49742
G3 X199.497 Y140.59 I2.663 J16.285 E.08006
G1 X199.834 Y140.58 E.01342
M205 X7 Y7
G1 X199.705 Y140.182 F7200
M205 X3 Y3
G1 F2400
G1 X200.167 Y140.178 E.01838
G3 X197.426 Y140.4 I-.178 J14.823 E3.59394
G3 X199.483 Y140.192 I2.736 J16.727 E.08227
G1 X199.665 Y140.184 E.00725
M204 T500
G1 X199.232 Y139.751 F7200
;TYPE:Outer wall
G1 F1800
G1 X199.467 Y139.737 E.00936
G3 X200.175 Y139.728 I.543 J15.464 E.02816
G3 X196.824 Y140.059 I-.184 J15.272 E3.68159
M73 P34 R75
G3 X198.404 Y139.811 I3.186 J15.142 E.0636
G1 X199.192 Y139.754 E.03144
M204 T1000
M205 X7 Y7
G1 E-.9 F2400
G1 Z10.78 F7200
G1 X212.835 Y149.801 Z10.78
G1 Z10.38
G1 E.9 F2400
;TYPE:Sparse infill
G1 X205.538 Y142.504 E.41033
G2 X202.309 Y141.53 I-6.369 J15.269 E.13432
G1 X213.47 Y152.691 E.6276
G3 X213.667 Y155.141 I-20.358 J2.864 E.09781
G1 X199.862 Y141.336 E.77628
G2 X197.787 Y141.516 I.264 J15.087 E.08285
G1 X213.484 Y157.213 E.88267
G3 X213.056 Y159.04 I-22.176 J-4.229 E.07461
G1 X195.96 Y141.944 E.96134
G2 X194.33 Y142.567 I10.427 J29.728 E.06943
G1 X212.433 Y160.67 E1.018
G3 X211.65 Y162.141 I-11.362 J-5.106 E.06631
G1 X192.861 Y143.353 E1.05653
G2 X191.533 Y144.279 I5.563 J9.385 E.06443
G1 X210.725 Y163.471 E1.07917
G3 X209.661 Y164.661 I-9.285 J-7.229 E.06353
G1 X190.339 Y145.339 E1.08651
G2 X189.279 Y146.533 I7.674 J7.876 E.06355
G1 X208.467 Y165.721 E1.07894
G3 X207.144 Y166.652 I-10.496 J-13.505 E.06435
G1 X188.353 Y147.861 E1.05666
G2 X187.567 Y149.33 I9.708 J6.139 E.06628
G1 X205.672 Y167.435 E1.0181
G3 X204.04 Y168.056 I-13.308 J-32.501 E.06947
G1 X186.944 Y150.96 E.96134
G2 X186.518 Y152.79 I15.177 J4.491 E.07471
G1 X202.213 Y168.484 E.88252
G3 X200.141 Y168.667 I-2.44 J-15.823 E.08274
G1 X186.333 Y154.859 E.77644
G2 X186.531 Y157.311 I15.359 J-.004 E.09791
G1 X197.683 Y168.463 E.62711
G3 X194.462 Y167.496 I2.196 J-13.164 E.13408
G1 X187.164 Y160.198 E.41036
; stop printing object 圆柱体 id:2235774478336 copy 0
; printing object 圆柱体 id:2235774478336 copy 0
G1 E-.9
G1 Z10.78 F7200
G1 X155.177 Y140.976 Z10.78
G1 Z10.38
G1 E.9 F2400
M205 X3 Y3
;TYPE:Inner wall
G1 X155.978 Y141.009 E.03191
G3 X152.564 Y141.185 I-.988 J13.992 E3.36806
G3 X155.137 Y140.975 I2.591 J15.842 E.10274
M205 X7 Y7
G1 X154.874 Y140.579 F7200
M205 X3 Y3
G1 F2400
G1 X155.16 Y140.576 E.01138
G3 X152.495 Y140.793 I-.171 J14.424 E3.49742
G3 X154.497 Y140.59 I2.663 J16.285 E.08006
G1 X154.834 Y140.58 E.01342
M205 X7 Y7
G1 X154.705 Y140.182 F7200
M205 X3 Y3
G1 F2400
G1 X155.167 Y140.178 E.01838
G3 X152.426 Y140.4 I-.178 J14.823 E3.59394
G3 X154.483 Y140.192 I2.736 J16.727 E.08227
G1 X154.665 Y140.184 E.00725
M204 T500
G1 X154.232 Y139.751 F7200
;TYPE:Outer wall
G1 F1800
G1 X154.467 Y139.737 E.00936
G3 X155.175 Y139.728 I.543 J15.464 E.02816
G3 X151.824 Y140.059 I-.184 J15.272 E3.68159
G3 X153.404 Y139.811 I3.186 J15.142 E.0636
G1 X154.192 Y139.754 E.03144
M204 T1000
M205 X7 Y7
G1 E-.9 F2400
G1 Z10.78 F7200
G1 X167.835 Y149.801 Z10.78
G1 Z10.38
G1 E.9 F2400
;TYPE:Sparse infill
G1 X160.538 Y142.504 E.41033
G2 X157.309 Y141.53 I-6.369 J15.269 E.13432
G1 X168.47 Y152.691 E.6276
G3 X168.667 Y155.141 I-20.358 J2.864 E.09781
G1 X154.862 Y141.336 E.77628
G2 X152.787 Y141.516 I.264 J15.087 E.08285
G1 X168.484 Y157.213 E.88267
G3 X168.056 Y159.04 I-22.176 J-4.229 E.07461
G1 X150.96 Y141.944 E.96134
G2 X149.33 Y142.567 I10.427 J29.728 E.06943
G1 X167.433 Y160.67 E1.018
G3 X166.65 Y162.141 I-11.362 J-5.106 E.06631
G1 X147.861 Y143.353 E1.05653
G2 X146.533 Y144.279 I5.563 J9.385 E.06443
G1 X165.725 Y163.471 E1.07917
G3 X164.661 Y164.661 I-9.285 J-7.229 E.06353
G1 X145.339 Y145.339 E1.08651
G2 X144.279 Y146.533 I7.674 J7.876 E.06355
G1 X163.467 Y165.721 E1.07894
G3 X162.144 Y166.652 I-10.496 J-13.505 E.06435
G1 X143.353 Y147.861 E1.05666
G2 X142.567 Y149.33 I9.708 J6.139 E.06628
G1 X160.672 Y167.435 E1.0181
G3 X159.04 Y168.056 I-13.308 J-32.501 E.06947
G1 X141.944 Y150.96 E.96134
G2 X141.518 Y152.79 I15.177 J4.491 E.07471
G1 X157.213 Y168.484 E.88252
G3 X155.141 Y168.667 I-2.44 J-15.823 E.08274
G1 X141.333 Y154.859 E.77644
G2 X141.531 Y157.311 I15.359 J-.004 E.09791
G1 X152.683 Y168.463 E.62711
G3 X149.462 Y167.496 I2.196 J-13.164 E.13408
G1 X142.164 Y160.198 E.41036
; stop printing object 圆柱体 id:2235774478336 copy 0
;LAYER_CHANGE
;Z:10.62
;HEIGHT:0.24
;BEFORE_LAYER_CHANGE
;10.62
G92 E0

;AFTER_LAYER_CHANGE
;10.62
;_SET_FAN_SPEED_CHANGING_LAYER
; printing object 圆柱体 id:2235774478336 copy 0
G1 E-.9 F2400
G1 Z11.02 F7200
G1 X200.19 Y140.976 Z11.02
G1 Z10.62
G1 E.9 F2400
M205 X3 Y3
;TYPE:Inner wall
G1 X200.978 Y141.009 E.03137
G3 X197.564 Y141.185 I-.988 J13.991 E3.36794
M73 P34 R74
G3 X200.15 Y140.975 I2.589 J15.83 E.10328
M205 X7 Y7
G1 X199.888 Y140.579 F7200
M205 X3 Y3
G1 F2400
G1 X200.164 Y140.577 E.01101
G3 X197.495 Y140.793 I-.175 J14.424 E3.49713
G3 X199.497 Y140.59 I2.662 J16.272 E.08006
G1 X199.848 Y140.58 E.01396
M205 X7 Y7
G1 X199.719 Y140.182 F7200
M205 X3 Y3
G1 F2400
G1 X200.171 Y140.178 E.018
G3 X197.426 Y140.4 I-.182 J14.823 E3.59377
G3 X199.483 Y140.192 I2.735 J16.715 E.08227
G1 X199.679 Y140.184 E.0078
M204 T500
G1 X199.246 Y139.75 F7200
;TYPE:Outer wall
G1 F1800
G1 X199.467 Y139.737 E.00881
G3 X200.179 Y139.728 I.543 J15.461 E.02833
G3 X196.824 Y140.059 I-.189 J15.273 E3.68157
G3 X198.404 Y139.811 I3.186 J15.139 E.0636
G1 X199.206 Y139.753 E.03198
M204 T1000
M205 X7 Y7
G1 E-.9 F2400
G1 Z11.02 F7200
G1 X212.836 Y149.802 Z11.02
G1 Z10.62
G1 E.9 F2400
;TYPE:Sparse infill
G1 X205.538 Y142.504 E.41036
G2 X202.309 Y141.53 I-6.369 J15.269 E.13432
G1 X213.47 Y152.691 E.6276
G3 X213.667 Y155.141 I-20.358 J2.864 E.09781
G1 X199.862 Y141.336 E.77628
G2 X197.787 Y141.516 I.262 J15.07 E.08286
G1 X213.482 Y157.21 E.88252
G3 X213.056 Y159.04 I-15.602 J-2.662 E.07471
G1 X195.96 Y141.944 E.96134
G2 X194.33 Y142.567 I10.426 J29.725 E.06943
G1 X212.433 Y160.67 E1.018
G3 X211.65 Y162.142 I-10.913 J-4.861 E.06633
G1 X192.861 Y143.353 E1.05657
G2 X191.533 Y144.279 I5.563 J9.385 E.06443
G1 X210.725 Y163.471 E1.07917
G3 X209.661 Y164.661 I-9.285 J-7.229 E.06353
G1 X190.339 Y145.339 E1.08651
G2 X189.279 Y146.533 I7.674 J7.877 E.06355
G1 X208.467 Y165.721 E1.07894
G3 X207.144 Y166.652 I-10.498 J-13.507 E.06435
G1 X188.353 Y147.861 E1.05666
G2 X187.565 Y149.328 I13.688 J8.294 E.06622
G1 X205.672 Y167.435 E1.0182
G3 X204.037 Y168.054 I-11.493 J-27.91 E.06954
G1 X186.944 Y150.96 E.96118
G2 X186.518 Y152.79 I15.177 J4.491 E.07471
G1 X202.213 Y168.484 E.88252
G3 X200.141 Y168.667 I-2.44 J-15.823 E.08274
G1 X186.333 Y154.859 E.77644
G2 X186.537 Y157.317 I14.676 J.021 E.09819
G1 X197.685 Y168.465 E.62689
G3 X194.462 Y167.496 I2.233 J-13.274 E.13418
G1 X187.164 Y160.198 E.41036
; stop printing object 圆柱体 id:2235774478336 copy 0
; printing object 圆柱体 id:2235774478336 copy 0
G1 E-.9
G1 Z11.02 F7200
G1 X155.19 Y140.976 Z11.02
G1 Z10.62
G1 E.9 F2400
M205 X3 Y3
;TYPE:Inner wall
G1 X155.978 Y141.009 E.03137
G3 X152.564 Y141.185 I-.988 J13.991 E3.36794
G3 X155.15 Y140.975 I2.589 J15.83 E.10328
M205 X7 Y7
G1 X154.888 Y140.579 F7200
M205 X3 Y3
G1 F2400
G1 X155.164 Y140.577 E.01101
G3 X152.495 Y140.793 I-.175 J14.424 E3.49713
G3 X154.497 Y140.59 I2.662 J16.272 E.08006
G1 X154.848 Y140.58 E.01396
M205 X7 Y7
G1 X154.719 Y140.182 F7200
M205 X3 Y3
G1 F2400
G1 X155.171 Y140.178 E.018
G3 X152.426 Y140.4 I-.182 J14.823 E3.59377
M73 P35 R74
G3 X154.483 Y140.192 I2.735 J16.715 E.08227
G1 X154.679 Y140.184 E.0078
M204 T500
G1 X154.246 Y139.75 F7200
;TYPE:Outer wall
G1 F1800
G1 X154.467 Y139.737 E.00881
G3 X155.179 Y139.728 I.543 J15.461 E.02833
G3 X151.824 Y140.059 I-.189 J15.273 E3.68157
G3 X153.404 Y139.811 I3.186 J15.139 E.0636
G1 X154.206 Y139.753 E.03198
M204 T1000
M205 X7 Y7
G1 E-.9 F2400
G1 Z11.02 F7200
G1 X167.836 Y149.802 Z11.02
G1 Z10.62
G1 E.9 F2400
;TYPE:Sparse infill
G1 X160.538 Y142.504 E.41036
G2 X157.309 Y141.53 I-6.369 J15.269 E.13432
G1 X168.47 Y152.691 E.6276
G3 X168.667 Y155.141 I-20.358 J2.864 E.09781
G1 X154.862 Y141.336 E.77628
G2 X152.787 Y141.516 I.262 J15.07 E.08286
G1 X168.482 Y157.21 E.88252
G3 X168.056 Y159.04 I-15.602 J-2.662 E.07471
G1 X150.96 Y141.944 E.96134
G2 X149.33 Y142.567 I10.426 J29.725 E.06943
G1 X167.433 Y160.67 E1.018
G3 X166.65 Y162.142 I-10.913 J-4.861 E.06633
G1 X147.861 Y143.353 E1.05657
G2 X146.533 Y144.279 I5.563 J9.385 E.06443
G1 X165.725 Y163.471 E1.07917
G3 X164.661 Y164.661 I-9.285 J-7.229 E.06353
G1 X145.339 Y145.339 E1.08651
G2 X144.279 Y146.533 I7.674 J7.877 E.06355
G1 X163.467 Y165.721 E1.07894
G3 X162.144 Y166.652 I-10.498 J-13.507 E.06435
G1 X143.353 Y147.861 E1.05666
G2 X142.565 Y149.328 I13.688 J8.294 E.06622
G1 X160.672 Y167.435 E1.0182
G3 X159.037 Y168.054 I-11.493 J-27.91 E.06954
G1 X141.944 Y150.96 E.96118
G2 X141.518 Y152.79 I15.177 J4.491 E.07471
G1 X157.213 Y168.484 E.88252
G3 X155.141 Y168.667 I-2.44 J-15.823 E.08274
G1 X141.333 Y154.859 E.77644
G2 X141.537 Y157.317 I14.676 J.021 E.09819
G1 X152.685 Y168.465 E.62689
G3 X149.462 Y167.496 I2.233 J-13.274 E.13418
G1 X142.164 Y160.198 E.41036
; stop printing object 圆柱体 id:2235774478336 copy 0
;LAYER_CHANGE
;Z:10.86
;HEIGHT:0.24
;BEFORE_LAYER_CHANGE
;10.86
G92 E0

;AFTER_LAYER_CHANGE
;10.86
;_SET_FAN_SPEED_CHANGING_LAYER
; printing object 圆柱体 id:2235774478336 copy 0
G1 E-.9 F2400
G1 Z11.26 F7200
G1 X200.228 Y140.978 Z11.26
G1 Z10.86
G1 E.9 F2400
M205 X3 Y3
;TYPE:Inner wall
G1 X200.978 Y141.008 E.02986
G3 X196.764 Y141.353 I-.979 J13.988 E3.33452
G3 X200.162 Y140.975 I3.342 J14.597 E.13623
G1 X200.188 Y140.976 E.00105
M205 X7 Y7
G1 X199.902 Y140.579 F7200
M205 X3 Y3
G1 F2400
G1 X200.169 Y140.577 E.01061
G3 X197.495 Y140.793 I-.179 J14.424 E3.49708
G3 X199.497 Y140.59 I2.661 J16.26 E.08006
G1 X199.862 Y140.58 E.01452
M205 X7 Y7
G1 X199.741 Y140.182 F7200
M205 X3 Y3
G1 F2400
G1 X200.176 Y140.178 E.01729
G3 X196.918 Y140.499 I-.185 J14.822 E3.57288
G3 X199.483 Y140.186 I3.092 J14.692 E.10287
G1 X199.701 Y140.183 E.00867
M204 T500
G1 X199.26 Y139.749 F7200
;TYPE:Outer wall
G1 F1800
G1 X199.467 Y139.737 E.00825
G3 X200.183 Y139.728 I.543 J15.459 E.02849
G3 X196.824 Y140.059 I-.193 J15.272 E3.68125
G3 X198.404 Y139.811 I3.186 J15.137 E.0636
G1 X199.22 Y139.752 E.03255
M204 T1000
M205 X7 Y7
G1 E-.9 F2400
G1 Z11.26 F7200
G1 X212.835 Y149.801 Z11.26
G1 Z10.86
G1 E.9 F2400
;TYPE:Sparse infill
G1 X205.538 Y142.504 E.41033
G2 X202.309 Y141.53 I-6.369 J15.269 E.13432
G1 X213.465 Y152.685 E.62729
G3 X213.667 Y155.141 I-14.668 J2.443 E.09811
G1 X199.862 Y141.336 E.77628
G2 X197.787 Y141.516 I.26 J15.053 E.08286
M73 P35 R73
G1 X213.482 Y157.21 E.88252
G3 X213.056 Y159.04 I-15.602 J-2.662 E.07471
G1 X195.96 Y141.944 E.96134
G2 X194.333 Y142.57 I5.016 J15.465 E.06939
G1 X212.43 Y160.667 E1.01766
G3 X211.652 Y162.144 I-14.533 J-6.716 E.06638
G1 X192.856 Y143.348 E1.05692
G2 X191.529 Y144.275 I25.324 J37.66 E.06437
G1 X210.725 Y163.471 E1.07941
G3 X209.661 Y164.661 I-9.286 J-7.229 E.06353
G1 X190.339 Y145.339 E1.08651
G2 X189.274 Y146.528 I9.141 J9.257 E.06352
G1 X208.467 Y165.721 E1.07923
G3 X207.144 Y166.652 I-10.496 J-13.505 E.06435
G1 X188.353 Y147.861 E1.05666
G2 X187.569 Y149.332 I12.11 J7.398 E.0663
G1 X205.672 Y167.435 E1.01798
G3 X204.037 Y168.054 I-11.481 J-27.878 E.06954
G1 X186.944 Y150.96 E.96118
G2 X186.518 Y152.79 I15.177 J4.491 E.07471
G1 X202.213 Y168.484 E.88252
G3 X200.141 Y168.667 I-2.44 J-15.823 E.08274
G1 X186.333 Y154.859 E.77644
G2 X186.537 Y157.317 I14.676 J.021 E.09819
G1 X197.683 Y168.463 E.62676
G3 X194.462 Y167.496 I2.196 J-13.164 E.13408
G1 X187.164 Y160.198 E.41036
; stop printing object 圆柱体 id:2235774478336 copy 0
; printing object 圆柱体 id:2235774478336 copy 0
G1 E-.9
G1 Z11.26 F7200
G1 X155.228 Y140.978 Z11.26
G1 Z10.86
G1 E.9 F2400
M205 X3 Y3
;TYPE:Inner wall
G1 X155.978 Y141.008 E.02986
G3 X151.764 Y141.353 I-.979 J13.988 E3.33452
G3 X155.162 Y140.975 I3.342 J14.597 E.13623
G1 X155.188 Y140.976 E.00105
M205 X7 Y7
G1 X154.902 Y140.579 F7200
M205 X3 Y3
G1 F2400
G1 X155.169 Y140.577 E.01061
G3 X152.495 Y140.793 I-.179 J14.424 E3.49708
G3 X154.497 Y140.59 I2.661 J16.26 E.08006
G1 X154.862 Y140.58 E.01452
M205 X7 Y7
G1 X154.741 Y140.182 F7200
M205 X3 Y3
G1 F2400
G1 X155.176 Y140.178 E.01729
G3 X151.918 Y140.499 I-.185 J14.822 E3.57288
G3 X154.483 Y140.186 I3.092 J14.692 E.10287
G1 X154.701 Y140.183 E.00867
M204 T500
G1 X154.26 Y139.749 F7200
;TYPE:Outer wall
G1 F1800
G1 X154.467 Y139.737 E.00825
G3 X155.183 Y139.728 I.543 J15.459 E.02849
G3 X151.824 Y140.059 I-.193 J15.272 E3.68125
G3 X153.404 Y139.811 I3.186 J15.137 E.0636
G1 X154.22 Y139.752 E.03255
M204 T1000
M205 X7 Y7
G1 E-.9 F2400
G1 Z11.26 F7200
G1 X167.835 Y149.801 Z11.26
G1 Z10.86
G1 E.9 F2400
;TYPE:Sparse infill
G1 X160.538 Y142.504 E.41033
G2 X157.309 Y141.53 I-6.369 J15.269 E.13432
G1 X168.465 Y152.685 E.62729
G3 X168.667 Y155.141 I-14.668 J2.443 E.09811
G1 X154.862 Y141.336 E.77628
G2 X152.787 Y141.516 I.26 J15.053 E.08286
G1 X168.482 Y157.21 E.88252
G3 X168.056 Y159.04 I-15.602 J-2.662 E.07471
G1 X150.96 Y141.944 E.96134
G2 X149.333 Y142.57 I5.016 J15.465 E.06939
G1 X167.43 Y160.667 E1.01766
G3 X166.652 Y162.144 I-14.533 J-6.716 E.06638
G1 X147.856 Y143.348 E1.05692
G2 X146.529 Y144.275 I25.324 J37.66 E.06437
G1 X165.725 Y163.471 E1.07941
G3 X164.661 Y164.661 I-9.286 J-7.229 E.06353
G1 X145.339 Y145.339 E1.08651
G2 X144.274 Y146.528 I9.141 J9.257 E.06352
G1 X163.467 Y165.721 E1.07923
G3 X162.144 Y166.652 I-10.496 J-13.505 E.06435
G1 X143.353 Y147.861 E1.05666
G2 X142.569 Y149.332 I12.11 J7.398 E.0663
G1 X160.672 Y167.435 E1.01798
G3 X159.037 Y168.054 I-11.481 J-27.878 E.06954
G1 X141.944 Y150.96 E.96118
G2 X141.518 Y152.79 I15.177 J4.491 E.07471
G1 X157.213 Y168.484 E.88252
G3 X155.141 Y168.667 I-2.44 J-15.823 E.08274
G1 X141.333 Y154.859 E.77644
G2 X141.537 Y157.317 I14.676 J.021 E.09819
G1 X152.683 Y168.463 E.62676
G3 X149.462 Y167.496 I2.196 J-13.164 E.13408
G1 X142.164 Y160.198 E.41036
; stop printing object 圆柱体 id:2235774478336 copy 0
;LAYER_CHANGE
;Z:11.1
;HEIGHT:0.240001
;BEFORE_LAYER_CHANGE
;11.1
G92 E0

;AFTER_LAYER_CHANGE
;11.1
;_SET_FAN_SPEED_CHANGING_LAYER
; printing object 圆柱体 id:2235774478336 copy 0
G1 E-.9 F2400
G1 Z11.5 F7200
G1 X200.219 Y140.977 Z11.5
G1 Z11.1
G1 E.9 F2400
M205 X3 Y3
;TYPE:Inner wall
G1 X200.978 Y141.009 E.03023
G3 X197.564 Y141.185 I-.989 J13.991 E3.36794
M73 P36 R73
G3 X200.166 Y140.975 I2.586 J15.805 E.1039
G1 X200.179 Y140.976 E.00051
M205 X7 Y7
G1 X199.916 Y140.579 F7200
M205 X3 Y3
G1 F2400
G1 X200.173 Y140.577 E.0102
G3 X197.495 Y140.793 I-.183 J14.424 E3.49691
G3 X199.497 Y140.59 I2.659 J16.248 E.08006
G1 X199.876 Y140.58 E.0151
M205 X7 Y7
G1 X199.755 Y140.182 F7200
M205 X3 Y3
G1 F2400
G1 X200.18 Y140.178 E.01687
G3 X196.918 Y140.499 I-.189 J14.823 E3.57286
G3 X199.483 Y140.187 I3.092 J14.689 E.10287
G1 X199.715 Y140.183 E.00926
M204 T500
G1 X199.275 Y139.748 F7200
;TYPE:Outer wall
G1 F1800
G1 X199.467 Y139.737 E.00767
G3 X200.188 Y139.728 I.542 J15.456 E.02866
G3 X196.824 Y140.059 I-.197 J15.273 E3.68123
G3 X198.404 Y139.811 I3.185 J15.134 E.0636
G1 X199.235 Y139.751 E.03313
M204 T1000
M205 X7 Y7
G1 E-.9 F2400
G1 Z11.5 F7200
G1 X212.835 Y149.801 Z11.5
G1 Z11.1
G1 E.9 F2400
;TYPE:Sparse infill
G1 X205.538 Y142.504 E.41033
G2 X202.309 Y141.53 I-6.369 J15.269 E.13432
G1 X213.47 Y152.691 E.6276
G3 X213.667 Y155.141 I-20.358 J2.864 E.09781
G1 X199.862 Y141.336 E.77627
G2 X197.787 Y141.516 I.258 J15.038 E.08286
G1 X213.482 Y157.21 E.88252
G3 X213.056 Y159.04 I-15.602 J-2.662 E.07471
G1 X195.96 Y141.944 E.96134
G2 X194.333 Y142.57 I5.016 J15.464 E.06939
G1 X212.43 Y160.667 E1.01766
G3 X211.65 Y162.142 I-10.54 J-4.629 E.06638
G1 X192.856 Y143.348 E1.05683
G2 X191.529 Y144.275 I25.324 J37.66 E.06437
G1 X210.725 Y163.471 E1.07941
G3 X209.661 Y164.661 I-9.285 J-7.229 E.06353
G1 X190.339 Y145.339 E1.08651
G2 X189.279 Y146.533 I7.674 J7.876 E.06355
G1 X208.467 Y165.721 E1.07894
G3 X207.139 Y166.647 I-6.891 J-8.458 E.06443
G1 X188.353 Y147.861 E1.05639
G2 X187.565 Y149.328 I13.688 J8.294 E.06622
G1 X205.67 Y167.433 E1.0181
G3 X204.04 Y168.056 I-12.061 J-29.113 E.06943
G1 X186.944 Y150.96 E.96134
G2 X186.518 Y152.79 I15.177 J4.491 E.07471
G1 X202.213 Y168.484 E.88252
G3 X200.141 Y168.667 I-2.44 J-15.823 E.08274
G1 X186.333 Y154.859 E.77644
G2 X186.531 Y157.311 I15.318 J-.002 E.09793
G1 X197.683 Y168.463 E.62709
G3 X194.463 Y167.497 I2.204 J-13.199 E.13402
G1 X187.164 Y160.198 E.41043
; stop printing object 圆柱体 id:2235774478336 copy 0
; printing object 圆柱体 id:2235774478336 copy 0
G1 E-.9
G1 Z11.5 F7200
G1 X155.219 Y140.977 Z11.5
G1 Z11.1
M73 P36 R72
G1 E.9 F2400
M205 X3 Y3
;TYPE:Inner wall
G1 X155.978 Y141.009 E.03023
G3 X152.564 Y141.185 I-.989 J13.991 E3.36794
G3 X155.166 Y140.975 I2.586 J15.805 E.1039
G1 X155.179 Y140.976 E.00051
M205 X7 Y7
G1 X154.916 Y140.579 F7200
M205 X3 Y3
G1 F2400
G1 X155.173 Y140.577 E.0102
G3 X152.495 Y140.793 I-.183 J14.424 E3.49691
G3 X154.497 Y140.59 I2.659 J16.248 E.08006
G1 X154.876 Y140.58 E.0151
M205 X7 Y7
G1 X154.755 Y140.182 F7200
M205 X3 Y3
G1 F2400
G1 X155.18 Y140.178 E.01687
G3 X151.918 Y140.499 I-.189 J14.823 E3.57286
G3 X154.483 Y140.187 I3.092 J14.689 E.10287
G1 X154.715 Y140.183 E.00926
M204 T500
G1 X154.275 Y139.748 F7200
;TYPE:Outer wall
G1 F1800
G1 X154.467 Y139.737 E.00767
G3 X155.188 Y139.728 I.542 J15.456 E.02866
G3 X151.824 Y140.059 I-.197 J15.273 E3.68123
G3 X153.404 Y139.811 I3.185 J15.134 E.0636
G1 X154.235 Y139.751 E.03313
M204 T1000
M205 X7 Y7
G1 E-.9 F2400
G1 Z11.5 F7200
G1 X167.835 Y149.801 Z11.5
G1 Z11.1
G1 E.9 F2400
;TYPE:Sparse infill
G1 X160.538 Y142.504 E.41033
G2 X157.309 Y141.53 I-6.369 J15.269 E.13432
G1 X168.47 Y152.691 E.6276
G3 X168.667 Y155.141 I-20.358 J2.864 E.09781
G1 X154.862 Y141.336 E.77627
G2 X152.787 Y141.516 I.258 J15.038 E.08286
G1 X168.482 Y157.21 E.88252
G3 X168.056 Y159.04 I-15.602 J-2.662 E.07471
G1 X150.96 Y141.944 E.96134
G2 X149.333 Y142.57 I5.016 J15.464 E.06939
G1 X167.43 Y160.667 E1.01766
G3 X166.65 Y162.142 I-10.54 J-4.629 E.06638
G1 X147.856 Y143.348 E1.05683
G2 X146.529 Y144.275 I25.324 J37.66 E.06437
G1 X165.725 Y163.471 E1.07941
G3 X164.661 Y164.661 I-9.285 J-7.229 E.06353
G1 X145.339 Y145.339 E1.08651
G2 X144.279 Y146.533 I7.674 J7.876 E.06355
G1 X163.467 Y165.721 E1.07894
G3 X162.139 Y166.647 I-6.891 J-8.458 E.06443
G1 X143.353 Y147.861 E1.05639
G2 X142.565 Y149.328 I13.688 J8.294 E.06622
G1 X160.67 Y167.433 E1.0181
G3 X159.04 Y168.056 I-12.061 J-29.113 E.06943
G1 X141.944 Y150.96 E.96134
G2 X141.518 Y152.79 I15.177 J4.491 E.07471
G1 X157.213 Y168.484 E.88252
G3 X155.141 Y168.667 I-2.44 J-15.823 E.08274
G1 X141.333 Y154.859 E.77644
G2 X141.531 Y157.311 I15.318 J-.002 E.09793
G1 X152.683 Y168.463 E.62709
G3 X149.463 Y167.497 I2.204 J-13.199 E.13402
G1 X142.164 Y160.198 E.41043
; stop printing object 圆柱体 id:2235774478336 copy 0
;LAYER_CHANGE
;Z:11.34
;HEIGHT:0.24
;BEFORE_LAYER_CHANGE
;11.34
G92 E0

;AFTER_LAYER_CHANGE
;11.34
;_SET_FAN_SPEED_CHANGING_LAYER
; printing object 圆柱体 id:2235774478336 copy 0
G1 E-.9 F2400
G1 Z11.74 F7200
G1 X200.234 Y140.978 Z11.74
G1 Z11.34
G1 E.9 F2400
M205 X3 Y3
;TYPE:Inner wall
G1 X200.978 Y141.009 E.02963
G3 X197.564 Y141.185 I-.989 J13.992 E3.36805
G3 X200.17 Y140.975 I2.585 J15.794 E.10407
G1 X200.194 Y140.976 E.00094
M205 X7 Y7
G1 X199.931 Y140.579 F7200
M205 X3 Y3
G1 F2400
G1 X200.177 Y140.577 E.00977
G3 X197.495 Y140.793 I-.188 J14.424 E3.49674
G3 X199.497 Y140.59 I2.658 J16.237 E.08006
G1 X199.891 Y140.58 E.01569
M205 X7 Y7
G1 X199.77 Y140.182 F7200
M205 X3 Y3
G1 F2400
G1 X200.184 Y140.178 E.01645
G3 X196.918 Y140.499 I-.193 J14.822 E3.57255
G3 X199.483 Y140.187 I3.091 J14.687 E.10287
G1 X199.73 Y140.182 E.00985
M204 T500
G1 X199.289 Y139.747 F7200
;TYPE:Outer wall
G1 F1800
G1 X199.467 Y139.737 E.00707
G3 X200.192 Y139.728 I.542 J15.454 E.02883
G3 X196.824 Y140.059 I-.202 J15.272 E3.68092
G3 X198.404 Y139.811 I3.185 J15.132 E.0636
G1 X199.25 Y139.75 E.03373
M204 T1000
M205 X7 Y7
G1 E-.9 F2400
G1 Z11.74 F7200
G1 X212.835 Y149.801 Z11.74
G1 Z11.34
G1 E.9 F2400
;TYPE:Sparse infill
G1 X205.538 Y142.504 E.41033
G2 X202.309 Y141.53 I-6.369 J15.269 E.13432
G1 X213.47 Y152.691 E.6276
G3 X213.667 Y155.141 I-20.358 J2.864 E.09781
G1 X199.862 Y141.336 E.77627
G2 X197.787 Y141.516 I.256 J15.022 E.08286
G1 X213.484 Y157.213 E.88266
G3 X213.056 Y159.04 I-21.705 J-4.116 E.07462
G1 X195.96 Y141.944 E.96134
G2 X194.33 Y142.567 I10.428 J29.729 E.06943
G1 X212.43 Y160.667 E1.01783
G3 X211.65 Y162.142 I-10.541 J-4.63 E.06638
G1 X192.861 Y143.353 E1.05657
G2 X191.533 Y144.279 I5.563 J9.385 E.06443
G1 X210.725 Y163.471 E1.07917
G3 X209.661 Y164.661 I-9.285 J-7.229 E.06353
G1 X190.339 Y145.339 E1.08651
G2 X189.279 Y146.533 I7.674 J7.876 E.06355
G1 X208.471 Y165.725 E1.07917
G3 X207.144 Y166.652 I-26.649 J-36.73 E.06437
G1 X188.353 Y147.861 E1.05666
G2 X187.565 Y149.328 I13.689 J8.294 E.06622
G1 X205.672 Y167.435 E1.0182
G3 X204.04 Y168.056 I-13.308 J-32.5 E.06947
G1 X186.944 Y150.96 E.96134
G2 X186.518 Y152.79 I15.177 J4.491 E.07471
G1 X202.213 Y168.484 E.88252
G3 X200.141 Y168.667 I-2.44 J-15.823 E.08274
M73 P37 R72
G1 X186.333 Y154.859 E.77644
G2 X186.537 Y157.317 I14.676 J.021 E.09819
G1 X197.683 Y168.463 E.62676
G3 X194.462 Y167.496 I2.196 J-13.164 E.13408
G1 X187.164 Y160.198 E.41036
; stop printing object 圆柱体 id:2235774478336 copy 0
; printing object 圆柱体 id:2235774478336 copy 0
G1 E-.9
G1 Z11.74 F7200
G1 X155.234 Y140.978 Z11.74
G1 Z11.34
G1 E.9 F2400
M205 X3 Y3
;TYPE:Inner wall
G1 X155.978 Y141.009 E.02963
G3 X152.564 Y141.185 I-.989 J13.992 E3.36805
G3 X155.17 Y140.975 I2.585 J15.794 E.10407
G1 X155.194 Y140.976 E.00094
M205 X7 Y7
G1 X154.931 Y140.579 F7200
M205 X3 Y3
G1 F2400
G1 X155.177 Y140.577 E.00977
G3 X152.495 Y140.793 I-.188 J14.424 E3.49674
G3 X154.497 Y140.59 I2.658 J16.237 E.08006
G1 X154.891 Y140.58 E.01569
M205 X7 Y7
G1 X154.77 Y140.182 F7200
M205 X3 Y3
G1 F2400
G1 X155.184 Y140.178 E.01645
G3 X151.918 Y140.499 I-.193 J14.822 E3.57255
G3 X154.483 Y140.187 I3.091 J14.687 E.10287
G1 X154.73 Y140.182 E.00985
M204 T500
G1 X154.289 Y139.747 F7200
;TYPE:Outer wall
G1 F1800
G1 X154.467 Y139.737 E.00707
G3 X155.192 Y139.728 I.542 J15.454 E.02883
G3 X151.824 Y140.059 I-.202 J15.272 E3.68092
G3 X153.404 Y139.811 I3.185 J15.132 E.0636
G1 X154.25 Y139.75 E.03373
M204 T1000
M205 X7 Y7
G1 E-.9 F2400
G1 Z11.74 F7200
G1 X167.835 Y149.801 Z11.74
G1 Z11.34
M73 P37 R71
G1 E.9 F2400
;TYPE:Sparse infill
G1 X160.538 Y142.504 E.41033
G2 X157.309 Y141.53 I-6.369 J15.269 E.13432
G1 X168.47 Y152.691 E.6276
G3 X168.667 Y155.141 I-20.358 J2.864 E.09781
G1 X154.862 Y141.336 E.77627
G2 X152.787 Y141.516 I.256 J15.022 E.08286
G1 X168.484 Y157.213 E.88266
G3 X168.056 Y159.04 I-21.705 J-4.116 E.07462
G1 X150.96 Y141.944 E.96134
G2 X149.33 Y142.567 I10.428 J29.729 E.06943
G1 X167.43 Y160.667 E1.01783
G3 X166.65 Y162.142 I-10.541 J-4.63 E.06638
G1 X147.861 Y143.353 E1.05657
G2 X146.533 Y144.279 I5.563 J9.385 E.06443
G1 X165.725 Y163.471 E1.07917
G3 X164.661 Y164.661 I-9.285 J-7.229 E.06353
G1 X145.339 Y145.339 E1.08651
G2 X144.279 Y146.533 I7.674 J7.876 E.06355
G1 X163.471 Y165.725 E1.07917
G3 X162.144 Y166.652 I-26.649 J-36.73 E.06437
G1 X143.353 Y147.861 E1.05666
G2 X142.565 Y149.328 I13.689 J8.294 E.06622
G1 X160.672 Y167.435 E1.0182
G3 X159.04 Y168.056 I-13.308 J-32.5 E.06947
G1 X141.944 Y150.96 E.96134
G2 X141.518 Y152.79 I15.177 J4.491 E.07471
G1 X157.213 Y168.484 E.88252
G3 X155.141 Y168.667 I-2.44 J-15.823 E.08274
G1 X141.333 Y154.859 E.77644
G2 X141.537 Y157.317 I14.676 J.021 E.09819
G1 X152.683 Y168.463 E.62676
G3 X149.462 Y167.496 I2.196 J-13.164 E.13408
G1 X142.164 Y160.198 E.41036
; stop printing object 圆柱体 id:2235774478336 copy 0
;LAYER_CHANGE
;Z:11.58
;HEIGHT:0.24
;BEFORE_LAYER_CHANGE
;11.58
G92 E0

;AFTER_LAYER_CHANGE
;11.58
;_SET_FAN_SPEED_CHANGING_LAYER
; printing object 圆柱体 id:2235774478336 copy 0
G1 E-.9 F2400
G1 Z11.98 F7200
G1 X200.249 Y140.978 Z11.98
G1 Z11.58
G1 E.9 F2400
M205 X3 Y3
;TYPE:Inner wall
G1 X200.978 Y141.009 E.02902
G3 X197.564 Y141.185 I-.989 J13.992 E3.36805
G3 X200.174 Y140.975 I2.584 J15.783 E.10424
G1 X200.209 Y140.977 E.00138
M205 X7 Y7
G1 X199.947 Y140.579 F7200
M205 X3 Y3
G1 F2400
G1 X200.181 Y140.577 E.00933
G3 X197.495 Y140.793 I-.192 J14.424 E3.49657
G3 X199.497 Y140.59 I2.657 J16.226 E.08006
G1 X199.907 Y140.58 E.0163
M205 X7 Y7
G1 X199.786 Y140.182 F7200
M205 X3 Y3
G1 F2400
G1 X200.188 Y140.178 E.01601
G3 X196.918 Y140.499 I-.198 J14.822 E3.57252
G3 X199.483 Y140.187 I3.091 J14.685 E.10287
G1 X199.746 Y140.182 E.01046
M204 T500
G1 X199.305 Y139.746 F7200
;TYPE:Outer wall
G1 F1800
G1 X199.467 Y139.737 E.00646
G3 X200.196 Y139.728 I.537 J15.261 E.02899
G3 X214.626 Y159.398 I-.196 J15.272 E1.12349
G3 X198.404 Y139.811 I-14.622 J-4.4 E2.62
G1 X199.265 Y139.749 E.03433
M204 T1000
M205 X7 Y7
G1 E-.9 F2400
G1 Z11.98 F7200
G1 X212.835 Y149.801 Z11.98
G1 Z11.58
G1 E.9 F2400
;TYPE:Sparse infill
G1 X205.538 Y142.504 E.41033
G2 X202.309 Y141.53 I-6.369 J15.269 E.13432
G1 X213.47 Y152.691 E.6276
G3 X213.667 Y155.141 I-20.358 J2.864 E.09781
G1 X199.862 Y141.337 E.77627
G2 X197.787 Y141.516 I.254 J15.007 E.08287
G1 X213.484 Y157.213 E.88264
G3 X213.056 Y159.04 I-16.193 J-2.823 E.07465
G1 X195.96 Y141.944 E.96134
G2 X194.333 Y142.57 I5.016 J15.465 E.06939
G1 X212.43 Y160.667 E1.01766
G3 X211.652 Y162.144 I-14.534 J-6.717 E.06638
G1 X192.861 Y143.353 E1.05666
G2 X191.533 Y144.279 I5.563 J9.385 E.06443
G1 X210.725 Y163.471 E1.07917
G3 X209.661 Y164.661 I-9.285 J-7.229 E.06353
G1 X190.339 Y145.339 E1.08651
G2 X189.279 Y146.533 I7.674 J7.876 E.06355
G1 X208.471 Y165.725 E1.07917
G3 X207.144 Y166.652 I-26.649 J-36.729 E.06437
G1 X188.353 Y147.861 E1.05666
G2 X187.567 Y149.33 I9.708 J6.139 E.06628
G1 X205.672 Y167.435 E1.0181
G3 X204.04 Y168.056 I-13.297 J-32.471 E.06947
G1 X186.944 Y150.96 E.96134
G2 X186.518 Y152.79 I15.177 J4.491 E.07471
G1 X202.213 Y168.484 E.88252
G3 X200.141 Y168.667 I-2.44 J-15.823 E.08274
G1 X186.333 Y154.859 E.77644
G2 X186.53 Y157.309 I20.553 J-.414 E.09781
G1 X197.686 Y168.465 E.62733
G3 X194.447 Y167.481 I2.131 J-12.832 E.13496
G1 X187.164 Y160.198 E.40953
; stop printing object 圆柱体 id:2235774478336 copy 0
; printing object 圆柱体 id:2235774478336 copy 0
G1 E-.9
G1 Z11.98 F7200
G1 X155.249 Y140.978 Z11.98
G1 Z11.58
G1 E.9 F2400
M205 X3 Y3
;TYPE:Inner wall
G1 X155.978 Y141.009 E.02902
G3 X152.564 Y141.185 I-.989 J13.992 E3.36805
G3 X155.174 Y140.975 I2.584 J15.783 E.10424
G1 X155.209 Y140.977 E.00138
M205 X7 Y7
G1 X154.947 Y140.579 F7200
M205 X3 Y3
G1 F2400
G1 X155.181 Y140.577 E.00933
G3 X152.495 Y140.793 I-.192 J14.424 E3.49657
G3 X154.497 Y140.59 I2.657 J16.226 E.08006
G1 X154.907 Y140.58 E.0163
M205 X7 Y7
G1 X154.786 Y140.182 F7200
M205 X3 Y3
G1 F2400
G1 X155.188 Y140.178 E.01601
G3 X151.918 Y140.499 I-.198 J14.822 E3.57252
G3 X154.483 Y140.187 I3.091 J14.685 E.10287
G1 X154.746 Y140.182 E.01046
M204 T500
G1 X154.305 Y139.746 F7200
;TYPE:Outer wall
G1 F1800
G1 X154.467 Y139.737 E.00646
G3 X155.196 Y139.728 I.537 J15.261 E.02899
G3 X169.626 Y159.398 I-.196 J15.272 E1.12349
G3 X153.404 Y139.811 I-14.622 J-4.4 E2.62
G1 X154.265 Y139.749 E.03433
M204 T1000
M205 X7 Y7
G1 E-.9 F2400
G1 Z11.98 F7200
G1 X167.835 Y149.801 Z11.98
G1 Z11.58
G1 E.9 F2400
;TYPE:Sparse infill
G1 X160.538 Y142.504 E.41033
G2 X157.309 Y141.53 I-6.369 J15.269 E.13432
G1 X168.47 Y152.691 E.6276
G3 X168.667 Y155.141 I-20.358 J2.864 E.09781
G1 X154.862 Y141.337 E.77627
G2 X152.787 Y141.516 I.254 J15.007 E.08287
G1 X168.484 Y157.213 E.88264
G3 X168.056 Y159.04 I-16.193 J-2.823 E.07465
G1 X150.96 Y141.944 E.96134
G2 X149.333 Y142.57 I5.016 J15.465 E.06939
G1 X167.43 Y160.667 E1.01766
G3 X166.652 Y162.144 I-14.534 J-6.717 E.06638
G1 X147.861 Y143.353 E1.05666
G2 X146.533 Y144.279 I5.563 J9.385 E.06443
G1 X165.725 Y163.471 E1.07917
G3 X164.661 Y164.661 I-9.285 J-7.229 E.06353
G1 X145.339 Y145.339 E1.08651
G2 X144.279 Y146.533 I7.674 J7.876 E.06355
M73 P38 R71
G1 X163.471 Y165.725 E1.07917
G3 X162.144 Y166.652 I-26.649 J-36.729 E.06437
G1 X143.353 Y147.861 E1.05666
G2 X142.567 Y149.33 I9.708 J6.139 E.06628
G1 X160.672 Y167.435 E1.0181
G3 X159.04 Y168.056 I-13.297 J-32.471 E.06947
G1 X141.944 Y150.96 E.96134
G2 X141.518 Y152.79 I15.177 J4.491 E.07471
G1 X157.213 Y168.484 E.88252
G3 X155.141 Y168.667 I-2.44 J-15.823 E.08274
G1 X141.333 Y154.859 E.77644
G2 X141.53 Y157.309 I20.553 J-.414 E.09781
M73 P38 R70
G1 X152.686 Y168.465 E.62733
G3 X149.447 Y167.481 I2.131 J-12.832 E.13496
G1 X142.164 Y160.198 E.40953
; stop printing object 圆柱体 id:2235774478336 copy 0
;LAYER_CHANGE
;Z:11.82
;HEIGHT:0.24
;BEFORE_LAYER_CHANGE
;11.82
G92 E0

;AFTER_LAYER_CHANGE
;11.82
;_SET_FAN_SPEED_CHANGING_LAYER
; printing object 圆柱体 id:2235774478336 copy 0
G1 E-.9 F2400
G1 Z12.22 F7200
G1 X200.265 Y140.979 Z12.22
G1 Z11.82
G1 E.9 F2400
M205 X3 Y3
;TYPE:Inner wall
G1 X200.978 Y141.009 E.0284
G3 X197.564 Y141.185 I-.989 J13.992 E3.36804
G3 X200.178 Y140.975 I2.582 J15.771 E.1044
G1 X200.225 Y140.977 E.00184
M205 X7 Y7
G1 X199.978 Y140.579 F7200
M205 X3 Y3
G1 F2400
G1 X200.185 Y140.577 E.00823
G3 X197.001 Y140.889 I-.195 J14.423 E3.47625
G3 X199.497 Y140.585 I3.008 J14.289 E.1001
G1 X199.938 Y140.579 E.01757
M205 X7 Y7
G1 X199.801 Y140.182 F7200
M205 X3 Y3
G1 F2400
G1 X200.192 Y140.178 E.01556
G3 X196.918 Y140.499 I-.202 J14.822 E3.57221
G3 X199.483 Y140.187 I3.091 J14.683 E.10287
G1 X199.761 Y140.182 E.01107
M204 T500
G1 X199.32 Y139.742 F7200
;TYPE:Outer wall
G1 F1800
G1 X199.467 Y139.737 E.00585
G3 X200.2 Y139.729 I.533 J15.263 E.02916
G3 X195.598 Y169.625 I-.2 J15.271 E2.07739
G3 X198.935 Y139.764 I4.402 J-14.625 E1.68787
G1 X199.28 Y139.744 E.01375
M204 T1000
M205 X7 Y7
G1 E-.9 F2400
G1 Z12.22 F7200
G1 X212.835 Y149.801 Z12.22
G1 Z11.82
G1 E.9 F2400
;TYPE:Sparse infill
G1 X205.538 Y142.504 E.41033
G2 X202.309 Y141.53 I-6.369 J15.269 E.13432
G1 X213.47 Y152.691 E.6276
G3 X213.667 Y155.141 I-20.358 J2.864 E.09781
G1 X199.862 Y141.337 E.77626
G2 X197.787 Y141.516 I.253 J14.992 E.08287
G1 X213.482 Y157.21 E.88252
G3 X213.056 Y159.04 I-15.602 J-2.662 E.07471
G1 X195.96 Y141.944 E.96134
G2 X194.33 Y142.567 I10.428 J29.731 E.06943
G1 X212.43 Y160.667 E1.01783
G3 X211.65 Y162.142 I-10.541 J-4.63 E.06638
G1 X192.861 Y143.353 E1.05657
G2 X191.533 Y144.279 I5.563 J9.385 E.06443
G1 X210.725 Y163.471 E1.07917
G3 X209.661 Y164.661 I-9.285 J-7.228 E.06353
G1 X190.339 Y145.339 E1.08651
G2 X189.279 Y146.533 I7.674 J7.877 E.06355
G1 X208.467 Y165.721 E1.07894
G3 X207.144 Y166.652 I-10.496 J-13.505 E.06435
G1 X188.348 Y147.856 E1.05692
G2 X187.567 Y149.33 I11.506 J7.044 E.06634
G1 X205.672 Y167.435 E1.0181
G3 X204.04 Y168.056 I-13.308 J-32.499 E.06947
G1 X186.944 Y150.96 E.96134
G2 X186.516 Y152.787 I25.1 J6.836 E.07462
G1 X202.213 Y168.484 E.88265
G3 X200.141 Y168.667 I-2.44 J-15.823 E.08274
G1 X186.333 Y154.859 E.77644
G2 X186.537 Y157.317 I14.676 J.021 E.09819
G1 X197.683 Y168.463 E.62676
G3 X194.462 Y167.496 I2.422 J-13.919 E.13404
G1 X187.164 Y160.198 E.41036
; stop printing object 圆柱体 id:2235774478336 copy 0
; printing object 圆柱体 id:2235774478336 copy 0
G1 E-.9
G1 Z12.22 F7200
G1 X155.265 Y140.979 Z12.22
G1 Z11.82
G1 E.9 F2400
M205 X3 Y3
;TYPE:Inner wall
G1 X155.978 Y141.009 E.0284
G3 X152.564 Y141.185 I-.989 J13.992 E3.36804
G3 X155.178 Y140.975 I2.582 J15.771 E.1044
G1 X155.225 Y140.977 E.00184
M205 X7 Y7
G1 X154.978 Y140.579 F7200
M205 X3 Y3
G1 F2400
G1 X155.185 Y140.577 E.00823
G3 X152.001 Y140.889 I-.195 J14.423 E3.47625
G3 X154.497 Y140.585 I3.008 J14.289 E.1001
G1 X154.938 Y140.579 E.01757
M205 X7 Y7
G1 X154.801 Y140.182 F7200
M205 X3 Y3
G1 F2400
G1 X155.192 Y140.178 E.01556
G3 X151.918 Y140.499 I-.202 J14.822 E3.57221
G3 X154.483 Y140.187 I3.091 J14.683 E.10287
G1 X154.761 Y140.182 E.01107
M204 T500
G1 X154.32 Y139.742 F7200
;TYPE:Outer wall
G1 F1800
G1 X154.467 Y139.737 E.00585
G3 X155.2 Y139.729 I.533 J15.263 E.02916
G3 X150.598 Y169.625 I-.2 J15.271 E2.07739
G3 X153.935 Y139.764 I4.402 J-14.625 E1.68787
G1 X154.28 Y139.744 E.01375
M204 T1000
M205 X7 Y7
G1 E-.9 F2400
G1 Z12.22 F7200
G1 X167.835 Y149.801 Z12.22
G1 Z11.82
G1 E.9 F2400
;TYPE:Sparse infill
G1 X160.538 Y142.504 E.41033
G2 X157.309 Y141.53 I-6.369 J15.269 E.13432
G1 X168.47 Y152.691 E.6276
G3 X168.667 Y155.141 I-20.358 J2.864 E.09781
G1 X154.862 Y141.337 E.77626
G2 X152.787 Y141.516 I.253 J14.992 E.08287
G1 X168.482 Y157.21 E.88252
G3 X168.056 Y159.04 I-15.602 J-2.662 E.07471
G1 X150.96 Y141.944 E.96134
G2 X149.33 Y142.567 I10.428 J29.731 E.06943
G1 X167.43 Y160.667 E1.01783
G3 X166.65 Y162.142 I-10.541 J-4.63 E.06638
G1 X147.861 Y143.353 E1.05657
G2 X146.533 Y144.279 I5.563 J9.385 E.06443
G1 X165.725 Y163.471 E1.07917
G3 X164.661 Y164.661 I-9.285 J-7.228 E.06353
G1 X145.339 Y145.339 E1.08651
G2 X144.279 Y146.533 I7.674 J7.877 E.06355
G1 X163.467 Y165.721 E1.07894
G3 X162.144 Y166.652 I-10.496 J-13.505 E.06435
G1 X143.348 Y147.856 E1.05692
G2 X142.567 Y149.33 I11.506 J7.044 E.06634
G1 X160.672 Y167.435 E1.0181
G3 X159.04 Y168.056 I-13.308 J-32.499 E.06947
G1 X141.944 Y150.96 E.96134
G2 X141.516 Y152.787 I25.1 J6.836 E.07462
G1 X157.213 Y168.484 E.88265
G3 X155.141 Y168.667 I-2.44 J-15.823 E.08274
G1 X141.333 Y154.859 E.77644
G2 X141.537 Y157.317 I14.676 J.021 E.09819
G1 X152.683 Y168.463 E.62676
G3 X149.462 Y167.496 I2.422 J-13.919 E.13404
G1 X142.164 Y160.198 E.41036
; stop printing object 圆柱体 id:2235774478336 copy 0
;LAYER_CHANGE
;Z:12.06
;HEIGHT:0.240001
;BEFORE_LAYER_CHANGE
;12.06
G92 E0

;AFTER_LAYER_CHANGE
;12.06
;_SET_FAN_SPEED_CHANGING_LAYER
; printing object 圆柱体 id:2235774478336 copy 0
G1 E-.9 F2400
G1 Z12.46 F7200
G1 X200.28 Y140.979 Z12.46
G1 Z12.06
G1 E.9 F2400
M205 X3 Y3
;TYPE:Inner wall
G1 X200.978 Y141.009 E.02779
G3 X197.564 Y141.185 I-.989 J13.992 E3.36804
G3 X200.183 Y140.975 I2.581 J15.761 E.10457
G1 X200.24 Y140.978 E.00228
M205 X7 Y7
G1 X199.994 Y140.579 F7200
M205 X3 Y3
G1 F2400
G1 X200.19 Y140.577 E.00779
G3 X197.001 Y140.889 I-.199 J14.423 E3.47608
G3 X199.497 Y140.585 I3.007 J14.287 E.1001
G1 X199.954 Y140.579 E.01818
M205 X7 Y7
G1 X199.817 Y140.182 F7200
M205 X3 Y3
G1 F2400
G1 X200.197 Y140.179 E.01511
G3 X196.918 Y140.499 I-.206 J14.822 E3.57204
G3 X199.483 Y140.187 I3.09 J14.681 E.10287
G1 X199.777 Y140.182 E.01168
M204 T500
G1 X199.335 Y139.744 F7200
;TYPE:Outer wall
G1 F1800
G1 X199.467 Y139.737 E.00524
G3 X200.204 Y139.729 I.541 J15.448 E.02933
G3 X196.824 Y140.059 I-.214 J15.272 E3.68041
M73 P38 R69
G3 X198.404 Y139.811 I3.184 J15.126 E.0636
G1 X199.296 Y139.746 E.03556
M204 T1000
M205 X7 Y7
G1 E-.9 F2400
G1 Z12.46 F7200
G1 X212.835 Y149.801 Z12.46
G1 Z12.06
G1 E.9 F2400
;TYPE:Sparse infill
G1 X205.538 Y142.504 E.41033
G2 X202.317 Y141.537 I-5.417 J12.197 E.13408
G1 X213.47 Y152.691 E.62718
G3 X213.667 Y155.141 I-20.358 J2.864 E.09781
G1 X199.862 Y141.337 E.77626
G2 X197.787 Y141.516 I.251 J14.977 E.08287
M73 P39 R69
G1 X213.482 Y157.21 E.88252
G3 X213.056 Y159.04 I-15.603 J-2.662 E.07471
G1 X195.96 Y141.944 E.96134
G2 X194.333 Y142.57 I5.016 J15.465 E.06939
G1 X212.433 Y160.67 E1.01783
G3 X211.65 Y162.142 I-10.914 J-4.861 E.06633
G1 X192.856 Y143.348 E1.05683
G2 X191.529 Y144.275 I25.327 J37.664 E.06437
G1 X210.725 Y163.471 E1.07941
G3 X209.661 Y164.661 I-9.286 J-7.229 E.06353
G1 X190.339 Y145.339 E1.08651
G2 X189.279 Y146.533 I7.674 J7.876 E.06355
G1 X208.467 Y165.721 E1.07894
G3 X207.144 Y166.652 I-10.496 J-13.505 E.06435
G1 X188.353 Y147.861 E1.05666
G2 X187.565 Y149.328 I13.688 J8.294 E.06622
G1 X205.672 Y167.435 E1.0182
G3 X204.04 Y168.056 I-13.303 J-32.487 E.06947
G1 X186.944 Y150.96 E.96134
G2 X186.518 Y152.79 I15.177 J4.491 E.07471
G1 X202.213 Y168.484 E.88252
G3 X200.141 Y168.667 I-2.44 J-15.823 E.08274
G1 X186.333 Y154.859 E.77644
G2 X186.532 Y157.311 I15.267 J-.001 E.09795
G1 X197.683 Y168.463 E.62707
G3 X194.463 Y167.497 I2.204 J-13.198 E.13402
G1 X187.164 Y160.198 E.41043
; stop printing object 圆柱体 id:2235774478336 copy 0
; printing object 圆柱体 id:2235774478336 copy 0
G1 E-.9
G1 Z12.46 F7200
G1 X155.28 Y140.979 Z12.46
G1 Z12.06
G1 E.9 F2400
M205 X3 Y3
;TYPE:Inner wall
G1 X155.978 Y141.009 E.02779
G3 X152.564 Y141.185 I-.989 J13.992 E3.36804
G3 X155.183 Y140.975 I2.581 J15.761 E.10457
G1 X155.24 Y140.978 E.00228
M205 X7 Y7
G1 X154.994 Y140.579 F7200
M205 X3 Y3
G1 F2400
G1 X155.19 Y140.577 E.00779
G3 X152.001 Y140.889 I-.199 J14.423 E3.47608
G3 X154.497 Y140.585 I3.007 J14.287 E.1001
G1 X154.954 Y140.579 E.01818
M205 X7 Y7
G1 X154.817 Y140.182 F7200
M205 X3 Y3
G1 F2400
G1 X155.197 Y140.179 E.01511
G3 X151.918 Y140.499 I-.206 J14.822 E3.57204
G3 X154.483 Y140.187 I3.09 J14.681 E.10287
G1 X154.777 Y140.182 E.01168
M204 T500
G1 X154.335 Y139.744 F7200
;TYPE:Outer wall
G1 F1800
G1 X154.467 Y139.737 E.00524
G3 X155.204 Y139.729 I.541 J15.448 E.02933
G3 X151.824 Y140.059 I-.214 J15.272 E3.68041
G3 X153.404 Y139.811 I3.184 J15.126 E.0636
G1 X154.296 Y139.746 E.03556
M204 T1000
M205 X7 Y7
G1 E-.9 F2400
G1 Z12.46 F7200
G1 X167.835 Y149.801 Z12.46
G1 Z12.06
G1 E.9 F2400
;TYPE:Sparse infill
G1 X160.538 Y142.504 E.41033
G2 X157.317 Y141.537 I-5.417 J12.197 E.13408
G1 X168.47 Y152.691 E.62718
G3 X168.667 Y155.141 I-20.358 J2.864 E.09781
G1 X154.862 Y141.337 E.77626
G2 X152.787 Y141.516 I.251 J14.977 E.08287
G1 X168.482 Y157.21 E.88252
G3 X168.056 Y159.04 I-15.603 J-2.662 E.07471
G1 X150.96 Y141.944 E.96134
G2 X149.333 Y142.57 I5.016 J15.465 E.06939
G1 X167.433 Y160.67 E1.01783
G3 X166.65 Y162.142 I-10.914 J-4.861 E.06633
G1 X147.856 Y143.348 E1.05683
G2 X146.529 Y144.275 I25.327 J37.664 E.06437
G1 X165.725 Y163.471 E1.07941
G3 X164.661 Y164.661 I-9.286 J-7.229 E.06353
G1 X145.339 Y145.339 E1.08651
G2 X144.279 Y146.533 I7.674 J7.876 E.06355
G1 X163.467 Y165.721 E1.07894
G3 X162.144 Y166.652 I-10.496 J-13.505 E.06435
G1 X143.353 Y147.861 E1.05666
G2 X142.565 Y149.328 I13.688 J8.294 E.06622
G1 X160.672 Y167.435 E1.0182
G3 X159.04 Y168.056 I-13.303 J-32.487 E.06947
G1 X141.944 Y150.96 E.96134
G2 X141.518 Y152.79 I15.177 J4.491 E.07471
G1 X157.213 Y168.484 E.88252
G3 X155.141 Y168.667 I-2.44 J-15.823 E.08274
G1 X141.333 Y154.859 E.77644
G2 X141.532 Y157.311 I15.267 J-.001 E.09795
G1 X152.683 Y168.463 E.62707
G3 X149.463 Y167.497 I2.204 J-13.198 E.13402
G1 X142.164 Y160.198 E.41043
; stop printing object 圆柱体 id:2235774478336 copy 0
;LAYER_CHANGE
;Z:12.3
;HEIGHT:0.24
;BEFORE_LAYER_CHANGE
;12.3
G92 E0

;AFTER_LAYER_CHANGE
;12.3
;_SET_FAN_SPEED_CHANGING_LAYER
; printing object 圆柱体 id:2235774478336 copy 0
G1 E-.9 F2400
G1 Z12.7 F7200
G1 X200.296 Y140.98 Z12.7
G1 Z12.3
G1 E.9 F2400
M205 X3 Y3
;TYPE:Inner wall
G1 X200.978 Y141.009 E.02717
G3 X197.564 Y141.185 I-.989 J13.992 E3.36804
G3 X200.187 Y140.975 I2.58 J15.75 E.10474
G1 X200.256 Y140.978 E.00274
M205 X7 Y7
G1 X200.009 Y140.578 F7200
M205 X3 Y3
G1 F2400
G1 X200.194 Y140.577 E.00734
G3 X197.001 Y140.889 I-.203 J14.424 E3.47603
G3 X199.497 Y140.585 I3.007 J14.285 E.1001
G1 X199.969 Y140.579 E.01879
M205 X7 Y7
G1 X199.832 Y140.181 F7200
M205 X3 Y3
G1 F2400
G1 X200.201 Y140.179 E.01466
G3 X196.918 Y140.499 I-.21 J14.822 E3.572
G3 X199.483 Y140.187 I3.09 J14.679 E.10287
G1 X199.792 Y140.182 E.0123
M204 T500
G1 X199.351 Y139.742 F7200
;TYPE:Outer wall
G1 F1800
G1 X199.467 Y139.737 E.00462
G3 X200.209 Y139.729 I.541 J15.446 E.02949
G3 X196.824 Y140.059 I-.219 J15.272 E3.68037
G3 X198.404 Y139.811 I3.184 J15.124 E.0636
G1 X199.311 Y139.745 E.03617
M204 T1000
M205 X7 Y7
G1 E-.9 F2400
G1 Z12.7 F7200
G1 X212.835 Y149.801 Z12.7
G1 Z12.3
G1 E.9 F2400
;TYPE:Sparse infill
G1 X205.538 Y142.504 E.41033
G2 X202.317 Y141.537 I-5.417 J12.197 E.13408
G1 X213.47 Y152.691 E.62718
G3 X213.667 Y155.141 I-20.358 J2.864 E.09781
G1 X199.862 Y141.337 E.77626
G2 X197.787 Y141.516 I.249 J14.962 E.08287
G1 X213.482 Y157.21 E.88252
G3 X213.056 Y159.04 I-15.603 J-2.662 E.07471
G1 X195.96 Y141.944 E.96134
G2 X194.33 Y142.567 I10.427 J29.729 E.06943
G1 X212.433 Y160.67 E1.018
G3 X211.65 Y162.142 I-10.914 J-4.861 E.06633
G1 X192.858 Y143.349 E1.05676
G2 X191.533 Y144.279 I6.109 J10.106 E.06439
G1 X210.725 Y163.471 E1.07917
G3 X209.661 Y164.661 I-9.286 J-7.229 E.06353
G1 X190.339 Y145.339 E1.08651
G2 X189.279 Y146.533 I7.674 J7.876 E.06355
G1 X208.467 Y165.721 E1.07894
G3 X207.139 Y166.647 I-6.89 J-8.458 E.06443
G1 X188.353 Y147.861 E1.05639
G2 X187.566 Y149.329 I12.055 J7.405 E.06625
G1 X205.672 Y167.435 E1.01814
G3 X204.04 Y168.056 I-13.309 J-32.503 E.06947
G1 X186.944 Y150.96 E.96134
G2 X186.518 Y152.79 I15.177 J4.491 E.07471
M73 P39 R68
G1 X202.213 Y168.484 E.88252
G3 X200.141 Y168.667 I-2.44 J-15.824 E.08274
G1 X186.333 Y154.859 E.77644
G2 X186.537 Y157.317 I14.676 J.021 E.09819
G1 X197.683 Y168.463 E.62676
G3 X194.462 Y167.496 I2.196 J-13.164 E.13408
G1 X187.164 Y160.198 E.41036
; stop printing object 圆柱体 id:2235774478336 copy 0
; printing object 圆柱体 id:2235774478336 copy 0
G1 E-.9
G1 Z12.7 F7200
G1 X155.296 Y140.98 Z12.7
G1 Z12.3
G1 E.9 F2400
M205 X3 Y3
;TYPE:Inner wall
G1 X155.978 Y141.009 E.02717
G3 X152.564 Y141.185 I-.989 J13.992 E3.36804
G3 X155.187 Y140.975 I2.58 J15.75 E.10474
G1 X155.256 Y140.978 E.00274
M205 X7 Y7
G1 X155.009 Y140.578 F7200
M205 X3 Y3
G1 F2400
G1 X155.194 Y140.577 E.00734
G3 X152.001 Y140.889 I-.203 J14.424 E3.47603
G3 X154.497 Y140.585 I3.007 J14.285 E.1001
G1 X154.969 Y140.579 E.01879
M205 X7 Y7
G1 X154.832 Y140.181 F7200
M205 X3 Y3
G1 F2400
G1 X155.201 Y140.179 E.01466
G3 X151.918 Y140.499 I-.21 J14.822 E3.572
G3 X154.483 Y140.187 I3.09 J14.679 E.10287
G1 X154.792 Y140.182 E.0123
M204 T500
G1 X154.351 Y139.742 F7200
;TYPE:Outer wall
G1 F1800
G1 X154.467 Y139.737 E.00462
G3 X155.209 Y139.729 I.541 J15.446 E.02949
G3 X151.824 Y140.059 I-.219 J15.272 E3.68037
M73 P40 R68
G3 X153.404 Y139.811 I3.184 J15.124 E.0636
G1 X154.311 Y139.745 E.03617
M204 T1000
M205 X7 Y7
G1 E-.9 F2400
G1 Z12.7 F7200
G1 X167.835 Y149.801 Z12.7
G1 Z12.3
G1 E.9 F2400
;TYPE:Sparse infill
G1 X160.538 Y142.504 E.41033
G2 X157.317 Y141.537 I-5.417 J12.197 E.13408
G1 X168.47 Y152.691 E.62718
G3 X168.667 Y155.141 I-20.358 J2.864 E.09781
G1 X154.862 Y141.337 E.77626
G2 X152.787 Y141.516 I.249 J14.962 E.08287
G1 X168.482 Y157.21 E.88252
G3 X168.056 Y159.04 I-15.603 J-2.662 E.07471
G1 X150.96 Y141.944 E.96134
G2 X149.33 Y142.567 I10.427 J29.729 E.06943
G1 X167.433 Y160.67 E1.018
G3 X166.65 Y162.142 I-10.914 J-4.861 E.06633
G1 X147.858 Y143.349 E1.05676
G2 X146.533 Y144.279 I6.109 J10.106 E.06439
G1 X165.725 Y163.471 E1.07917
G3 X164.661 Y164.661 I-9.286 J-7.229 E.06353
G1 X145.339 Y145.339 E1.08651
G2 X144.279 Y146.533 I7.674 J7.876 E.06355
G1 X163.467 Y165.721 E1.07894
G3 X162.139 Y166.647 I-6.89 J-8.458 E.06443
G1 X143.353 Y147.861 E1.05639
G2 X142.566 Y149.329 I12.055 J7.405 E.06625
G1 X160.672 Y167.435 E1.01814
G3 X159.04 Y168.056 I-13.309 J-32.503 E.06947
G1 X141.944 Y150.96 E.96134
G2 X141.518 Y152.79 I15.177 J4.491 E.07471
G1 X157.213 Y168.484 E.88252
G3 X155.141 Y168.667 I-2.44 J-15.824 E.08274
G1 X141.333 Y154.859 E.77644
G2 X141.537 Y157.317 I14.676 J.021 E.09819
G1 X152.683 Y168.463 E.62676
G3 X149.462 Y167.496 I2.196 J-13.164 E.13408
G1 X142.164 Y160.198 E.41036
; stop printing object 圆柱体 id:2235774478336 copy 0
;LAYER_CHANGE
;Z:12.54
;HEIGHT:0.24
;BEFORE_LAYER_CHANGE
;12.54
G92 E0

;AFTER_LAYER_CHANGE
;12.54
;_SET_FAN_SPEED_CHANGING_LAYER
; printing object 圆柱体 id:2235774478336 copy 0
G1 E-.9 F2400
G1 Z12.94 F7200
G1 X200.311 Y140.98 Z12.94
G1 Z12.54
G1 E.9 F2400
M205 X3 Y3
;TYPE:Inner wall
G1 X200.978 Y141.008 E.02655
G3 X195.383 Y141.756 I-.978 J13.992 E3.27806
G3 X200.191 Y140.976 I4.618 J13.251 E.19467
G1 X200.271 Y140.979 E.00319
M205 X7 Y7
G1 X200.009 Y140.579 F7200
M205 X3 Y3
G1 F2400
G1 X200.198 Y140.577 E.00753
G3 X195.253 Y141.379 I-.198 J14.423 E3.40343
G3 X199.497 Y140.585 I4.748 J13.627 E.17231
G1 X199.969 Y140.579 E.01878
M205 X7 Y7
G1 X199.847 Y140.181 F7200
M205 X3 Y3
G1 F2400
G1 X200.205 Y140.179 E.01422
G3 X196.918 Y140.499 I-.215 J14.821 E3.57167
G3 X199.483 Y140.187 I3.09 J14.677 E.10287
G1 X199.807 Y140.182 E.01291
M204 T500
G1 X199.366 Y139.741 F7200
;TYPE:Outer wall
G1 F1800
G1 X199.467 Y139.737 E.00401
G3 X200.213 Y139.729 I.541 J15.445 E.02966
G3 X196.824 Y140.059 I-.223 J15.271 E3.68003
G3 X198.404 Y139.811 I3.183 J15.123 E.0636
G1 X199.326 Y139.744 E.03679
M204 T1000
M205 X7 Y7
G1 E-.9 F2400
G1 Z12.94 F7200
G1 X212.835 Y149.801 Z12.94
G1 Z12.54
G1 E.9 F2400
;TYPE:Sparse infill
G1 X205.538 Y142.504 E.41033
G2 X202.317 Y141.537 I-5.417 J12.197 E.13408
G1 X213.47 Y152.691 E.62718
G3 X213.667 Y155.141 I-20.358 J2.864 E.09781
G1 X199.862 Y141.337 E.77626
G2 X197.787 Y141.516 I.247 J14.948 E.08287
G1 X213.484 Y157.213 E.88264
G3 X213.056 Y159.04 I-21.146 J-3.982 E.07463
G1 X195.96 Y141.944 E.96134
G2 X194.33 Y142.567 I10.428 J29.731 E.06943
G1 X212.43 Y160.667 E1.01783
G3 X211.65 Y162.142 I-10.541 J-4.63 E.06638
G1 X192.861 Y143.353 E1.05657
G2 X191.533 Y144.279 I5.563 J9.384 E.06443
G1 X210.725 Y163.471 E1.07917
G3 X209.661 Y164.661 I-9.286 J-7.229 E.06353
G1 X190.339 Y145.339 E1.08651
G2 X189.278 Y146.532 I7.988 J8.171 E.06354
G1 X208.467 Y165.721 E1.07901
G3 X207.139 Y166.647 I-6.89 J-8.458 E.06443
G1 X188.353 Y147.861 E1.05639
G2 X187.565 Y149.328 I13.688 J8.294 E.06622
G1 X205.672 Y167.435 E1.0182
G3 X204.04 Y168.056 I-13.311 J-32.508 E.06947
G1 X186.944 Y150.96 E.96134
G2 X186.518 Y152.79 I15.177 J4.491 E.07471
G1 X202.213 Y168.484 E.88252
G3 X200.141 Y168.667 I-2.44 J-15.823 E.08274
G1 X186.333 Y154.859 E.77644
G2 X186.537 Y157.317 I14.676 J.021 E.09819
G1 X197.683 Y168.463 E.62676
G3 X194.463 Y167.497 I2.204 J-13.199 E.13402
G1 X187.164 Y160.198 E.41042
; stop printing object 圆柱体 id:2235774478336 copy 0
; printing object 圆柱体 id:2235774478336 copy 0
G1 E-.9
G1 Z12.94 F7200
G1 X155.311 Y140.98 Z12.94
G1 Z12.54
G1 E.9 F2400
M205 X3 Y3
;TYPE:Inner wall
G1 X155.978 Y141.008 E.02655
G3 X150.383 Y141.756 I-.978 J13.992 E3.27806
G3 X155.191 Y140.976 I4.618 J13.251 E.19467
G1 X155.271 Y140.979 E.00319
M205 X7 Y7
G1 X155.009 Y140.579 F7200
M205 X3 Y3
G1 F2400
G1 X155.198 Y140.577 E.00753
G3 X150.253 Y141.379 I-.198 J14.423 E3.40343
G3 X154.497 Y140.585 I4.748 J13.627 E.17231
G1 X154.969 Y140.579 E.01878
M205 X7 Y7
G1 X154.847 Y140.181 F7200
M205 X3 Y3
G1 F2400
G1 X155.205 Y140.179 E.01422
G3 X151.918 Y140.499 I-.215 J14.821 E3.57167
G3 X154.483 Y140.187 I3.09 J14.677 E.10287
G1 X154.807 Y140.182 E.01291
M204 T500
G1 X154.366 Y139.741 F7200
;TYPE:Outer wall
G1 F1800
G1 X154.467 Y139.737 E.00401
G3 X155.213 Y139.729 I.541 J15.445 E.02966
G3 X151.824 Y140.059 I-.223 J15.271 E3.68003
M73 P40 R67
G3 X153.404 Y139.811 I3.183 J15.123 E.0636
G1 X154.326 Y139.744 E.03679
M204 T1000
M205 X7 Y7
G1 E-.9 F2400
G1 Z12.94 F7200
G1 X167.835 Y149.801 Z12.94
G1 Z12.54
G1 E.9 F2400
;TYPE:Sparse infill
G1 X160.538 Y142.504 E.41033
G2 X157.317 Y141.537 I-5.417 J12.197 E.13408
G1 X168.47 Y152.691 E.62718
G3 X168.667 Y155.141 I-20.358 J2.864 E.09781
G1 X154.862 Y141.337 E.77626
G2 X152.787 Y141.516 I.247 J14.948 E.08287
G1 X168.484 Y157.213 E.88264
G3 X168.056 Y159.04 I-21.146 J-3.982 E.07463
G1 X150.96 Y141.944 E.96134
G2 X149.33 Y142.567 I10.428 J29.731 E.06943
G1 X167.43 Y160.667 E1.01783
G3 X166.65 Y162.142 I-10.541 J-4.63 E.06638
G1 X147.861 Y143.353 E1.05657
G2 X146.533 Y144.279 I5.563 J9.384 E.06443
G1 X165.725 Y163.471 E1.07917
G3 X164.661 Y164.661 I-9.286 J-7.229 E.06353
G1 X145.339 Y145.339 E1.08651
G2 X144.278 Y146.532 I7.988 J8.171 E.06354
G1 X163.467 Y165.721 E1.07901
G3 X162.139 Y166.647 I-6.89 J-8.458 E.06443
G1 X143.353 Y147.861 E1.05639
G2 X142.565 Y149.328 I13.688 J8.294 E.06622
G1 X160.672 Y167.435 E1.0182
G3 X159.04 Y168.056 I-13.311 J-32.508 E.06947
G1 X141.944 Y150.96 E.96134
G2 X141.518 Y152.79 I15.177 J4.491 E.07471
G1 X157.213 Y168.484 E.88252
G3 X155.141 Y168.667 I-2.44 J-15.823 E.08274
G1 X141.333 Y154.859 E.77644
G2 X141.537 Y157.317 I14.676 J.021 E.09819
G1 X152.683 Y168.463 E.62676
G3 X149.463 Y167.497 I2.204 J-13.199 E.13402
G1 X142.164 Y160.198 E.41042
; stop printing object 圆柱体 id:2235774478336 copy 0
;LAYER_CHANGE
;Z:12.78
;HEIGHT:0.24
;BEFORE_LAYER_CHANGE
;12.78
G92 E0

;AFTER_LAYER_CHANGE
;12.78
;_SET_FAN_SPEED_CHANGING_LAYER
; printing object 圆柱体 id:2235774478336 copy 0
G1 E-.9 F2400
G1 Z13.18 F7200
G1 X200.349 Y140.982 Z13.18
G1 Z12.78
G1 E.9 F2400
M205 X3 Y3
;TYPE:Inner wall
G1 X200.978 Y141.009 E.02505
G3 X197.083 Y141.279 I-.988 J13.992 E3.34857
G3 X200.195 Y140.976 I2.924 J13.888 E.12457
G1 X200.309 Y140.98 E.00452
M205 X7 Y7
G1 X200.04 Y140.578 F7200
M205 X3 Y3
G1 F2400
G1 X200.202 Y140.577 E.00646
G3 X197.001 Y140.889 I-.212 J14.424 E3.47571
M73 P41 R67
G3 X199.497 Y140.585 I3.007 J14.282 E.1001
G1 X200 Y140.579 E.02001
M205 X7 Y7
G1 X199.863 Y140.181 F7200
M205 X3 Y3
G1 F2400
G1 X200.209 Y140.179 E.01378
G3 X196.918 Y140.499 I-.219 J14.822 E3.57168
G3 X199.483 Y140.187 I3.09 J14.676 E.10287
G1 X199.823 Y140.182 E.01351
M204 T500
G1 X199.381 Y139.74 F7200
;TYPE:Outer wall
G1 F1800
G1 X199.467 Y139.737 E.00341
G3 X200.217 Y139.729 I.54 J15.443 E.02983
G3 X196.824 Y140.059 I-.227 J15.272 E3.68005
G3 X198.404 Y139.811 I3.183 J15.121 E.0636
G1 X199.341 Y139.743 E.03739
M204 T1000
M205 X7 Y7
G1 E-.9 F2400
G1 Z13.18 F7200
G1 X212.835 Y149.801 Z13.18
G1 Z12.78
G1 E.9 F2400
;TYPE:Sparse infill
G1 X205.538 Y142.504 E.41033
G2 X202.317 Y141.537 I-5.417 J12.197 E.13408
G1 X213.47 Y152.691 E.62718
G3 X213.667 Y155.141 I-20.357 J2.864 E.09781
G1 X199.862 Y141.337 E.77625
G2 X197.787 Y141.516 I.246 J14.933 E.08288
G1 X213.484 Y157.213 E.88266
G3 X213.054 Y159.037 I-12.334 J-1.948 E.07458
G1 X195.96 Y141.944 E.96118
G2 X194.33 Y142.567 I10.428 J29.731 E.06943
G1 X212.43 Y160.667 E1.01783
G3 X211.65 Y162.142 I-10.54 J-4.629 E.06638
G1 X192.861 Y143.353 E1.05657
G2 X191.533 Y144.279 I5.563 J9.385 E.06443
G1 X210.725 Y163.471 E1.07917
G3 X209.661 Y164.661 I-9.286 J-7.229 E.06353
G1 X190.339 Y145.339 E1.08651
G2 X189.279 Y146.533 I7.674 J7.876 E.06355
G1 X208.467 Y165.721 E1.07894
G3 X207.139 Y166.647 I-6.891 J-8.458 E.06443
G1 X188.353 Y147.861 E1.05639
G2 X187.567 Y149.33 I9.708 J6.139 E.06628
G1 X205.67 Y167.433 E1.018
G3 X204.037 Y168.054 I-10.573 J-25.379 E.0695
G1 X186.944 Y150.96 E.96118
G2 X186.518 Y152.79 I15.178 J4.491 E.07471
G1 X202.213 Y168.484 E.88252
G3 X200.141 Y168.667 I-2.44 J-15.823 E.08274
G1 X186.333 Y154.859 E.77644
G2 X186.537 Y157.317 I14.676 J.021 E.09819
G1 X197.686 Y168.466 E.62693
G3 X194.452 Y167.485 I2.399 J-13.741 E.13472
G1 X187.164 Y160.198 E.40977
; stop printing object 圆柱体 id:2235774478336 copy 0
; printing object 圆柱体 id:2235774478336 copy 0
G1 E-.9
G1 Z13.18 F7200
G1 X155.349 Y140.982 Z13.18
G1 Z12.78
G1 E.9 F2400
M205 X3 Y3
;TYPE:Inner wall
G1 X155.978 Y141.009 E.02505
G3 X152.083 Y141.279 I-.988 J13.992 E3.34857
G3 X155.195 Y140.976 I2.924 J13.888 E.12457
G1 X155.309 Y140.98 E.00452
M205 X7 Y7
G1 X155.04 Y140.578 F7200
M205 X3 Y3
G1 F2400
G1 X155.202 Y140.577 E.00646
G3 X152.001 Y140.889 I-.212 J14.424 E3.47571
G3 X154.497 Y140.585 I3.007 J14.282 E.1001
G1 X155 Y140.579 E.02001
M205 X7 Y7
G1 X154.863 Y140.181 F7200
M205 X3 Y3
G1 F2400
G1 X155.209 Y140.179 E.01378
G3 X151.918 Y140.499 I-.219 J14.822 E3.57168
G3 X154.483 Y140.187 I3.09 J14.676 E.10287
G1 X154.823 Y140.182 E.01351
M204 T500
G1 X154.381 Y139.74 F7200
;TYPE:Outer wall
G1 F1800
G1 X154.467 Y139.737 E.00341
G3 X155.217 Y139.729 I.54 J15.443 E.02983
G3 X151.824 Y140.059 I-.227 J15.272 E3.68005
G3 X153.404 Y139.811 I3.183 J15.121 E.0636
G1 X154.341 Y139.743 E.03739
M204 T1000
M205 X7 Y7
G1 E-.9 F2400
G1 Z13.18 F7200
G1 X167.835 Y149.801 Z13.18
G1 Z12.78
G1 E.9 F2400
;TYPE:Sparse infill
G1 X160.538 Y142.504 E.41033
G2 X157.317 Y141.537 I-5.417 J12.197 E.13408
G1 X168.47 Y152.691 E.62718
G3 X168.667 Y155.141 I-20.357 J2.864 E.09781
G1 X154.862 Y141.337 E.77625
G2 X152.787 Y141.516 I.246 J14.933 E.08288
G1 X168.484 Y157.213 E.88266
G3 X168.054 Y159.037 I-12.334 J-1.948 E.07458
G1 X150.96 Y141.944 E.96118
G2 X149.33 Y142.567 I10.428 J29.731 E.06943
G1 X167.43 Y160.667 E1.01783
G3 X166.65 Y162.142 I-10.54 J-4.629 E.06638
G1 X147.861 Y143.353 E1.05657
G2 X146.533 Y144.279 I5.563 J9.385 E.06443
G1 X165.725 Y163.471 E1.07917
G3 X164.661 Y164.661 I-9.286 J-7.229 E.06353
G1 X145.339 Y145.339 E1.08651
G2 X144.279 Y146.533 I7.674 J7.876 E.06355
G1 X163.467 Y165.721 E1.07894
G3 X162.139 Y166.647 I-6.891 J-8.458 E.06443
G1 X143.353 Y147.861 E1.05639
G2 X142.567 Y149.33 I9.708 J6.139 E.06628
M73 P41 R66
G1 X160.67 Y167.433 E1.018
G3 X159.037 Y168.054 I-10.573 J-25.379 E.0695
G1 X141.944 Y150.96 E.96118
G2 X141.518 Y152.79 I15.178 J4.491 E.07471
G1 X157.213 Y168.484 E.88252
G3 X155.141 Y168.667 I-2.44 J-15.823 E.08274
G1 X141.333 Y154.859 E.77644
G2 X141.537 Y157.317 I14.676 J.021 E.09819
G1 X152.686 Y168.466 E.62693
G3 X149.452 Y167.485 I2.399 J-13.741 E.13472
G1 X142.164 Y160.198 E.40977
; stop printing object 圆柱体 id:2235774478336 copy 0
;LAYER_CHANGE
;Z:13.02
;HEIGHT:0.240001
;BEFORE_LAYER_CHANGE
;13.02
G92 E0

;AFTER_LAYER_CHANGE
;13.02
;_SET_FAN_SPEED_CHANGING_LAYER
; printing object 圆柱体 id:2235774478336 copy 0
G1 E-.9 F2400
G1 Z13.42 F7200
G1 X200.364 Y140.982 Z13.42
G1 Z13.02
G1 E.9 F2400
M205 X3 Y3
;TYPE:Inner wall
G1 X200.978 Y141.008 E.02446
G3 X196.801 Y141.344 I-.979 J13.988 E3.336
G3 X200.199 Y140.976 I3.299 J14.578 E.13623
G1 X200.324 Y140.981 E.00495
M205 X7 Y7
G1 X200.055 Y140.578 F7200
M205 X3 Y3
G1 F2400
G1 X200.206 Y140.577 E.00604
G3 X197.001 Y140.889 I-.216 J14.423 E3.47541
G3 X199.497 Y140.585 I3.006 J14.28 E.1001
G1 X200.015 Y140.579 E.0206
M205 X7 Y7
G1 X199.877 Y140.181 F7200
M205 X3 Y3
G1 F2400
G1 X200.213 Y140.179 E.01336
G3 X196.918 Y140.499 I-.223 J14.821 E3.57138
G3 X199.483 Y140.187 I3.089 J14.674 E.10287
G1 X199.837 Y140.182 E.01411
M204 T500
G1 X199.396 Y139.739 F7200
;TYPE:Outer wall
G1 F1800
G1 X199.467 Y139.737 E.00282
G3 X200.221 Y139.729 I.54 J15.442 E.02999
G3 X196.824 Y140.059 I-.231 J15.271 E3.67974
G3 X198.404 Y139.811 I3.183 J15.12 E.0636
G1 X199.356 Y139.742 E.03798
M204 T1000
M205 X7 Y7
G1 E-.9 F2400
G1 Z13.42 F7200
G1 X212.835 Y149.801 Z13.42
G1 Z13.02
G1 E.9 F2400
;TYPE:Sparse infill
G1 X205.538 Y142.504 E.41033
G2 X202.317 Y141.537 I-5.417 J12.197 E.13408
G1 X213.465 Y152.686 E.6269
G3 X213.667 Y155.141 I-14.726 J2.444 E.09808
G1 X199.862 Y141.337 E.77625
G2 X197.787 Y141.516 I.244 J14.919 E.08288
G1 X213.482 Y157.21 E.88252
G3 X213.056 Y159.04 I-15.602 J-2.662 E.07471
G1 X195.96 Y141.944 E.96134
G2 X194.33 Y142.567 I10.428 J29.729 E.06943
G1 X212.433 Y160.67 E1.018
G3 X211.65 Y162.142 I-10.914 J-4.861 E.06633
G1 X192.861 Y143.353 E1.05657
G2 X191.533 Y144.279 I5.563 J9.384 E.06443
G1 X210.725 Y163.471 E1.07917
G3 X209.661 Y164.661 I-9.286 J-7.229 E.06353
G1 X190.339 Y145.339 E1.08651
G2 X189.279 Y146.533 I7.674 J7.876 E.06355
G1 X208.467 Y165.721 E1.07894
G3 X207.139 Y166.647 I-6.891 J-8.458 E.06443
G1 X188.353 Y147.861 E1.05639
G2 X187.569 Y149.331 I12.206 J7.452 E.06629
G1 X205.672 Y167.435 E1.018
G3 X204.04 Y168.056 I-13.31 J-32.505 E.06947
G1 X186.944 Y150.96 E.96134
G2 X186.518 Y152.79 I15.178 J4.492 E.07471
G1 X202.213 Y168.484 E.88252
G3 X200.141 Y168.667 I-2.44 J-15.823 E.08274
G1 X186.333 Y154.859 E.77644
G2 X186.537 Y157.317 I14.676 J.021 E.09819
G1 X197.683 Y168.463 E.62676
G3 X194.463 Y167.497 I2.204 J-13.198 E.13402
G1 X187.164 Y160.198 E.41043
; stop printing object 圆柱体 id:2235774478336 copy 0
; printing object 圆柱体 id:2235774478336 copy 0
G1 E-.9
G1 Z13.42 F7200
G1 X155.364 Y140.982 Z13.42
G1 Z13.02
G1 E.9 F2400
M205 X3 Y3
;TYPE:Inner wall
G1 X155.978 Y141.008 E.02446
G3 X151.801 Y141.344 I-.979 J13.988 E3.336
M73 P42 R66
G3 X155.199 Y140.976 I3.299 J14.578 E.13623
G1 X155.324 Y140.981 E.00495
M205 X7 Y7
G1 X155.055 Y140.578 F7200
M205 X3 Y3
G1 F2400
G1 X155.206 Y140.577 E.00604
G3 X152.001 Y140.889 I-.216 J14.423 E3.47541
G3 X154.497 Y140.585 I3.006 J14.28 E.1001
G1 X155.015 Y140.579 E.0206
M205 X7 Y7
G1 X154.877 Y140.181 F7200
M205 X3 Y3
G1 F2400
G1 X155.213 Y140.179 E.01336
G3 X151.918 Y140.499 I-.223 J14.821 E3.57138
G3 X154.483 Y140.187 I3.089 J14.674 E.10287
G1 X154.837 Y140.182 E.01411
M204 T500
G1 X154.396 Y139.739 F7200
;TYPE:Outer wall
G1 F1800
G1 X154.467 Y139.737 E.00282
G3 X155.221 Y139.729 I.54 J15.442 E.02999
G3 X151.824 Y140.059 I-.231 J15.271 E3.67974
G3 X153.404 Y139.811 I3.183 J15.12 E.0636
G1 X154.356 Y139.742 E.03798
M204 T1000
M205 X7 Y7
G1 E-.9 F2400
G1 Z13.42 F7200
G1 X167.835 Y149.801 Z13.42
G1 Z13.02
G1 E.9 F2400
;TYPE:Sparse infill
G1 X160.538 Y142.504 E.41033
G2 X157.317 Y141.537 I-5.417 J12.197 E.13408
G1 X168.465 Y152.686 E.6269
G3 X168.667 Y155.141 I-14.726 J2.444 E.09808
G1 X154.862 Y141.337 E.77625
G2 X152.787 Y141.516 I.244 J14.919 E.08288
G1 X168.482 Y157.21 E.88252
G3 X168.056 Y159.04 I-15.602 J-2.662 E.07471
G1 X150.96 Y141.944 E.96134
G2 X149.33 Y142.567 I10.428 J29.729 E.06943
G1 X167.433 Y160.67 E1.018
G3 X166.65 Y162.142 I-10.914 J-4.861 E.06633
G1 X147.861 Y143.353 E1.05657
G2 X146.533 Y144.279 I5.563 J9.384 E.06443
G1 X165.725 Y163.471 E1.07917
G3 X164.661 Y164.661 I-9.286 J-7.229 E.06353
G1 X145.339 Y145.339 E1.08651
G2 X144.279 Y146.533 I7.674 J7.876 E.06355
G1 X163.467 Y165.721 E1.07894
G3 X162.139 Y166.647 I-6.891 J-8.458 E.06443
G1 X143.353 Y147.861 E1.05639
G2 X142.569 Y149.331 I12.206 J7.452 E.06629
G1 X160.672 Y167.435 E1.018
G3 X159.04 Y168.056 I-13.31 J-32.505 E.06947
G1 X141.944 Y150.96 E.96134
G2 X141.518 Y152.79 I15.178 J4.492 E.07471
G1 X157.213 Y168.484 E.88252
G3 X155.141 Y168.667 I-2.44 J-15.823 E.08274
G1 X141.333 Y154.859 E.77644
G2 X141.537 Y157.317 I14.676 J.021 E.09819
G1 X152.683 Y168.463 E.62676
G3 X149.463 Y167.497 I2.204 J-13.198 E.13402
G1 X142.164 Y160.198 E.41043
; stop printing object 圆柱体 id:2235774478336 copy 0
;LAYER_CHANGE
;Z:13.26
;HEIGHT:0.24
;BEFORE_LAYER_CHANGE
;13.26
G92 E0

;AFTER_LAYER_CHANGE
;13.26
;_SET_FAN_SPEED_CHANGING_LAYER
; printing object 圆柱体 id:2235774478336 copy 0
G1 E-.9 F2400
G1 Z13.66 F7200
G1 X200.356 Y140.982 Z13.66
G1 Z13.26
G1 E.9 F2400
M205 X3 Y3
;TYPE:Inner wall
G1 X200.978 Y141.008 E.02476
G3 X195.395 Y141.752 I-.979 J13.988 E3.27776
G3 X200.204 Y140.976 I4.606 J13.252 E.19467
G1 X200.316 Y140.98 E.00449
M205 X7 Y7
G1 X200.054 Y140.578 F7200
M205 X3 Y3
G1 F2400
G1 X200.211 Y140.577 E.00623
G3 X195.265 Y141.375 I-.211 J14.419 E3.40261
G3 X199.497 Y140.585 I4.736 J13.629 E.17181
G1 X200.014 Y140.579 E.02057
M205 X7 Y7
G1 X199.892 Y140.181 F7200
M205 X3 Y3
G1 F2400
G1 X200.218 Y140.179 E.01295
G3 X196.918 Y140.499 I-.227 J14.822 E3.57134
M73 P42 R65
G3 X199.483 Y140.187 I3.089 J14.673 E.10287
G1 X199.852 Y140.182 E.01468
M204 T500
G1 X199.411 Y139.738 F7200
;TYPE:Outer wall
G1 F1800
G1 X199.467 Y139.737 E.00224
G3 X200.225 Y139.729 I.54 J15.44 E.03016
G3 X196.824 Y140.059 I-.235 J15.272 E3.67971
G3 X198.404 Y139.811 I3.183 J15.118 E.0636
G1 X199.371 Y139.741 E.03856
M204 T1000
M205 X7 Y7
G1 E-.9 F2400
G1 Z13.66 F7200
G1 X212.835 Y149.801 Z13.66
G1 Z13.26
G1 E.9 F2400
;TYPE:Sparse infill
G1 X205.538 Y142.504 E.41033
G2 X202.317 Y141.537 I-5.417 J12.197 E.13408
G1 X213.47 Y152.691 E.62718
G3 X213.667 Y155.141 I-20.358 J2.864 E.09781
G1 X199.862 Y141.337 E.77625
G2 X197.787 Y141.516 I.242 J14.906 E.08288
G1 X213.482 Y157.21 E.88252
G3 X213.056 Y159.04 I-15.603 J-2.662 E.07471
G1 X195.96 Y141.944 E.96134
G2 X194.33 Y142.567 I10.428 J29.731 E.06943
G1 X212.43 Y160.667 E1.01783
G3 X211.65 Y162.142 I-10.54 J-4.629 E.06638
G1 X192.861 Y143.353 E1.05657
G2 X191.528 Y144.274 I9.498 J15.161 E.06445
G1 X210.725 Y163.471 E1.07946
G3 X209.661 Y164.661 I-9.285 J-7.229 E.06353
G1 X190.339 Y145.339 E1.08651
G2 X189.279 Y146.533 I7.674 J7.876 E.06355
G1 X208.467 Y165.721 E1.07894
G3 X207.139 Y166.647 I-6.891 J-8.458 E.06443
G1 X188.353 Y147.861 E1.05639
G2 X187.567 Y149.33 I9.708 J6.139 E.06628
G1 X205.672 Y167.435 E1.0181
G3 X204.037 Y168.054 I-11.48 J-27.876 E.06954
G1 X186.944 Y150.96 E.96118
G2 X186.518 Y152.79 I15.178 J4.491 E.07471
G1 X202.213 Y168.484 E.88252
G3 X200.141 Y168.667 I-2.44 J-15.823 E.08274
G1 X186.333 Y154.859 E.77644
G2 X186.537 Y157.317 I14.676 J.021 E.09819
G1 X197.683 Y168.463 E.62676
G3 X194.463 Y167.497 I2.204 J-13.199 E.13402
G1 X187.164 Y160.198 E.41043
; stop printing object 圆柱体 id:2235774478336 copy 0
; printing object 圆柱体 id:2235774478336 copy 0
G1 E-.9
G1 Z13.66 F7200
G1 X155.356 Y140.982 Z13.66
G1 Z13.26
G1 E.9 F2400
M205 X3 Y3
;TYPE:Inner wall
G1 X155.978 Y141.008 E.02476
G3 X150.395 Y141.752 I-.979 J13.988 E3.27776
G3 X155.204 Y140.976 I4.606 J13.252 E.19467
G1 X155.316 Y140.98 E.00449
M205 X7 Y7
G1 X155.054 Y140.578 F7200
M205 X3 Y3
G1 F2400
G1 X155.211 Y140.577 E.00623
G3 X150.265 Y141.375 I-.211 J14.419 E3.40261
G3 X154.497 Y140.585 I4.736 J13.629 E.17181
G1 X155.014 Y140.579 E.02057
M205 X7 Y7
G1 X154.892 Y140.181 F7200
M205 X3 Y3
G1 F2400
G1 X155.218 Y140.179 E.01295
G3 X151.918 Y140.499 I-.227 J14.822 E3.57134
G3 X154.483 Y140.187 I3.089 J14.673 E.10287
G1 X154.852 Y140.182 E.01468
M204 T500
G1 X154.411 Y139.738 F7200
;TYPE:Outer wall
G1 F1800
G1 X154.467 Y139.737 E.00224
G3 X155.225 Y139.729 I.54 J15.44 E.03016
G3 X151.824 Y140.059 I-.235 J15.272 E3.67971
G3 X153.404 Y139.811 I3.183 J15.118 E.0636
G1 X154.371 Y139.741 E.03856
M204 T1000
M205 X7 Y7
G1 E-.9 F2400
G1 Z13.66 F7200
G1 X167.835 Y149.801 Z13.66
G1 Z13.26
G1 E.9 F2400
;TYPE:Sparse infill
G1 X160.538 Y142.504 E.41033
G2 X157.317 Y141.537 I-5.417 J12.197 E.13408
G1 X168.47 Y152.691 E.62718
G3 X168.667 Y155.141 I-20.358 J2.864 E.09781
G1 X154.862 Y141.337 E.77625
G2 X152.787 Y141.516 I.242 J14.906 E.08288
G1 X168.482 Y157.21 E.88252
G3 X168.056 Y159.04 I-15.603 J-2.662 E.07471
G1 X150.96 Y141.944 E.96134
G2 X149.33 Y142.567 I10.428 J29.731 E.06943
G1 X167.43 Y160.667 E1.01783
G3 X166.65 Y162.142 I-10.54 J-4.629 E.06638
G1 X147.861 Y143.353 E1.05657
G2 X146.528 Y144.274 I9.498 J15.161 E.06445
G1 X165.725 Y163.471 E1.07946
G3 X164.661 Y164.661 I-9.285 J-7.229 E.06353
G1 X145.339 Y145.339 E1.08651
G2 X144.279 Y146.533 I7.674 J7.876 E.06355
G1 X163.467 Y165.721 E1.07894
G3 X162.139 Y166.647 I-6.891 J-8.458 E.06443
G1 X143.353 Y147.861 E1.05639
G2 X142.567 Y149.33 I9.708 J6.139 E.06628
G1 X160.672 Y167.435 E1.0181
G3 X159.037 Y168.054 I-11.48 J-27.876 E.06954
G1 X141.944 Y150.96 E.96118
G2 X141.518 Y152.79 I15.178 J4.491 E.07471
M73 P43 R65
G1 X157.213 Y168.484 E.88252
G3 X155.141 Y168.667 I-2.44 J-15.823 E.08274
G1 X141.333 Y154.859 E.77644
G2 X141.537 Y157.317 I14.676 J.021 E.09819
G1 X152.683 Y168.463 E.62676
G3 X149.463 Y167.497 I2.204 J-13.199 E.13402
G1 X142.164 Y160.198 E.41043
; stop printing object 圆柱体 id:2235774478336 copy 0
;LAYER_CHANGE
;Z:13.5
;HEIGHT:0.24
;BEFORE_LAYER_CHANGE
;13.5
G92 E0

;AFTER_LAYER_CHANGE
;13.5
;_SET_FAN_SPEED_CHANGING_LAYER
; printing object 圆柱体 id:2235774478336 copy 0
G1 E-.9 F2400
G1 Z13.9 F7200
G1 X200.391 Y140.983 Z13.9
G1 Z13.5
G1 E.9 F2400
M205 X3 Y3
;TYPE:Inner wall
G1 X200.978 Y141.009 E.02337
G3 X197.083 Y141.279 I-.988 J13.991 E3.34848
G3 X200.208 Y140.976 I2.923 J13.884 E.12507
G1 X200.351 Y140.982 E.00571
M205 X7 Y7
G1 X200.083 Y140.578 F7200
M205 X3 Y3
G1 F2400
G1 X200.215 Y140.577 E.00523
G3 X197.001 Y140.889 I-.224 J14.423 E3.47512
G3 X199.497 Y140.585 I3.006 J14.278 E.1001
G1 X200.043 Y140.579 E.02174
M205 X7 Y7
G1 X199.906 Y140.181 F7200
M205 X3 Y3
G1 F2400
G1 X200.222 Y140.179 E.01255
G3 X196.918 Y140.499 I-.232 J14.822 E3.57108
G3 X199.483 Y140.187 I3.089 J14.672 E.10287
G1 X199.866 Y140.182 E.01524
M204 T500
G1 X199.425 Y139.737 F7200
;TYPE:Outer wall
G1 F1800
G1 X199.467 Y139.737 E.00168
G3 X200.23 Y139.729 I.533 J15.263 E.03033
G3 X185.406 Y159.501 I-.23 J15.271 E2.67092
G3 X198.404 Y139.811 I14.595 J-4.501 E1.07196
G1 X199.385 Y139.74 E.03912
M204 T1000
M205 X7 Y7
G1 E-.9 F2400
G1 Z13.9 F7200
G1 X212.836 Y149.802 Z13.9
G1 Z13.5
G1 E.9 F2400
;TYPE:Sparse infill
G1 X205.538 Y142.504 E.41036
G2 X202.317 Y141.537 I-5.417 J12.197 E.13408
G1 X213.47 Y152.691 E.62718
G3 X213.667 Y155.141 I-20.357 J2.864 E.09781
G1 X199.862 Y141.337 E.77624
G2 X197.787 Y141.516 I.241 J14.892 E.08288
G1 X213.482 Y157.21 E.88252
G3 X213.056 Y159.04 I-15.603 J-2.662 E.07471
G1 X195.96 Y141.944 E.96134
G2 X194.333 Y142.57 I5.016 J15.465 E.06939
G1 X212.43 Y160.667 E1.01766
G3 X211.65 Y162.142 I-10.54 J-4.629 E.06638
G1 X192.856 Y143.348 E1.05683
G2 X191.529 Y144.275 I25.321 J37.656 E.06437
G1 X210.725 Y163.471 E1.07941
G3 X209.661 Y164.661 I-9.285 J-7.229 E.06353
G1 X190.339 Y145.339 E1.08651
G2 X189.279 Y146.533 I7.674 J7.876 E.06355
M73 P43 R64
G1 X208.467 Y165.721 E1.07894
G3 X207.144 Y166.652 I-10.496 J-13.505 E.06435
G1 X188.353 Y147.861 E1.05666
G2 X187.567 Y149.33 I9.708 J6.139 E.06628
G1 X205.672 Y167.435 E1.0181
G3 X204.04 Y168.056 I-13.309 J-32.503 E.06947
G1 X186.944 Y150.96 E.96134
G2 X186.518 Y152.79 I15.178 J4.491 E.07471
G1 X202.213 Y168.484 E.88252
G3 X200.141 Y168.667 I-2.44 J-15.824 E.08274
G1 X186.333 Y154.859 E.77644
G2 X186.537 Y157.317 I14.676 J.021 E.09819
G1 X197.686 Y168.466 E.62694
G3 X194.462 Y167.496 I2.249 J-13.319 E.13423
G1 X187.164 Y160.198 E.41036
; stop printing object 圆柱体 id:2235774478336 copy 0
; printing object 圆柱体 id:2235774478336 copy 0
G1 E-.9
G1 Z13.9 F7200
G1 X155.391 Y140.983 Z13.9
G1 Z13.5
G1 E.9 F2400
M205 X3 Y3
;TYPE:Inner wall
G1 X155.978 Y141.009 E.02337
G3 X152.083 Y141.279 I-.988 J13.991 E3.34848
G3 X155.208 Y140.976 I2.923 J13.884 E.12507
G1 X155.351 Y140.982 E.00571
M205 X7 Y7
G1 X155.083 Y140.578 F7200
M205 X3 Y3
G1 F2400
G1 X155.215 Y140.577 E.00523
G3 X152.001 Y140.889 I-.224 J14.423 E3.47512
G3 X154.497 Y140.585 I3.006 J14.278 E.1001
G1 X155.043 Y140.579 E.02174
M205 X7 Y7
G1 X154.906 Y140.181 F7200
M205 X3 Y3
G1 F2400
G1 X155.222 Y140.179 E.01255
G3 X151.918 Y140.499 I-.232 J14.822 E3.57108
G3 X154.483 Y140.187 I3.089 J14.672 E.10287
G1 X154.866 Y140.182 E.01524
M204 T500
G1 X154.425 Y139.737 F7200
;TYPE:Outer wall
G1 F1800
G1 X154.467 Y139.737 E.00168
G3 X155.23 Y139.729 I.533 J15.263 E.03033
G3 X140.406 Y159.501 I-.23 J15.271 E2.67092
G3 X153.404 Y139.811 I14.595 J-4.501 E1.07196
G1 X154.385 Y139.74 E.03912
M204 T1000
M205 X7 Y7
G1 E-.9 F2400
G1 Z13.9 F7200
G1 X167.836 Y149.802 Z13.9
G1 Z13.5
G1 E.9 F2400
;TYPE:Sparse infill
G1 X160.538 Y142.504 E.41036
G2 X157.317 Y141.537 I-5.417 J12.197 E.13408
G1 X168.47 Y152.691 E.62718
G3 X168.667 Y155.141 I-20.357 J2.864 E.09781
G1 X154.862 Y141.337 E.77624
G2 X152.787 Y141.516 I.241 J14.892 E.08288
G1 X168.482 Y157.21 E.88252
G3 X168.056 Y159.04 I-15.603 J-2.662 E.07471
G1 X150.96 Y141.944 E.96134
G2 X149.333 Y142.57 I5.016 J15.465 E.06939
G1 X167.43 Y160.667 E1.01766
G3 X166.65 Y162.142 I-10.54 J-4.629 E.06638
G1 X147.856 Y143.348 E1.05683
G2 X146.529 Y144.275 I25.321 J37.656 E.06437
G1 X165.725 Y163.471 E1.07941
G3 X164.661 Y164.661 I-9.285 J-7.229 E.06353
G1 X145.339 Y145.339 E1.08651
G2 X144.279 Y146.533 I7.674 J7.876 E.06355
G1 X163.467 Y165.721 E1.07894
G3 X162.144 Y166.652 I-10.496 J-13.505 E.06435
G1 X143.353 Y147.861 E1.05666
G2 X142.567 Y149.33 I9.708 J6.139 E.06628
G1 X160.672 Y167.435 E1.0181
G3 X159.04 Y168.056 I-13.309 J-32.503 E.06947
G1 X141.944 Y150.96 E.96134
G2 X141.518 Y152.79 I15.178 J4.491 E.07471
G1 X157.213 Y168.484 E.88252
G3 X155.141 Y168.667 I-2.44 J-15.824 E.08274
G1 X141.333 Y154.859 E.77644
G2 X141.537 Y157.317 I14.676 J.021 E.09819
G1 X152.686 Y168.466 E.62694
G3 X149.462 Y167.496 I2.249 J-13.319 E.13423
G1 X142.164 Y160.198 E.41036
; stop printing object 圆柱体 id:2235774478336 copy 0
;LAYER_CHANGE
;Z:13.74
;HEIGHT:0.24
;BEFORE_LAYER_CHANGE
;13.74
G92 E0

;AFTER_LAYER_CHANGE
;13.74
;_SET_FAN_SPEED_CHANGING_LAYER
; printing object 圆柱体 id:2235774478336 copy 0
G1 E-.9 F2400
G1 Z14.14 F7200
G1 X200.391 Y140.983 Z14.14
G1 Z13.74
G1 E.9 F2400
M205 X3 Y3
;TYPE:Inner wall
G1 X200.978 Y141.009 E.02337
G3 X197.083 Y141.279 I-.988 J13.992 E3.3486
G3 X200.212 Y140.976 I2.923 J13.882 E.12524
G1 X200.351 Y140.981 E.00555
M205 X7 Y7
G1 X200.096 Y140.578 F7200
M205 X3 Y3
G1 F2400
G1 X200.219 Y140.577 E.00489
G3 X197.001 Y140.889 I-.229 J14.424 E3.47508
G3 X199.497 Y140.585 I3.006 J14.277 E.1001
G1 X200.056 Y140.579 E.02224
M205 X7 Y7
G1 X199.92 Y140.181 F7200
M205 X3 Y3
G1 F2400
G1 X200.226 Y140.179 E.01218
G3 X196.918 Y140.499 I-.236 J14.822 E3.57105
G3 X199.483 Y140.187 I3.089 J14.671 E.10287
G1 X199.88 Y140.182 E.01578
M204 T500
G1 X199.438 Y139.736 F7200
;TYPE:Outer wall
G1 F1800
G1 X199.467 Y139.737 E.00114
G3 X200.234 Y139.729 I.54 J15.438 E.03049
G3 X196.824 Y140.059 I-.244 J15.272 E3.67942
G3 X198.404 Y139.811 I3.183 J15.116 E.0636
G1 X199.398 Y139.739 E.03966
M204 T1000
M205 X7 Y7
G1 E-.9 F2400
G1 Z14.14 F7200
G1 X212.835 Y149.801 Z14.14
G1 Z13.74
G1 E.9 F2400
;TYPE:Sparse infill
G1 X205.538 Y142.504 E.41033
G2 X202.314 Y141.534 I-5.475 J12.353 E.13423
G1 X213.47 Y152.691 E.62737
G3 X213.667 Y155.141 I-20.358 J2.864 E.09781
G1 X199.862 Y141.337 E.77624
G2 X197.787 Y141.516 I.239 J14.878 E.08288
G1 X213.484 Y157.212 E.88263
G3 X213.056 Y159.04 I-20.619 J-3.856 E.07464
G1 X195.96 Y141.944 E.96134
G2 X194.33 Y142.567 I10.429 J29.732 E.06943
G1 X212.43 Y160.667 E1.01783
G3 X211.65 Y162.142 I-10.54 J-4.629 E.06638
G1 X192.861 Y143.353 E1.05657
G2 X191.532 Y144.277 I5.851 J9.831 E.06445
G1 X210.725 Y163.471 E1.07928
M73 P44 R64
G3 X209.661 Y164.661 I-9.285 J-7.229 E.06353
G1 X190.339 Y145.339 E1.08651
G2 X189.279 Y146.533 I7.674 J7.876 E.06355
G1 X208.467 Y165.721 E1.07894
G3 X207.139 Y166.647 I-6.891 J-8.458 E.06443
G1 X188.353 Y147.861 E1.05639
G2 X187.565 Y149.328 I13.688 J8.294 E.06622
G1 X205.672 Y167.435 E1.0182
G3 X204.04 Y168.056 I-13.308 J-32.5 E.06947
G1 X186.944 Y150.96 E.96134
G2 X186.518 Y152.79 I15.178 J4.492 E.07471
G1 X202.213 Y168.484 E.88252
G3 X200.141 Y168.667 I-2.44 J-15.823 E.08274
G1 X186.333 Y154.859 E.77644
G2 X186.537 Y157.317 I14.676 J.021 E.09819
G1 X197.686 Y168.466 E.62695
G3 X194.462 Y167.496 I2.25 J-13.323 E.13423
G1 X187.164 Y160.198 E.41036
; stop printing object 圆柱体 id:2235774478336 copy 0
; printing object 圆柱体 id:2235774478336 copy 0
G1 E-.9
G1 Z14.14 F7200
G1 X155.391 Y140.983 Z14.14
G1 Z13.74
G1 E.9 F2400
M205 X3 Y3
;TYPE:Inner wall
G1 X155.978 Y141.009 E.02337
G3 X152.083 Y141.279 I-.988 J13.992 E3.3486
G3 X155.212 Y140.976 I2.923 J13.882 E.12524
G1 X155.351 Y140.981 E.00555
M205 X7 Y7
G1 X155.096 Y140.578 F7200
M205 X3 Y3
G1 F2400
G1 X155.219 Y140.577 E.00489
G3 X152.001 Y140.889 I-.229 J14.424 E3.47508
M73 P44 R63
G3 X154.497 Y140.585 I3.006 J14.277 E.1001
G1 X155.056 Y140.579 E.02224
M205 X7 Y7
G1 X154.92 Y140.181 F7200
M205 X3 Y3
G1 F2400
G1 X155.226 Y140.179 E.01218
G3 X151.918 Y140.499 I-.236 J14.822 E3.57105
G3 X154.483 Y140.187 I3.089 J14.671 E.10287
G1 X154.88 Y140.182 E.01578
M204 T500
G1 X154.438 Y139.736 F7200
;TYPE:Outer wall
G1 F1800
G1 X154.467 Y139.737 E.00114
G3 X155.234 Y139.729 I.54 J15.438 E.03049
G3 X151.824 Y140.059 I-.244 J15.272 E3.67942
G3 X153.404 Y139.811 I3.183 J15.116 E.0636
G1 X154.398 Y139.739 E.03966
M204 T1000
M205 X7 Y7
G1 E-.9 F2400
G1 Z14.14 F7200
G1 X167.835 Y149.801 Z14.14
G1 Z13.74
G1 E.9 F2400
;TYPE:Sparse infill
G1 X160.538 Y142.504 E.41033
G2 X157.314 Y141.534 I-5.475 J12.353 E.13423
G1 X168.47 Y152.691 E.62737
G3 X168.667 Y155.141 I-20.358 J2.864 E.09781
G1 X154.862 Y141.337 E.77624
G2 X152.787 Y141.516 I.239 J14.878 E.08288
G1 X168.484 Y157.212 E.88263
G3 X168.056 Y159.04 I-20.619 J-3.856 E.07464
G1 X150.96 Y141.944 E.96134
G2 X149.33 Y142.567 I10.429 J29.732 E.06943
G1 X167.43 Y160.667 E1.01783
G3 X166.65 Y162.142 I-10.54 J-4.629 E.06638
G1 X147.861 Y143.353 E1.05657
G2 X146.532 Y144.277 I5.851 J9.831 E.06445
G1 X165.725 Y163.471 E1.07928
G3 X164.661 Y164.661 I-9.285 J-7.229 E.06353
G1 X145.339 Y145.339 E1.08651
G2 X144.279 Y146.533 I7.674 J7.876 E.06355
G1 X163.467 Y165.721 E1.07894
G3 X162.139 Y166.647 I-6.891 J-8.458 E.06443
G1 X143.353 Y147.861 E1.05639
G2 X142.565 Y149.328 I13.688 J8.294 E.06622
G1 X160.672 Y167.435 E1.0182
G3 X159.04 Y168.056 I-13.308 J-32.5 E.06947
G1 X141.944 Y150.96 E.96134
G2 X141.518 Y152.79 I15.178 J4.492 E.07471
G1 X157.213 Y168.484 E.88252
G3 X155.141 Y168.667 I-2.44 J-15.823 E.08274
G1 X141.333 Y154.859 E.77644
G2 X141.537 Y157.317 I14.676 J.021 E.09819
G1 X152.686 Y168.466 E.62695
G3 X149.462 Y167.496 I2.25 J-13.323 E.13423
G1 X142.164 Y160.198 E.41036
; stop printing object 圆柱体 id:2235774478336 copy 0
;LAYER_CHANGE
;Z:13.98
;HEIGHT:0.24
;BEFORE_LAYER_CHANGE
;13.98
G92 E0

;AFTER_LAYER_CHANGE
;13.98
;_SET_FAN_SPEED_CHANGING_LAYER
; printing object 圆柱体 id:2235774478336 copy 0
G1 E-.9 F2400
G1 Z14.38 F7200
G1 X200.392 Y140.983 Z14.38
G1 Z13.98
G1 E.9 F2400
M205 X3 Y3
;TYPE:Inner wall
G1 X200.978 Y141.009 E.02336
G3 X197.083 Y141.279 I-.988 J13.991 E3.34848
G3 X200.216 Y140.976 I2.923 J13.881 E.1254
G1 X200.352 Y140.981 E.00539
M205 X7 Y7
G1 X200.096 Y140.578 F7200
M205 X3 Y3
G1 F2400
G1 X200.223 Y140.578 E.00505
G3 X197.001 Y140.889 I-.233 J14.423 E3.47478
G3 X199.497 Y140.585 I3.006 J14.276 E.1001
G1 X200.056 Y140.579 E.02225
M205 X7 Y7
G1 X199.933 Y140.181 F7200
M205 X3 Y3
G1 F2400
G1 X200.23 Y140.179 E.01183
G3 X196.918 Y140.499 I-.24 J14.821 E3.57075
G3 X199.483 Y140.187 I3.089 J14.67 E.10287
G1 X199.893 Y140.182 E.0163
M204 T500
G1 X199.451 Y139.735 F7200
;TYPE:Outer wall
G1 F1800
G1 X199.467 Y139.737 E.00063
G3 X200.238 Y139.729 I.54 J15.437 E.03066
G3 X196.824 Y140.059 I-.248 J15.271 E3.67912
G3 X198.404 Y139.811 I3.182 J15.115 E.0636
G1 X199.411 Y139.738 E.04017
M204 T1000
M205 X7 Y7
G1 E-.9 F2400
G1 Z14.38 F7200
G1 X212.836 Y149.802 Z14.38
G1 Z13.98
G1 E.9 F2400
;TYPE:Sparse infill
G1 X205.538 Y142.504 E.41036
G2 X202.309 Y141.53 I-6.369 J15.269 E.13432
G1 X213.47 Y152.691 E.6276
G3 X213.667 Y155.141 I-20.358 J2.864 E.09781
G1 X199.862 Y141.337 E.77624
G2 X197.787 Y141.516 I.238 J14.865 E.08289
G1 X213.482 Y157.21 E.88252
G3 X213.056 Y159.04 I-15.603 J-2.662 E.07471
G1 X195.965 Y141.948 E.96111
G2 X194.33 Y142.567 I4.733 J14.964 E.06955
G1 X212.433 Y160.67 E1.018
G3 X211.65 Y162.142 I-10.914 J-4.861 E.06633
G1 X192.861 Y143.353 E1.05657
G2 X191.533 Y144.279 I5.562 J9.384 E.06443
G1 X210.725 Y163.471 E1.07917
G3 X209.661 Y164.661 I-9.285 J-7.229 E.06353
G1 X190.339 Y145.339 E1.08651
G2 X189.279 Y146.533 I7.674 J7.876 E.06355
G1 X208.467 Y165.721 E1.07894
G3 X207.139 Y166.647 I-6.891 J-8.458 E.06443
G1 X188.353 Y147.861 E1.05639
G2 X187.567 Y149.33 I9.708 J6.139 E.06628
G1 X205.672 Y167.435 E1.0181
G3 X204.04 Y168.056 I-13.31 J-32.505 E.06947
G1 X186.944 Y150.96 E.96134
G2 X186.518 Y152.79 I15.177 J4.491 E.07471
G1 X202.213 Y168.484 E.88252
G3 X200.141 Y168.667 I-2.44 J-15.823 E.08274
G1 X186.333 Y154.859 E.77644
G2 X186.537 Y157.317 I14.676 J.021 E.09819
G1 X197.683 Y168.463 E.62676
G3 X194.462 Y167.496 I2.196 J-13.164 E.13408
G1 X187.164 Y160.198 E.41036
; stop printing object 圆柱体 id:2235774478336 copy 0
; printing object 圆柱体 id:2235774478336 copy 0
G1 E-.9
G1 Z14.38 F7200
G1 X155.392 Y140.983 Z14.38
G1 Z13.98
G1 E.9 F2400
M205 X3 Y3
;TYPE:Inner wall
G1 X155.978 Y141.009 E.02336
G3 X152.083 Y141.279 I-.988 J13.991 E3.34848
G3 X155.216 Y140.976 I2.923 J13.881 E.1254
G1 X155.352 Y140.981 E.00539
M205 X7 Y7
G1 X155.096 Y140.578 F7200
M205 X3 Y3
G1 F2400
G1 X155.223 Y140.578 E.00505
G3 X152.001 Y140.889 I-.233 J14.423 E3.47478
G3 X154.497 Y140.585 I3.006 J14.276 E.1001
G1 X155.056 Y140.579 E.02225
M205 X7 Y7
G1 X154.933 Y140.181 F7200
M205 X3 Y3
G1 F2400
G1 X155.23 Y140.179 E.01183
G3 X151.918 Y140.499 I-.24 J14.821 E3.57075
G3 X154.483 Y140.187 I3.089 J14.67 E.10287
G1 X154.893 Y140.182 E.0163
M204 T500
G1 X154.451 Y139.735 F7200
;TYPE:Outer wall
G1 F1800
G1 X154.467 Y139.737 E.00063
G3 X155.238 Y139.729 I.54 J15.437 E.03066
G3 X151.824 Y140.059 I-.248 J15.271 E3.67912
G3 X153.404 Y139.811 I3.182 J15.115 E.0636
G1 X154.411 Y139.738 E.04017
M204 T1000
M205 X7 Y7
G1 E-.9 F2400
G1 Z14.38 F7200
G1 X167.836 Y149.802 Z14.38
G1 Z13.98
G1 E.9 F2400
;TYPE:Sparse infill
G1 X160.538 Y142.504 E.41036
G2 X157.309 Y141.53 I-6.369 J15.269 E.13432
G1 X168.47 Y152.691 E.6276
G3 X168.667 Y155.141 I-20.358 J2.864 E.09781
M73 P45 R63
G1 X154.862 Y141.337 E.77624
G2 X152.787 Y141.516 I.238 J14.865 E.08289
G1 X168.482 Y157.21 E.88252
G3 X168.056 Y159.04 I-15.603 J-2.662 E.07471
G1 X150.965 Y141.948 E.96111
G2 X149.33 Y142.567 I4.733 J14.964 E.06955
G1 X167.433 Y160.67 E1.018
G3 X166.65 Y162.142 I-10.914 J-4.861 E.06633
G1 X147.861 Y143.353 E1.05657
G2 X146.533 Y144.279 I5.562 J9.384 E.06443
M73 P45 R62
G1 X165.725 Y163.471 E1.07917
G3 X164.661 Y164.661 I-9.285 J-7.229 E.06353
G1 X145.339 Y145.339 E1.08651
G2 X144.279 Y146.533 I7.674 J7.876 E.06355
G1 X163.467 Y165.721 E1.07894
G3 X162.139 Y166.647 I-6.891 J-8.458 E.06443
G1 X143.353 Y147.861 E1.05639
G2 X142.567 Y149.33 I9.708 J6.139 E.06628
G1 X160.672 Y167.435 E1.0181
G3 X159.04 Y168.056 I-13.31 J-32.505 E.06947
G1 X141.944 Y150.96 E.96134
G2 X141.518 Y152.79 I15.177 J4.491 E.07471
G1 X157.213 Y168.484 E.88252
G3 X155.141 Y168.667 I-2.44 J-15.823 E.08274
G1 X141.333 Y154.859 E.77644
G2 X141.537 Y157.317 I14.676 J.021 E.09819
G1 X152.683 Y168.463 E.62676
G3 X149.462 Y167.496 I2.196 J-13.164 E.13408
G1 X142.164 Y160.198 E.41036
; stop printing object 圆柱体 id:2235774478336 copy 0
;LAYER_CHANGE
;Z:14.22
;HEIGHT:0.240001
;BEFORE_LAYER_CHANGE
;14.22
G92 E0

;AFTER_LAYER_CHANGE
;14.22
;_SET_FAN_SPEED_CHANGING_LAYER
; printing object 圆柱体 id:2235774478336 copy 0
G1 E-.9 F2400
G1 Z14.62 F7200
G1 X200.392 Y140.983 Z14.62
G1 Z14.22
G1 E.9 F2400
M205 X3 Y3
;TYPE:Inner wall
G1 X200.978 Y141.009 E.02334
G3 X197.083 Y141.279 I-.988 J13.992 E3.34856
G3 X200.22 Y140.976 I2.922 J13.88 E.12557
G1 X200.352 Y140.981 E.00523
M205 X7 Y7
G1 X200.096 Y140.578 F7200
M205 X3 Y3
G1 F2400
G1 X200.227 Y140.578 E.00521
G3 X197.001 Y140.889 I-.237 J14.423 E3.4747
G3 X199.497 Y140.585 I3.005 J14.275 E.1001
G1 X200.056 Y140.579 E.02226
M205 X7 Y7
G1 X199.933 Y140.181 F7200
M205 X3 Y3
G1 F2400
G1 X200.234 Y140.179 E.01199
G3 X196.918 Y140.499 I-.244 J14.822 E3.57067
G3 X199.483 Y140.187 I3.088 J14.669 E.10287
G1 X199.893 Y140.182 E.0163
M204 T500
G1 X199.463 Y139.735 F7200
;TYPE:Outer wall
G1 F1800
G1 X199.467 Y139.737 E.00017
G3 X200.242 Y139.729 I.539 J15.436 E.03083
G3 X196.824 Y140.059 I-.252 J15.272 E3.67904
G3 X198.404 Y139.811 I3.182 J15.114 E.0636
G1 X199.423 Y139.737 E.04066
M204 T1000
M205 X7 Y7
G1 E-.9 F2400
G1 Z14.62 F7200
G1 X212.835 Y149.801 Z14.62
G1 Z14.22
G1 E.9 F2400
;TYPE:Sparse infill
G1 X205.538 Y142.504 E.41033
G2 X202.309 Y141.53 I-6.369 J15.269 E.13432
G1 X213.47 Y152.691 E.6276
G3 X213.667 Y155.141 I-20.358 J2.864 E.09781
G1 X199.862 Y141.337 E.77624
G2 X197.787 Y141.516 I.236 J14.852 E.08289
G1 X213.482 Y157.21 E.88252
G3 X213.056 Y159.04 I-15.602 J-2.662 E.07471
G1 X195.96 Y141.944 E.96134
G2 X194.33 Y142.567 I10.426 J29.726 E.06943
G1 X212.43 Y160.667 E1.01783
G3 X211.65 Y162.142 I-10.54 J-4.629 E.06638
G1 X192.858 Y143.35 E1.05674
G2 X191.533 Y144.279 I8.325 J13.27 E.06437
G1 X210.725 Y163.471 E1.07917
G3 X209.661 Y164.661 I-9.285 J-7.229 E.06353
G1 X190.339 Y145.339 E1.08651
G2 X189.279 Y146.533 I7.674 J7.876 E.06355
G1 X208.467 Y165.721 E1.07894
G3 X207.144 Y166.652 I-10.497 J-13.506 E.06435
G1 X188.353 Y147.861 E1.05666
G2 X187.568 Y149.331 I12.264 J7.485 E.06629
G1 X205.672 Y167.435 E1.01801
G3 X204.04 Y168.056 I-13.311 J-32.508 E.06947
G1 X186.944 Y150.96 E.96134
G2 X186.518 Y152.79 I15.178 J4.492 E.07471
G1 X202.213 Y168.484 E.88252
G3 X200.141 Y168.667 I-2.44 J-15.823 E.08274
G1 X186.333 Y154.859 E.77644
G2 X186.537 Y157.317 I14.676 J.021 E.09819
G1 X197.683 Y168.463 E.62676
G3 X194.462 Y167.496 I2.196 J-13.164 E.13408
G1 X187.164 Y160.198 E.41036
; stop printing object 圆柱体 id:2235774478336 copy 0
; printing object 圆柱体 id:2235774478336 copy 0
G1 E-.9
G1 Z14.62 F7200
G1 X155.392 Y140.983 Z14.62
G1 Z14.22
G1 E.9 F2400
M205 X3 Y3
;TYPE:Inner wall
G1 X155.978 Y141.009 E.02334
G3 X152.083 Y141.279 I-.988 J13.992 E3.34856
G3 X155.22 Y140.976 I2.922 J13.88 E.12557
G1 X155.352 Y140.981 E.00523
M205 X7 Y7
G1 X155.096 Y140.578 F7200
M205 X3 Y3
G1 F2400
G1 X155.227 Y140.578 E.00521
G3 X152.001 Y140.889 I-.237 J14.423 E3.4747
G3 X154.497 Y140.585 I3.005 J14.275 E.1001
G1 X155.056 Y140.579 E.02226
M205 X7 Y7
G1 X154.933 Y140.181 F7200
M205 X3 Y3
G1 F2400
G1 X155.234 Y140.179 E.01199
G3 X151.918 Y140.499 I-.244 J14.822 E3.57067
G3 X154.483 Y140.187 I3.088 J14.669 E.10287
G1 X154.893 Y140.182 E.0163
M204 T500
G1 X154.463 Y139.735 F7200
;TYPE:Outer wall
G1 F1800
G1 X154.467 Y139.737 E.00017
G3 X155.242 Y139.729 I.539 J15.436 E.03083
G3 X151.824 Y140.059 I-.252 J15.272 E3.67904
G3 X153.404 Y139.811 I3.182 J15.114 E.0636
G1 X154.423 Y139.737 E.04066
M204 T1000
M205 X7 Y7
G1 E-.9 F2400
G1 Z14.62 F7200
G1 X167.835 Y149.801 Z14.62
G1 Z14.22
G1 E.9 F2400
;TYPE:Sparse infill
G1 X160.538 Y142.504 E.41033
G2 X157.309 Y141.53 I-6.369 J15.269 E.13432
G1 X168.47 Y152.691 E.6276
G3 X168.667 Y155.141 I-20.358 J2.864 E.09781
G1 X154.862 Y141.337 E.77624
G2 X152.787 Y141.516 I.236 J14.852 E.08289
G1 X168.482 Y157.21 E.88252
G3 X168.056 Y159.04 I-15.602 J-2.662 E.07471
G1 X150.96 Y141.944 E.96134
G2 X149.33 Y142.567 I10.426 J29.726 E.06943
G1 X167.43 Y160.667 E1.01783
G3 X166.65 Y162.142 I-10.54 J-4.629 E.06638
G1 X147.858 Y143.35 E1.05674
G2 X146.533 Y144.279 I8.325 J13.27 E.06437
G1 X165.725 Y163.471 E1.07917
G3 X164.661 Y164.661 I-9.285 J-7.229 E.06353
G1 X145.339 Y145.339 E1.08651
G2 X144.279 Y146.533 I7.674 J7.876 E.06355
G1 X163.467 Y165.721 E1.07894
G3 X162.144 Y166.652 I-10.497 J-13.506 E.06435
G1 X143.353 Y147.861 E1.05666
G2 X142.568 Y149.331 I12.264 J7.485 E.06629
G1 X160.672 Y167.435 E1.01801
G3 X159.04 Y168.056 I-13.311 J-32.508 E.06947
G1 X141.944 Y150.96 E.96134
G2 X141.518 Y152.79 I15.178 J4.492 E.07471
G1 X157.213 Y168.484 E.88252
G3 X155.141 Y168.667 I-2.44 J-15.823 E.08274
G1 X141.333 Y154.859 E.77644
G2 X141.537 Y157.317 I14.676 J.021 E.09819
G1 X152.683 Y168.463 E.62676
G3 X149.462 Y167.496 I2.196 J-13.164 E.13408
G1 X142.164 Y160.198 E.41036
; stop printing object 圆柱体 id:2235774478336 copy 0
;LAYER_CHANGE
;Z:14.46
;HEIGHT:0.24
;BEFORE_LAYER_CHANGE
;14.46
G92 E0

;AFTER_LAYER_CHANGE
;14.46
;_SET_FAN_SPEED_CHANGING_LAYER
; printing object 圆柱体 id:2235774478336 copy 0
G1 E-.9 F2400
G1 Z14.86 F7200
G1 X200.392 Y140.983 Z14.86
G1 Z14.46
G1 E.9 F2400
M205 X3 Y3
;TYPE:Inner wall
G1 X200.978 Y141.009 E.02333
G3 X197.083 Y141.279 I-.988 J13.991 E3.34844
G3 X200.225 Y140.976 I2.922 J13.88 E.12574
G1 X200.352 Y140.981 E.00508
M205 X7 Y7
G1 X200.097 Y140.579 F7200
M205 X3 Y3
G1 F2400
G1 X200.231 Y140.578 E.00536
G3 X197.001 Y140.889 I-.241 J14.423 E3.47441
M73 P45 R61
G3 X199.497 Y140.585 I3.005 J14.274 E.1001
G1 X200.057 Y140.579 E.02227
M205 X7 Y7
G1 X199.933 Y140.181 F7200
M205 X3 Y3
G1 F2400
G1 X200.238 Y140.179 E.01216
G3 X196.918 Y140.499 I-.248 J14.821 E3.57037
G3 X199.483 Y140.187 I3.088 J14.668 E.10287
G1 X199.893 Y140.182 E.0163
M204 T500
G1 X199.475 Y139.734 F7200
;TYPE:Outer wall
G1 F1800
G1 X200.246 Y139.729 E.03068
G3 X196.824 Y140.059 I-.257 J15.272 E3.67888
M73 P46 R61
G3 X199.435 Y139.738 I3.182 J15.114 E.10473
M204 T1000
M205 X7 Y7
G1 E-.9 F2400
G1 Z14.86 F7200
G1 X212.835 Y149.801 Z14.86
G1 Z14.46
G1 E.9 F2400
;TYPE:Sparse infill
G1 X205.538 Y142.504 E.41033
G2 X202.309 Y141.53 I-6.369 J15.269 E.13432
G1 X213.47 Y152.691 E.6276
G3 X213.667 Y155.141 I-20.358 J2.864 E.09781
G1 X199.863 Y141.337 E.77623
G2 X197.787 Y141.516 I.235 J14.839 E.08289
G1 X213.482 Y157.21 E.88252
G3 X213.056 Y159.04 I-15.602 J-2.662 E.07471
G1 X195.96 Y141.944 E.96134
G2 X194.333 Y142.57 I5.017 J15.466 E.06939
G1 X212.433 Y160.67 E1.01783
G3 X211.65 Y162.142 I-10.914 J-4.861 E.06633
G1 X192.861 Y143.353 E1.05657
G2 X191.533 Y144.279 I5.563 J9.384 E.06443
G1 X210.725 Y163.471 E1.07917
G3 X209.661 Y164.661 I-9.285 J-7.229 E.06353
G1 X190.339 Y145.339 E1.08651
G2 X189.279 Y146.533 I7.674 J7.876 E.06355
G1 X208.467 Y165.721 E1.07894
G3 X207.139 Y166.647 I-6.891 J-8.458 E.06443
G1 X188.353 Y147.861 E1.05639
G2 X187.567 Y149.33 I9.708 J6.139 E.06628
G1 X205.672 Y167.435 E1.0181
G3 X204.037 Y168.054 I-11.48 J-27.876 E.06954
G1 X186.944 Y150.96 E.96118
G2 X186.518 Y152.79 I15.178 J4.492 E.07471
G1 X202.214 Y168.485 E.8826
G3 X200.141 Y168.667 I-4.28 J-36.97 E.08275
G1 X186.333 Y154.859 E.77644
G2 X186.537 Y157.317 I14.676 J.021 E.09819
G1 X197.683 Y168.463 E.62676
G3 X194.463 Y167.497 I2.204 J-13.198 E.13402
G1 X187.164 Y160.198 E.41043
; stop printing object 圆柱体 id:2235774478336 copy 0
; printing object 圆柱体 id:2235774478336 copy 0
G1 E-.9
G1 Z14.86 F7200
G1 X155.392 Y140.983 Z14.86
G1 Z14.46
G1 E.9 F2400
M205 X3 Y3
;TYPE:Inner wall
G1 X155.978 Y141.009 E.02333
G3 X152.083 Y141.279 I-.988 J13.991 E3.34844
G3 X155.225 Y140.976 I2.922 J13.88 E.12574
G1 X155.352 Y140.981 E.00508
M205 X7 Y7
G1 X155.097 Y140.579 F7200
M205 X3 Y3
G1 F2400
G1 X155.231 Y140.578 E.00536
G3 X152.001 Y140.889 I-.241 J14.423 E3.47441
G3 X154.497 Y140.585 I3.005 J14.274 E.1001
G1 X155.057 Y140.579 E.02227
M205 X7 Y7
G1 X154.933 Y140.181 F7200
M205 X3 Y3
G1 F2400
G1 X155.238 Y140.179 E.01216
G3 X151.918 Y140.499 I-.248 J14.821 E3.57037
G3 X154.483 Y140.187 I3.088 J14.668 E.10287
G1 X154.893 Y140.182 E.0163
M204 T500
G1 X154.475 Y139.734 F7200
;TYPE:Outer wall
G1 F1800
G1 X155.246 Y139.729 E.03068
G3 X151.824 Y140.059 I-.257 J15.272 E3.67888
G3 X154.435 Y139.738 I3.182 J15.114 E.10473
M204 T1000
M205 X7 Y7
G1 E-.9 F2400
G1 Z14.86 F7200
G1 X167.835 Y149.801 Z14.86
G1 Z14.46
G1 E.9 F2400
;TYPE:Sparse infill
G1 X160.538 Y142.504 E.41033
G2 X157.309 Y141.53 I-6.369 J15.269 E.13432
G1 X168.47 Y152.691 E.6276
G3 X168.667 Y155.141 I-20.358 J2.864 E.09781
G1 X154.863 Y141.337 E.77623
G2 X152.787 Y141.516 I.235 J14.839 E.08289
G1 X168.482 Y157.21 E.88252
G3 X168.056 Y159.04 I-15.602 J-2.662 E.07471
G1 X150.96 Y141.944 E.96134
G2 X149.333 Y142.57 I5.017 J15.466 E.06939
G1 X167.433 Y160.67 E1.01783
G3 X166.65 Y162.142 I-10.914 J-4.861 E.06633
G1 X147.861 Y143.353 E1.05657
G2 X146.533 Y144.279 I5.563 J9.384 E.06443
G1 X165.725 Y163.471 E1.07917
G3 X164.661 Y164.661 I-9.285 J-7.229 E.06353
G1 X145.339 Y145.339 E1.08651
G2 X144.279 Y146.533 I7.674 J7.876 E.06355
G1 X163.467 Y165.721 E1.07894
G3 X162.139 Y166.647 I-6.891 J-8.458 E.06443
G1 X143.353 Y147.861 E1.05639
G2 X142.567 Y149.33 I9.708 J6.139 E.06628
G1 X160.672 Y167.435 E1.0181
G3 X159.037 Y168.054 I-11.48 J-27.876 E.06954
G1 X141.944 Y150.96 E.96118
G2 X141.518 Y152.79 I15.178 J4.492 E.07471
G1 X157.214 Y168.485 E.8826
G3 X155.141 Y168.667 I-4.28 J-36.97 E.08275
G1 X141.333 Y154.859 E.77644
G2 X141.537 Y157.317 I14.676 J.021 E.09819
G1 X152.683 Y168.463 E.62676
G3 X149.463 Y167.497 I2.204 J-13.198 E.13402
G1 X142.164 Y160.198 E.41043
; stop printing object 圆柱体 id:2235774478336 copy 0
;LAYER_CHANGE
;Z:14.7
;HEIGHT:0.24
;BEFORE_LAYER_CHANGE
;14.7
G92 E0

;AFTER_LAYER_CHANGE
;14.7
;_SET_FAN_SPEED_CHANGING_LAYER
; printing object 圆柱体 id:2235774478336 copy 0
G1 E-.9 F2400
G1 Z15.1 F7200
G1 X200.393 Y140.983 Z15.1
G1 Z14.7
G1 E.9 F2400
M205 X3 Y3
;TYPE:Inner wall
G1 X200.978 Y141.009 E.02332
G3 X197.083 Y141.279 I-.988 J13.991 E3.3484
G3 X200.229 Y140.976 I2.922 J13.879 E.1259
G1 X200.353 Y140.981 E.00493
M205 X7 Y7
G1 X200.097 Y140.579 F7200
M205 X3 Y3
G1 F2400
G1 X200.236 Y140.578 E.00551
G3 X197.001 Y140.889 I-.245 J14.422 E3.4742
G3 X199.497 Y140.585 I3.005 J14.273 E.1001
G1 X200.057 Y140.579 E.02229
M205 X7 Y7
G1 X199.938 Y140.181 F7200
M205 X3 Y3
G1 F2400
G1 X200.243 Y140.179 E.01211
G3 X196.918 Y140.499 I-.253 J14.821 E3.57016
G3 X199.483 Y140.187 I3.088 J14.668 E.10287
G1 X199.898 Y140.182 E.01652
M204 T500
G1 X199.485 Y139.734 F7200
;TYPE:Outer wall
G1 F1800
G1 X200.25 Y139.729 E.03043
G3 X185.399 Y159.481 I-.254 J15.268 E2.67018
G3 X199.446 Y139.738 I14.614 J-4.47 E1.11232
M204 T1000
M205 X7 Y7
G1 E-.9 F2400
G1 Z15.1 F7200
G1 X212.835 Y149.801 Z15.1
G1 Z14.7
G1 E.9 F2400
;TYPE:Sparse infill
G1 X205.538 Y142.504 E.41033
G2 X202.309 Y141.53 I-6.369 J15.269 E.13432
G1 X213.47 Y152.691 E.6276
G3 X213.667 Y155.141 I-20.357 J2.864 E.09781
G1 X199.863 Y141.337 E.77623
G2 X197.787 Y141.516 I.233 J14.826 E.08289
G1 X213.482 Y157.21 E.88252
G3 X213.056 Y159.04 I-15.603 J-2.662 E.07471
G1 X195.96 Y141.944 E.96134
G2 X194.33 Y142.567 I10.427 J29.728 E.06943
M73 P46 R60
G1 X212.43 Y160.667 E1.01783
G3 X211.65 Y162.142 I-10.54 J-4.629 E.06638
G1 X192.861 Y143.353 E1.05657
G2 X191.533 Y144.279 I5.563 J9.385 E.06443
G1 X210.725 Y163.471 E1.07917
G3 X209.661 Y164.661 I-9.286 J-7.229 E.06353
G1 X190.339 Y145.339 E1.08651
G2 X189.279 Y146.533 I7.674 J7.877 E.06355
G1 X208.467 Y165.721 E1.07894
G3 X207.144 Y166.652 I-10.498 J-13.507 E.06435
G1 X188.348 Y147.856 E1.05692
G2 X187.567 Y149.33 I11.507 J7.044 E.06634
G1 X205.672 Y167.435 E1.0181
G3 X204.04 Y168.056 I-13.309 J-32.503 E.06947
G1 X186.944 Y150.96 E.96134
G2 X186.518 Y152.79 I15.178 J4.491 E.07471
G1 X202.213 Y168.484 E.88252
G3 X200.141 Y168.667 I-2.44 J-15.823 E.08274
G1 X186.333 Y154.859 E.77644
G2 X186.537 Y157.317 I14.676 J.021 E.09819
G1 X197.687 Y168.466 E.62697
G3 X194.453 Y167.486 I2.419 J-13.81 E.1347
G1 X187.164 Y160.198 E.40983
; stop printing object 圆柱体 id:2235774478336 copy 0
; printing object 圆柱体 id:2235774478336 copy 0
G1 E-.9
G1 Z15.1 F7200
G1 X155.393 Y140.983 Z15.1
G1 Z14.7
G1 E.9 F2400
M205 X3 Y3
;TYPE:Inner wall
G1 X155.978 Y141.009 E.02332
G3 X152.083 Y141.279 I-.988 J13.991 E3.3484
G3 X155.229 Y140.976 I2.922 J13.879 E.1259
G1 X155.353 Y140.981 E.00493
M205 X7 Y7
G1 X155.097 Y140.579 F7200
M205 X3 Y3
G1 F2400
G1 X155.236 Y140.578 E.00551
G3 X152.001 Y140.889 I-.245 J14.422 E3.4742
M73 P47 R60
G3 X154.497 Y140.585 I3.005 J14.273 E.1001
G1 X155.057 Y140.579 E.02229
M205 X7 Y7
G1 X154.938 Y140.181 F7200
M205 X3 Y3
G1 F2400
G1 X155.243 Y140.179 E.01211
G3 X151.918 Y140.499 I-.253 J14.821 E3.57016
G3 X154.483 Y140.187 I3.088 J14.668 E.10287
G1 X154.898 Y140.182 E.01652
M204 T500
G1 X154.485 Y139.734 F7200
;TYPE:Outer wall
G1 F1800
G1 X155.25 Y139.729 E.03043
G3 X140.399 Y159.481 I-.254 J15.268 E2.67018
G3 X154.446 Y139.738 I14.614 J-4.47 E1.11232
M204 T1000
M205 X7 Y7
G1 E-.9 F2400
G1 Z15.1 F7200
G1 X167.835 Y149.801 Z15.1
G1 Z14.7
G1 E.9 F2400
;TYPE:Sparse infill
G1 X160.538 Y142.504 E.41033
G2 X157.309 Y141.53 I-6.369 J15.269 E.13432
G1 X168.47 Y152.691 E.6276
G3 X168.667 Y155.141 I-20.357 J2.864 E.09781
G1 X154.863 Y141.337 E.77623
G2 X152.787 Y141.516 I.233 J14.826 E.08289
G1 X168.482 Y157.21 E.88252
G3 X168.056 Y159.04 I-15.603 J-2.662 E.07471
G1 X150.96 Y141.944 E.96134
G2 X149.33 Y142.567 I10.427 J29.728 E.06943
G1 X167.43 Y160.667 E1.01783
G3 X166.65 Y162.142 I-10.54 J-4.629 E.06638
G1 X147.861 Y143.353 E1.05657
G2 X146.533 Y144.279 I5.563 J9.385 E.06443
G1 X165.725 Y163.471 E1.07917
G3 X164.661 Y164.661 I-9.286 J-7.229 E.06353
G1 X145.339 Y145.339 E1.08651
G2 X144.279 Y146.533 I7.674 J7.877 E.06355
G1 X163.467 Y165.721 E1.07894
G3 X162.144 Y166.652 I-10.498 J-13.507 E.06435
G1 X143.348 Y147.856 E1.05692
G2 X142.567 Y149.33 I11.507 J7.044 E.06634
G1 X160.672 Y167.435 E1.0181
G3 X159.04 Y168.056 I-13.309 J-32.503 E.06947
G1 X141.944 Y150.96 E.96134
G2 X141.518 Y152.79 I15.178 J4.491 E.07471
G1 X157.213 Y168.484 E.88252
G3 X155.141 Y168.667 I-2.44 J-15.823 E.08274
G1 X141.333 Y154.859 E.77644
G2 X141.537 Y157.317 I14.676 J.021 E.09819
G1 X152.687 Y168.466 E.62697
G3 X149.453 Y167.486 I2.419 J-13.81 E.1347
G1 X142.164 Y160.198 E.40983
; stop printing object 圆柱体 id:2235774478336 copy 0
;LAYER_CHANGE
;Z:14.94
;HEIGHT:0.24
;BEFORE_LAYER_CHANGE
;14.94
G92 E0

;AFTER_LAYER_CHANGE
;14.94
;_SET_FAN_SPEED_CHANGING_LAYER
; printing object 圆柱体 id:2235774478336 copy 0
G1 E-.9 F2400
G1 Z15.34 F7200
G1 X200.393 Y140.983 Z15.34
G1 Z14.94
G1 E.9 F2400
M205 X3 Y3
;TYPE:Inner wall
G1 X200.978 Y141.009 E.0233
G3 X197.083 Y141.279 I-.988 J13.992 E3.34856
G3 X200.233 Y140.976 I2.922 J13.878 E.12607
G1 X200.353 Y140.981 E.00478
M205 X7 Y7
G1 X200.101 Y140.579 F7200
M205 X3 Y3
G1 F2400
G1 X200.24 Y140.578 E.00552
G3 X197.001 Y140.889 I-.25 J14.423 E3.4742
G3 X199.497 Y140.585 I3.005 J14.273 E.1001
G1 X200.061 Y140.579 E.02245
M205 X7 Y7
G1 X199.948 Y140.181 F7200
M205 X3 Y3
G1 F2400
G1 X200.247 Y140.179 E.0119
G3 X196.918 Y140.499 I-.257 J14.821 E3.57017
G3 X199.483 Y140.187 I3.088 J14.667 E.10287
G1 X199.908 Y140.182 E.01689
M204 T500
G1 X199.495 Y139.734 F7200
;TYPE:Outer wall
G1 F1800
G1 X200.255 Y139.729 E.03022
G3 X196.824 Y140.059 I-.265 J15.271 E3.67854
G3 X199.455 Y139.737 I3.182 J15.112 E.10551
M204 T1000
M205 X7 Y7
G1 E-.9 F2400
G1 Z15.34 F7200
G1 X212.835 Y149.801 Z15.34
G1 Z14.94
G1 E.9 F2400
;TYPE:Sparse infill
G1 X205.538 Y142.504 E.41033
G2 X202.309 Y141.53 I-6.369 J15.269 E.13432
G1 X213.466 Y152.686 E.62735
G3 X213.667 Y155.141 I-14.782 J2.446 E.09806
G1 X199.863 Y141.337 E.77623
G2 X197.787 Y141.516 I.232 J14.813 E.08289
G1 X213.482 Y157.21 E.88252
G3 X213.056 Y159.04 I-15.604 J-2.663 E.07471
G1 X195.96 Y141.944 E.96134
G2 X194.333 Y142.57 I5.017 J15.466 E.06939
G1 X212.43 Y160.667 E1.01766
G3 X211.652 Y162.144 I-14.533 J-6.716 E.06638
G1 X192.858 Y143.35 E1.05683
G2 X191.529 Y144.275 I21.802 J32.714 E.06439
G1 X210.725 Y163.471 E1.07941
G3 X209.661 Y164.661 I-9.286 J-7.229 E.06353
G1 X190.339 Y145.339 E1.08651
G2 X189.279 Y146.533 I7.674 J7.876 E.06355
G1 X208.467 Y165.721 E1.07894
G3 X207.144 Y166.652 I-10.497 J-13.505 E.06435
G1 X188.353 Y147.861 E1.05666
G2 X187.565 Y149.328 I13.688 J8.294 E.06622
G1 X205.672 Y167.435 E1.0182
G3 X204.04 Y168.056 I-13.311 J-32.508 E.06947
G1 X186.944 Y150.96 E.96134
G2 X186.518 Y152.79 I15.177 J4.491 E.07471
G1 X202.213 Y168.484 E.88252
G3 X200.141 Y168.667 I-2.44 J-15.823 E.08274
G1 X186.333 Y154.859 E.77644
G2 X186.537 Y157.317 I14.676 J.021 E.09819
G1 X197.683 Y168.463 E.62676
G3 X194.462 Y167.496 I2.196 J-13.164 E.13408
G1 X187.164 Y160.198 E.41036
; stop printing object 圆柱体 id:2235774478336 copy 0
; printing object 圆柱体 id:2235774478336 copy 0
G1 E-.9
G1 Z15.34 F7200
G1 X155.393 Y140.983 Z15.34
G1 Z14.94
G1 E.9 F2400
M205 X3 Y3
;TYPE:Inner wall
G1 X155.978 Y141.009 E.0233
G3 X152.083 Y141.279 I-.988 J13.992 E3.34856
M73 P47 R59
G3 X155.233 Y140.976 I2.922 J13.878 E.12607
G1 X155.353 Y140.981 E.00478
M205 X7 Y7
G1 X155.101 Y140.579 F7200
M205 X3 Y3
G1 F2400
G1 X155.24 Y140.578 E.00552
G3 X152.001 Y140.889 I-.25 J14.423 E3.4742
G3 X154.497 Y140.585 I3.005 J14.273 E.1001
G1 X155.061 Y140.579 E.02245
M205 X7 Y7
G1 X154.948 Y140.181 F7200
M205 X3 Y3
G1 F2400
G1 X155.247 Y140.179 E.0119
G3 X151.918 Y140.499 I-.257 J14.821 E3.57017
G3 X154.483 Y140.187 I3.088 J14.667 E.10287
G1 X154.908 Y140.182 E.01689
M204 T500
G1 X154.495 Y139.734 F7200
;TYPE:Outer wall
G1 F1800
G1 X155.255 Y139.729 E.03022
G3 X151.824 Y140.059 I-.265 J15.271 E3.67854
G3 X154.455 Y139.737 I3.182 J15.112 E.10551
M204 T1000
M205 X7 Y7
G1 E-.9 F2400
G1 Z15.34 F7200
G1 X167.835 Y149.801 Z15.34
G1 Z14.94
G1 E.9 F2400
;TYPE:Sparse infill
G1 X160.538 Y142.504 E.41033
G2 X157.309 Y141.53 I-6.369 J15.269 E.13432
G1 X168.466 Y152.686 E.62735
G3 X168.667 Y155.141 I-14.782 J2.446 E.09806
G1 X154.863 Y141.337 E.77623
G2 X152.787 Y141.516 I.232 J14.813 E.08289
G1 X168.482 Y157.21 E.88252
G3 X168.056 Y159.04 I-15.604 J-2.663 E.07471
G1 X150.96 Y141.944 E.96134
G2 X149.333 Y142.57 I5.017 J15.466 E.06939
G1 X167.43 Y160.667 E1.01766
G3 X166.652 Y162.144 I-14.533 J-6.716 E.06638
G1 X147.858 Y143.35 E1.05683
G2 X146.529 Y144.275 I21.802 J32.714 E.06439
G1 X165.725 Y163.471 E1.07941
G3 X164.661 Y164.661 I-9.286 J-7.229 E.06353
G1 X145.339 Y145.339 E1.08651
G2 X144.279 Y146.533 I7.674 J7.876 E.06355
G1 X163.467 Y165.721 E1.07894
G3 X162.144 Y166.652 I-10.497 J-13.505 E.06435
G1 X143.353 Y147.861 E1.05666
G2 X142.565 Y149.328 I13.688 J8.294 E.06622
G1 X160.672 Y167.435 E1.0182
G3 X159.04 Y168.056 I-13.311 J-32.508 E.06947
G1 X141.944 Y150.96 E.96134
G2 X141.518 Y152.79 I15.177 J4.491 E.07471
G1 X157.213 Y168.484 E.88252
G3 X155.141 Y168.667 I-2.44 J-15.823 E.08274
G1 X141.333 Y154.859 E.77644
G2 X141.537 Y157.317 I14.676 J.021 E.09819
G1 X152.683 Y168.463 E.62676
G3 X149.462 Y167.496 I2.196 J-13.164 E.13408
G1 X142.164 Y160.198 E.41036
; stop printing object 圆柱体 id:2235774478336 copy 0
;LAYER_CHANGE
;Z:15.18
;HEIGHT:0.240001
;BEFORE_LAYER_CHANGE
;15.18
G92 E0

;AFTER_LAYER_CHANGE
;15.18
;_SET_FAN_SPEED_CHANGING_LAYER
; printing object 圆柱体 id:2235774478336 copy 0
G1 E-.9 F2400
G1 Z15.58 F7200
G1 X200.393 Y140.983 Z15.58
G1 Z15.18
M73 P48 R59
G1 E.9 F2400
M205 X3 Y3
;TYPE:Inner wall
G1 X200.978 Y141.009 E.02328
G3 X197.083 Y141.279 I-.988 J13.991 E3.3484
G3 X200.237 Y140.976 I2.922 J13.878 E.12623
G1 X200.353 Y140.981 E.00463
M205 X7 Y7
G1 X200.11 Y140.579 F7200
M205 X3 Y3
G1 F2400
G1 X200.244 Y140.578 E.00533
G3 X197.001 Y140.889 I-.254 J14.422 E3.47387
G3 X199.497 Y140.585 I3.005 J14.272 E.1001
G1 X200.07 Y140.579 E.0228
M205 X7 Y7
G1 X199.956 Y140.181 F7200
M205 X3 Y3
G1 F2400
G1 X200.251 Y140.179 E.01173
G3 X196.918 Y140.499 I-.261 J14.821 E3.56983
G3 X199.483 Y140.187 I3.088 J14.667 E.10287
G1 X199.916 Y140.182 E.01723
M204 T500
G1 X199.503 Y139.734 F7200
;TYPE:Outer wall
G1 F1800
G1 X200.259 Y139.73 E.03005
G3 X196.824 Y140.059 I-.269 J15.271 E3.67838
G3 X199.463 Y139.737 I3.182 J15.112 E.10585
M204 T1000
M205 X7 Y7
G1 E-.9 F2400
G1 Z15.58 F7200
G1 X212.835 Y149.801 Z15.58
G1 Z15.18
G1 E.9 F2400
;TYPE:Sparse infill
G1 X205.538 Y142.504 E.41033
G2 X202.309 Y141.53 I-6.369 J15.269 E.13432
G1 X213.466 Y152.686 E.62735
G3 X213.667 Y155.141 I-14.79 J2.446 E.09806
G1 X199.863 Y141.337 E.77622
G2 X197.787 Y141.516 I.23 J14.801 E.0829
G1 X213.482 Y157.21 E.88252
G3 X213.056 Y159.04 I-15.603 J-2.662 E.07471
G1 X195.96 Y141.944 E.96134
G2 X194.33 Y142.567 I10.428 J29.731 E.06943
G1 X212.433 Y160.67 E1.018
G3 X211.65 Y162.142 I-10.914 J-4.861 E.06633
G1 X192.861 Y143.353 E1.05657
G2 X191.533 Y144.279 I5.563 J9.385 E.06443
G1 X210.725 Y163.471 E1.07917
G3 X209.661 Y164.661 I-9.286 J-7.229 E.06353
G1 X190.339 Y145.339 E1.08651
G2 X189.279 Y146.533 I7.674 J7.876 E.06355
G1 X208.467 Y165.721 E1.07894
G3 X207.139 Y166.647 I-6.891 J-8.458 E.06443
G1 X188.353 Y147.861 E1.05639
G2 X187.567 Y149.33 I9.708 J6.139 E.06628
G1 X205.672 Y167.435 E1.0181
G3 X204.04 Y168.056 I-13.302 J-32.484 E.06947
G1 X186.944 Y150.96 E.96134
G2 X186.518 Y152.79 I15.177 J4.491 E.07471
G1 X202.213 Y168.484 E.88252
G3 X200.141 Y168.667 I-2.44 J-15.823 E.08274
G1 X186.333 Y154.859 E.77644
G2 X186.537 Y157.317 I14.676 J.021 E.09819
G1 X197.683 Y168.463 E.62676
G3 X194.462 Y167.496 I2.196 J-13.164 E.13408
G1 X187.164 Y160.198 E.41036
; stop printing object 圆柱体 id:2235774478336 copy 0
; printing object 圆柱体 id:2235774478336 copy 0
G1 E-.9
G1 Z15.58 F7200
G1 X155.393 Y140.983 Z15.58
G1 Z15.18
G1 E.9 F2400
M205 X3 Y3
;TYPE:Inner wall
G1 X155.978 Y141.009 E.02328
G3 X152.083 Y141.279 I-.988 J13.991 E3.3484
G3 X155.237 Y140.976 I2.922 J13.878 E.12623
G1 X155.353 Y140.981 E.00463
M205 X7 Y7
G1 X155.11 Y140.579 F7200
M205 X3 Y3
G1 F2400
G1 X155.244 Y140.578 E.00533
G3 X152.001 Y140.889 I-.254 J14.422 E3.47387
G3 X154.497 Y140.585 I3.005 J14.272 E.1001
G1 X155.07 Y140.579 E.0228
M205 X7 Y7
G1 X154.956 Y140.181 F7200
M205 X3 Y3
G1 F2400
G1 X155.251 Y140.179 E.01173
G3 X151.918 Y140.499 I-.261 J14.821 E3.56983
G3 X154.483 Y140.187 I3.088 J14.667 E.10287
G1 X154.916 Y140.182 E.01723
M204 T500
G1 X154.503 Y139.734 F7200
;TYPE:Outer wall
G1 F1800
G1 X155.259 Y139.73 E.03005
G3 X151.824 Y140.059 I-.269 J15.271 E3.67838
G3 X154.463 Y139.737 I3.182 J15.112 E.10585
M204 T1000
M205 X7 Y7
G1 E-.9 F2400
G1 Z15.58 F7200
G1 X167.835 Y149.801 Z15.58
G1 Z15.18
G1 E.9 F2400
;TYPE:Sparse infill
G1 X160.538 Y142.504 E.41033
G2 X157.309 Y141.53 I-6.369 J15.269 E.13432
G1 X168.466 Y152.686 E.62735
G3 X168.667 Y155.141 I-14.79 J2.446 E.09806
G1 X154.863 Y141.337 E.77622
M73 P48 R58
G2 X152.787 Y141.516 I.23 J14.801 E.0829
G1 X168.482 Y157.21 E.88252
G3 X168.056 Y159.04 I-15.603 J-2.662 E.07471
G1 X150.96 Y141.944 E.96134
G2 X149.33 Y142.567 I10.428 J29.731 E.06943
G1 X167.433 Y160.67 E1.018
G3 X166.65 Y162.142 I-10.914 J-4.861 E.06633
G1 X147.861 Y143.353 E1.05657
G2 X146.533 Y144.279 I5.563 J9.385 E.06443
G1 X165.725 Y163.471 E1.07917
G3 X164.661 Y164.661 I-9.286 J-7.229 E.06353
G1 X145.339 Y145.339 E1.08651
G2 X144.279 Y146.533 I7.674 J7.876 E.06355
G1 X163.467 Y165.721 E1.07894
G3 X162.139 Y166.647 I-6.891 J-8.458 E.06443
G1 X143.353 Y147.861 E1.05639
G2 X142.567 Y149.33 I9.708 J6.139 E.06628
G1 X160.672 Y167.435 E1.0181
G3 X159.04 Y168.056 I-13.302 J-32.484 E.06947
G1 X141.944 Y150.96 E.96134
G2 X141.518 Y152.79 I15.177 J4.491 E.07471
G1 X157.213 Y168.484 E.88252
G3 X155.141 Y168.667 I-2.44 J-15.823 E.08274
G1 X141.333 Y154.859 E.77644
G2 X141.537 Y157.317 I14.676 J.021 E.09819
G1 X152.683 Y168.463 E.62676
G3 X149.462 Y167.496 I2.196 J-13.164 E.13408
G1 X142.164 Y160.198 E.41036
; stop printing object 圆柱体 id:2235774478336 copy 0
;LAYER_CHANGE
;Z:15.42
;HEIGHT:0.24
;BEFORE_LAYER_CHANGE
;15.42
G92 E0

;AFTER_LAYER_CHANGE
;15.42
;_SET_FAN_SPEED_CHANGING_LAYER
; printing object 圆柱体 id:2235774478336 copy 0
G1 E-.9 F2400
G1 Z15.82 F7200
G1 X200.401 Y140.983 Z15.82
G1 Z15.42
G1 E.9 F2400
M205 X3 Y3
;TYPE:Inner wall
G1 X200.978 Y141.009 E.02297
G3 X197.083 Y141.279 I-.988 J13.991 E3.34848
G3 X200.241 Y140.976 I2.922 J13.878 E.1264
G1 X200.361 Y140.981 E.00478
M205 X7 Y7
G1 X200.118 Y140.579 F7200
M205 X3 Y3
G1 F2400
G1 X200.248 Y140.578 E.0052
G3 X197.001 Y140.889 I-.258 J14.423 E3.47378
G3 X199.497 Y140.585 I3.005 J14.272 E.1001
G1 X200.078 Y140.579 E.0231
M205 X7 Y7
G1 X199.963 Y140.181 F7200
M205 X3 Y3
G1 F2400
G1 X200.255 Y140.18 E.01161
G3 X196.918 Y140.499 I-.265 J14.821 E3.56975
G3 X199.483 Y140.187 I3.088 J14.666 E.10287
G1 X199.923 Y140.182 E.01752
M204 T500
G1 X199.511 Y139.734 F7200
;TYPE:Outer wall
G1 F1800
G1 X200.263 Y139.73 E.02992
G3 X196.824 Y140.059 I-.273 J15.271 E3.67812
G3 X199.467 Y139.737 I3.182 J15.112 E.10599
G1 X199.471 Y139.737 E.00015
M204 T1000
M205 X7 Y7
G1 E-.9 F2400
G1 Z15.82 F7200
G1 X212.835 Y149.801 Z15.82
G1 Z15.42
G1 E.9 F2400
;TYPE:Sparse infill
G1 X205.538 Y142.504 E.41033
G2 X202.309 Y141.53 I-6.369 J15.269 E.13432
G1 X213.47 Y152.691 E.6276
G3 X213.667 Y155.141 I-20.358 J2.864 E.09781
G1 X199.863 Y141.337 E.77622
G2 X197.787 Y141.516 I.229 J14.788 E.0829
G1 X213.482 Y157.21 E.88252
G3 X213.056 Y159.04 I-15.603 J-2.662 E.07471
G1 X195.96 Y141.944 E.96134
G2 X194.33 Y142.567 I10.426 J29.724 E.06943
G1 X212.43 Y160.667 E1.01783
G3 X211.65 Y162.142 I-10.54 J-4.629 E.06638
G1 X192.861 Y143.353 E1.05657
G2 X191.533 Y144.279 I5.563 J9.385 E.06443
G1 X210.725 Y163.471 E1.07917
G3 X209.661 Y164.661 I-9.286 J-7.229 E.06353
G1 X190.339 Y145.339 E1.08651
G2 X189.279 Y146.533 I7.674 J7.876 E.06355
G1 X208.467 Y165.721 E1.07894
G3 X207.144 Y166.652 I-10.496 J-13.505 E.06435
G1 X188.353 Y147.861 E1.05666
G2 X187.567 Y149.33 I9.708 J6.139 E.06628
M73 P49 R58
G1 X205.672 Y167.435 E1.0181
G3 X204.037 Y168.054 I-11.48 J-27.875 E.06954
G1 X186.944 Y150.96 E.96118
G2 X186.516 Y152.787 I25.101 J6.836 E.07462
G1 X202.213 Y168.484 E.88265
G3 X200.141 Y168.667 I-2.44 J-15.823 E.08274
G1 X186.333 Y154.859 E.77644
G2 X186.537 Y157.317 I14.676 J.021 E.09819
G1 X197.683 Y168.463 E.62676
G3 X194.463 Y167.497 I2.204 J-13.199 E.13402
G1 X187.164 Y160.198 E.41043
; stop printing object 圆柱体 id:2235774478336 copy 0
; printing object 圆柱体 id:2235774478336 copy 0
G1 E-.9
G1 Z15.82 F7200
G1 X155.401 Y140.983 Z15.82
G1 Z15.42
G1 E.9 F2400
M205 X3 Y3
;TYPE:Inner wall
G1 X155.978 Y141.009 E.02297
G3 X152.083 Y141.279 I-.988 J13.991 E3.34848
G3 X155.241 Y140.976 I2.922 J13.878 E.1264
G1 X155.361 Y140.981 E.00478
M205 X7 Y7
G1 X155.118 Y140.579 F7200
M205 X3 Y3
G1 F2400
G1 X155.248 Y140.578 E.0052
G3 X152.001 Y140.889 I-.258 J14.423 E3.47378
G3 X154.497 Y140.585 I3.005 J14.272 E.1001
G1 X155.078 Y140.579 E.0231
M205 X7 Y7
G1 X154.963 Y140.181 F7200
M205 X3 Y3
G1 F2400
G1 X155.255 Y140.18 E.01161
G3 X151.918 Y140.499 I-.265 J14.821 E3.56975
G3 X154.483 Y140.187 I3.088 J14.666 E.10287
G1 X154.923 Y140.182 E.01752
M204 T500
G1 X154.511 Y139.734 F7200
;TYPE:Outer wall
G1 F1800
G1 X155.263 Y139.73 E.02992
G3 X151.824 Y140.059 I-.273 J15.271 E3.67812
G3 X154.467 Y139.737 I3.182 J15.112 E.10599
G1 X154.471 Y139.737 E.00015
M204 T1000
M205 X7 Y7
G1 E-.9 F2400
G1 Z15.82 F7200
G1 X167.835 Y149.801 Z15.82
G1 Z15.42
G1 E.9 F2400
;TYPE:Sparse infill
G1 X160.538 Y142.504 E.41033
G2 X157.309 Y141.53 I-6.369 J15.269 E.13432
G1 X168.47 Y152.691 E.6276
G3 X168.667 Y155.141 I-20.358 J2.864 E.09781
G1 X154.863 Y141.337 E.77622
G2 X152.787 Y141.516 I.229 J14.788 E.0829
G1 X168.482 Y157.21 E.88252
G3 X168.056 Y159.04 I-15.603 J-2.662 E.07471
G1 X150.96 Y141.944 E.96134
G2 X149.33 Y142.567 I10.426 J29.724 E.06943
G1 X167.43 Y160.667 E1.01783
G3 X166.65 Y162.142 I-10.54 J-4.629 E.06638
G1 X147.861 Y143.353 E1.05657
G2 X146.533 Y144.279 I5.563 J9.385 E.06443
G1 X165.725 Y163.471 E1.07917
G3 X164.661 Y164.661 I-9.286 J-7.229 E.06353
G1 X145.339 Y145.339 E1.08651
G2 X144.279 Y146.533 I7.674 J7.876 E.06355
G1 X163.467 Y165.721 E1.07894
G3 X162.144 Y166.652 I-10.496 J-13.505 E.06435
G1 X143.353 Y147.861 E1.05666
G2 X142.567 Y149.33 I9.708 J6.139 E.06628
G1 X160.672 Y167.435 E1.0181
G3 X159.037 Y168.054 I-11.48 J-27.875 E.06954
G1 X141.944 Y150.96 E.96118
G2 X141.516 Y152.787 I25.101 J6.836 E.07462
G1 X157.213 Y168.484 E.88265
G3 X155.141 Y168.667 I-2.44 J-15.823 E.08274
G1 X141.333 Y154.859 E.77644
G2 X141.537 Y157.317 I14.676 J.021 E.09819
G1 X152.683 Y168.463 E.62676
G3 X149.463 Y167.497 I2.204 J-13.199 E.13402
G1 X142.164 Y160.198 E.41043
; stop printing object 圆柱体 id:2235774478336 copy 0
;LAYER_CHANGE
;Z:15.66
;HEIGHT:0.24
;BEFORE_LAYER_CHANGE
;15.66
G92 E0

;AFTER_LAYER_CHANGE
;15.66
;_SET_FAN_SPEED_CHANGING_LAYER
; printing object 圆柱体 id:2235774478336 copy 0
G1 E-.9 F2400
G1 Z16.06 F7200
G1 X200.408 Y140.983 Z16.06
M73 P49 R57
G1 Z15.66
G1 E.9 F2400
M205 X3 Y3
;TYPE:Inner wall
G1 X200.978 Y141.009 E.02272
G3 X197.083 Y141.279 I-.988 J13.991 E3.34848
G3 X200.245 Y140.977 I2.922 J13.877 E.12657
G1 X200.368 Y140.981 E.00486
M205 X7 Y7
G1 X200.124 Y140.579 F7200
M205 X3 Y3
G1 F2400
G1 X200.252 Y140.578 E.00512
G3 X197.001 Y140.889 I-.262 J14.422 E3.47362
G3 X199.497 Y140.585 I3.005 J14.272 E.1001
G1 X200.084 Y140.579 E.02335
M205 X7 Y7
G1 X199.969 Y140.181 F7200
M205 X3 Y3
G1 F2400
G1 X200.259 Y140.18 E.01154
G3 X196.918 Y140.499 I-.269 J14.821 E3.56958
G3 X199.483 Y140.187 I3.088 J14.666 E.10287
G1 X199.929 Y140.182 E.01776
M204 T500
G1 X199.517 Y139.734 F7200
;TYPE:Outer wall
G1 F1800
G1 X200.267 Y139.73 E.02984
G3 X196.824 Y140.059 I-.278 J15.271 E3.67795
G3 X199.467 Y139.737 I3.182 J15.111 E.10599
G1 X199.477 Y139.736 E.00039
M204 T1000
M205 X7 Y7
G1 E-.9 F2400
G1 Z16.06 F7200
G1 X212.821 Y149.787 Z16.06
G1 Z15.66
G1 E.9 F2400
;TYPE:Sparse infill
G1 X205.538 Y142.504 E.40952
G2 X202.309 Y141.53 I-6.369 J15.269 E.13432
G1 X213.467 Y152.687 E.6274
G3 X213.661 Y155.135 I-12.477 J2.22 E.0978
G1 X199.863 Y141.337 E.77588
G2 X197.787 Y141.516 I.227 J14.776 E.0829
G1 X213.482 Y157.21 E.88252
G3 X213.054 Y159.037 I-11.843 J-1.812 E.07466
G1 X195.96 Y141.944 E.96118
G2 X194.33 Y142.567 I10.428 J29.73 E.06943
G1 X212.435 Y160.672 E1.0181
G3 X211.65 Y162.142 I-12.283 J-5.611 E.06629
G1 X192.861 Y143.353 E1.05657
G2 X191.533 Y144.279 I5.563 J9.384 E.06443
G1 X210.721 Y163.467 E1.07894
G3 X209.661 Y164.661 I-11.202 J-8.872 E.06353
G1 X190.339 Y145.339 E1.08651
G2 X189.275 Y146.529 I7.979 J8.203 E.06353
G1 X208.467 Y165.721 E1.07917
G3 X207.139 Y166.647 I-6.89 J-8.458 E.06443
G1 X188.353 Y147.861 E1.05639
G2 X187.567 Y149.33 I9.707 J6.139 E.06628
G1 X205.672 Y167.435 E1.0181
G3 X204.037 Y168.054 I-11.482 J-27.879 E.06954
G1 X186.946 Y150.963 E.96102
G2 X186.518 Y152.79 I11.415 J3.638 E.07466
G1 X202.214 Y168.485 E.88258
G3 X200.139 Y168.664 I-2.693 J-19.07 E.08285
G1 X186.339 Y154.865 E.77596
G2 X186.537 Y157.317 I16.913 J-.13 E.0979
G1 X197.683 Y168.463 E.62676
G3 X194.462 Y167.496 I2.422 J-13.919 E.13404
G1 X187.179 Y160.213 E.40952
; stop printing object 圆柱体 id:2235774478336 copy 0
; printing object 圆柱体 id:2235774478336 copy 0
G1 E-.9
G1 Z16.06 F7200
G1 X155.408 Y140.983 Z16.06
G1 Z15.66
G1 E.9 F2400
M205 X3 Y3
;TYPE:Inner wall
G1 X155.978 Y141.009 E.02272
G3 X152.083 Y141.279 I-.988 J13.991 E3.34848
G3 X155.245 Y140.977 I2.922 J13.877 E.12657
G1 X155.368 Y140.981 E.00486
M205 X7 Y7
G1 X155.124 Y140.579 F7200
M205 X3 Y3
G1 F2400
G1 X155.252 Y140.578 E.00512
G3 X152.001 Y140.889 I-.262 J14.422 E3.47362
G3 X154.497 Y140.585 I3.005 J14.272 E.1001
G1 X155.084 Y140.579 E.02335
M205 X7 Y7
G1 X154.969 Y140.181 F7200
M205 X3 Y3
G1 F2400
G1 X155.259 Y140.18 E.01154
G3 X151.918 Y140.499 I-.269 J14.821 E3.56958
G3 X154.483 Y140.187 I3.088 J14.666 E.10287
G1 X154.929 Y140.182 E.01776
M204 T500
G1 X154.517 Y139.734 F7200
;TYPE:Outer wall
G1 F1800
G1 X155.267 Y139.73 E.02984
G3 X151.824 Y140.059 I-.278 J15.271 E3.67795
G3 X154.467 Y139.737 I3.182 J15.111 E.10599
G1 X154.477 Y139.736 E.00039
M204 T1000
M205 X7 Y7
G1 E-.9 F2400
G1 Z16.06 F7200
G1 X167.821 Y149.787 Z16.06
G1 Z15.66
G1 E.9 F2400
;TYPE:Sparse infill
G1 X160.538 Y142.504 E.40952
G2 X157.309 Y141.53 I-6.369 J15.269 E.13432
G1 X168.467 Y152.687 E.6274
G3 X168.661 Y155.135 I-12.477 J2.22 E.0978
G1 X154.863 Y141.337 E.77588
G2 X152.787 Y141.516 I.227 J14.776 E.0829
G1 X168.482 Y157.21 E.88252
G3 X168.054 Y159.037 I-11.843 J-1.812 E.07466
G1 X150.96 Y141.944 E.96118
G2 X149.33 Y142.567 I10.428 J29.73 E.06943
G1 X167.435 Y160.672 E1.0181
G3 X166.65 Y162.142 I-12.283 J-5.611 E.06629
G1 X147.861 Y143.353 E1.05657
G2 X146.533 Y144.279 I5.563 J9.384 E.06443
M73 P50 R57
G1 X165.721 Y163.467 E1.07894
G3 X164.661 Y164.661 I-11.202 J-8.872 E.06353
G1 X145.339 Y145.339 E1.08651
G2 X144.275 Y146.529 I7.979 J8.203 E.06353
G1 X163.467 Y165.721 E1.07917
G3 X162.139 Y166.647 I-6.89 J-8.458 E.06443
G1 X143.353 Y147.861 E1.05639
G2 X142.567 Y149.33 I9.707 J6.139 E.06628
G1 X160.672 Y167.435 E1.0181
G3 X159.037 Y168.054 I-11.482 J-27.879 E.06954
G1 X141.946 Y150.963 E.96102
G2 X141.518 Y152.79 I11.415 J3.638 E.07466
G1 X157.214 Y168.485 E.88258
G3 X155.139 Y168.664 I-2.693 J-19.07 E.08285
G1 X141.339 Y154.865 E.77596
G2 X141.537 Y157.317 I16.913 J-.13 E.0979
G1 X152.683 Y168.463 E.62676
G3 X149.462 Y167.496 I2.422 J-13.919 E.13404
G1 X142.179 Y160.213 E.40952
; stop printing object 圆柱体 id:2235774478336 copy 0
;LAYER_CHANGE
;Z:15.9
;HEIGHT:0.24
;BEFORE_LAYER_CHANGE
;15.9
G92 E0

;AFTER_LAYER_CHANGE
;15.9
;_SET_FAN_SPEED_CHANGING_LAYER
; printing object 圆柱体 id:2235774478336 copy 0
G1 E-.9 F2400
G1 Z16.3 F7200
G1 X200.413 Y140.983 Z16.3
G1 Z15.9
G1 E.9 F2400
M205 X3 Y3
;TYPE:Inner wall
G1 X200.978 Y141.009 E.02252
G3 X197.083 Y141.279 I-.988 J13.991 E3.3484
G3 X200.25 Y140.977 I2.922 J13.877 E.12673
G1 X200.373 Y140.982 E.00489
M205 X7 Y7
G1 X200.129 Y140.579 F7200
M205 X3 Y3
G1 F2400
G1 X200.257 Y140.578 E.00508
G3 X197.001 Y140.889 I-.266 J14.422 E3.47337
G3 X199.497 Y140.585 I3.005 J14.272 E.1001
G1 X200.089 Y140.579 E.02355
M205 X7 Y7
G1 X199.974 Y140.181 F7200
M205 X3 Y3
G1 F2400
G1 X200.264 Y140.18 E.01151
G3 X196.918 Y140.499 I-.274 J14.82 E3.56933
G3 X199.483 Y140.187 I3.088 J14.666 E.10287
G1 X199.934 Y140.182 E.01795
M204 T500
G1 X199.522 Y139.734 F7200
;TYPE:Outer wall
G1 F1800
G1 X200.271 Y139.73 E.02982
G3 X214.607 Y150.539 I-.271 J15.27 E.76312
G3 X185.396 Y150.53 I-14.607 J4.461 E2.26816
G3 X199.467 Y139.738 I14.624 J4.498 E.75209
G1 X199.482 Y139.737 E.00058
M73 P50 R56
M204 T1000
M205 X7 Y7
G1 E-.9 F2400
G1 Z16.3 F7200
G1 X212.821 Y149.787 Z16.3
G1 Z15.9
G1 E.9 F2400
;TYPE:Sparse infill
G1 X205.538 Y142.504 E.40952
G2 X202.313 Y141.533 I-5.489 J12.391 E.13427
G1 X213.463 Y152.683 E.62699
G3 X213.661 Y155.135 I-16.715 J2.582 E.0979
G1 X199.863 Y141.337 E.77588
G2 X197.787 Y141.516 I.226 J14.764 E.0829
G1 X213.482 Y157.21 E.88252
G3 X213.054 Y159.037 I-11.843 J-1.812 E.07466
G1 X195.96 Y141.944 E.96118
G2 X194.33 Y142.567 I10.43 J29.735 E.06943
G1 X212.435 Y160.672 E1.0181
G3 X211.65 Y162.142 I-12.283 J-5.611 E.06629
G1 X192.861 Y143.353 E1.05657
G2 X191.533 Y144.279 I5.563 J9.385 E.06443
G1 X210.721 Y163.467 E1.07894
G3 X209.661 Y164.661 I-11.201 J-8.871 E.06353
G1 X190.339 Y145.339 E1.08651
G2 X189.279 Y146.533 I7.674 J7.876 E.06355
G1 X208.467 Y165.721 E1.07894
G3 X207.144 Y166.652 I-10.497 J-13.506 E.06435
G1 X188.353 Y147.861 E1.05666
G2 X187.565 Y149.328 I13.689 J8.294 E.06622
G1 X205.67 Y167.433 E1.0181
G3 X204.037 Y168.054 I-10.574 J-25.381 E.0695
G1 X186.948 Y150.965 E.96095
G2 X186.518 Y152.79 I13.503 J4.138 E.0746
G1 X202.214 Y168.485 E.88257
G3 X200.139 Y168.664 I-2.682 J-18.944 E.08285
G1 X186.339 Y154.865 E.77596
G2 X186.537 Y157.317 I16.913 J-.13 E.0979
G1 X197.683 Y168.463 E.62676
G3 X194.462 Y167.496 I2.422 J-13.919 E.13404
G1 X187.179 Y160.213 E.40952
; stop printing object 圆柱体 id:2235774478336 copy 0
; printing object 圆柱体 id:2235774478336 copy 0
G1 E-.9
G1 Z16.3 F7200
G1 X155.413 Y140.983 Z16.3
G1 Z15.9
G1 E.9 F2400
M205 X3 Y3
;TYPE:Inner wall
G1 X155.978 Y141.009 E.02252
G3 X152.083 Y141.279 I-.988 J13.991 E3.3484
G3 X155.25 Y140.977 I2.922 J13.877 E.12673
G1 X155.373 Y140.982 E.00489
M205 X7 Y7
G1 X155.129 Y140.579 F7200
M205 X3 Y3
G1 F2400
G1 X155.257 Y140.578 E.00508
G3 X152.001 Y140.889 I-.266 J14.422 E3.47337
G3 X154.497 Y140.585 I3.005 J14.272 E.1001
G1 X155.089 Y140.579 E.02355
M205 X7 Y7
G1 X154.974 Y140.181 F7200
M205 X3 Y3
G1 F2400
G1 X155.264 Y140.18 E.01151
G3 X151.918 Y140.499 I-.274 J14.82 E3.56933
G3 X154.483 Y140.187 I3.088 J14.666 E.10287
G1 X154.934 Y140.182 E.01795
M204 T500
G1 X154.522 Y139.734 F7200
;TYPE:Outer wall
G1 F1800
G1 X155.271 Y139.73 E.02982
G3 X169.607 Y150.539 I-.271 J15.27 E.76312
G3 X140.396 Y150.53 I-14.607 J4.461 E2.26816
G3 X154.467 Y139.738 I14.624 J4.498 E.75209
G1 X154.482 Y139.737 E.00058
M204 T1000
M205 X7 Y7
G1 E-.9 F2400
G1 Z16.3 F7200
G1 X167.821 Y149.787 Z16.3
G1 Z15.9
G1 E.9 F2400
;TYPE:Sparse infill
G1 X160.538 Y142.504 E.40952
G2 X157.313 Y141.533 I-5.489 J12.391 E.13427
G1 X168.463 Y152.683 E.62699
G3 X168.661 Y155.135 I-16.715 J2.582 E.0979
G1 X154.863 Y141.337 E.77588
G2 X152.787 Y141.516 I.226 J14.764 E.0829
G1 X168.482 Y157.21 E.88252
G3 X168.054 Y159.037 I-11.843 J-1.812 E.07466
G1 X150.96 Y141.944 E.96118
G2 X149.33 Y142.567 I10.43 J29.735 E.06943
G1 X167.435 Y160.672 E1.0181
G3 X166.65 Y162.142 I-12.283 J-5.611 E.06629
G1 X147.861 Y143.353 E1.05657
G2 X146.533 Y144.279 I5.563 J9.385 E.06443
G1 X165.721 Y163.467 E1.07894
G3 X164.661 Y164.661 I-11.201 J-8.871 E.06353
G1 X145.339 Y145.339 E1.08651
G2 X144.279 Y146.533 I7.674 J7.876 E.06355
G1 X163.467 Y165.721 E1.07894
G3 X162.144 Y166.652 I-10.497 J-13.506 E.06435
G1 X143.353 Y147.861 E1.05666
G2 X142.565 Y149.328 I13.689 J8.294 E.06622
G1 X160.67 Y167.433 E1.0181
G3 X159.037 Y168.054 I-10.574 J-25.381 E.0695
G1 X141.948 Y150.965 E.96095
G2 X141.518 Y152.79 I13.503 J4.138 E.0746
G1 X157.214 Y168.485 E.88257
G3 X155.139 Y168.664 I-2.682 J-18.944 E.08285
G1 X141.339 Y154.865 E.77596
G2 X141.537 Y157.317 I16.913 J-.13 E.0979
G1 X152.683 Y168.463 E.62676
G3 X149.462 Y167.496 I2.422 J-13.919 E.13404
G1 X142.179 Y160.213 E.40952
; stop printing object 圆柱体 id:2235774478336 copy 0
;LAYER_CHANGE
;Z:16.14
;HEIGHT:0.24
;BEFORE_LAYER_CHANGE
;16.14
G92 E0

;AFTER_LAYER_CHANGE
;16.14
;_SET_FAN_SPEED_CHANGING_LAYER
; printing object 圆柱体 id:2235774478336 copy 0
G1 E-.9 F2400
G1 Z16.54 F7200
G1 X200.416 Y140.983 Z16.54
G1 Z16.14
G1 E.9 F2400
M205 X3 Y3
;TYPE:Inner wall
G1 X200.978 Y141.009 E.02238
G3 X197.083 Y141.279 I-.988 J13.991 E3.3484
G3 X200.254 Y140.977 I2.922 J13.877 E.1269
G1 X200.376 Y140.982 E.00487
M205 X7 Y7
G1 X200.132 Y140.579 F7200
M205 X3 Y3
G1 F2400
G1 X200.261 Y140.578 E.0051
G3 X197.001 Y140.889 I-.271 J14.422 E3.4732
G3 X199.497 Y140.585 I3.005 J14.272 E.1001
G1 X200.092 Y140.579 E.02369
M205 X7 Y7
G1 X199.978 Y140.181 F7200
M205 X3 Y3
G1 F2400
G1 X200.268 Y140.18 E.01154
G3 X196.918 Y140.499 I-.278 J14.82 E3.56917
G3 X199.483 Y140.187 I3.088 J14.666 E.10287
G1 X199.938 Y140.182 E.01809
M204 T500
G1 X199.525 Y139.734 F7200
;TYPE:Outer wall
G1 F1800
G1 X200.276 Y139.73 E.02984
G3 X195.526 Y169.603 I-.279 J15.27 E2.07702
G3 X199.467 Y139.737 I4.482 J-14.601 E1.70555
G1 X199.485 Y139.736 E.00072
M204 T1000
M205 X7 Y7
G1 E-.9 F2400
G1 Z16.54 F7200
G1 X212.821 Y149.787 Z16.54
G1 Z16.14
M73 P51 R56
G1 E.9 F2400
;TYPE:Sparse infill
G1 X205.538 Y142.504 E.40952
G2 X202.309 Y141.53 I-6.369 J15.269 E.13432
G1 X213.463 Y152.683 E.62718
G3 X213.661 Y155.135 I-16.715 J2.582 E.0979
G1 X199.863 Y141.337 E.77588
G2 X197.787 Y141.516 I.224 J14.752 E.0829
G1 X213.482 Y157.21 E.88252
G3 X213.054 Y159.037 I-11.844 J-1.812 E.07466
G1 X195.96 Y141.944 E.96118
G2 X194.33 Y142.567 I10.427 J29.728 E.06943
G1 X212.433 Y160.67 E1.018
G3 X211.652 Y162.144 I-12.287 J-5.571 E.06634
G1 X192.861 Y143.353 E1.05666
G2 X191.533 Y144.279 I5.563 J9.385 E.06443
G1 X210.723 Y163.469 E1.07906
G3 X209.661 Y164.661 I-16.132 J-13.301 E.0635
G1 X190.339 Y145.339 E1.08651
G2 X189.279 Y146.533 I7.674 J7.876 E.06355
G1 X208.467 Y165.721 E1.07894
G3 X207.144 Y166.652 I-10.498 J-13.507 E.06435
G1 X188.353 Y147.861 E1.05666
G2 X187.567 Y149.33 I9.708 J6.139 E.06628
G1 X205.672 Y167.435 E1.0181
G3 X204.035 Y168.052 I-6.826 J-15.615 E.06959
G1 X186.946 Y150.963 E.96095
G2 X186.518 Y152.79 I11.415 J3.638 E.07466
G1 X202.213 Y168.484 E.88252
G3 X200.139 Y168.664 I-2.146 J-12.675 E.08287
G1 X186.333 Y154.859 E.7763
G2 X186.533 Y157.313 I13.283 J.153 E.09805
M73 P51 R55
G1 X197.683 Y168.463 E.62697
G3 X194.462 Y167.496 I2.196 J-13.164 E.13408
G1 X187.179 Y160.213 E.40952
; stop printing object 圆柱体 id:2235774478336 copy 0
; printing object 圆柱体 id:2235774478336 copy 0
G1 E-.9
G1 Z16.54 F7200
G1 X155.416 Y140.983 Z16.54
G1 Z16.14
G1 E.9 F2400
M205 X3 Y3
;TYPE:Inner wall
G1 X155.978 Y141.009 E.02238
G3 X152.083 Y141.279 I-.988 J13.991 E3.3484
G3 X155.254 Y140.977 I2.922 J13.877 E.1269
G1 X155.376 Y140.982 E.00487
M205 X7 Y7
G1 X155.132 Y140.579 F7200
M205 X3 Y3
G1 F2400
G1 X155.261 Y140.578 E.0051
G3 X152.001 Y140.889 I-.271 J14.422 E3.4732
G3 X154.497 Y140.585 I3.005 J14.272 E.1001
G1 X155.092 Y140.579 E.02369
M205 X7 Y7
G1 X154.978 Y140.181 F7200
M205 X3 Y3
G1 F2400
G1 X155.268 Y140.18 E.01154
G3 X151.918 Y140.499 I-.278 J14.82 E3.56917
G3 X154.483 Y140.187 I3.088 J14.666 E.10287
G1 X154.938 Y140.182 E.01809
M204 T500
G1 X154.525 Y139.734 F7200
;TYPE:Outer wall
G1 F1800
G1 X155.276 Y139.73 E.02984
G3 X150.526 Y169.603 I-.279 J15.27 E2.07702
G3 X154.467 Y139.737 I4.482 J-14.601 E1.70555
G1 X154.485 Y139.736 E.00072
M204 T1000
M205 X7 Y7
G1 E-.9 F2400
G1 Z16.54 F7200
G1 X167.821 Y149.787 Z16.54
G1 Z16.14
G1 E.9 F2400
;TYPE:Sparse infill
G1 X160.538 Y142.504 E.40952
G2 X157.309 Y141.53 I-6.369 J15.269 E.13432
G1 X168.463 Y152.683 E.62718
G3 X168.661 Y155.135 I-16.715 J2.582 E.0979
G1 X154.863 Y141.337 E.77588
G2 X152.787 Y141.516 I.224 J14.752 E.0829
G1 X168.482 Y157.21 E.88252
G3 X168.054 Y159.037 I-11.844 J-1.812 E.07466
G1 X150.96 Y141.944 E.96118
G2 X149.33 Y142.567 I10.427 J29.728 E.06943
G1 X167.433 Y160.67 E1.018
G3 X166.652 Y162.144 I-12.287 J-5.571 E.06634
G1 X147.861 Y143.353 E1.05666
G2 X146.533 Y144.279 I5.563 J9.385 E.06443
G1 X165.723 Y163.469 E1.07906
G3 X164.661 Y164.661 I-16.132 J-13.301 E.0635
G1 X145.339 Y145.339 E1.08651
G2 X144.279 Y146.533 I7.674 J7.876 E.06355
G1 X163.467 Y165.721 E1.07894
G3 X162.144 Y166.652 I-10.498 J-13.507 E.06435
G1 X143.353 Y147.861 E1.05666
G2 X142.567 Y149.33 I9.708 J6.139 E.06628
G1 X160.672 Y167.435 E1.0181
G3 X159.035 Y168.052 I-6.826 J-15.615 E.06959
G1 X141.946 Y150.963 E.96095
G2 X141.518 Y152.79 I11.415 J3.638 E.07466
G1 X157.213 Y168.484 E.88252
G3 X155.139 Y168.664 I-2.146 J-12.675 E.08287
G1 X141.333 Y154.859 E.7763
G2 X141.533 Y157.313 I13.283 J.153 E.09805
G1 X152.683 Y168.463 E.62697
G3 X149.462 Y167.496 I2.196 J-13.164 E.13408
G1 X142.179 Y160.213 E.40952
; stop printing object 圆柱体 id:2235774478336 copy 0
;LAYER_CHANGE
;Z:16.38
;HEIGHT:0.24
;BEFORE_LAYER_CHANGE
;16.38
G92 E0

;AFTER_LAYER_CHANGE
;16.38
;_SET_FAN_SPEED_CHANGING_LAYER
; printing object 圆柱体 id:2235774478336 copy 0
G1 E-.9 F2400
G1 Z16.78 F7200
G1 X200.418 Y140.983 Z16.78
G1 Z16.38
G1 E.9 F2400
M205 X3 Y3
;TYPE:Inner wall
G1 X200.978 Y141.009 E.02229
G3 X197.083 Y141.279 I-.988 J13.991 E3.3484
G3 X200.258 Y140.977 I2.922 J13.877 E.12707
G1 X200.379 Y140.982 E.00479
M205 X7 Y7
G1 X200.135 Y140.579 F7200
M205 X3 Y3
G1 F2400
G1 X200.265 Y140.578 E.00518
G3 X197.001 Y140.889 I-.275 J14.422 E3.47304
G3 X199.497 Y140.585 I3.005 J14.272 E.1001
G1 X200.095 Y140.579 E.02379
M205 X7 Y7
G1 X199.98 Y140.181 F7200
M205 X3 Y3
G1 F2400
G1 X200.272 Y140.18 E.01161
G3 X196.918 Y140.499 I-.282 J14.82 E3.569
G3 X199.483 Y140.187 I3.088 J14.666 E.10287
G1 X199.94 Y140.182 E.01818
M204 T500
G1 X199.528 Y139.734 F7200
;TYPE:Outer wall
G1 F1800
G1 X200.28 Y139.73 E.02991
G3 X185.399 Y150.522 I-.28 J15.27 E3.03128
G3 X199.467 Y139.737 I14.601 J4.478 E.75199
G1 X199.488 Y139.736 E.00082
M204 T1000
M205 X7 Y7
G1 E-.9 F2400
G1 Z16.78 F7200
G1 X212.821 Y149.787 Z16.78
G1 Z16.38
G1 E.9 F2400
;TYPE:Sparse infill
G1 X205.538 Y142.504 E.40952
G2 X202.317 Y141.537 I-5.417 J12.197 E.13408
G1 X213.463 Y152.683 E.62676
G3 X213.661 Y155.135 I-16.715 J2.582 E.0979
G1 X199.863 Y141.338 E.77587
G2 X197.787 Y141.516 I.223 J14.741 E.0829
G1 X213.482 Y157.21 E.88252
G3 X213.054 Y159.037 I-11.843 J-1.812 E.07466
G1 X195.96 Y141.944 E.96118
G2 X194.333 Y142.57 I5.017 J15.467 E.06939
G1 X212.435 Y160.672 E1.01793
G3 X211.65 Y162.142 I-12.283 J-5.611 E.06629
G1 X192.858 Y143.35 E1.05674
G2 X191.529 Y144.275 I21.802 J32.714 E.06439
G1 X210.721 Y163.467 E1.07917
G3 X209.661 Y164.661 I-11.202 J-8.872 E.06353
G1 X190.339 Y145.339 E1.08651
G2 X189.279 Y146.533 I7.674 J7.876 E.06355
G1 X208.467 Y165.721 E1.07894
G3 X207.139 Y166.647 I-6.891 J-8.458 E.06443
G1 X188.353 Y147.861 E1.05639
G2 X187.565 Y149.328 I13.688 J8.294 E.06622
G1 X205.67 Y167.433 E1.0181
G3 X204.037 Y168.054 I-10.573 J-25.378 E.0695
G1 X186.946 Y150.963 E.96102
G2 X186.517 Y152.788 I13.039 J4.032 E.0746
G1 X202.215 Y168.486 E.88275
G3 X200.135 Y168.661 I-2.792 J-20.849 E.08303
G1 X186.333 Y154.859 E.7761
G2 X186.534 Y157.313 I13.274 J.153 E.09806
G1 X197.683 Y168.463 E.62697
G3 X194.462 Y167.496 I2.422 J-13.919 E.13404
G1 X187.179 Y160.213 E.40952
; stop printing object 圆柱体 id:2235774478336 copy 0
; printing object 圆柱体 id:2235774478336 copy 0
G1 E-.9
G1 Z16.78 F7200
G1 X155.418 Y140.983 Z16.78
G1 Z16.38
G1 E.9 F2400
M205 X3 Y3
;TYPE:Inner wall
G1 X155.978 Y141.009 E.02229
G3 X152.083 Y141.279 I-.988 J13.991 E3.3484
G3 X155.258 Y140.977 I2.922 J13.877 E.12707
G1 X155.379 Y140.982 E.00479
M205 X7 Y7
G1 X155.135 Y140.579 F7200
M205 X3 Y3
G1 F2400
G1 X155.265 Y140.578 E.00518
G3 X152.001 Y140.889 I-.275 J14.422 E3.47304
G3 X154.497 Y140.585 I3.005 J14.272 E.1001
G1 X155.095 Y140.579 E.02379
M205 X7 Y7
G1 X154.98 Y140.181 F7200
M205 X3 Y3
G1 F2400
G1 X155.272 Y140.18 E.01161
G3 X151.918 Y140.499 I-.282 J14.82 E3.569
M73 P52 R55
G3 X154.483 Y140.187 I3.088 J14.666 E.10287
G1 X154.94 Y140.182 E.01818
M204 T500
G1 X154.528 Y139.734 F7200
;TYPE:Outer wall
G1 F1800
G1 X155.28 Y139.73 E.02991
G3 X140.399 Y150.522 I-.28 J15.27 E3.03128
M73 P52 R54
G3 X154.467 Y139.737 I14.601 J4.478 E.75199
G1 X154.488 Y139.736 E.00082
M204 T1000
M205 X7 Y7
G1 E-.9 F2400
G1 Z16.78 F7200
G1 X167.821 Y149.787 Z16.78
G1 Z16.38
G1 E.9 F2400
;TYPE:Sparse infill
G1 X160.538 Y142.504 E.40952
G2 X157.317 Y141.537 I-5.417 J12.197 E.13408
G1 X168.463 Y152.683 E.62676
G3 X168.661 Y155.135 I-16.715 J2.582 E.0979
G1 X154.863 Y141.338 E.77587
G2 X152.787 Y141.516 I.223 J14.741 E.0829
G1 X168.482 Y157.21 E.88252
G3 X168.054 Y159.037 I-11.843 J-1.812 E.07466
G1 X150.96 Y141.944 E.96118
G2 X149.333 Y142.57 I5.017 J15.467 E.06939
G1 X167.435 Y160.672 E1.01793
G3 X166.65 Y162.142 I-12.283 J-5.611 E.06629
G1 X147.858 Y143.35 E1.05674
G2 X146.529 Y144.275 I21.802 J32.714 E.06439
G1 X165.721 Y163.467 E1.07917
G3 X164.661 Y164.661 I-11.202 J-8.872 E.06353
G1 X145.339 Y145.339 E1.08651
G2 X144.279 Y146.533 I7.674 J7.876 E.06355
G1 X163.467 Y165.721 E1.07894
G3 X162.139 Y166.647 I-6.891 J-8.458 E.06443
G1 X143.353 Y147.861 E1.05639
G2 X142.565 Y149.328 I13.688 J8.294 E.06622
G1 X160.67 Y167.433 E1.0181
G3 X159.037 Y168.054 I-10.573 J-25.378 E.0695
G1 X141.946 Y150.963 E.96102
G2 X141.517 Y152.788 I13.039 J4.032 E.0746
G1 X157.215 Y168.486 E.88275
G3 X155.135 Y168.661 I-2.792 J-20.849 E.08303
G1 X141.333 Y154.859 E.7761
G2 X141.534 Y157.313 I13.274 J.153 E.09806
G1 X152.683 Y168.463 E.62697
G3 X149.462 Y167.496 I2.422 J-13.919 E.13404
G1 X142.179 Y160.213 E.40952
; stop printing object 圆柱体 id:2235774478336 copy 0
;LAYER_CHANGE
;Z:16.62
;HEIGHT:0.240002
;BEFORE_LAYER_CHANGE
;16.62
G92 E0

;AFTER_LAYER_CHANGE
;16.62
;_SET_FAN_SPEED_CHANGING_LAYER
; printing object 圆柱体 id:2235774478336 copy 0
G1 E-.9 F2400
G1 Z17.02 F7200
G1 X200.42 Y140.983 Z17.02
G1 Z16.62
G1 E.9 F2400
M205 X3 Y3
;TYPE:Inner wall
G1 X200.978 Y141.009 E.02224
G3 X197.083 Y141.279 I-.988 J13.992 E3.34859
G3 X200.262 Y140.977 I2.922 J13.877 E.12723
G1 X200.38 Y140.982 E.00467
M205 X7 Y7
G1 X200.136 Y140.579 F7200
M205 X3 Y3
G1 F2400
G1 X200.269 Y140.578 E.00529
G3 X197.001 Y140.889 I-.279 J14.423 E3.47306
G3 X199.497 Y140.585 I3.005 J14.272 E.1001
G1 X200.096 Y140.579 E.02384
M205 X7 Y7
G1 X199.981 Y140.181 F7200
M205 X3 Y3
G1 F2400
G1 X200.276 Y140.18 E.01173
G3 X196.918 Y140.499 I-.286 J14.821 E3.56903
G3 X199.483 Y140.187 I3.088 J14.666 E.10287
G1 X199.941 Y140.182 E.01823
M204 T500
G1 X199.529 Y139.734 F7200
;TYPE:Outer wall
G1 F1800
G1 X200.284 Y139.73 E.03003
G3 X214.61 Y150.551 I-.284 J15.27 E.76312
G3 X199.467 Y139.737 I-14.61 J4.449 E3.01999
G1 X199.489 Y139.736 E.00087
M204 T1000
M205 X7 Y7
G1 E-.9 F2400
G1 Z17.02 F7200
G1 X212.821 Y149.787 Z17.02
G1 Z16.62
G1 E.9 F2400
;TYPE:Sparse infill
G1 X205.538 Y142.504 E.40952
G2 X202.317 Y141.537 I-5.417 J12.197 E.13408
G1 X213.466 Y152.687 E.62696
G3 X213.663 Y155.137 I-12.669 J2.249 E.09791
G1 X199.863 Y141.338 E.776
G2 X197.787 Y141.516 I.222 J14.729 E.08291
G1 X213.482 Y157.21 E.88252
G3 X213.054 Y159.037 I-11.843 J-1.812 E.07466
G1 X195.96 Y141.944 E.96118
G2 X194.33 Y142.567 I10.428 J29.73 E.06943
G1 X212.435 Y160.672 E1.0181
G3 X211.652 Y162.144 I-16.945 J-8.071 E.06629
G1 X192.861 Y143.353 E1.05666
G2 X191.533 Y144.279 I5.563 J9.385 E.06443
G1 X210.723 Y163.469 E1.07906
G3 X209.661 Y164.661 I-15.869 J-13.064 E.0635
G1 X190.339 Y145.339 E1.08651
G2 X189.279 Y146.533 I7.674 J7.876 E.06355
G1 X208.467 Y165.721 E1.07894
G3 X207.139 Y166.647 I-6.891 J-8.458 E.06443
G1 X188.353 Y147.861 E1.05639
G2 X187.565 Y149.328 I13.688 J8.294 E.06622
G1 X205.67 Y167.433 E1.0181
G3 X204.037 Y168.054 I-10.574 J-25.381 E.0695
G1 X186.944 Y150.96 E.96118
G2 X186.518 Y152.79 I15.179 J4.492 E.07471
G1 X202.213 Y168.485 E.88256
G3 X200.139 Y168.664 I-2.653 J-18.579 E.08284
G1 X186.339 Y154.865 E.77596
G2 X186.537 Y157.317 I16.913 J-.13 E.0979
G1 X197.683 Y168.463 E.62676
G3 X194.462 Y167.496 I2.422 J-13.919 E.13404
G1 X187.179 Y160.213 E.40952
; stop printing object 圆柱体 id:2235774478336 copy 0
; printing object 圆柱体 id:2235774478336 copy 0
G1 E-.9
G1 Z17.02 F7200
G1 X155.42 Y140.983 Z17.02
G1 Z16.62
G1 E.9 F2400
M205 X3 Y3
;TYPE:Inner wall
G1 X155.978 Y141.009 E.02224
G3 X152.083 Y141.279 I-.988 J13.992 E3.34859
G3 X155.262 Y140.977 I2.922 J13.877 E.12723
G1 X155.38 Y140.982 E.00467
M205 X7 Y7
G1 X155.136 Y140.579 F7200
M205 X3 Y3
G1 F2400
G1 X155.269 Y140.578 E.00529
G3 X152.001 Y140.889 I-.279 J14.423 E3.47306
G3 X154.497 Y140.585 I3.005 J14.272 E.1001
G1 X155.096 Y140.579 E.02384
M205 X7 Y7
G1 X154.981 Y140.181 F7200
M205 X3 Y3
G1 F2400
G1 X155.276 Y140.18 E.01173
G3 X151.918 Y140.499 I-.286 J14.821 E3.56903
G3 X154.483 Y140.187 I3.088 J14.666 E.10287
G1 X154.941 Y140.182 E.01823
M204 T500
G1 X154.529 Y139.734 F7200
;TYPE:Outer wall
G1 F1800
G1 X155.284 Y139.73 E.03003
G3 X169.61 Y150.551 I-.284 J15.27 E.76312
G3 X154.467 Y139.737 I-14.61 J4.449 E3.01999
G1 X154.489 Y139.736 E.00087
M204 T1000
M205 X7 Y7
G1 E-.9 F2400
G1 Z17.02 F7200
G1 X167.821 Y149.787 Z17.02
G1 Z16.62
G1 E.9 F2400
;TYPE:Sparse infill
G1 X160.538 Y142.504 E.40952
G2 X157.317 Y141.537 I-5.417 J12.197 E.13408
G1 X168.466 Y152.687 E.62696
G3 X168.663 Y155.137 I-12.669 J2.249 E.09791
G1 X154.863 Y141.338 E.776
G2 X152.787 Y141.516 I.222 J14.729 E.08291
G1 X168.482 Y157.21 E.88252
G3 X168.054 Y159.037 I-11.843 J-1.812 E.07466
G1 X150.96 Y141.944 E.96118
G2 X149.33 Y142.567 I10.428 J29.73 E.06943
G1 X167.435 Y160.672 E1.0181
G3 X166.652 Y162.144 I-16.945 J-8.071 E.06629
G1 X147.861 Y143.353 E1.05666
G2 X146.533 Y144.279 I5.563 J9.385 E.06443
G1 X165.723 Y163.469 E1.07906
G3 X164.661 Y164.661 I-15.869 J-13.064 E.0635
G1 X145.339 Y145.339 E1.08651
G2 X144.279 Y146.533 I7.674 J7.876 E.06355
G1 X163.467 Y165.721 E1.07894
G3 X162.139 Y166.647 I-6.891 J-8.458 E.06443
G1 X143.353 Y147.861 E1.05639
G2 X142.565 Y149.328 I13.688 J8.294 E.06622
G1 X160.67 Y167.433 E1.0181
G3 X159.037 Y168.054 I-10.574 J-25.381 E.0695
G1 X141.944 Y150.96 E.96118
G2 X141.518 Y152.79 I15.179 J4.492 E.07471
M73 P52 R53
G1 X157.213 Y168.485 E.88256
G3 X155.139 Y168.664 I-2.653 J-18.579 E.08284
G1 X141.339 Y154.865 E.77596
G2 X141.537 Y157.317 I16.913 J-.13 E.0979
G1 X152.683 Y168.463 E.62676
G3 X149.462 Y167.496 I2.422 J-13.919 E.13404
G1 X142.179 Y160.213 E.40952
; stop printing object 圆柱体 id:2235774478336 copy 0
;LAYER_CHANGE
;Z:16.86
;HEIGHT:0.24
;BEFORE_LAYER_CHANGE
;16.86
G92 E0

;AFTER_LAYER_CHANGE
;16.86
;_SET_FAN_SPEED_CHANGING_LAYER
; printing object 圆柱体 id:2235774478336 copy 0
G1 E-.9 F2400
G1 Z17.26 F7200
G1 X200.42 Y140.983 Z17.26
G1 Z16.86
G1 E.9 F2400
M205 X3 Y3
;TYPE:Inner wall
G1 X200.978 Y141.009 E.02223
G3 X197.083 Y141.279 I-.988 J13.992 E3.34848
G3 X200.266 Y140.977 I2.922 J13.878 E.1274
G1 X200.38 Y140.982 E.00451
M205 X7 Y7
G1 X200.136 Y140.579 F7200
M205 X3 Y3
G1 F2400
G1 X200.273 Y140.578 E.00545
G3 X197.001 Y140.889 I-.283 J14.422 E3.47279
M73 P53 R53
G3 X199.497 Y140.585 I3.005 J14.272 E.1001
G1 X200.096 Y140.579 E.02384
M205 X7 Y7
G1 X199.982 Y140.182 F7200
M205 X3 Y3
G1 F2400
G1 X200.28 Y140.18 E.01188
G3 X196.918 Y140.499 I-.29 J14.821 E3.56875
G3 X199.483 Y140.187 I3.088 J14.666 E.10287
G1 X199.942 Y140.182 E.01824
M204 T500
G1 X199.529 Y139.734 F7200
;TYPE:Outer wall
G1 F1800
G1 X200.288 Y139.73 E.03018
G3 X195.514 Y169.599 I-.288 J15.27 E2.07738
G3 X199.467 Y139.737 I4.494 J-14.598 E1.70505
G1 X199.489 Y139.736 E.00088
M204 T1000
M205 X7 Y7
G1 E-.9 F2400
G1 Z17.26 F7200
G1 X212.821 Y149.787 Z17.26
G1 Z16.86
G1 E.9 F2400
;TYPE:Sparse infill
G1 X205.538 Y142.504 E.40952
G2 X202.312 Y141.533 I-5.496 J12.409 E.13429
G1 X213.463 Y152.683 E.62701
G3 X213.661 Y155.135 I-16.715 J2.582 E.0979
G1 X199.863 Y141.338 E.77587
G2 X197.787 Y141.516 I.22 J14.717 E.08291
G1 X213.482 Y157.21 E.88252
G3 X213.054 Y159.037 I-11.844 J-1.812 E.07466
G1 X195.96 Y141.944 E.96118
G2 X194.33 Y142.567 I10.428 J29.73 E.06943
G1 X212.435 Y160.672 E1.0181
G3 X211.65 Y162.142 I-12.283 J-5.611 E.06629
G1 X192.861 Y143.353 E1.05657
G2 X191.533 Y144.279 I5.563 J9.385 E.06443
G1 X210.721 Y163.467 E1.07894
G3 X209.661 Y164.661 I-11.202 J-8.872 E.06353
G1 X190.339 Y145.339 E1.08651
G2 X189.279 Y146.533 I7.674 J7.876 E.06355
G1 X208.467 Y165.721 E1.07894
G3 X207.144 Y166.652 I-10.497 J-13.506 E.06435
G1 X188.353 Y147.861 E1.05666
G2 X187.565 Y149.328 I13.688 J8.294 E.06622
G1 X205.672 Y167.435 E1.0182
G3 X204.035 Y168.052 I-6.827 J-15.618 E.06959
G1 X186.946 Y150.963 E.96095
G2 X186.518 Y152.79 I11.415 J3.638 E.07466
G1 X202.213 Y168.484 E.88256
G3 X200.139 Y168.664 I-2.643 J-18.461 E.08284
G1 X186.339 Y154.865 E.77596
G2 X186.537 Y157.317 I16.912 J-.13 E.0979
G1 X197.683 Y168.463 E.62676
G3 X194.462 Y167.496 I2.422 J-13.919 E.13404
G1 X187.179 Y160.213 E.40952
; stop printing object 圆柱体 id:2235774478336 copy 0
; printing object 圆柱体 id:2235774478336 copy 0
G1 E-.9
G1 Z17.26 F7200
G1 X155.42 Y140.983 Z17.26
G1 Z16.86
G1 E.9 F2400
M205 X3 Y3
;TYPE:Inner wall
G1 X155.978 Y141.009 E.02223
G3 X152.083 Y141.279 I-.988 J13.992 E3.34848
G3 X155.266 Y140.977 I2.922 J13.878 E.1274
G1 X155.38 Y140.982 E.00451
M205 X7 Y7
G1 X155.136 Y140.579 F7200
M205 X3 Y3
G1 F2400
G1 X155.273 Y140.578 E.00545
G3 X152.001 Y140.889 I-.283 J14.422 E3.47279
G3 X154.497 Y140.585 I3.005 J14.272 E.1001
G1 X155.096 Y140.579 E.02384
M205 X7 Y7
G1 X154.982 Y140.182 F7200
M205 X3 Y3
G1 F2400
G1 X155.28 Y140.18 E.01188
G3 X151.918 Y140.499 I-.29 J14.821 E3.56875
G3 X154.483 Y140.187 I3.088 J14.666 E.10287
G1 X154.942 Y140.182 E.01824
M204 T500
G1 X154.529 Y139.734 F7200
;TYPE:Outer wall
G1 F1800
G1 X155.288 Y139.73 E.03018
G3 X150.514 Y169.599 I-.288 J15.27 E2.07738
G3 X154.467 Y139.737 I4.494 J-14.598 E1.70505
G1 X154.489 Y139.736 E.00088
M204 T1000
M205 X7 Y7
G1 E-.9 F2400
G1 Z17.26 F7200
G1 X167.821 Y149.787 Z17.26
G1 Z16.86
G1 E.9 F2400
;TYPE:Sparse infill
G1 X160.538 Y142.504 E.40952
G2 X157.312 Y141.533 I-5.496 J12.409 E.13429
G1 X168.463 Y152.683 E.62701
G3 X168.661 Y155.135 I-16.715 J2.582 E.0979
G1 X154.863 Y141.338 E.77587
G2 X152.787 Y141.516 I.22 J14.717 E.08291
G1 X168.482 Y157.21 E.88252
G3 X168.054 Y159.037 I-11.844 J-1.812 E.07466
G1 X150.96 Y141.944 E.96118
G2 X149.33 Y142.567 I10.428 J29.73 E.06943
G1 X167.435 Y160.672 E1.0181
G3 X166.65 Y162.142 I-12.283 J-5.611 E.06629
G1 X147.861 Y143.353 E1.05657
G2 X146.533 Y144.279 I5.563 J9.385 E.06443
G1 X165.721 Y163.467 E1.07894
G3 X164.661 Y164.661 I-11.202 J-8.872 E.06353
G1 X145.339 Y145.339 E1.08651
G2 X144.279 Y146.533 I7.674 J7.876 E.06355
G1 X163.467 Y165.721 E1.07894
G3 X162.144 Y166.652 I-10.497 J-13.506 E.06435
G1 X143.353 Y147.861 E1.05666
G2 X142.565 Y149.328 I13.688 J8.294 E.06622
G1 X160.672 Y167.435 E1.0182
G3 X159.035 Y168.052 I-6.827 J-15.618 E.06959
G1 X141.946 Y150.963 E.96095
G2 X141.518 Y152.79 I11.415 J3.638 E.07466
G1 X157.213 Y168.484 E.88256
G3 X155.139 Y168.664 I-2.643 J-18.461 E.08284
G1 X141.339 Y154.865 E.77596
G2 X141.537 Y157.317 I16.912 J-.13 E.0979
G1 X152.683 Y168.463 E.62676
G3 X149.462 Y167.496 I2.422 J-13.919 E.13404
G1 X142.179 Y160.213 E.40952
; stop printing object 圆柱体 id:2235774478336 copy 0
;LAYER_CHANGE
;Z:17.1
;HEIGHT:0.24
;BEFORE_LAYER_CHANGE
;17.1
G92 E0

;AFTER_LAYER_CHANGE
;17.1
;_SET_FAN_SPEED_CHANGING_LAYER
; printing object 圆柱体 id:2235774478336 copy 0
G1 E-.9 F2400
G1 Z17.5 F7200
G1 X200.419 Y140.983 Z17.5
G1 Z17.1
G1 E.9 F2400
M205 X3 Y3
;TYPE:Inner wall
G1 X200.978 Y141.009 E.02228
G3 X197.083 Y141.279 I-.988 J13.992 E3.34857
G3 X200.271 Y140.977 I2.922 J13.878 E.12757
G1 X200.379 Y140.981 E.0043
M205 X7 Y7
G1 X200.135 Y140.579 F7200
M205 X3 Y3
G1 F2400
G1 X200.278 Y140.579 E.00566
G3 X197.001 Y140.889 I-.287 J14.422 E3.47271
G3 X199.497 Y140.585 I3.005 J14.272 E.1001
G1 X200.095 Y140.58 E.0238
M205 X7 Y7
G1 X199.981 Y140.182 F7200
M205 X3 Y3
G1 F2400
G1 X200.285 Y140.18 E.01208
G3 X196.918 Y140.499 I-.294 J14.821 E3.56868
G3 X199.483 Y140.187 I3.088 J14.667 E.10287
G1 X199.941 Y140.182 E.01822
M204 T500
G1 X199.529 Y139.734 F7200
;TYPE:Outer wall
G1 F1800
M73 P53 R52
G1 X200.292 Y139.73 E.03037
G3 X196.824 Y140.059 I-.302 J15.271 E3.67705
G3 X199.467 Y139.737 I3.182 J15.112 E.10599
G1 X199.489 Y139.736 E.00086
M204 T1000
M205 X7 Y7
G1 E-.9 F2400
G1 Z17.5 F7200
G1 X212.821 Y149.787 Z17.5
G1 Z17.1
G1 E.9 F2400
;TYPE:Sparse infill
G1 X205.538 Y142.504 E.40952
G2 X202.317 Y141.537 I-5.417 J12.197 E.13408
G1 X213.463 Y152.683 E.62676
G3 X213.661 Y155.135 I-16.715 J2.582 E.0979
G1 X199.863 Y141.338 E.77587
G2 X197.787 Y141.516 I.219 J14.707 E.08291
G1 X213.483 Y157.212 E.8826
G3 X213.052 Y159.035 I-17.182 J-3.094 E.07454
G1 X195.96 Y141.944 E.96111
G2 X194.33 Y142.567 I10.429 J29.733 E.06943
G1 X212.435 Y160.672 E1.0181
G3 X211.652 Y162.144 I-16.945 J-8.071 E.06629
G1 X192.861 Y143.353 E1.05666
G2 X191.533 Y144.279 I5.562 J9.384 E.06443
G1 X210.721 Y163.467 E1.07894
G3 X209.661 Y164.661 I-8.734 J-6.682 E.06355
G1 X190.339 Y145.339 E1.08651
G2 X189.279 Y146.533 I7.674 J7.876 E.06355
G1 X208.467 Y165.721 E1.07894
G3 X207.139 Y166.647 I-6.891 J-8.458 E.06443
G1 X188.353 Y147.861 E1.05639
G2 X187.567 Y149.33 I9.709 J6.139 E.06628
G1 X205.672 Y167.435 E1.0181
G3 X204.037 Y168.054 I-11.479 J-27.871 E.06954
G1 X186.946 Y150.963 E.96102
G2 X186.518 Y152.79 I11.416 J3.638 E.07466
G1 X202.215 Y168.486 E.88267
G3 X200.135 Y168.661 I-2.792 J-20.848 E.08303
G1 X186.333 Y154.859 E.7761
G2 X186.534 Y157.313 I13.248 J.154 E.09807
G1 X197.686 Y168.465 E.6271
G3 X194.462 Y167.496 I2.478 J-14.086 E.13416
M73 P54 R52
G1 X187.179 Y160.213 E.40952
; stop printing object 圆柱体 id:2235774478336 copy 0
; printing object 圆柱体 id:2235774478336 copy 0
G1 E-.9
G1 Z17.5 F7200
G1 X155.419 Y140.983 Z17.5
G1 Z17.1
G1 E.9 F2400
M205 X3 Y3
;TYPE:Inner wall
G1 X155.978 Y141.009 E.02228
G3 X152.083 Y141.279 I-.988 J13.992 E3.34857
G3 X155.271 Y140.977 I2.922 J13.878 E.12757
G1 X155.379 Y140.981 E.0043
M205 X7 Y7
G1 X155.135 Y140.579 F7200
M205 X3 Y3
G1 F2400
G1 X155.278 Y140.579 E.00566
G3 X152.001 Y140.889 I-.287 J14.422 E3.47271
G3 X154.497 Y140.585 I3.005 J14.272 E.1001
G1 X155.095 Y140.58 E.0238
M205 X7 Y7
G1 X154.981 Y140.182 F7200
M205 X3 Y3
G1 F2400
G1 X155.285 Y140.18 E.01208
G3 X151.918 Y140.499 I-.294 J14.821 E3.56868
G3 X154.483 Y140.187 I3.088 J14.667 E.10287
G1 X154.941 Y140.182 E.01822
M204 T500
G1 X154.529 Y139.734 F7200
;TYPE:Outer wall
G1 F1800
G1 X155.292 Y139.73 E.03037
G3 X151.824 Y140.059 I-.302 J15.271 E3.67705
G3 X154.467 Y139.737 I3.182 J15.112 E.10599
G1 X154.489 Y139.736 E.00086
M204 T1000
M205 X7 Y7
G1 E-.9 F2400
G1 Z17.5 F7200
G1 X167.821 Y149.787 Z17.5
G1 Z17.1
G1 E.9 F2400
;TYPE:Sparse infill
G1 X160.538 Y142.504 E.40952
G2 X157.317 Y141.537 I-5.417 J12.197 E.13408
G1 X168.463 Y152.683 E.62676
G3 X168.661 Y155.135 I-16.715 J2.582 E.0979
G1 X154.863 Y141.338 E.77587
G2 X152.787 Y141.516 I.219 J14.707 E.08291
G1 X168.483 Y157.212 E.8826
G3 X168.052 Y159.035 I-17.182 J-3.094 E.07454
G1 X150.96 Y141.944 E.96111
G2 X149.33 Y142.567 I10.429 J29.733 E.06943
G1 X167.435 Y160.672 E1.0181
G3 X166.652 Y162.144 I-16.945 J-8.071 E.06629
G1 X147.861 Y143.353 E1.05666
G2 X146.533 Y144.279 I5.562 J9.384 E.06443
G1 X165.721 Y163.467 E1.07894
G3 X164.661 Y164.661 I-8.734 J-6.682 E.06355
G1 X145.339 Y145.339 E1.08651
G2 X144.279 Y146.533 I7.674 J7.876 E.06355
G1 X163.467 Y165.721 E1.07894
G3 X162.139 Y166.647 I-6.891 J-8.458 E.06443
G1 X143.353 Y147.861 E1.05639
G2 X142.567 Y149.33 I9.709 J6.139 E.06628
G1 X160.672 Y167.435 E1.0181
G3 X159.037 Y168.054 I-11.479 J-27.871 E.06954
G1 X141.946 Y150.963 E.96102
G2 X141.518 Y152.79 I11.416 J3.638 E.07466
G1 X157.215 Y168.486 E.88267
G3 X155.135 Y168.661 I-2.792 J-20.848 E.08303
G1 X141.333 Y154.859 E.7761
G2 X141.534 Y157.313 I13.248 J.154 E.09807
G1 X152.686 Y168.465 E.6271
G3 X149.462 Y167.496 I2.478 J-14.086 E.13416
G1 X142.179 Y160.213 E.40952
; stop printing object 圆柱体 id:2235774478336 copy 0
;LAYER_CHANGE
;Z:17.34
;HEIGHT:0.24
;BEFORE_LAYER_CHANGE
;17.34
G92 E0

;AFTER_LAYER_CHANGE
;17.34
;_SET_FAN_SPEED_CHANGING_LAYER
; printing object 圆柱体 id:2235774478336 copy 0
G1 E-.9 F2400
G1 Z17.74 F7200
G1 X200.417 Y140.983 Z17.74
G1 Z17.34
G1 E.9 F2400
M205 X3 Y3
;TYPE:Inner wall
G1 X200.978 Y141.009 E.02234
G3 X197.564 Y141.185 I-.989 J13.992 E3.36804
G3 X200.275 Y140.977 I2.562 J15.595 E.10823
G1 X200.377 Y140.981 E.00407
M205 X7 Y7
G1 X200.134 Y140.579 F7200
M205 X3 Y3
G1 F2400
G1 X200.282 Y140.579 E.00589
G3 X197.001 Y140.889 I-.291 J14.421 E3.47233
G3 X199.497 Y140.585 I3.005 J14.273 E.1001
G1 X200.094 Y140.58 E.02374
M205 X7 Y7
G1 X199.979 Y140.182 F7200
M205 X3 Y3
G1 F2400
G1 X200.289 Y140.18 E.0123
G3 X196.918 Y140.499 I-.299 J14.82 E3.56829
G3 X199.483 Y140.187 I3.088 J14.667 E.10287
G1 X199.939 Y140.182 E.01816
M204 T500
G1 X199.527 Y139.734 F7200
;TYPE:Outer wall
G1 F1800
G1 X200.297 Y139.73 E.0306
G3 X195.506 Y169.597 I-.297 J15.27 E2.07738
G3 X199.467 Y139.737 I4.494 J-14.597 E1.70526
G1 X199.487 Y139.736 E.0008
M204 T1000
M205 X7 Y7
G1 E-.9 F2400
G1 Z17.74 F7200
G1 X212.821 Y149.787 Z17.74
G1 Z17.34
G1 E.9 F2400
;TYPE:Sparse infill
G1 X205.538 Y142.504 E.40952
G2 X202.317 Y141.537 I-5.417 J12.197 E.13408
G1 X213.47 Y152.691 E.62718
G3 X213.661 Y155.135 I-14.242 J2.338 E.09761
G1 X199.863 Y141.338 E.77586
G2 X197.787 Y141.516 I.218 J14.695 E.08291
G1 X213.482 Y157.21 E.88252
G3 X213.054 Y159.037 I-11.843 J-1.812 E.07466
G1 X195.96 Y141.944 E.96118
G2 X194.33 Y142.567 I10.431 J29.738 E.06943
G1 X212.435 Y160.672 E1.0181
G3 X211.652 Y162.144 I-16.945 J-8.071 E.06629
G1 X192.861 Y143.353 E1.05666
G2 X191.533 Y144.279 I5.563 J9.385 E.06443
G1 X210.723 Y163.468 E1.07905
G3 X209.661 Y164.661 I-15.492 J-12.724 E.0635
G1 X190.339 Y145.339 E1.08651
G2 X189.279 Y146.533 I7.674 J7.876 E.06355
G1 X208.467 Y165.721 E1.07894
G3 X207.144 Y166.652 I-10.497 J-13.506 E.06435
M73 P54 R51
G1 X188.348 Y147.856 E1.05692
G2 X187.567 Y149.33 I11.507 J7.045 E.06634
G1 X205.672 Y167.435 E1.0181
G3 X204.037 Y168.054 I-11.481 J-27.878 E.06954
G1 X186.944 Y150.961 E.96116
G2 X186.518 Y152.79 I20.793 J5.802 E.07468
G1 X202.215 Y168.486 E.88267
G3 X200.135 Y168.661 I-2.792 J-20.849 E.08303
G1 X186.333 Y154.859 E.7761
G2 X186.534 Y157.313 I13.239 J.154 E.09807
G1 X197.683 Y168.463 E.62695
G3 X194.462 Y167.496 I2.422 J-13.919 E.13404
G1 X187.179 Y160.213 E.40952
; stop printing object 圆柱体 id:2235774478336 copy 0
; printing object 圆柱体 id:2235774478336 copy 0
G1 E-.9
G1 Z17.74 F7200
G1 X155.417 Y140.983 Z17.74
G1 Z17.34
G1 E.9 F2400
M205 X3 Y3
;TYPE:Inner wall
G1 X155.978 Y141.009 E.02234
G3 X152.564 Y141.185 I-.989 J13.992 E3.36804
G3 X155.275 Y140.977 I2.562 J15.595 E.10823
G1 X155.377 Y140.981 E.00407
M205 X7 Y7
G1 X155.134 Y140.579 F7200
M205 X3 Y3
G1 F2400
G1 X155.282 Y140.579 E.00589
G3 X152.001 Y140.889 I-.291 J14.421 E3.47233
G3 X154.497 Y140.585 I3.005 J14.273 E.1001
G1 X155.094 Y140.58 E.02374
M205 X7 Y7
G1 X154.979 Y140.182 F7200
M205 X3 Y3
G1 F2400
G1 X155.289 Y140.18 E.0123
G3 X151.918 Y140.499 I-.299 J14.82 E3.56829
G3 X154.483 Y140.187 I3.088 J14.667 E.10287
G1 X154.939 Y140.182 E.01816
M204 T500
G1 X154.527 Y139.734 F7200
;TYPE:Outer wall
G1 F1800
G1 X155.297 Y139.73 E.0306
G3 X150.506 Y169.597 I-.297 J15.27 E2.07738
G3 X154.467 Y139.737 I4.494 J-14.597 E1.70526
G1 X154.487 Y139.736 E.0008
M204 T1000
M205 X7 Y7
G1 E-.9 F2400
G1 Z17.74 F7200
G1 X167.821 Y149.787 Z17.74
G1 Z17.34
G1 E.9 F2400
;TYPE:Sparse infill
G1 X160.538 Y142.504 E.40952
G2 X157.317 Y141.537 I-5.417 J12.197 E.13408
G1 X168.47 Y152.691 E.62718
G3 X168.661 Y155.135 I-14.242 J2.338 E.09761
G1 X154.863 Y141.338 E.77586
G2 X152.787 Y141.516 I.218 J14.695 E.08291
G1 X168.482 Y157.21 E.88252
G3 X168.054 Y159.037 I-11.843 J-1.812 E.07466
G1 X150.96 Y141.944 E.96118
G2 X149.33 Y142.567 I10.431 J29.738 E.06943
G1 X167.435 Y160.672 E1.0181
G3 X166.652 Y162.144 I-16.945 J-8.071 E.06629
G1 X147.861 Y143.353 E1.05666
G2 X146.533 Y144.279 I5.563 J9.385 E.06443
G1 X165.723 Y163.468 E1.07905
G3 X164.661 Y164.661 I-15.492 J-12.724 E.0635
G1 X145.339 Y145.339 E1.08651
G2 X144.279 Y146.533 I7.674 J7.876 E.06355
G1 X163.467 Y165.721 E1.07894
G3 X162.144 Y166.652 I-10.497 J-13.506 E.06435
G1 X143.348 Y147.856 E1.05692
G2 X142.567 Y149.33 I11.507 J7.045 E.06634
M73 P55 R51
G1 X160.672 Y167.435 E1.0181
G3 X159.037 Y168.054 I-11.481 J-27.878 E.06954
G1 X141.944 Y150.961 E.96116
G2 X141.518 Y152.79 I20.793 J5.802 E.07468
G1 X157.215 Y168.486 E.88267
G3 X155.135 Y168.661 I-2.792 J-20.849 E.08303
G1 X141.333 Y154.859 E.7761
G2 X141.534 Y157.313 I13.239 J.154 E.09807
G1 X152.683 Y168.463 E.62695
G3 X149.462 Y167.496 I2.422 J-13.919 E.13404
G1 X142.179 Y160.213 E.40952
; stop printing object 圆柱体 id:2235774478336 copy 0
;LAYER_CHANGE
;Z:17.58
;HEIGHT:0.24
;BEFORE_LAYER_CHANGE
;17.58
G92 E0

;AFTER_LAYER_CHANGE
;17.58
;_SET_FAN_SPEED_CHANGING_LAYER
; printing object 圆柱体 id:2235774478336 copy 0
G1 E-.9 F2400
G1 Z17.98 F7200
G1 X200.414 Y140.983 Z17.98
G1 Z17.58
G1 E.9 F2400
M205 X3 Y3
;TYPE:Inner wall
G1 X200.978 Y141.009 E.02245
G3 X197.564 Y141.185 I-.989 J13.992 E3.36808
G3 X200.279 Y140.977 I2.561 J15.59 E.1084
G1 X200.374 Y140.981 E.00379
M205 X7 Y7
G1 X200.131 Y140.579 F7200
M205 X3 Y3
G1 F2400
G1 X200.286 Y140.579 E.00616
G3 X197.001 Y140.889 I-.295 J14.422 E3.47229
G3 X199.497 Y140.585 I3.005 J14.273 E.1001
G1 X200.091 Y140.58 E.02363
M205 X7 Y7
G1 X199.977 Y140.182 F7200
M205 X3 Y3
G1 F2400
G1 X200.293 Y140.18 E.01256
G3 X196.918 Y140.499 I-.303 J14.82 E3.56825
G3 X199.483 Y140.187 I3.088 J14.668 E.10287
G1 X199.937 Y140.182 E.01807
M204 T500
G1 X199.525 Y139.734 F7200
;TYPE:Outer wall
G1 F1800
G1 X200.301 Y139.73 E.03085
G3 X196.824 Y140.059 I-.311 J15.27 E3.67662
G3 X199.467 Y139.737 I3.182 J15.113 E.10599
G1 X199.485 Y139.736 E.00071
M204 T1000
M205 X7 Y7
G1 E-.9 F2400
G1 Z17.98 F7200
G1 X212.835 Y149.801 Z17.98
G1 Z17.58
G1 E.9 F2400
;TYPE:Sparse infill
G1 X205.538 Y142.504 E.41033
G2 X202.317 Y141.537 I-5.417 J12.197 E.13408
G1 X213.47 Y152.691 E.62718
G3 X213.661 Y155.135 I-14.242 J2.338 E.09761
G1 X199.863 Y141.338 E.77586
G2 X197.787 Y141.516 I.216 J14.684 E.08291
G1 X213.482 Y157.21 E.88252
G3 X213.052 Y159.035 I-13.932 J-2.313 E.0746
G1 X195.96 Y141.944 E.96111
G2 X194.33 Y142.567 I10.428 J29.73 E.06943
G1 X212.435 Y160.672 E1.0181
G3 X211.65 Y162.142 I-12.283 J-5.611 E.06629
G1 X192.861 Y143.353 E1.05657
G2 X191.533 Y144.279 I5.563 J9.384 E.06443
G1 X210.721 Y163.467 E1.07894
G3 X209.661 Y164.661 I-11.201 J-8.871 E.06353
G1 X190.339 Y145.339 E1.08651
G2 X189.279 Y146.533 I7.674 J7.876 E.06355
G1 X208.467 Y165.721 E1.07894
G3 X207.139 Y166.647 I-6.891 J-8.458 E.06443
G1 X188.353 Y147.861 E1.05639
G2 X187.567 Y149.33 I9.708 J6.139 E.06628
G1 X205.67 Y167.433 E1.018
G3 X204.037 Y168.054 I-10.573 J-25.379 E.0695
G1 X186.946 Y150.963 E.96102
G2 X186.517 Y152.788 I12.871 J3.991 E.0746
G1 X202.215 Y168.486 E.88274
G3 X200.135 Y168.661 I-2.792 J-20.85 E.08303
G1 X186.339 Y154.865 E.77577
G2 X186.537 Y157.317 I16.913 J-.13 E.0979
G1 X197.683 Y168.463 E.62676
G3 X194.462 Y167.496 I2.149 J-13.008 E.13409
G1 X187.179 Y160.213 E.40952
; stop printing object 圆柱体 id:2235774478336 copy 0
; printing object 圆柱体 id:2235774478336 copy 0
G1 E-.9
G1 Z17.98 F7200
G1 X155.414 Y140.983 Z17.98
G1 Z17.58
G1 E.9 F2400
M205 X3 Y3
;TYPE:Inner wall
G1 X155.978 Y141.009 E.02245
G3 X152.564 Y141.185 I-.989 J13.992 E3.36808
G3 X155.279 Y140.977 I2.561 J15.59 E.1084
G1 X155.374 Y140.981 E.00379
M205 X7 Y7
G1 X155.131 Y140.579 F7200
M205 X3 Y3
G1 F2400
G1 X155.286 Y140.579 E.00616
G3 X152.001 Y140.889 I-.295 J14.422 E3.47229
G3 X154.497 Y140.585 I3.005 J14.273 E.1001
G1 X155.091 Y140.58 E.02363
M205 X7 Y7
G1 X154.977 Y140.182 F7200
M205 X3 Y3
G1 F2400
G1 X155.293 Y140.18 E.01256
G3 X151.918 Y140.499 I-.303 J14.82 E3.56825
M73 P55 R50
G3 X154.483 Y140.187 I3.088 J14.668 E.10287
G1 X154.937 Y140.182 E.01807
M204 T500
G1 X154.525 Y139.734 F7200
;TYPE:Outer wall
G1 F1800
G1 X155.301 Y139.73 E.03085
G3 X151.824 Y140.059 I-.311 J15.27 E3.67662
G3 X154.467 Y139.737 I3.182 J15.113 E.10599
G1 X154.485 Y139.736 E.00071
M204 T1000
M205 X7 Y7
G1 E-.9 F2400
G1 Z17.98 F7200
G1 X167.835 Y149.801 Z17.98
G1 Z17.58
G1 E.9 F2400
;TYPE:Sparse infill
G1 X160.538 Y142.504 E.41033
G2 X157.317 Y141.537 I-5.417 J12.197 E.13408
G1 X168.47 Y152.691 E.62718
G3 X168.661 Y155.135 I-14.242 J2.338 E.09761
G1 X154.863 Y141.338 E.77586
G2 X152.787 Y141.516 I.216 J14.684 E.08291
G1 X168.482 Y157.21 E.88252
G3 X168.052 Y159.035 I-13.932 J-2.313 E.0746
G1 X150.96 Y141.944 E.96111
G2 X149.33 Y142.567 I10.428 J29.73 E.06943
G1 X167.435 Y160.672 E1.0181
G3 X166.65 Y162.142 I-12.283 J-5.611 E.06629
G1 X147.861 Y143.353 E1.05657
G2 X146.533 Y144.279 I5.563 J9.384 E.06443
G1 X165.721 Y163.467 E1.07894
G3 X164.661 Y164.661 I-11.201 J-8.871 E.06353
G1 X145.339 Y145.339 E1.08651
G2 X144.279 Y146.533 I7.674 J7.876 E.06355
G1 X163.467 Y165.721 E1.07894
G3 X162.139 Y166.647 I-6.891 J-8.458 E.06443
G1 X143.353 Y147.861 E1.05639
G2 X142.567 Y149.33 I9.708 J6.139 E.06628
G1 X160.67 Y167.433 E1.018
G3 X159.037 Y168.054 I-10.573 J-25.379 E.0695
G1 X141.946 Y150.963 E.96102
G2 X141.517 Y152.788 I12.871 J3.991 E.0746
G1 X157.215 Y168.486 E.88274
G3 X155.135 Y168.661 I-2.792 J-20.85 E.08303
G1 X141.339 Y154.865 E.77577
G2 X141.537 Y157.317 I16.913 J-.13 E.0979
G1 X152.683 Y168.463 E.62676
G3 X149.462 Y167.496 I2.149 J-13.008 E.13409
G1 X142.179 Y160.213 E.40952
; stop printing object 圆柱体 id:2235774478336 copy 0
;LAYER_CHANGE
;Z:17.82
;HEIGHT:0.24
;BEFORE_LAYER_CHANGE
;17.82
G92 E0

;AFTER_LAYER_CHANGE
;17.82
;_SET_FAN_SPEED_CHANGING_LAYER
; printing object 圆柱体 id:2235774478336 copy 0
G1 E-.9 F2400
G1 Z18.22 F7200
G1 X200.411 Y140.983 Z18.22
G1 Z17.82
G1 E.9 F2400
M205 X3 Y3
;TYPE:Inner wall
G1 X200.978 Y141.009 E.02259
G3 X197.564 Y141.185 I-.989 J13.992 E3.36804
G3 X200.283 Y140.977 I2.561 J15.586 E.10857
G1 X200.371 Y140.981 E.00349
M205 X7 Y7
G1 X200.128 Y140.579 F7200
M205 X3 Y3
G1 F2400
G1 X200.29 Y140.579 E.00646
G3 X197.001 Y140.889 I-.3 J14.422 E3.47208
G3 X199.497 Y140.585 I3.005 J14.274 E.1001
G1 X200.088 Y140.58 E.0235
M205 X7 Y7
G1 X199.974 Y140.182 F7200
M205 X3 Y3
G1 F2400
G1 X200.297 Y140.18 E.01285
G3 X196.918 Y140.499 I-.307 J14.82 E3.56805
G3 X199.483 Y140.187 I3.088 J14.668 E.10287
G1 X199.934 Y140.182 E.01795
M204 T500
G1 X199.522 Y139.734 F7200
;TYPE:Outer wall
G1 F1800
G1 X200.305 Y139.73 E.03114
G3 X214.617 Y150.571 I-.327 J15.299 E.76289
G3 X185.383 Y159.429 I-14.619 J4.422 E1.90725
G3 X199.467 Y139.737 I14.63 J-4.418 E1.11101
G1 X199.482 Y139.736 E.0006
M204 T1000
M205 X7 Y7
G1 E-.9 F2400
G1 Z18.22 F7200
G1 X212.821 Y149.787 Z18.22
G1 Z17.82
G1 E.9 F2400
;TYPE:Sparse infill
G1 X205.538 Y142.504 E.40952
G2 X202.312 Y141.532 I-5.503 J12.428 E.1343
G1 X213.463 Y152.683 E.62703
G3 X213.661 Y155.135 I-16.715 J2.582 E.0979
G1 X199.863 Y141.338 E.77586
G2 X197.787 Y141.516 I.215 J14.673 E.08291
G1 X213.482 Y157.21 E.88252
G3 X213.054 Y159.037 I-11.843 J-1.812 E.07466
G1 X195.96 Y141.944 E.96118
G2 X194.33 Y142.567 I10.427 J29.729 E.06943
M73 P56 R50
G1 X212.433 Y160.67 E1.018
G3 X211.652 Y162.144 I-12.286 J-5.571 E.06634
G1 X192.859 Y143.351 E1.05676
G2 X191.529 Y144.275 I14.192 J21.835 E.06441
G1 X210.721 Y163.467 E1.07917
G3 X209.661 Y164.661 I-11.202 J-8.872 E.06353
G1 X190.339 Y145.339 E1.08651
G2 X189.279 Y146.533 I7.674 J7.876 E.06355
G1 X208.467 Y165.721 E1.07894
G3 X207.144 Y166.652 I-10.497 J-13.506 E.06435
G1 X188.353 Y147.861 E1.05666
G2 X187.567 Y149.33 I9.708 J6.139 E.06628
G1 X205.67 Y167.433 E1.018
G3 X204.035 Y168.052 I-6.424 J-14.492 E.06955
G1 X186.946 Y150.963 E.96095
G2 X186.518 Y152.79 I11.416 J3.638 E.07466
G1 X202.213 Y168.484 E.88252
G3 X200.139 Y168.664 I-2.146 J-12.674 E.08287
G1 X186.339 Y154.865 E.77596
G2 X186.537 Y157.317 I16.931 J-.132 E.0979
G1 X197.683 Y168.463 E.62676
G3 X194.462 Y167.496 I2.422 J-13.919 E.13404
G1 X187.179 Y160.213 E.40952
; stop printing object 圆柱体 id:2235774478336 copy 0
; printing object 圆柱体 id:2235774478336 copy 0
G1 E-.9
G1 Z18.22 F7200
G1 X155.411 Y140.983 Z18.22
G1 Z17.82
G1 E.9 F2400
M205 X3 Y3
;TYPE:Inner wall
G1 X155.978 Y141.009 E.02259
G3 X152.564 Y141.185 I-.989 J13.992 E3.36804
G3 X155.283 Y140.977 I2.561 J15.586 E.10857
G1 X155.371 Y140.981 E.00349
M205 X7 Y7
G1 X155.128 Y140.579 F7200
M205 X3 Y3
G1 F2400
G1 X155.29 Y140.579 E.00646
G3 X152.001 Y140.889 I-.3 J14.422 E3.47208
G3 X154.497 Y140.585 I3.005 J14.274 E.1001
G1 X155.088 Y140.58 E.0235
M205 X7 Y7
G1 X154.974 Y140.182 F7200
M205 X3 Y3
G1 F2400
G1 X155.297 Y140.18 E.01285
G3 X151.918 Y140.499 I-.307 J14.82 E3.56805
G3 X154.483 Y140.187 I3.088 J14.668 E.10287
G1 X154.934 Y140.182 E.01795
M204 T500
G1 X154.522 Y139.734 F7200
;TYPE:Outer wall
G1 F1800
G1 X155.305 Y139.73 E.03114
G3 X169.617 Y150.571 I-.327 J15.299 E.76289
G3 X140.383 Y159.429 I-14.619 J4.422 E1.90725
G3 X154.467 Y139.737 I14.63 J-4.418 E1.11101
G1 X154.482 Y139.736 E.0006
M204 T1000
M205 X7 Y7
G1 E-.9 F2400
G1 Z18.22 F7200
G1 X167.821 Y149.787 Z18.22
G1 Z17.82
G1 E.9 F2400
;TYPE:Sparse infill
G1 X160.538 Y142.504 E.40952
G2 X157.312 Y141.532 I-5.503 J12.428 E.1343
G1 X168.463 Y152.683 E.62703
G3 X168.661 Y155.135 I-16.715 J2.582 E.0979
G1 X154.863 Y141.338 E.77586
G2 X152.787 Y141.516 I.215 J14.673 E.08291
G1 X168.482 Y157.21 E.88252
G3 X168.054 Y159.037 I-11.843 J-1.812 E.07466
G1 X150.96 Y141.944 E.96118
G2 X149.33 Y142.567 I10.427 J29.729 E.06943
G1 X167.433 Y160.67 E1.018
G3 X166.652 Y162.144 I-12.286 J-5.571 E.06634
G1 X147.859 Y143.351 E1.05676
G2 X146.529 Y144.275 I14.192 J21.835 E.06441
G1 X165.721 Y163.467 E1.07917
G3 X164.661 Y164.661 I-11.202 J-8.872 E.06353
G1 X145.339 Y145.339 E1.08651
G2 X144.279 Y146.533 I7.674 J7.876 E.06355
M73 P56 R49
G1 X163.467 Y165.721 E1.07894
G3 X162.144 Y166.652 I-10.497 J-13.506 E.06435
G1 X143.353 Y147.861 E1.05666
G2 X142.567 Y149.33 I9.708 J6.139 E.06628
G1 X160.67 Y167.433 E1.018
G3 X159.035 Y168.052 I-6.424 J-14.492 E.06955
G1 X141.946 Y150.963 E.96095
G2 X141.518 Y152.79 I11.416 J3.638 E.07466
G1 X157.213 Y168.484 E.88252
G3 X155.139 Y168.664 I-2.146 J-12.674 E.08287
G1 X141.339 Y154.865 E.77596
G2 X141.537 Y157.317 I16.931 J-.132 E.0979
G1 X152.683 Y168.463 E.62676
G3 X149.462 Y167.496 I2.422 J-13.919 E.13404
G1 X142.179 Y160.213 E.40952
; stop printing object 圆柱体 id:2235774478336 copy 0
;LAYER_CHANGE
;Z:18.06
;HEIGHT:0.24
;BEFORE_LAYER_CHANGE
;18.06
G92 E0

;AFTER_LAYER_CHANGE
;18.06
;_SET_FAN_SPEED_CHANGING_LAYER
; printing object 圆柱体 id:2235774478336 copy 0
G1 E-.9 F2400
G1 Z18.46 F7200
G1 X200.407 Y140.982 Z18.46
G1 Z18.06
G1 E.9 F2400
M205 X3 Y3
;TYPE:Inner wall
G1 X200.978 Y141.009 E.02275
G3 X197.564 Y141.185 I-.989 J13.992 E3.36804
G3 X200.287 Y140.977 I2.56 J15.581 E.10873
G1 X200.367 Y140.981 E.00317
M205 X7 Y7
G1 X200.124 Y140.58 F7200
M205 X3 Y3
G1 F2400
G1 X200.294 Y140.579 E.00678
G3 X197.001 Y140.889 I-.304 J14.422 E3.47205
G3 X199.497 Y140.585 I3.005 J14.275 E.1001
G1 X200.084 Y140.58 E.02335
M205 X7 Y7
G1 X199.97 Y140.182 F7200
M205 X3 Y3
G1 F2400
G1 X200.301 Y140.18 E.01316
G3 X196.918 Y140.499 I-.311 J14.82 E3.56802
G3 X199.483 Y140.187 I3.089 J14.669 E.10287
G1 X199.93 Y140.182 E.0178
M204 T500
G1 X199.518 Y139.734 F7200
;TYPE:Outer wall
G1 F1800
G1 X200.309 Y139.73 E.03145
G3 X214.593 Y159.506 I-.323 J15.28 E1.12315
G3 X199.467 Y139.737 I-14.593 J-4.506 E2.65863
G1 X199.478 Y139.736 E.00045
M204 T1000
M205 X7 Y7
G1 E-.9 F2400
G1 Z18.46 F7200
G1 X212.821 Y149.787 Z18.46
G1 Z18.06
G1 E.9 F2400
;TYPE:Sparse infill
G1 X205.538 Y142.504 E.40952
G2 X202.317 Y141.537 I-5.417 J12.197 E.13408
G1 X213.463 Y152.683 E.62676
G3 X213.661 Y155.135 I-16.715 J2.582 E.0979
G1 X199.863 Y141.338 E.77586
G2 X197.787 Y141.516 I.214 J14.663 E.08292
G1 X213.482 Y157.21 E.88252
G3 X213.054 Y159.037 I-11.843 J-1.812 E.07466
G1 X195.96 Y141.944 E.96118
G2 X194.33 Y142.567 I10.428 J29.731 E.06943
G1 X212.435 Y160.672 E1.0181
G3 X211.65 Y162.142 I-12.283 J-5.611 E.06629
G1 X192.861 Y143.353 E1.05657
G2 X191.533 Y144.279 I5.563 J9.384 E.06443
G1 X210.721 Y163.467 E1.07894
G3 X209.661 Y164.661 I-11.202 J-8.872 E.06353
G1 X190.339 Y145.339 E1.08651
G2 X189.279 Y146.533 I7.674 J7.876 E.06355
G1 X208.467 Y165.721 E1.07894
G3 X207.144 Y166.652 I-10.496 J-13.505 E.06435
G1 X188.353 Y147.861 E1.05666
G2 X187.567 Y149.33 I9.708 J6.139 E.06628
G1 X205.67 Y167.433 E1.018
G3 X204.035 Y168.052 I-6.423 J-14.491 E.06955
G1 X186.944 Y150.961 E.96111
G2 X186.518 Y152.79 I21.429 J5.946 E.07469
G1 X202.213 Y168.484 E.88252
G3 X200.139 Y168.664 I-2.146 J-12.675 E.08287
G1 X186.333 Y154.859 E.7763
G2 X186.534 Y157.314 I13.214 J.155 E.09808
G1 X197.683 Y168.463 E.62694
G3 X194.462 Y167.496 I2.422 J-13.919 E.13404
G1 X187.179 Y160.213 E.40952
; stop printing object 圆柱体 id:2235774478336 copy 0
; printing object 圆柱体 id:2235774478336 copy 0
G1 E-.9
G1 Z18.46 F7200
G1 X155.407 Y140.982 Z18.46
G1 Z18.06
G1 E.9 F2400
M205 X3 Y3
;TYPE:Inner wall
G1 X155.978 Y141.009 E.02275
G3 X152.564 Y141.185 I-.989 J13.992 E3.36804
G3 X155.287 Y140.977 I2.56 J15.581 E.10873
G1 X155.367 Y140.981 E.00317
M205 X7 Y7
G1 X155.124 Y140.58 F7200
M205 X3 Y3
G1 F2400
G1 X155.294 Y140.579 E.00678
G3 X152.001 Y140.889 I-.304 J14.422 E3.47205
G3 X154.497 Y140.585 I3.005 J14.275 E.1001
G1 X155.084 Y140.58 E.02335
M205 X7 Y7
G1 X154.97 Y140.182 F7200
M205 X3 Y3
G1 F2400
G1 X155.301 Y140.18 E.01316
G3 X151.918 Y140.499 I-.311 J14.82 E3.56802
G3 X154.483 Y140.187 I3.089 J14.669 E.10287
G1 X154.93 Y140.182 E.0178
M204 T500
G1 X154.518 Y139.734 F7200
;TYPE:Outer wall
G1 F1800
G1 X155.309 Y139.73 E.03145
G3 X169.593 Y159.506 I-.323 J15.28 E1.12315
G3 X154.467 Y139.737 I-14.593 J-4.506 E2.65863
M73 P57 R49
G1 X154.478 Y139.736 E.00045
M204 T1000
M205 X7 Y7
G1 E-.9 F2400
G1 Z18.46 F7200
G1 X167.821 Y149.787 Z18.46
G1 Z18.06
G1 E.9 F2400
;TYPE:Sparse infill
G1 X160.538 Y142.504 E.40952
G2 X157.317 Y141.537 I-5.417 J12.197 E.13408
G1 X168.463 Y152.683 E.62676
G3 X168.661 Y155.135 I-16.715 J2.582 E.0979
G1 X154.863 Y141.338 E.77586
G2 X152.787 Y141.516 I.214 J14.663 E.08292
G1 X168.482 Y157.21 E.88252
G3 X168.054 Y159.037 I-11.843 J-1.812 E.07466
G1 X150.96 Y141.944 E.96118
G2 X149.33 Y142.567 I10.428 J29.731 E.06943
G1 X167.435 Y160.672 E1.0181
G3 X166.65 Y162.142 I-12.283 J-5.611 E.06629
G1 X147.861 Y143.353 E1.05657
G2 X146.533 Y144.279 I5.563 J9.384 E.06443
G1 X165.721 Y163.467 E1.07894
G3 X164.661 Y164.661 I-11.202 J-8.872 E.06353
G1 X145.339 Y145.339 E1.08651
G2 X144.279 Y146.533 I7.674 J7.876 E.06355
G1 X163.467 Y165.721 E1.07894
G3 X162.144 Y166.652 I-10.496 J-13.505 E.06435
G1 X143.353 Y147.861 E1.05666
G2 X142.567 Y149.33 I9.708 J6.139 E.06628
G1 X160.67 Y167.433 E1.018
G3 X159.035 Y168.052 I-6.423 J-14.491 E.06955
G1 X141.944 Y150.961 E.96111
G2 X141.518 Y152.79 I21.429 J5.946 E.07469
G1 X157.213 Y168.484 E.88252
G3 X155.139 Y168.664 I-2.146 J-12.675 E.08287
G1 X141.333 Y154.859 E.7763
G2 X141.534 Y157.314 I13.214 J.155 E.09808
G1 X152.683 Y168.463 E.62694
G3 X149.462 Y167.496 I2.422 J-13.919 E.13404
G1 X142.179 Y160.213 E.40952
; stop printing object 圆柱体 id:2235774478336 copy 0
;LAYER_CHANGE
;Z:18.3
;HEIGHT:0.24
;BEFORE_LAYER_CHANGE
;18.3
G92 E0

;AFTER_LAYER_CHANGE
;18.3
;_SET_FAN_SPEED_CHANGING_LAYER
; printing object 圆柱体 id:2235774478336 copy 0
G1 E-.9 F2400
G1 Z18.7 F7200
G1 X200.402 Y140.982 Z18.7
G1 Z18.3
G1 E.9 F2400
M205 X3 Y3
;TYPE:Inner wall
G1 X200.978 Y141.009 E.02293
G3 X197.564 Y141.185 I-.989 J13.992 E3.36804
G3 X200.292 Y140.977 I2.56 J15.577 E.1089
G1 X200.362 Y140.98 E.00282
M205 X7 Y7
G1 X200.119 Y140.58 F7200
M205 X3 Y3
G1 F2400
G1 X200.299 Y140.579 E.00713
G3 X197.001 Y140.889 I-.308 J14.422 E3.47178
M73 P57 R48
G3 X199.497 Y140.585 I3.006 J14.276 E.1001
G1 X200.079 Y140.58 E.02316
M205 X7 Y7
G1 X199.966 Y140.182 F7200
M205 X3 Y3
G1 F2400
G1 X200.305 Y140.18 E.01349
G3 X196.918 Y140.499 I-.315 J14.82 E3.56774
G3 X199.483 Y140.187 I3.089 J14.67 E.10287
G1 X199.926 Y140.182 E.01763
M204 T500
G1 X199.514 Y139.734 F7200
;TYPE:Outer wall
G1 F1800
G1 X200.313 Y139.731 E.03178
G3 X196.824 Y140.059 I-.323 J15.27 E3.67611
G3 X199.467 Y139.737 I3.182 J15.115 E.10599
G1 X199.474 Y139.736 E.00029
M204 T1000
M205 X7 Y7
G1 E-.9 F2400
G1 Z18.7 F7200
G1 X212.835 Y149.801 Z18.7
G1 Z18.3
G1 E.9 F2400
;TYPE:Sparse infill
G1 X205.538 Y142.504 E.41033
G2 X202.317 Y141.537 I-5.417 J12.197 E.13408
G1 X213.47 Y152.691 E.62718
G3 X213.661 Y155.135 I-14.242 J2.338 E.09761
G1 X199.863 Y141.338 E.77585
G2 X197.787 Y141.516 I.213 J14.652 E.08292
G1 X213.482 Y157.21 E.88252
G3 X213.052 Y159.035 I-13.932 J-2.313 E.0746
G1 X195.96 Y141.944 E.96111
G2 X194.33 Y142.567 I10.428 J29.729 E.06943
G1 X212.432 Y160.669 E1.01795
G3 X211.65 Y162.142 I-11.216 J-5.01 E.06634
G1 X192.861 Y143.353 E1.05657
G2 X191.533 Y144.279 I5.563 J9.384 E.06443
G1 X210.721 Y163.467 E1.07894
G3 X209.661 Y164.661 I-11.201 J-8.871 E.06353
G1 X190.339 Y145.339 E1.08651
G2 X189.279 Y146.533 I7.674 J7.876 E.06355
G1 X208.467 Y165.721 E1.07894
G3 X207.144 Y166.652 I-10.497 J-13.506 E.06435
G1 X188.353 Y147.861 E1.05666
G2 X187.567 Y149.33 I9.708 J6.139 E.06628
G1 X205.67 Y167.433 E1.018
G3 X204.035 Y168.052 I-6.424 J-14.493 E.06955
G1 X186.946 Y150.963 E.96095
G2 X186.518 Y152.79 I11.415 J3.638 E.07466
G1 X202.213 Y168.484 E.88252
G3 X200.139 Y168.664 I-2.146 J-12.675 E.08287
G1 X186.333 Y154.859 E.7763
G2 X186.534 Y157.314 I13.206 J.156 E.09809
G1 X197.683 Y168.463 E.62693
G3 X194.462 Y167.496 I2.149 J-13.008 E.13409
G1 X187.179 Y160.213 E.40952
; stop printing object 圆柱体 id:2235774478336 copy 0
; printing object 圆柱体 id:2235774478336 copy 0
G1 E-.9
G1 Z18.7 F7200
G1 X155.402 Y140.982 Z18.7
G1 Z18.3
G1 E.9 F2400
M205 X3 Y3
;TYPE:Inner wall
G1 X155.978 Y141.009 E.02293
G3 X152.564 Y141.185 I-.989 J13.992 E3.36804
G3 X155.292 Y140.977 I2.56 J15.577 E.1089
G1 X155.362 Y140.98 E.00282
M205 X7 Y7
G1 X155.119 Y140.58 F7200
M205 X3 Y3
G1 F2400
G1 X155.299 Y140.579 E.00713
G3 X152.001 Y140.889 I-.308 J14.422 E3.47178
G3 X154.497 Y140.585 I3.006 J14.276 E.1001
G1 X155.079 Y140.58 E.02316
M205 X7 Y7
G1 X154.966 Y140.182 F7200
M205 X3 Y3
G1 F2400
G1 X155.305 Y140.18 E.01349
G3 X151.918 Y140.499 I-.315 J14.82 E3.56774
G3 X154.483 Y140.187 I3.089 J14.67 E.10287
G1 X154.926 Y140.182 E.01763
M204 T500
G1 X154.514 Y139.734 F7200
;TYPE:Outer wall
G1 F1800
G1 X155.313 Y139.731 E.03178
G3 X151.824 Y140.059 I-.323 J15.27 E3.67611
G3 X154.467 Y139.737 I3.182 J15.115 E.10599
G1 X154.474 Y139.736 E.00029
M204 T1000
M205 X7 Y7
G1 E-.9 F2400
G1 Z18.7 F7200
G1 X167.835 Y149.801 Z18.7
G1 Z18.3
G1 E.9 F2400
;TYPE:Sparse infill
G1 X160.538 Y142.504 E.41033
G2 X157.317 Y141.537 I-5.417 J12.197 E.13408
G1 X168.47 Y152.691 E.62718
G3 X168.661 Y155.135 I-14.242 J2.338 E.09761
G1 X154.863 Y141.338 E.77585
G2 X152.787 Y141.516 I.213 J14.652 E.08292
G1 X168.482 Y157.21 E.88252
G3 X168.052 Y159.035 I-13.932 J-2.313 E.0746
G1 X150.96 Y141.944 E.96111
G2 X149.33 Y142.567 I10.428 J29.729 E.06943
G1 X167.432 Y160.669 E1.01795
G3 X166.65 Y162.142 I-11.216 J-5.01 E.06634
G1 X147.861 Y143.353 E1.05657
G2 X146.533 Y144.279 I5.563 J9.384 E.06443
G1 X165.721 Y163.467 E1.07894
G3 X164.661 Y164.661 I-11.201 J-8.871 E.06353
G1 X145.339 Y145.339 E1.08651
G2 X144.279 Y146.533 I7.674 J7.876 E.06355
G1 X163.467 Y165.721 E1.07894
G3 X162.144 Y166.652 I-10.497 J-13.506 E.06435
G1 X143.353 Y147.861 E1.05666
G2 X142.567 Y149.33 I9.708 J6.139 E.06628
G1 X160.67 Y167.433 E1.018
G3 X159.035 Y168.052 I-6.424 J-14.493 E.06955
G1 X141.946 Y150.963 E.96095
G2 X141.518 Y152.79 I11.415 J3.638 E.07466
G1 X157.213 Y168.484 E.88252
G3 X155.139 Y168.664 I-2.146 J-12.675 E.08287
G1 X141.333 Y154.859 E.7763
G2 X141.534 Y157.314 I13.206 J.156 E.09809
G1 X152.683 Y168.463 E.62693
G3 X149.462 Y167.496 I2.149 J-13.008 E.13409
G1 X142.179 Y160.213 E.40952
; stop printing object 圆柱体 id:2235774478336 copy 0
;LAYER_CHANGE
;Z:18.54
;HEIGHT:0.240002
;BEFORE_LAYER_CHANGE
;18.54
G92 E0

;AFTER_LAYER_CHANGE
;18.54
;_SET_FAN_SPEED_CHANGING_LAYER
; printing object 圆柱体 id:2235774478336 copy 0
G1 E-.9 F2400
G1 Z18.94 F7200
G1 X200.397 Y140.982 Z18.94
G1 Z18.54
G1 E.9 F2400
M205 X3 Y3
;TYPE:Inner wall
G1 X200.978 Y141.009 E.02313
G3 X197.564 Y141.185 I-.989 J13.992 E3.36805
G3 X200.296 Y140.977 I2.559 J15.573 E.10907
G1 X200.357 Y140.98 E.00245
M205 X7 Y7
G1 X200.114 Y140.58 F7200
M205 X3 Y3
G1 F2400
G1 X200.303 Y140.579 E.0075
G3 X197.495 Y140.793 I-.313 J14.422 E3.49174
G3 X199.497 Y140.59 I2.632 J16.017 E.08006
G1 X200.074 Y140.58 E.02296
M205 X7 Y7
G1 X199.961 Y140.182 F7200
M205 X3 Y3
G1 F2400
G1 X200.31 Y140.181 E.01384
G3 X196.918 Y140.499 I-.319 J14.82 E3.5675
M73 P58 R48
G3 X199.483 Y140.187 I3.089 J14.671 E.10287
G1 X199.921 Y140.182 E.01745
M204 T500
G1 X199.509 Y139.734 F7200
;TYPE:Outer wall
G1 F1800
G1 X200.317 Y139.731 E.03213
G3 X185.38 Y159.417 I-.318 J15.269 E2.67093
G3 X199.467 Y139.737 I14.62 J-4.416 E1.11086
G1 X199.47 Y139.736 E.0001
M204 T1000
M205 X7 Y7
G1 E-.9 F2400
G1 Z18.94 F7200
G1 X212.821 Y149.787 Z18.94
G1 Z18.54
G1 E.9 F2400
;TYPE:Sparse infill
G1 X205.538 Y142.504 E.40952
G2 X202.309 Y141.53 I-6.369 J15.269 E.13432
G1 X213.463 Y152.683 E.62718
G3 X213.661 Y155.135 I-16.715 J2.582 E.0979
G1 X199.863 Y141.338 E.77585
G2 X197.787 Y141.516 I.211 J14.641 E.08292
G1 X213.482 Y157.21 E.88252
G3 X213.054 Y159.037 I-11.843 J-1.812 E.07466
G1 X195.96 Y141.944 E.96118
G2 X194.33 Y142.567 I10.428 J29.729 E.06943
G1 X212.433 Y160.67 E1.018
G3 X211.652 Y162.144 I-12.287 J-5.571 E.06634
G1 X192.861 Y143.353 E1.05666
G2 X191.533 Y144.279 I5.563 J9.384 E.06443
M73 P58 R47
G1 X210.721 Y163.467 E1.07894
G3 X209.661 Y164.661 I-11.202 J-8.872 E.06353
G1 X190.339 Y145.339 E1.08651
G2 X189.279 Y146.533 I7.674 J7.876 E.06355
G1 X208.467 Y165.721 E1.07894
G3 X207.139 Y166.647 I-6.891 J-8.458 E.06443
G1 X188.353 Y147.861 E1.05639
G2 X187.566 Y149.329 I11.197 J6.941 E.06626
G1 X205.672 Y167.435 E1.01812
G3 X204.035 Y168.052 I-6.826 J-15.615 E.06959
G1 X186.946 Y150.963 E.96095
G2 X186.517 Y152.788 I12.741 J3.959 E.07461
G1 X202.213 Y168.484 E.88259
G3 X200.139 Y168.664 I-2.146 J-12.675 E.08287
G1 X186.333 Y154.859 E.7763
G2 X186.534 Y157.314 I13.198 J.156 E.09809
G1 X197.683 Y168.463 E.62693
G3 X194.462 Y167.496 I2.422 J-13.919 E.13404
G1 X187.179 Y160.213 E.40952
; stop printing object 圆柱体 id:2235774478336 copy 0
; printing object 圆柱体 id:2235774478336 copy 0
G1 E-.9
G1 Z18.94 F7200
G1 X155.397 Y140.982 Z18.94
G1 Z18.54
G1 E.9 F2400
M205 X3 Y3
;TYPE:Inner wall
G1 X155.978 Y141.009 E.02313
G3 X152.564 Y141.185 I-.989 J13.992 E3.36805
G3 X155.296 Y140.977 I2.559 J15.573 E.10907
G1 X155.357 Y140.98 E.00245
M205 X7 Y7
G1 X155.114 Y140.58 F7200
M205 X3 Y3
G1 F2400
G1 X155.303 Y140.579 E.0075
G3 X152.495 Y140.793 I-.313 J14.422 E3.49174
G3 X154.497 Y140.59 I2.632 J16.017 E.08006
G1 X155.074 Y140.58 E.02296
M205 X7 Y7
G1 X154.961 Y140.182 F7200
M205 X3 Y3
G1 F2400
G1 X155.31 Y140.181 E.01384
G3 X151.918 Y140.499 I-.319 J14.82 E3.5675
G3 X154.483 Y140.187 I3.089 J14.671 E.10287
G1 X154.921 Y140.182 E.01745
M204 T500
G1 X154.509 Y139.734 F7200
;TYPE:Outer wall
G1 F1800
G1 X155.317 Y139.731 E.03213
G3 X140.38 Y159.417 I-.318 J15.269 E2.67093
G3 X154.467 Y139.737 I14.62 J-4.416 E1.11086
G1 X154.47 Y139.736 E.0001
M204 T1000
M205 X7 Y7
G1 E-.9 F2400
G1 Z18.94 F7200
G1 X167.821 Y149.787 Z18.94
G1 Z18.54
G1 E.9 F2400
;TYPE:Sparse infill
G1 X160.538 Y142.504 E.40952
G2 X157.309 Y141.53 I-6.369 J15.269 E.13432
G1 X168.463 Y152.683 E.62718
G3 X168.661 Y155.135 I-16.715 J2.582 E.0979
G1 X154.863 Y141.338 E.77585
G2 X152.787 Y141.516 I.211 J14.641 E.08292
G1 X168.482 Y157.21 E.88252
G3 X168.054 Y159.037 I-11.843 J-1.812 E.07466
G1 X150.96 Y141.944 E.96118
G2 X149.33 Y142.567 I10.428 J29.729 E.06943
G1 X167.433 Y160.67 E1.018
G3 X166.652 Y162.144 I-12.287 J-5.571 E.06634
G1 X147.861 Y143.353 E1.05666
G2 X146.533 Y144.279 I5.563 J9.384 E.06443
G1 X165.721 Y163.467 E1.07894
G3 X164.661 Y164.661 I-11.202 J-8.872 E.06353
G1 X145.339 Y145.339 E1.08651
G2 X144.279 Y146.533 I7.674 J7.876 E.06355
G1 X163.467 Y165.721 E1.07894
G3 X162.139 Y166.647 I-6.891 J-8.458 E.06443
G1 X143.353 Y147.861 E1.05639
G2 X142.566 Y149.329 I11.197 J6.941 E.06626
G1 X160.672 Y167.435 E1.01812
G3 X159.035 Y168.052 I-6.826 J-15.615 E.06959
G1 X141.946 Y150.963 E.96095
G2 X141.517 Y152.788 I12.741 J3.959 E.07461
G1 X157.213 Y168.484 E.88259
G3 X155.139 Y168.664 I-2.146 J-12.675 E.08287
G1 X141.333 Y154.859 E.7763
G2 X141.534 Y157.314 I13.198 J.156 E.09809
G1 X152.683 Y168.463 E.62693
G3 X149.462 Y167.496 I2.422 J-13.919 E.13404
G1 X142.179 Y160.213 E.40952
; stop printing object 圆柱体 id:2235774478336 copy 0
;LAYER_CHANGE
;Z:18.78
;HEIGHT:0.24
;BEFORE_LAYER_CHANGE
;18.78
G92 E0

;AFTER_LAYER_CHANGE
;18.78
;_SET_FAN_SPEED_CHANGING_LAYER
; printing object 圆柱体 id:2235774478336 copy 0
G1 E-.9 F2400
G1 Z19.18 F7200
G1 X200.392 Y140.981 Z19.18
G1 Z18.78
G1 E.9 F2400
M205 X3 Y3
;TYPE:Inner wall
G1 X200.978 Y141.009 E.02332
G3 X197.564 Y141.185 I-.989 J13.992 E3.36805
G3 X200.3 Y140.977 I2.559 J15.569 E.10923
G1 X200.352 Y140.98 E.00209
M205 X7 Y7
G1 X200.109 Y140.58 F7200
M205 X3 Y3
G1 F2400
G1 X200.307 Y140.579 E.00788
G3 X197.495 Y140.793 I-.318 J14.422 E3.49158
G3 X199.497 Y140.59 I2.632 J16.013 E.08006
G1 X200.069 Y140.581 E.02274
M205 X7 Y7
G1 X199.956 Y140.182 F7200
M205 X3 Y3
G1 F2400
G1 X200.314 Y140.181 E.01421
G3 X196.918 Y140.499 I-.323 J14.82 E3.56752
G3 X199.483 Y140.187 I3.089 J14.672 E.10287
G1 X199.916 Y140.182 E.01724
M204 T500
G1 X199.504 Y139.734 F7200
;TYPE:Outer wall
G1 F1800
G1 X200.322 Y139.731 E.0325
G3 X204.413 Y169.621 I-.321 J15.269 E1.71708
G3 X199.465 Y139.737 I-4.412 J-14.621 E2.0645
M204 T1000
M205 X7 Y7
G1 E-.9 F2400
G1 Z19.18 F7200
G1 X212.821 Y149.787 Z19.18
G1 Z18.78
G1 E.9 F2400
;TYPE:Sparse infill
G1 X205.538 Y142.504 E.40952
G2 X202.312 Y141.532 I-5.51 J12.448 E.13432
G1 X213.466 Y152.686 E.62722
G3 X213.661 Y155.135 I-12.375 J2.217 E.09785
G1 X199.863 Y141.338 E.77585
G2 X197.787 Y141.516 I.21 J14.631 E.08292
G1 X213.482 Y157.21 E.88252
G3 X213.052 Y159.035 I-13.932 J-2.313 E.0746
G1 X195.96 Y141.944 E.96111
G2 X194.33 Y142.567 I10.428 J29.73 E.06943
G1 X212.435 Y160.672 E1.0181
G3 X211.65 Y162.142 I-12.283 J-5.611 E.06629
G1 X192.861 Y143.353 E1.05657
G2 X191.533 Y144.279 I5.563 J9.384 E.06443
G1 X210.721 Y163.467 E1.07894
G3 X209.661 Y164.661 I-11.202 J-8.872 E.06353
G1 X190.339 Y145.339 E1.08651
G2 X189.279 Y146.533 I7.674 J7.876 E.06355
G1 X208.467 Y165.721 E1.07894
G3 X207.144 Y166.652 I-10.497 J-13.506 E.06435
G1 X188.353 Y147.861 E1.05666
G2 X187.567 Y149.33 I9.708 J6.139 E.06628
G1 X205.67 Y167.433 E1.018
G3 X204.035 Y168.052 I-6.424 J-14.493 E.06955
G1 X186.946 Y150.963 E.96095
G2 X186.518 Y152.79 I11.415 J3.638 E.07466
G1 X202.213 Y168.484 E.88252
G3 X200.139 Y168.664 I-2.146 J-12.674 E.08287
G1 X186.339 Y154.865 E.77596
G2 X186.537 Y157.317 I16.913 J-.13 E.0979
G1 X197.683 Y168.463 E.62676
G3 X194.462 Y167.496 I2.422 J-13.919 E.13404
G1 X187.179 Y160.213 E.40952
; stop printing object 圆柱体 id:2235774478336 copy 0
; printing object 圆柱体 id:2235774478336 copy 0
G1 E-.9
G1 Z19.18 F7200
G1 X155.392 Y140.981 Z19.18
G1 Z18.78
G1 E.9 F2400
M205 X3 Y3
;TYPE:Inner wall
G1 X155.978 Y141.009 E.02332
G3 X152.564 Y141.185 I-.989 J13.992 E3.36805
M73 P59 R47
G3 X155.3 Y140.977 I2.559 J15.569 E.10923
G1 X155.352 Y140.98 E.00209
M205 X7 Y7
G1 X155.109 Y140.58 F7200
M205 X3 Y3
G1 F2400
G1 X155.307 Y140.579 E.00788
G3 X152.495 Y140.793 I-.318 J14.422 E3.49158
M73 P59 R46
G3 X154.497 Y140.59 I2.632 J16.013 E.08006
G1 X155.069 Y140.581 E.02274
M205 X7 Y7
G1 X154.956 Y140.182 F7200
M205 X3 Y3
G1 F2400
G1 X155.314 Y140.181 E.01421
G3 X151.918 Y140.499 I-.323 J14.82 E3.56752
G3 X154.483 Y140.187 I3.089 J14.672 E.10287
G1 X154.916 Y140.182 E.01724
M204 T500
G1 X154.504 Y139.734 F7200
;TYPE:Outer wall
G1 F1800
G1 X155.322 Y139.731 E.0325
G3 X159.413 Y169.621 I-.321 J15.269 E1.71708
G3 X154.465 Y139.737 I-4.412 J-14.621 E2.0645
M204 T1000
M205 X7 Y7
G1 E-.9 F2400
G1 Z19.18 F7200
G1 X167.821 Y149.787 Z19.18
G1 Z18.78
G1 E.9 F2400
;TYPE:Sparse infill
G1 X160.538 Y142.504 E.40952
G2 X157.312 Y141.532 I-5.51 J12.448 E.13432
G1 X168.466 Y152.686 E.62722
G3 X168.661 Y155.135 I-12.375 J2.217 E.09785
G1 X154.863 Y141.338 E.77585
G2 X152.787 Y141.516 I.21 J14.631 E.08292
G1 X168.482 Y157.21 E.88252
G3 X168.052 Y159.035 I-13.932 J-2.313 E.0746
G1 X150.96 Y141.944 E.96111
G2 X149.33 Y142.567 I10.428 J29.73 E.06943
G1 X167.435 Y160.672 E1.0181
G3 X166.65 Y162.142 I-12.283 J-5.611 E.06629
G1 X147.861 Y143.353 E1.05657
G2 X146.533 Y144.279 I5.563 J9.384 E.06443
G1 X165.721 Y163.467 E1.07894
G3 X164.661 Y164.661 I-11.202 J-8.872 E.06353
G1 X145.339 Y145.339 E1.08651
G2 X144.279 Y146.533 I7.674 J7.876 E.06355
G1 X163.467 Y165.721 E1.07894
G3 X162.144 Y166.652 I-10.497 J-13.506 E.06435
G1 X143.353 Y147.861 E1.05666
G2 X142.567 Y149.33 I9.708 J6.139 E.06628
G1 X160.67 Y167.433 E1.018
G3 X159.035 Y168.052 I-6.424 J-14.493 E.06955
G1 X141.946 Y150.963 E.96095
G2 X141.518 Y152.79 I11.415 J3.638 E.07466
G1 X157.213 Y168.484 E.88252
G3 X155.139 Y168.664 I-2.146 J-12.674 E.08287
G1 X141.339 Y154.865 E.77596
G2 X141.537 Y157.317 I16.913 J-.13 E.0979
G1 X152.683 Y168.463 E.62676
G3 X149.462 Y167.496 I2.422 J-13.919 E.13404
G1 X142.179 Y160.213 E.40952
; stop printing object 圆柱体 id:2235774478336 copy 0
;LAYER_CHANGE
;Z:19.02
;HEIGHT:0.24
;BEFORE_LAYER_CHANGE
;19.02
G92 E0

;AFTER_LAYER_CHANGE
;19.02
;_SET_FAN_SPEED_CHANGING_LAYER
; printing object 圆柱体 id:2235774478336 copy 0
G1 E-.9 F2400
G1 Z19.42 F7200
G1 X200.392 Y140.981 Z19.42
G1 Z19.02
G1 E.9 F2400
M205 X3 Y3
;TYPE:Inner wall
G1 X200.978 Y141.009 E.02333
G3 X197.564 Y141.185 I-.989 J13.992 E3.36805
G3 X200.304 Y140.978 I2.558 J15.566 E.1094
G1 X200.352 Y140.98 E.00192
M205 X7 Y7
G1 X200.103 Y140.58 F7200
M205 X3 Y3
G1 F2400
G1 X200.311 Y140.579 E.00828
G3 X197.495 Y140.793 I-.322 J14.422 E3.49141
G3 X199.497 Y140.59 I2.631 J16.009 E.08006
G1 X200.063 Y140.581 E.02252
M205 X7 Y7
G1 X199.951 Y140.182 F7200
M205 X3 Y3
G1 F2400
G1 X200.318 Y140.181 E.0146
G3 X196.918 Y140.499 I-.327 J14.82 E3.56722
G3 X199.483 Y140.187 I3.089 J14.673 E.10287
G1 X199.911 Y140.183 E.01703
M204 T500
G1 X199.499 Y139.734 F7200
;TYPE:Outer wall
G1 F1800
G1 X200.326 Y139.731 E.03288
G3 X185.412 Y150.478 I-.328 J15.266 E3.03049
G3 X199.459 Y139.738 I14.609 J4.551 E.74962
M204 T1000
M205 X7 Y7
G1 E-.9 F2400
G1 Z19.42 F7200
G1 X212.821 Y149.787 Z19.42
G1 Z19.02
G1 E.9 F2400
;TYPE:Sparse infill
G1 X205.538 Y142.504 E.40952
G2 X202.311 Y141.532 I-5.512 J12.454 E.13433
G1 X213.463 Y152.683 E.62706
G3 X213.661 Y155.135 I-16.715 J2.582 E.0979
G1 X199.863 Y141.338 E.77585
G2 X197.787 Y141.516 I.209 J14.621 E.08292
G1 X213.482 Y157.21 E.88252
G3 X213.054 Y159.037 I-11.843 J-1.812 E.07466
G1 X195.96 Y141.944 E.96118
G2 X194.33 Y142.567 I10.428 J29.73 E.06943
G1 X212.433 Y160.67 E1.018
G3 X211.652 Y162.144 I-12.286 J-5.571 E.06634
G1 X192.861 Y143.353 E1.05666
G2 X191.533 Y144.279 I5.563 J9.385 E.06443
G1 X210.721 Y163.467 E1.07894
G3 X209.661 Y164.661 I-11.202 J-8.872 E.06353
G1 X190.339 Y145.339 E1.08651
G2 X189.279 Y146.533 I7.674 J7.876 E.06355
G1 X208.467 Y165.721 E1.07894
G3 X207.139 Y166.647 I-6.891 J-8.458 E.06443
G1 X188.353 Y147.861 E1.05639
G2 X187.565 Y149.328 I13.689 J8.294 E.06622
G1 X205.672 Y167.435 E1.0182
G3 X204.037 Y168.054 I-11.48 J-27.876 E.06954
G1 X186.948 Y150.965 E.96095
G2 X186.518 Y152.79 I13.503 J4.138 E.0746
G1 X202.215 Y168.486 E.88267
G3 X200.135 Y168.661 I-2.792 J-20.849 E.08303
G1 X186.339 Y154.865 E.77577
G2 X186.537 Y157.317 I16.913 J-.13 E.0979
G1 X197.683 Y168.463 E.62676
G3 X194.463 Y167.497 I2.43 J-13.953 E.13398
G1 X187.179 Y160.213 E.40958
; stop printing object 圆柱体 id:2235774478336 copy 0
; printing object 圆柱体 id:2235774478336 copy 0
G1 E-.9
G1 Z19.42 F7200
G1 X155.392 Y140.981 Z19.42
G1 Z19.02
G1 E.9 F2400
M205 X3 Y3
;TYPE:Inner wall
G1 X155.978 Y141.009 E.02333
G3 X152.564 Y141.185 I-.989 J13.992 E3.36805
G3 X155.304 Y140.978 I2.558 J15.566 E.1094
G1 X155.352 Y140.98 E.00192
M205 X7 Y7
G1 X155.103 Y140.58 F7200
M205 X3 Y3
G1 F2400
G1 X155.311 Y140.579 E.00828
G3 X152.495 Y140.793 I-.322 J14.422 E3.49141
G3 X154.497 Y140.59 I2.631 J16.009 E.08006
G1 X155.063 Y140.581 E.02252
M205 X7 Y7
G1 X154.951 Y140.182 F7200
M205 X3 Y3
G1 F2400
G1 X155.318 Y140.181 E.0146
G3 X151.918 Y140.499 I-.327 J14.82 E3.56722
G3 X154.483 Y140.187 I3.089 J14.673 E.10287
G1 X154.911 Y140.183 E.01703
M204 T500
G1 X154.499 Y139.734 F7200
;TYPE:Outer wall
G1 F1800
G1 X155.326 Y139.731 E.03288
G3 X140.412 Y150.478 I-.328 J15.266 E3.03049
G3 X154.459 Y139.738 I14.609 J4.551 E.74962
M204 T1000
M205 X7 Y7
G1 E-.9 F2400
G1 Z19.42 F7200
G1 X167.821 Y149.787 Z19.42
G1 Z19.02
G1 E.9 F2400
;TYPE:Sparse infill
G1 X160.538 Y142.504 E.40952
G2 X157.311 Y141.532 I-5.512 J12.454 E.13433
G1 X168.463 Y152.683 E.62706
G3 X168.661 Y155.135 I-16.715 J2.582 E.0979
G1 X154.863 Y141.338 E.77585
G2 X152.787 Y141.516 I.209 J14.621 E.08292
G1 X168.482 Y157.21 E.88252
G3 X168.054 Y159.037 I-11.843 J-1.812 E.07466
G1 X150.96 Y141.944 E.96118
G2 X149.33 Y142.567 I10.428 J29.73 E.06943
M73 P59 R45
G1 X167.433 Y160.67 E1.018
G3 X166.652 Y162.144 I-12.286 J-5.571 E.06634
G1 X147.861 Y143.353 E1.05666
G2 X146.533 Y144.279 I5.563 J9.385 E.06443
G1 X165.721 Y163.467 E1.07894
G3 X164.661 Y164.661 I-11.202 J-8.872 E.06353
G1 X145.339 Y145.339 E1.08651
G2 X144.279 Y146.533 I7.674 J7.876 E.06355
G1 X163.467 Y165.721 E1.07894
G3 X162.139 Y166.647 I-6.891 J-8.458 E.06443
G1 X143.353 Y147.861 E1.05639
G2 X142.565 Y149.328 I13.689 J8.294 E.06622
G1 X160.672 Y167.435 E1.0182
G3 X159.037 Y168.054 I-11.48 J-27.876 E.06954
G1 X141.948 Y150.965 E.96095
G2 X141.518 Y152.79 I13.503 J4.138 E.0746
G1 X157.215 Y168.486 E.88267
G3 X155.135 Y168.661 I-2.792 J-20.849 E.08303
G1 X141.339 Y154.865 E.77577
G2 X141.537 Y157.317 I16.913 J-.13 E.0979
M73 P60 R45
G1 X152.683 Y168.463 E.62676
G3 X149.463 Y167.497 I2.43 J-13.953 E.13398
G1 X142.179 Y160.213 E.40958
; stop printing object 圆柱体 id:2235774478336 copy 0
;LAYER_CHANGE
;Z:19.26
;HEIGHT:0.24
;BEFORE_LAYER_CHANGE
;19.26
G92 E0

;AFTER_LAYER_CHANGE
;19.26
;_SET_FAN_SPEED_CHANGING_LAYER
; printing object 圆柱体 id:2235774478336 copy 0
G1 E-.9 F2400
G1 Z19.66 F7200
G1 X200.392 Y140.981 Z19.66
G1 Z19.26
G1 E.9 F2400
M205 X3 Y3
;TYPE:Inner wall
G1 X200.978 Y141.009 E.02334
G3 X197.564 Y141.185 I-.988 J13.992 E3.36805
G3 X200.308 Y140.978 I2.558 J15.562 E.10956
G1 X200.352 Y140.979 E.00174
M205 X7 Y7
G1 X200.097 Y140.58 F7200
M205 X3 Y3
G1 F2400
G1 X200.315 Y140.579 E.0087
G3 X197.495 Y140.793 I-.326 J14.422 E3.49125
G3 X199.497 Y140.59 I2.631 J16.006 E.08006
G1 X200.057 Y140.581 E.02226
M205 X7 Y7
G1 X199.945 Y140.182 F7200
M205 X3 Y3
G1 F2400
G1 X200.322 Y140.181 E.01499
G3 X197.426 Y140.4 I-.333 J14.82 E3.58777
G3 X199.483 Y140.192 I2.704 J16.45 E.08227
G1 X199.905 Y140.183 E.0168
M204 T500
G1 X199.493 Y139.734 F7200
;TYPE:Outer wall
G1 F1800
G1 X200.33 Y139.731 E.03327
G3 X214.624 Y150.595 I-.353 J15.299 E.76289
G3 X195.474 Y169.587 I-14.633 J4.395 E1.31387
G3 X199.454 Y139.737 I4.526 J-14.587 E1.70336
M204 T1000
M205 X7 Y7
G1 E-.9 F2400
G1 Z19.66 F7200
G1 X212.821 Y149.787 Z19.66
G1 Z19.26
G1 E.9 F2400
;TYPE:Sparse infill
G1 X205.538 Y142.504 E.40952
G2 X202.309 Y141.53 I-6.369 J15.269 E.13432
G1 X213.472 Y152.692 E.62769
G3 X213.661 Y155.135 I-18.476 J2.656 E.0975
G1 X199.863 Y141.338 E.77584
G2 X197.787 Y141.516 I.208 J14.611 E.08292
G1 X213.483 Y157.212 E.88258
G3 X213.054 Y159.037 I-13.075 J-2.111 E.07461
G1 X195.96 Y141.944 E.96118
G2 X194.33 Y142.567 I10.429 J29.733 E.06943
G1 X212.435 Y160.672 E1.0181
G3 X211.65 Y162.142 I-12.283 J-5.611 E.06629
G1 X192.861 Y143.353 E1.05657
G2 X191.533 Y144.279 I5.563 J9.385 E.06443
G1 X210.721 Y163.467 E1.07894
G3 X209.661 Y164.661 I-8.734 J-6.682 E.06355
G1 X190.339 Y145.339 E1.08651
G2 X189.279 Y146.533 I7.674 J7.876 E.06355
G1 X208.467 Y165.721 E1.07894
G3 X207.144 Y166.652 I-10.496 J-13.505 E.06435
G1 X188.348 Y147.856 E1.05692
G2 X187.565 Y149.328 I16.161 J9.542 E.06629
G1 X205.67 Y167.433 E1.0181
G3 X204.035 Y168.052 I-6.424 J-14.492 E.06955
G1 X186.946 Y150.963 E.96095
G2 X186.518 Y152.79 I11.415 J3.638 E.07466
G1 X202.213 Y168.484 E.88252
G3 X200.139 Y168.664 I-2.146 J-12.674 E.08287
G1 X186.333 Y154.859 E.7763
G2 X186.535 Y157.314 I13.175 J.157 E.0981
G1 X197.683 Y168.463 E.62691
G3 X194.462 Y167.496 I2.422 J-13.918 E.13404
G1 X187.179 Y160.213 E.40952
; stop printing object 圆柱体 id:2235774478336 copy 0
; printing object 圆柱体 id:2235774478336 copy 0
G1 E-.9
G1 Z19.66 F7200
G1 X155.392 Y140.981 Z19.66
G1 Z19.26
G1 E.9 F2400
M205 X3 Y3
;TYPE:Inner wall
G1 X155.978 Y141.009 E.02334
G3 X152.564 Y141.185 I-.988 J13.992 E3.36805
G3 X155.308 Y140.978 I2.558 J15.562 E.10956
G1 X155.352 Y140.979 E.00174
M205 X7 Y7
G1 X155.097 Y140.58 F7200
M205 X3 Y3
G1 F2400
G1 X155.315 Y140.579 E.0087
G3 X152.495 Y140.793 I-.326 J14.422 E3.49125
G3 X154.497 Y140.59 I2.631 J16.006 E.08006
G1 X155.057 Y140.581 E.02226
M205 X7 Y7
G1 X154.945 Y140.182 F7200
M205 X3 Y3
G1 F2400
G1 X155.322 Y140.181 E.01499
G3 X152.426 Y140.4 I-.333 J14.82 E3.58777
G3 X154.483 Y140.192 I2.704 J16.45 E.08227
G1 X154.905 Y140.183 E.0168
M204 T500
G1 X154.493 Y139.734 F7200
;TYPE:Outer wall
G1 F1800
G1 X155.33 Y139.731 E.03327
G3 X169.624 Y150.595 I-.353 J15.299 E.76289
G3 X150.474 Y169.587 I-14.633 J4.395 E1.31387
G3 X154.454 Y139.737 I4.526 J-14.587 E1.70336
M204 T1000
M205 X7 Y7
G1 E-.9 F2400
G1 Z19.66 F7200
G1 X167.821 Y149.787 Z19.66
G1 Z19.26
G1 E.9 F2400
;TYPE:Sparse infill
G1 X160.538 Y142.504 E.40952
G2 X157.309 Y141.53 I-6.369 J15.269 E.13432
G1 X168.472 Y152.692 E.62769
G3 X168.661 Y155.135 I-18.476 J2.656 E.0975
G1 X154.863 Y141.338 E.77584
G2 X152.787 Y141.516 I.208 J14.611 E.08292
G1 X168.483 Y157.212 E.88258
G3 X168.054 Y159.037 I-13.075 J-2.111 E.07461
G1 X150.96 Y141.944 E.96118
G2 X149.33 Y142.567 I10.429 J29.733 E.06943
G1 X167.435 Y160.672 E1.0181
G3 X166.65 Y162.142 I-12.283 J-5.611 E.06629
G1 X147.861 Y143.353 E1.05657
G2 X146.533 Y144.279 I5.563 J9.385 E.06443
G1 X165.721 Y163.467 E1.07894
G3 X164.661 Y164.661 I-8.734 J-6.682 E.06355
G1 X145.339 Y145.339 E1.08651
G2 X144.279 Y146.533 I7.674 J7.876 E.06355
G1 X163.467 Y165.721 E1.07894
G3 X162.144 Y166.652 I-10.496 J-13.505 E.06435
G1 X143.348 Y147.856 E1.05692
G2 X142.565 Y149.328 I16.161 J9.542 E.06629
G1 X160.67 Y167.433 E1.0181
G3 X159.035 Y168.052 I-6.424 J-14.492 E.06955
G1 X141.946 Y150.963 E.96095
G2 X141.518 Y152.79 I11.415 J3.638 E.07466
G1 X157.213 Y168.484 E.88252
G3 X155.139 Y168.664 I-2.146 J-12.674 E.08287
G1 X141.333 Y154.859 E.7763
G2 X141.535 Y157.314 I13.175 J.157 E.0981
G1 X152.683 Y168.463 E.62691
G3 X149.462 Y167.496 I2.422 J-13.918 E.13404
G1 X142.179 Y160.213 E.40952
; stop printing object 圆柱体 id:2235774478336 copy 0
;LAYER_CHANGE
;Z:19.5
;HEIGHT:0.24
;BEFORE_LAYER_CHANGE
;19.5
G92 E0

;AFTER_LAYER_CHANGE
;19.5
;_SET_FAN_SPEED_CHANGING_LAYER
; printing object 圆柱体 id:2235774478336 copy 0
G1 E-.9 F2400
G1 Z19.9 F7200
G1 X200.392 Y140.981 Z19.9
G1 Z19.5
G1 E.9 F2400
M205 X3 Y3
;TYPE:Inner wall
G1 X200.978 Y141.008 E.02336
G3 X196.911 Y141.319 I-.979 J13.988 E3.3405
M73 P60 R44
G3 X200.312 Y140.978 I3.183 J14.619 E.13623
G1 X200.352 Y140.979 E.00155
M205 X7 Y7
G1 X200.096 Y140.58 F7200
M205 X3 Y3
G1 F2400
G1 X200.319 Y140.579 E.00888
G3 X197.495 Y140.793 I-.33 J14.421 E3.49108
G3 X199.497 Y140.59 I2.63 J16.003 E.08006
G1 X200.056 Y140.581 E.02224
M205 X7 Y7
G1 X199.939 Y140.182 F7200
M205 X3 Y3
G1 F2400
G1 X200.326 Y140.181 E.01539
G3 X197.426 Y140.4 I-.337 J14.82 E3.58761
G3 X199.483 Y140.192 I2.703 J16.447 E.08227
G1 X199.899 Y140.183 E.01656
M204 T500
G1 X199.488 Y139.734 F7200
;TYPE:Outer wall
G1 F1800
G1 X200.334 Y139.731 E.03367
G3 X196.824 Y140.059 I-.344 J15.269 E3.67517
G3 X199.448 Y139.738 I3.183 J15.12 E.10523
M204 T1000
M205 X7 Y7
G1 E-.9 F2400
G1 Z19.9 F7200
G1 X212.821 Y149.787 Z19.9
G1 Z19.5
G1 E.9 F2400
;TYPE:Sparse infill
G1 X205.538 Y142.504 E.40952
G2 X202.309 Y141.53 I-6.369 J15.269 E.13432
G1 X213.463 Y152.683 E.62718
G3 X213.661 Y155.135 I-16.715 J2.582 E.0979
G1 X199.863 Y141.338 E.77584
G2 X197.787 Y141.516 I.207 J14.601 E.08293
G1 X213.482 Y157.21 E.88252
G3 X213.054 Y159.037 I-11.844 J-1.812 E.07466
G1 X195.96 Y141.944 E.96118
G2 X194.33 Y142.567 I10.428 J29.73 E.06943
G1 X212.433 Y160.67 E1.018
G3 X211.652 Y162.144 I-12.287 J-5.571 E.06634
G1 X192.861 Y143.353 E1.05666
G2 X191.533 Y144.279 I5.563 J9.385 E.06443
G1 X210.722 Y163.468 E1.07903
G3 X209.661 Y164.661 I-10.114 J-7.93 E.06353
G1 X190.339 Y145.339 E1.08651
G2 X189.279 Y146.533 I7.674 J7.876 E.06355
M73 P61 R44
G1 X208.467 Y165.721 E1.07894
G3 X207.139 Y166.647 I-6.891 J-8.458 E.06443
G1 X188.353 Y147.861 E1.05639
G2 X187.567 Y149.33 I9.708 J6.139 E.06628
G1 X205.672 Y167.435 E1.0181
G3 X204.037 Y168.054 I-11.483 J-27.882 E.06954
G1 X186.946 Y150.963 E.96102
G2 X186.518 Y152.79 I11.415 J3.638 E.07466
G1 X202.215 Y168.486 E.88267
G3 X200.135 Y168.661 I-2.792 J-20.848 E.08303
G1 X186.333 Y154.859 E.7761
G2 X186.535 Y157.314 I13.167 J.157 E.0981
G1 X197.683 Y168.463 E.62691
G3 X194.462 Y167.496 I2.422 J-13.919 E.13404
G1 X187.179 Y160.213 E.40952
; stop printing object 圆柱体 id:2235774478336 copy 0
; printing object 圆柱体 id:2235774478336 copy 0
G1 E-.9
G1 Z19.9 F7200
G1 X155.392 Y140.981 Z19.9
G1 Z19.5
G1 E.9 F2400
M205 X3 Y3
;TYPE:Inner wall
G1 X155.978 Y141.008 E.02336
G3 X151.911 Y141.319 I-.979 J13.988 E3.3405
G3 X155.312 Y140.978 I3.183 J14.619 E.13623
G1 X155.352 Y140.979 E.00155
M205 X7 Y7
G1 X155.096 Y140.58 F7200
M205 X3 Y3
G1 F2400
G1 X155.319 Y140.579 E.00888
G3 X152.495 Y140.793 I-.33 J14.421 E3.49108
G3 X154.497 Y140.59 I2.63 J16.003 E.08006
G1 X155.056 Y140.581 E.02224
M205 X7 Y7
G1 X154.939 Y140.182 F7200
M205 X3 Y3
G1 F2400
G1 X155.326 Y140.181 E.01539
G3 X152.426 Y140.4 I-.337 J14.82 E3.58761
G3 X154.483 Y140.192 I2.703 J16.447 E.08227
G1 X154.899 Y140.183 E.01656
M204 T500
G1 X154.488 Y139.734 F7200
;TYPE:Outer wall
G1 F1800
G1 X155.334 Y139.731 E.03367
G3 X151.824 Y140.059 I-.344 J15.269 E3.67517
G3 X154.448 Y139.738 I3.183 J15.12 E.10523
M204 T1000
M205 X7 Y7
G1 E-.9 F2400
G1 Z19.9 F7200
G1 X167.821 Y149.787 Z19.9
G1 Z19.5
G1 E.9 F2400
;TYPE:Sparse infill
G1 X160.538 Y142.504 E.40952
G2 X157.309 Y141.53 I-6.369 J15.269 E.13432
G1 X168.463 Y152.683 E.62718
G3 X168.661 Y155.135 I-16.715 J2.582 E.0979
G1 X154.863 Y141.338 E.77584
G2 X152.787 Y141.516 I.207 J14.601 E.08293
G1 X168.482 Y157.21 E.88252
G3 X168.054 Y159.037 I-11.844 J-1.812 E.07466
G1 X150.96 Y141.944 E.96118
G2 X149.33 Y142.567 I10.428 J29.73 E.06943
G1 X167.433 Y160.67 E1.018
G3 X166.652 Y162.144 I-12.287 J-5.571 E.06634
G1 X147.861 Y143.353 E1.05666
G2 X146.533 Y144.279 I5.563 J9.385 E.06443
G1 X165.722 Y163.468 E1.07903
G3 X164.661 Y164.661 I-10.114 J-7.93 E.06353
G1 X145.339 Y145.339 E1.08651
G2 X144.279 Y146.533 I7.674 J7.876 E.06355
G1 X163.467 Y165.721 E1.07894
G3 X162.139 Y166.647 I-6.891 J-8.458 E.06443
G1 X143.353 Y147.861 E1.05639
G2 X142.567 Y149.33 I9.708 J6.139 E.06628
G1 X160.672 Y167.435 E1.0181
G3 X159.037 Y168.054 I-11.483 J-27.882 E.06954
G1 X141.946 Y150.963 E.96102
G2 X141.518 Y152.79 I11.415 J3.638 E.07466
G1 X157.215 Y168.486 E.88267
G3 X155.135 Y168.661 I-2.792 J-20.848 E.08303
G1 X141.333 Y154.859 E.7761
G2 X141.535 Y157.314 I13.167 J.157 E.0981
G1 X152.683 Y168.463 E.62691
G3 X149.462 Y167.496 I2.422 J-13.919 E.13404
G1 X142.179 Y160.213 E.40952
; stop printing object 圆柱体 id:2235774478336 copy 0
;LAYER_CHANGE
;Z:19.74
;HEIGHT:0.24
;BEFORE_LAYER_CHANGE
;19.74
G92 E0

;AFTER_LAYER_CHANGE
;19.74
;_SET_FAN_SPEED_CHANGING_LAYER
; printing object 圆柱体 id:2235774478336 copy 0
G1 E-.9 F2400
G1 Z20.14 F7200
G1 X200.391 Y140.981 Z20.14
G1 Z19.74
G1 E.9 F2400
M205 X3 Y3
;TYPE:Inner wall
G1 X200.978 Y141.009 E.02336
G3 X197.564 Y141.185 I-.988 J13.992 E3.36813
G3 X200.317 Y140.978 I2.557 J15.556 E.1099
G1 X200.352 Y140.979 E.00139
M205 X7 Y7
G1 X200.096 Y140.58 F7200
M205 X3 Y3
G1 F2400
G1 X200.324 Y140.579 E.00905
G3 X197.495 Y140.793 I-.334 J14.422 E3.49099
G3 X199.497 Y140.59 I2.63 J16 E.08006
G1 X200.056 Y140.581 E.02224
M205 X7 Y7
G1 X199.933 Y140.182 F7200
M205 X3 Y3
G1 F2400
G1 X200.331 Y140.181 E.01582
G3 X197.426 Y140.4 I-.341 J14.82 E3.58744
G3 X199.483 Y140.192 I2.703 J16.443 E.08227
G1 X199.893 Y140.183 E.01629
M204 T500
G1 X199.482 Y139.734 F7200
;TYPE:Outer wall
G1 F1800
G1 X200.338 Y139.731 E.03407
G3 X185.416 Y150.466 I-.338 J15.269 E3.0313
G3 X199.442 Y139.739 I14.605 J4.563 E.74843
M204 T1000
M205 X7 Y7
G1 E-.9 F2400
G1 Z20.14 F7200
G1 X212.821 Y149.787 Z20.14
G1 Z19.74
G1 E.9 F2400
;TYPE:Sparse infill
G1 X205.538 Y142.504 E.40952
G2 X202.311 Y141.532 I-5.518 J12.47 E.13435
G1 X213.465 Y152.686 E.62722
G3 X213.661 Y155.135 I-12.347 J2.217 E.09786
M73 P61 R43
G1 X199.863 Y141.338 E.77584
G2 X197.787 Y141.516 I.205 J14.591 E.08293
G1 X213.482 Y157.21 E.88252
G3 X213.054 Y159.037 I-11.844 J-1.812 E.07466
G1 X195.96 Y141.944 E.96118
G2 X194.33 Y142.567 I10.426 J29.724 E.06943
G1 X212.435 Y160.672 E1.0181
G3 X211.652 Y162.144 I-16.946 J-8.071 E.06629
G1 X192.861 Y143.353 E1.05666
G2 X191.533 Y144.279 I5.563 J9.385 E.06443
G1 X210.721 Y163.467 E1.07894
G3 X209.661 Y164.661 I-8.734 J-6.682 E.06355
G1 X190.339 Y145.339 E1.08651
G2 X189.279 Y146.533 I7.674 J7.876 E.06355
G1 X208.467 Y165.721 E1.07894
G3 X207.144 Y166.652 I-10.496 J-13.504 E.06435
G1 X188.353 Y147.861 E1.05666
G2 X187.566 Y149.329 I11.036 J6.854 E.06626
G1 X205.672 Y167.435 E1.01812
G3 X204.037 Y168.054 I-11.483 J-27.882 E.06954
G1 X186.948 Y150.965 E.96095
G2 X186.518 Y152.79 I13.503 J4.138 E.0746
G1 X202.213 Y168.484 E.88251
G3 X200.139 Y168.664 I-2.542 J-17.207 E.08282
G1 X186.339 Y154.865 E.77596
G2 X186.537 Y157.317 I16.912 J-.13 E.0979
G1 X197.683 Y168.463 E.62676
G3 X194.462 Y167.496 I2.422 J-13.919 E.13404
G1 X187.179 Y160.213 E.40952
; stop printing object 圆柱体 id:2235774478336 copy 0
; printing object 圆柱体 id:2235774478336 copy 0
G1 E-.9
G1 Z20.14 F7200
G1 X155.391 Y140.981 Z20.14
G1 Z19.74
G1 E.9 F2400
M205 X3 Y3
;TYPE:Inner wall
G1 X155.978 Y141.009 E.02336
G3 X152.564 Y141.185 I-.988 J13.992 E3.36813
G3 X155.317 Y140.978 I2.557 J15.556 E.1099
G1 X155.352 Y140.979 E.00139
M205 X7 Y7
G1 X155.096 Y140.58 F7200
M205 X3 Y3
G1 F2400
G1 X155.324 Y140.579 E.00905
G3 X152.495 Y140.793 I-.334 J14.422 E3.49099
G3 X154.497 Y140.59 I2.63 J16 E.08006
G1 X155.056 Y140.581 E.02224
M205 X7 Y7
G1 X154.933 Y140.182 F7200
M205 X3 Y3
G1 F2400
G1 X155.331 Y140.181 E.01582
G3 X152.426 Y140.4 I-.341 J14.82 E3.58744
G3 X154.483 Y140.192 I2.703 J16.443 E.08227
G1 X154.893 Y140.183 E.01629
M204 T500
G1 X154.482 Y139.734 F7200
;TYPE:Outer wall
G1 F1800
G1 X155.338 Y139.731 E.03407
G3 X140.416 Y150.466 I-.338 J15.269 E3.0313
G3 X154.442 Y139.739 I14.605 J4.563 E.74843
M204 T1000
M205 X7 Y7
G1 E-.9 F2400
G1 Z20.14 F7200
G1 X167.821 Y149.787 Z20.14
G1 Z19.74
G1 E.9 F2400
;TYPE:Sparse infill
G1 X160.538 Y142.504 E.40952
G2 X157.311 Y141.532 I-5.518 J12.47 E.13435
G1 X168.465 Y152.686 E.62722
G3 X168.661 Y155.135 I-12.347 J2.217 E.09786
G1 X154.863 Y141.338 E.77584
G2 X152.787 Y141.516 I.205 J14.591 E.08293
G1 X168.482 Y157.21 E.88252
G3 X168.054 Y159.037 I-11.844 J-1.812 E.07466
M73 P62 R43
G1 X150.96 Y141.944 E.96118
G2 X149.33 Y142.567 I10.426 J29.724 E.06943
G1 X167.435 Y160.672 E1.0181
G3 X166.652 Y162.144 I-16.946 J-8.071 E.06629
G1 X147.861 Y143.353 E1.05666
G2 X146.533 Y144.279 I5.563 J9.385 E.06443
G1 X165.721 Y163.467 E1.07894
G3 X164.661 Y164.661 I-8.734 J-6.682 E.06355
G1 X145.339 Y145.339 E1.08651
G2 X144.279 Y146.533 I7.674 J7.876 E.06355
G1 X163.467 Y165.721 E1.07894
G3 X162.144 Y166.652 I-10.496 J-13.504 E.06435
G1 X143.353 Y147.861 E1.05666
G2 X142.566 Y149.329 I11.036 J6.854 E.06626
G1 X160.672 Y167.435 E1.01812
G3 X159.037 Y168.054 I-11.483 J-27.882 E.06954
G1 X141.948 Y150.965 E.96095
G2 X141.518 Y152.79 I13.503 J4.138 E.0746
G1 X157.213 Y168.484 E.88251
G3 X155.139 Y168.664 I-2.542 J-17.207 E.08282
G1 X141.339 Y154.865 E.77596
G2 X141.537 Y157.317 I16.912 J-.13 E.0979
G1 X152.683 Y168.463 E.62676
G3 X149.462 Y167.496 I2.422 J-13.919 E.13404
G1 X142.179 Y160.213 E.40952
; stop printing object 圆柱体 id:2235774478336 copy 0
;LAYER_CHANGE
;Z:19.98
;HEIGHT:0.24
;BEFORE_LAYER_CHANGE
;19.98
G92 E0

;AFTER_LAYER_CHANGE
;19.98
;_SET_FAN_SPEED_CHANGING_LAYER
; printing object 圆柱体 id:2235774478336 copy 0
G1 E-.9 F2400
G1 Z20.38 F7200
G1 X200.391 Y140.981 Z20.38
G1 Z19.98
G1 E.9 F2400
M205 X3 Y3
;TYPE:Inner wall
G1 X200.978 Y141.009 E.02337
G3 X197.564 Y141.185 I-.988 J13.992 E3.36806
G3 X200.321 Y140.978 I2.447 J14.087 E.11009
G1 X200.351 Y140.979 E.00121
M205 X7 Y7
G1 X200.096 Y140.58 F7200
M205 X3 Y3
G1 F2400
G1 X200.328 Y140.579 E.00923
G3 X197.495 Y140.793 I-.338 J14.421 E3.49076
G3 X199.497 Y140.585 I2.516 J14.486 E.08008
G1 X200.056 Y140.581 E.02223
M205 X7 Y7
G1 X199.933 Y140.182 F7200
M205 X3 Y3
G1 F2400
G1 X200.335 Y140.181 E.01599
G3 X197.426 Y140.4 I-.345 J14.82 E3.58728
G3 X199.483 Y140.187 I2.585 J14.886 E.08229
G1 X199.893 Y140.183 E.0163
M204 T500
G1 X199.476 Y139.734 F7200
;TYPE:Outer wall
G1 F1800
G1 X200.343 Y139.731 E.03447
G3 X214.628 Y150.607 I-.342 J15.269 E.76313
G3 X195.462 Y169.583 I-14.628 J4.392 E1.31427
G3 X199.436 Y139.738 I4.538 J-14.583 E1.70217
M204 T1000
M205 X7 Y7
G1 E-.9 F2400
G1 Z20.38 F7200
G1 X212.821 Y149.787 Z20.38
G1 Z19.98
G1 E.9 F2400
;TYPE:Sparse infill
G1 X205.538 Y142.504 E.40952
G2 X202.311 Y141.531 I-5.52 J12.475 E.13435
G1 X213.465 Y152.686 E.62723
G3 X213.661 Y155.135 I-12.34 J2.217 E.09787
G1 X199.864 Y141.338 E.77584
G2 X197.787 Y141.516 I.204 J14.581 E.08293
G1 X213.482 Y157.21 E.88252
G3 X213.054 Y159.037 I-11.843 J-1.812 E.07466
G1 X195.96 Y141.944 E.96118
G2 X194.33 Y142.567 I10.427 J29.729 E.06943
G1 X212.435 Y160.672 E1.0181
G3 X211.65 Y162.142 I-12.283 J-5.611 E.06629
G1 X192.861 Y143.353 E1.05657
G2 X191.533 Y144.279 I5.563 J9.385 E.06443
G1 X210.721 Y163.467 E1.07894
G3 X209.661 Y164.661 I-11.202 J-8.872 E.06353
G1 X190.339 Y145.339 E1.08651
G2 X189.279 Y146.533 I7.674 J7.876 E.06355
G1 X208.467 Y165.721 E1.07894
G3 X207.144 Y166.652 I-10.496 J-13.505 E.06435
G1 X188.353 Y147.861 E1.05666
G2 X187.567 Y149.33 I9.708 J6.139 E.06628
G1 X205.67 Y167.433 E1.018
G3 X204.035 Y168.052 I-6.423 J-14.49 E.06955
G1 X186.946 Y150.963 E.96095
G2 X186.518 Y152.79 I11.415 J3.638 E.07466
G1 X202.213 Y168.484 E.88252
G3 X200.139 Y168.664 I-2.146 J-12.674 E.08287
G1 X186.339 Y154.865 E.77596
G2 X186.537 Y157.317 I16.913 J-.13 E.0979
G1 X197.683 Y168.463 E.62676
G3 X194.462 Y167.496 I2.422 J-13.918 E.13404
G1 X187.179 Y160.213 E.40952
; stop printing object 圆柱体 id:2235774478336 copy 0
; printing object 圆柱体 id:2235774478336 copy 0
G1 E-.9
G1 Z20.38 F7200
G1 X155.391 Y140.981 Z20.38
M73 P62 R42
G1 Z19.98
G1 E.9 F2400
M205 X3 Y3
;TYPE:Inner wall
G1 X155.978 Y141.009 E.02337
G3 X152.564 Y141.185 I-.988 J13.992 E3.36806
G3 X155.321 Y140.978 I2.447 J14.087 E.11009
G1 X155.351 Y140.979 E.00121
M205 X7 Y7
G1 X155.096 Y140.58 F7200
M205 X3 Y3
G1 F2400
G1 X155.328 Y140.579 E.00923
G3 X152.495 Y140.793 I-.338 J14.421 E3.49076
G3 X154.497 Y140.585 I2.516 J14.486 E.08008
G1 X155.056 Y140.581 E.02223
M205 X7 Y7
G1 X154.933 Y140.182 F7200
M205 X3 Y3
G1 F2400
G1 X155.335 Y140.181 E.01599
G3 X152.426 Y140.4 I-.345 J14.82 E3.58728
G3 X154.483 Y140.187 I2.585 J14.886 E.08229
G1 X154.893 Y140.183 E.0163
M204 T500
G1 X154.476 Y139.734 F7200
;TYPE:Outer wall
G1 F1800
G1 X155.343 Y139.731 E.03447
G3 X169.628 Y150.607 I-.342 J15.269 E.76313
G3 X150.462 Y169.583 I-14.628 J4.392 E1.31427
G3 X154.436 Y139.738 I4.538 J-14.583 E1.70217
M204 T1000
M205 X7 Y7
G1 E-.9 F2400
G1 Z20.38 F7200
G1 X167.821 Y149.787 Z20.38
G1 Z19.98
G1 E.9 F2400
;TYPE:Sparse infill
G1 X160.538 Y142.504 E.40952
G2 X157.311 Y141.531 I-5.52 J12.475 E.13435
G1 X168.465 Y152.686 E.62723
G3 X168.661 Y155.135 I-12.34 J2.217 E.09787
G1 X154.864 Y141.338 E.77584
G2 X152.787 Y141.516 I.204 J14.581 E.08293
G1 X168.482 Y157.21 E.88252
G3 X168.054 Y159.037 I-11.843 J-1.812 E.07466
G1 X150.96 Y141.944 E.96118
G2 X149.33 Y142.567 I10.427 J29.729 E.06943
G1 X167.435 Y160.672 E1.0181
G3 X166.65 Y162.142 I-12.283 J-5.611 E.06629
G1 X147.861 Y143.353 E1.05657
G2 X146.533 Y144.279 I5.563 J9.385 E.06443
G1 X165.721 Y163.467 E1.07894
G3 X164.661 Y164.661 I-11.202 J-8.872 E.06353
G1 X145.339 Y145.339 E1.08651
G2 X144.279 Y146.533 I7.674 J7.876 E.06355
G1 X163.467 Y165.721 E1.07894
G3 X162.144 Y166.652 I-10.496 J-13.505 E.06435
G1 X143.353 Y147.861 E1.05666
G2 X142.567 Y149.33 I9.708 J6.139 E.06628
G1 X160.67 Y167.433 E1.018
G3 X159.035 Y168.052 I-6.423 J-14.49 E.06955
G1 X141.946 Y150.963 E.96095
G2 X141.518 Y152.79 I11.415 J3.638 E.07466
G1 X157.213 Y168.484 E.88252
G3 X155.139 Y168.664 I-2.146 J-12.674 E.08287
G1 X141.339 Y154.865 E.77596
G2 X141.537 Y157.317 I16.913 J-.13 E.0979
G1 X152.683 Y168.463 E.62676
G3 X149.462 Y167.496 I2.422 J-13.918 E.13404
G1 X142.179 Y160.213 E.40952
; stop printing object 圆柱体 id:2235774478336 copy 0
;LAYER_CHANGE
;Z:20.22
;HEIGHT:0.24
;BEFORE_LAYER_CHANGE
;20.22
G92 E0

;AFTER_LAYER_CHANGE
;20.22
;_SET_FAN_SPEED_CHANGING_LAYER
; printing object 圆柱体 id:2235774478336 copy 0
G1 E-.9 F2400
G1 Z20.62 F7200
G1 X200.391 Y140.981 Z20.62
G1 Z20.22
G1 E.9 F2400
M205 X3 Y3
;TYPE:Inner wall
G1 X200.978 Y141.009 E.02338
G3 X197.564 Y141.185 I-.988 J13.991 E3.36786
G3 X200.325 Y140.978 I2.557 J15.551 E.11023
G1 X200.351 Y140.979 E.00104
M205 X7 Y7
G1 X200.096 Y140.58 F7200
M205 X3 Y3
G1 F2400
G1 X200.332 Y140.579 E.0094
G3 X197.495 Y140.793 I-.342 J14.42 E3.49039
G3 X199.497 Y140.59 I2.629 J15.994 E.08006
G1 X200.056 Y140.581 E.02222
M205 X7 Y7
G1 X199.933 Y140.182 F7200
M205 X3 Y3
G1 F2400
G1 X200.339 Y140.181 E.01616
G3 X197.426 Y140.4 I-.349 J14.82 E3.58712
G3 X199.483 Y140.192 I2.702 J16.438 E.08227
G1 X199.893 Y140.183 E.01629
M204 T500
G1 X199.47 Y139.734 F7200
;TYPE:Outer wall
G1 F1800
G1 X200.347 Y139.731 E.03488
G3 X197.348 Y139.957 I-.358 J15.27 E3.69611
M73 P63 R42
G3 X199.436 Y139.744 I2.785 J16.938 E.08352
M204 T1000
M205 X7 Y7
G1 E-.9 F2400
G1 Z20.62 F7200
G1 X212.821 Y149.787 Z20.62
G1 Z20.22
G1 E.9 F2400
;TYPE:Sparse infill
G1 X205.538 Y142.504 E.40952
G2 X202.309 Y141.53 I-6.369 J15.269 E.13432
G1 X213.463 Y152.683 E.62718
G3 X213.661 Y155.135 I-16.715 J2.582 E.0979
G1 X199.864 Y141.338 E.77584
G2 X197.787 Y141.516 I.203 J14.571 E.08293
G1 X213.483 Y157.211 E.88258
G3 X213.052 Y159.035 I-16.265 J-2.873 E.07456
G1 X195.96 Y141.944 E.96111
G2 X194.33 Y142.567 I10.429 J29.733 E.06943
G1 X212.435 Y160.672 E1.0181
G3 X211.65 Y162.142 I-12.282 J-5.611 E.06629
G1 X192.861 Y143.353 E1.05657
G2 X191.533 Y144.279 I5.562 J9.384 E.06443
G1 X210.722 Y163.468 E1.07902
G3 X209.661 Y164.661 I-14.179 J-11.543 E.06351
G1 X190.339 Y145.339 E1.08651
G2 X189.279 Y146.533 I7.674 J7.876 E.06355
G1 X208.467 Y165.721 E1.07894
G3 X207.144 Y166.652 I-10.497 J-13.506 E.06435
G1 X188.353 Y147.861 E1.05666
G2 X187.567 Y149.329 I10.971 J6.819 E.06626
G1 X205.672 Y167.435 E1.01812
G3 X204.035 Y168.052 I-6.826 J-15.616 E.06959
G1 X186.946 Y150.963 E.96095
G2 X186.518 Y152.79 I11.415 J3.638 E.07466
G1 X202.213 Y168.484 E.88252
G3 X200.139 Y168.664 I-2.146 J-12.674 E.08287
G1 X186.333 Y154.859 E.7763
G2 X186.535 Y157.314 I13.145 J.158 E.09811
G1 X197.683 Y168.463 E.6269
G3 X194.462 Y167.496 I2.422 J-13.919 E.13404
G1 X187.179 Y160.213 E.40952
; stop printing object 圆柱体 id:2235774478336 copy 0
; printing object 圆柱体 id:2235774478336 copy 0
G1 E-.9
G1 Z20.62 F7200
G1 X155.391 Y140.981 Z20.62
G1 Z20.22
G1 E.9 F2400
M205 X3 Y3
;TYPE:Inner wall
G1 X155.978 Y141.009 E.02338
G3 X152.564 Y141.185 I-.988 J13.991 E3.36786
G3 X155.325 Y140.978 I2.557 J15.551 E.11023
G1 X155.351 Y140.979 E.00104
M205 X7 Y7
G1 X155.096 Y140.58 F7200
M205 X3 Y3
G1 F2400
G1 X155.332 Y140.579 E.0094
G3 X152.495 Y140.793 I-.342 J14.42 E3.49039
G3 X154.497 Y140.59 I2.629 J15.994 E.08006
G1 X155.056 Y140.581 E.02222
M205 X7 Y7
G1 X154.933 Y140.182 F7200
M205 X3 Y3
G1 F2400
G1 X155.339 Y140.181 E.01616
G3 X152.426 Y140.4 I-.349 J14.82 E3.58712
G3 X154.483 Y140.192 I2.702 J16.438 E.08227
G1 X154.893 Y140.183 E.01629
M204 T500
G1 X154.47 Y139.734 F7200
;TYPE:Outer wall
G1 F1800
G1 X155.347 Y139.731 E.03488
G3 X152.348 Y139.957 I-.358 J15.27 E3.69611
G3 X154.436 Y139.744 I2.785 J16.938 E.08352
M204 T1000
M205 X7 Y7
G1 E-.9 F2400
G1 Z20.62 F7200
G1 X167.821 Y149.787 Z20.62
M73 P63 R41
G1 Z20.22
G1 E.9 F2400
;TYPE:Sparse infill
G1 X160.538 Y142.504 E.40952
G2 X157.309 Y141.53 I-6.369 J15.269 E.13432
G1 X168.463 Y152.683 E.62718
G3 X168.661 Y155.135 I-16.715 J2.582 E.0979
G1 X154.864 Y141.338 E.77584
G2 X152.787 Y141.516 I.203 J14.571 E.08293
G1 X168.483 Y157.211 E.88258
G3 X168.052 Y159.035 I-16.265 J-2.873 E.07456
G1 X150.96 Y141.944 E.96111
G2 X149.33 Y142.567 I10.429 J29.733 E.06943
G1 X167.435 Y160.672 E1.0181
G3 X166.65 Y162.142 I-12.282 J-5.611 E.06629
G1 X147.861 Y143.353 E1.05657
G2 X146.533 Y144.279 I5.562 J9.384 E.06443
G1 X165.722 Y163.468 E1.07902
G3 X164.661 Y164.661 I-14.179 J-11.543 E.06351
G1 X145.339 Y145.339 E1.08651
G2 X144.279 Y146.533 I7.674 J7.876 E.06355
G1 X163.467 Y165.721 E1.07894
G3 X162.144 Y166.652 I-10.497 J-13.506 E.06435
G1 X143.353 Y147.861 E1.05666
G2 X142.567 Y149.329 I10.971 J6.819 E.06626
G1 X160.672 Y167.435 E1.01812
G3 X159.035 Y168.052 I-6.826 J-15.616 E.06959
G1 X141.946 Y150.963 E.96095
G2 X141.518 Y152.79 I11.415 J3.638 E.07466
G1 X157.213 Y168.484 E.88252
G3 X155.139 Y168.664 I-2.146 J-12.674 E.08287
G1 X141.333 Y154.859 E.7763
G2 X141.535 Y157.314 I13.145 J.158 E.09811
G1 X152.683 Y168.463 E.6269
G3 X149.462 Y167.496 I2.422 J-13.919 E.13404
G1 X142.179 Y160.213 E.40952
; stop printing object 圆柱体 id:2235774478336 copy 0
;LAYER_CHANGE
;Z:20.46
;HEIGHT:0.24
;BEFORE_LAYER_CHANGE
;20.46
G92 E0

;AFTER_LAYER_CHANGE
;20.46
;_SET_FAN_SPEED_CHANGING_LAYER
; printing object 圆柱体 id:2235774478336 copy 0
G1 E-.9 F2400
G1 Z20.86 F7200
G1 X200.391 Y140.981 Z20.86
G1 Z20.46
G1 E.9 F2400
M205 X3 Y3
;TYPE:Inner wall
G1 X200.978 Y141.008 E.02338
G3 X196.927 Y141.315 I-.978 J13.992 E3.34198
G3 X200.329 Y140.978 I3.063 J13.59 E.13628
G1 X200.351 Y140.979 E.00087
M205 X7 Y7
G1 X200.095 Y140.58 F7200
M205 X3 Y3
G1 F2400
G1 X200.336 Y140.58 E.00957
G3 X197.495 Y140.793 I-.346 J14.421 E3.49043
G3 X199.497 Y140.585 I2.516 J14.49 E.08008
G1 X200.055 Y140.581 E.02222
M205 X7 Y7
G1 X199.933 Y140.183 F7200
M205 X3 Y3
G1 F2400
G1 X200.343 Y140.181 E.01632
G3 X197.426 Y140.4 I-.353 J14.82 E3.58695
G3 X199.483 Y140.187 I2.586 J14.889 E.08229
G1 X199.893 Y140.183 E.0163
M204 T500
G1 X199.464 Y139.735 F7200
;TYPE:Outer wall
G1 F1800
G1 X199.467 Y139.737 E.00016
G3 X200.351 Y139.731 I.545 J15.56 E.03516
G3 X197.348 Y139.957 I-.362 J15.27 E3.69595
G3 X198.935 Y139.765 I2.664 J15.34 E.0636
G1 X199.424 Y139.737 E.01948
M204 T1000
M205 X7 Y7
G1 E-.9 F2400
G1 Z20.86 F7200
G1 X212.821 Y149.787 Z20.86
G1 Z20.46
G1 E.9 F2400
;TYPE:Sparse infill
G1 X205.538 Y142.504 E.40952
G2 X202.309 Y141.53 I-6.369 J15.269 E.13432
G1 X213.463 Y152.683 E.62718
G3 X213.661 Y155.135 I-16.715 J2.582 E.0979
G1 X199.864 Y141.338 E.77583
G2 X197.787 Y141.516 I.202 J14.561 E.08293
G1 X213.482 Y157.21 E.88252
G3 X213.054 Y159.037 I-11.843 J-1.812 E.07466
G1 X195.96 Y141.944 E.96118
G2 X194.33 Y142.567 I10.426 J29.724 E.06943
G1 X212.435 Y160.672 E1.0181
G3 X211.65 Y162.142 I-12.283 J-5.611 E.06629
G1 X192.861 Y143.353 E1.05657
G2 X191.533 Y144.279 I5.563 J9.385 E.06443
G1 X210.721 Y163.467 E1.07894
G3 X209.661 Y164.661 I-11.202 J-8.872 E.06353
G1 X190.339 Y145.339 E1.08651
G2 X189.275 Y146.529 I7.979 J8.203 E.06353
G1 X208.467 Y165.721 E1.07917
G3 X207.139 Y166.647 I-6.891 J-8.458 E.06443
G1 X188.353 Y147.861 E1.05639
G2 X187.567 Y149.33 I9.708 J6.139 E.06628
G1 X205.67 Y167.433 E1.018
G3 X204.035 Y168.052 I-6.423 J-14.49 E.06955
G1 X186.946 Y150.963 E.96095
G2 X186.518 Y152.79 I11.415 J3.638 E.07466
G1 X202.213 Y168.484 E.88252
G3 X200.139 Y168.664 I-2.146 J-12.674 E.08287
G1 X186.333 Y154.859 E.7763
G2 X186.535 Y157.314 I13.137 J.158 E.09812
G1 X197.683 Y168.463 E.62689
G3 X194.462 Y167.496 I2.422 J-13.919 E.13404
G1 X187.179 Y160.213 E.40952
; stop printing object 圆柱体 id:2235774478336 copy 0
; printing object 圆柱体 id:2235774478336 copy 0
G1 E-.9
G1 Z20.86 F7200
G1 X155.391 Y140.981 Z20.86
G1 Z20.46
G1 E.9 F2400
M205 X3 Y3
;TYPE:Inner wall
G1 X155.978 Y141.008 E.02338
G3 X151.927 Y141.315 I-.978 J13.992 E3.34198
G3 X155.329 Y140.978 I3.063 J13.59 E.13628
G1 X155.351 Y140.979 E.00087
M205 X7 Y7
G1 X155.095 Y140.58 F7200
M205 X3 Y3
G1 F2400
G1 X155.336 Y140.58 E.00957
G3 X152.495 Y140.793 I-.346 J14.421 E3.49043
G3 X154.497 Y140.585 I2.516 J14.49 E.08008
G1 X155.055 Y140.581 E.02222
M205 X7 Y7
G1 X154.933 Y140.183 F7200
M205 X3 Y3
G1 F2400
G1 X155.343 Y140.181 E.01632
G3 X152.426 Y140.4 I-.353 J14.82 E3.58695
M73 P64 R41
G3 X154.483 Y140.187 I2.586 J14.889 E.08229
G1 X154.893 Y140.183 E.0163
M204 T500
G1 X154.464 Y139.735 F7200
;TYPE:Outer wall
G1 F1800
G1 X154.467 Y139.737 E.00016
G3 X155.351 Y139.731 I.545 J15.56 E.03516
G3 X152.348 Y139.957 I-.362 J15.27 E3.69595
G3 X153.935 Y139.765 I2.664 J15.34 E.0636
G1 X154.424 Y139.737 E.01948
M204 T1000
M205 X7 Y7
G1 E-.9 F2400
G1 Z20.86 F7200
G1 X167.821 Y149.787 Z20.86
G1 Z20.46
G1 E.9 F2400
;TYPE:Sparse infill
G1 X160.538 Y142.504 E.40952
G2 X157.309 Y141.53 I-6.369 J15.269 E.13432
G1 X168.463 Y152.683 E.62718
G3 X168.661 Y155.135 I-16.715 J2.582 E.0979
G1 X154.864 Y141.338 E.77583
G2 X152.787 Y141.516 I.202 J14.561 E.08293
G1 X168.482 Y157.21 E.88252
G3 X168.054 Y159.037 I-11.843 J-1.812 E.07466
G1 X150.96 Y141.944 E.96118
G2 X149.33 Y142.567 I10.426 J29.724 E.06943
G1 X167.435 Y160.672 E1.0181
G3 X166.65 Y162.142 I-12.283 J-5.611 E.06629
G1 X147.861 Y143.353 E1.05657
G2 X146.533 Y144.279 I5.563 J9.385 E.06443
G1 X165.721 Y163.467 E1.07894
G3 X164.661 Y164.661 I-11.202 J-8.872 E.06353
G1 X145.339 Y145.339 E1.08651
G2 X144.275 Y146.529 I7.979 J8.203 E.06353
G1 X163.467 Y165.721 E1.07917
G3 X162.139 Y166.647 I-6.891 J-8.458 E.06443
G1 X143.353 Y147.861 E1.05639
G2 X142.567 Y149.33 I9.708 J6.139 E.06628
G1 X160.67 Y167.433 E1.018
G3 X159.035 Y168.052 I-6.423 J-14.49 E.06955
G1 X141.946 Y150.963 E.96095
G2 X141.518 Y152.79 I11.415 J3.638 E.07466
G1 X157.213 Y168.484 E.88252
G3 X155.139 Y168.664 I-2.146 J-12.674 E.08287
G1 X141.333 Y154.859 E.7763
G2 X141.535 Y157.314 I13.137 J.158 E.09812
M73 P64 R40
G1 X152.683 Y168.463 E.62689
G3 X149.462 Y167.496 I2.422 J-13.919 E.13404
G1 X142.179 Y160.213 E.40952
; stop printing object 圆柱体 id:2235774478336 copy 0
;LAYER_CHANGE
;Z:20.7
;HEIGHT:0.240002
;BEFORE_LAYER_CHANGE
;20.7
G92 E0

;AFTER_LAYER_CHANGE
;20.7
;_SET_FAN_SPEED_CHANGING_LAYER
; printing object 圆柱体 id:2235774478336 copy 0
G1 E-.9 F2400
G1 Z21.1 F7200
G1 X200.391 Y140.981 Z21.1
G1 Z20.7
G1 E.9 F2400
M205 X3 Y3
;TYPE:Inner wall
G1 X200.978 Y141.009 E.02338
G3 X197.564 Y141.185 I-.988 J13.991 E3.36795
G3 X200.333 Y140.978 I2.556 J15.546 E.11056
G1 X200.351 Y140.979 E.0007
M205 X7 Y7
G1 X200.095 Y140.58 F7200
M205 X3 Y3
G1 F2400
G1 X200.34 Y140.58 E.00974
G3 X197.495 Y140.793 I-.35 J14.421 E3.49014
G3 X199.497 Y140.59 I2.629 J15.989 E.08006
G1 X200.055 Y140.581 E.02221
M205 X7 Y7
G1 X199.932 Y140.183 F7200
M205 X3 Y3
G1 F2400
G1 X200.347 Y140.181 E.01653
G3 X197.426 Y140.4 I-.357 J14.819 E3.58666
G3 X199.483 Y140.192 I2.702 J16.432 E.08227
G1 X199.892 Y140.183 E.01626
M204 T500
G1 X199.458 Y139.735 F7200
;TYPE:Outer wall
G1 F1800
G1 X199.467 Y139.736 E.00036
G3 X200.355 Y139.731 I.532 J15.263 E.03532
G3 X195.45 Y169.579 I-.361 J15.268 E2.0768
G3 X198.935 Y139.764 I4.549 J-14.58 E1.68178
G1 X199.418 Y139.737 E.01926
M204 T1000
M205 X7 Y7
G1 E-.9 F2400
G1 Z21.1 F7200
G1 X212.821 Y149.787 Z21.1
G1 Z20.7
G1 E.9 F2400
;TYPE:Sparse infill
G1 X205.538 Y142.504 E.40952
G2 X202.317 Y141.537 I-5.417 J12.197 E.13408
G1 X213.463 Y152.683 E.62676
G3 X213.661 Y155.135 I-16.715 J2.582 E.0979
G1 X199.864 Y141.338 E.77583
G2 X197.787 Y141.516 I.201 J14.552 E.08293
G1 X213.482 Y157.21 E.88252
G3 X213.056 Y159.04 I-15.604 J-2.663 E.07471
G1 X195.96 Y141.944 E.96134
G2 X194.33 Y142.567 I10.428 J29.729 E.06943
G1 X212.433 Y160.67 E1.018
G3 X211.652 Y162.144 I-12.287 J-5.571 E.06634
G1 X192.859 Y143.35 E1.05679
G2 X191.529 Y144.275 I15.79 J24.112 E.0644
G1 X210.721 Y163.467 E1.07917
G3 X209.661 Y164.661 I-8.734 J-6.682 E.06355
G1 X190.339 Y145.339 E1.08651
G2 X189.279 Y146.533 I7.674 J7.876 E.06355
G1 X208.467 Y165.721 E1.07894
G3 X207.144 Y166.652 I-10.497 J-13.505 E.06435
G1 X188.353 Y147.861 E1.05666
G2 X187.567 Y149.33 I9.708 J6.139 E.06628
G1 X205.672 Y167.435 E1.0181
G3 X204.037 Y168.054 I-11.483 J-27.882 E.06954
G1 X186.946 Y150.963 E.96102
G2 X186.517 Y152.789 I12.46 J3.891 E.07462
G1 X202.215 Y168.486 E.88272
G3 X200.135 Y168.661 I-2.792 J-20.848 E.08303
G1 X186.339 Y154.865 E.77577
G2 X186.537 Y157.317 I16.913 J-.13 E.0979
G1 X197.683 Y168.463 E.62676
G3 X194.462 Y167.496 I2.422 J-13.919 E.13404
G1 X187.179 Y160.213 E.40952
; stop printing object 圆柱体 id:2235774478336 copy 0
; printing object 圆柱体 id:2235774478336 copy 0
G1 E-.9
G1 Z21.1 F7200
G1 X155.391 Y140.981 Z21.1
G1 Z20.7
G1 E.9 F2400
M205 X3 Y3
;TYPE:Inner wall
G1 X155.978 Y141.009 E.02338
G3 X152.564 Y141.185 I-.988 J13.991 E3.36795
G3 X155.333 Y140.978 I2.556 J15.546 E.11056
G1 X155.351 Y140.979 E.0007
M205 X7 Y7
G1 X155.095 Y140.58 F7200
M205 X3 Y3
G1 F2400
G1 X155.34 Y140.58 E.00974
G3 X152.495 Y140.793 I-.35 J14.421 E3.49014
G3 X154.497 Y140.59 I2.629 J15.989 E.08006
G1 X155.055 Y140.581 E.02221
M205 X7 Y7
G1 X154.932 Y140.183 F7200
M205 X3 Y3
G1 F2400
G1 X155.347 Y140.181 E.01653
G3 X152.426 Y140.4 I-.357 J14.819 E3.58666
G3 X154.483 Y140.192 I2.702 J16.432 E.08227
G1 X154.892 Y140.183 E.01626
M204 T500
G1 X154.458 Y139.735 F7200
;TYPE:Outer wall
G1 F1800
G1 X154.467 Y139.736 E.00036
G3 X155.355 Y139.731 I.532 J15.263 E.03532
G3 X150.45 Y169.579 I-.361 J15.268 E2.0768
G3 X153.935 Y139.764 I4.549 J-14.58 E1.68178
G1 X154.418 Y139.737 E.01926
M204 T1000
M205 X7 Y7
G1 E-.9 F2400
G1 Z21.1 F7200
G1 X167.821 Y149.787 Z21.1
G1 Z20.7
G1 E.9 F2400
;TYPE:Sparse infill
G1 X160.538 Y142.504 E.40952
G2 X157.317 Y141.537 I-5.417 J12.197 E.13408
G1 X168.463 Y152.683 E.62676
G3 X168.661 Y155.135 I-16.715 J2.582 E.0979
G1 X154.864 Y141.338 E.77583
G2 X152.787 Y141.516 I.201 J14.552 E.08293
G1 X168.482 Y157.21 E.88252
G3 X168.056 Y159.04 I-15.604 J-2.663 E.07471
G1 X150.96 Y141.944 E.96134
G2 X149.33 Y142.567 I10.428 J29.729 E.06943
G1 X167.433 Y160.67 E1.018
G3 X166.652 Y162.144 I-12.287 J-5.571 E.06634
G1 X147.859 Y143.35 E1.05679
G2 X146.529 Y144.275 I15.79 J24.112 E.0644
G1 X165.721 Y163.467 E1.07917
G3 X164.661 Y164.661 I-8.734 J-6.682 E.06355
G1 X145.339 Y145.339 E1.08651
G2 X144.279 Y146.533 I7.674 J7.876 E.06355
G1 X163.467 Y165.721 E1.07894
G3 X162.144 Y166.652 I-10.497 J-13.505 E.06435
G1 X143.353 Y147.861 E1.05666
G2 X142.567 Y149.33 I9.708 J6.139 E.06628
G1 X160.672 Y167.435 E1.0181
G3 X159.037 Y168.054 I-11.483 J-27.882 E.06954
G1 X141.946 Y150.963 E.96102
G2 X141.517 Y152.789 I12.46 J3.891 E.07462
G1 X157.215 Y168.486 E.88272
G3 X155.135 Y168.661 I-2.792 J-20.848 E.08303
G1 X141.339 Y154.865 E.77577
G2 X141.537 Y157.317 I16.913 J-.13 E.0979
G1 X152.683 Y168.463 E.62676
G3 X149.462 Y167.496 I2.422 J-13.919 E.13404
G1 X142.179 Y160.213 E.40952
; stop printing object 圆柱体 id:2235774478336 copy 0
;LAYER_CHANGE
;Z:20.94
;HEIGHT:0.24
;BEFORE_LAYER_CHANGE
;20.94
G92 E0

;AFTER_LAYER_CHANGE
;20.94
;_SET_FAN_SPEED_CHANGING_LAYER
; printing object 圆柱体 id:2235774478336 copy 0
G1 E-.9 F2400
G1 Z21.34 F7200
G1 X200.391 Y140.981 Z21.34
G1 Z20.94
G1 E.9 F2400
M205 X3 Y3
;TYPE:Inner wall
G1 X201.466 Y141.052 E.04285
G3 X197.564 Y141.185 I-1.475 J13.949 E3.34861
M73 P65 R40
G3 X200.338 Y140.978 I2.556 J15.544 E.11073
G1 X200.351 Y140.979 E.00052
M205 X7 Y7
G1 X200.095 Y140.58 F7200
M205 X3 Y3
G1 F2400
G1 X200.345 Y140.58 E.00991
G3 X197.495 Y140.793 I-.354 J14.421 E3.49011
G3 X199.497 Y140.59 I2.629 J15.987 E.08006
G1 X200.055 Y140.581 E.02221
M205 X7 Y7
G1 X199.926 Y140.183 F7200
M205 X3 Y3
G1 F2400
G1 X200.352 Y140.181 E.01691
G3 X197.426 Y140.4 I-.361 J14.819 E3.58663
G3 X199.483 Y140.192 I2.701 J16.43 E.08227
G1 X199.886 Y140.184 E.01604
M204 T500
G1 X199.453 Y139.735 F7200
;TYPE:Outer wall
G1 F1800
G1 X199.467 Y139.736 E.00057
G3 X200.359 Y139.731 I.534 J15.264 E.03549
G3 X185.368 Y159.376 I-.362 J15.267 E2.67039
M73 P65 R39
G3 X198.404 Y139.811 I14.633 J-4.376 E1.0668
G1 X199.413 Y139.738 E.04024
M204 T1000
M205 X7 Y7
G1 E-.9 F2400
G1 Z21.34 F7200
G1 X212.821 Y149.787 Z21.34
G1 Z20.94
G1 E.9 F2400
;TYPE:Sparse infill
G1 X205.538 Y142.504 E.40952
G2 X202.311 Y141.531 I-5.529 J12.498 E.13437
G1 X213.463 Y152.683 E.62711
G3 X213.661 Y155.135 I-16.715 J2.582 E.0979
G1 X199.864 Y141.338 E.77583
G2 X197.787 Y141.516 I.2 J14.543 E.08293
G1 X213.482 Y157.21 E.88252
G3 X213.052 Y159.035 I-13.932 J-2.313 E.0746
G1 X195.96 Y141.944 E.96111
G2 X194.33 Y142.567 I10.429 J29.733 E.06943
G1 X212.435 Y160.672 E1.0181
G3 X211.65 Y162.142 I-12.282 J-5.611 E.06629
G1 X192.861 Y143.353 E1.05657
G2 X191.533 Y144.279 I5.563 J9.385 E.06443
G1 X210.72 Y163.466 E1.07892
G3 X209.661 Y164.661 I-8.64 J-6.595 E.06355
G1 X190.339 Y145.339 E1.08651
G2 X189.274 Y146.528 I9.141 J9.256 E.06352
G1 X208.467 Y165.721 E1.07923
G3 X207.139 Y166.647 I-6.891 J-8.458 E.06443
G1 X188.353 Y147.861 E1.05639
G2 X187.565 Y149.328 I13.688 J8.294 E.06622
G1 X205.672 Y167.435 E1.0182
G3 X204.035 Y168.052 I-6.826 J-15.614 E.06959
G1 X186.946 Y150.963 E.96095
G2 X186.518 Y152.79 I11.415 J3.638 E.07466
G1 X202.213 Y168.484 E.88252
G3 X200.139 Y168.664 I-2.146 J-12.674 E.08287
G1 X186.339 Y154.865 E.77596
G2 X186.537 Y157.317 I16.913 J-.13 E.0979
G1 X197.683 Y168.463 E.62676
G3 X194.462 Y167.496 I2.422 J-13.919 E.13404
G1 X187.179 Y160.213 E.40952
; stop printing object 圆柱体 id:2235774478336 copy 0
; printing object 圆柱体 id:2235774478336 copy 0
G1 E-.9
G1 Z21.34 F7200
G1 X155.391 Y140.981 Z21.34
G1 Z20.94
G1 E.9 F2400
M205 X3 Y3
;TYPE:Inner wall
G1 X156.466 Y141.052 E.04285
G3 X152.564 Y141.185 I-1.475 J13.949 E3.34861
G3 X155.338 Y140.978 I2.556 J15.544 E.11073
G1 X155.351 Y140.979 E.00052
M205 X7 Y7
G1 X155.095 Y140.58 F7200
M205 X3 Y3
G1 F2400
G1 X155.345 Y140.58 E.00991
G3 X152.495 Y140.793 I-.354 J14.421 E3.49011
G3 X154.497 Y140.59 I2.629 J15.987 E.08006
G1 X155.055 Y140.581 E.02221
M205 X7 Y7
G1 X154.926 Y140.183 F7200
M205 X3 Y3
G1 F2400
G1 X155.352 Y140.181 E.01691
G3 X152.426 Y140.4 I-.361 J14.819 E3.58663
G3 X154.483 Y140.192 I2.701 J16.43 E.08227
G1 X154.886 Y140.184 E.01604
M204 T500
G1 X154.453 Y139.735 F7200
;TYPE:Outer wall
G1 F1800
G1 X154.467 Y139.736 E.00057
G3 X155.359 Y139.731 I.534 J15.264 E.03549
G3 X140.368 Y159.376 I-.362 J15.267 E2.67039
G3 X153.404 Y139.811 I14.633 J-4.376 E1.0668
G1 X154.413 Y139.738 E.04024
M204 T1000
M205 X7 Y7
G1 E-.9 F2400
G1 Z21.34 F7200
G1 X167.821 Y149.787 Z21.34
G1 Z20.94
G1 E.9 F2400
;TYPE:Sparse infill
G1 X160.538 Y142.504 E.40952
G2 X157.311 Y141.531 I-5.529 J12.498 E.13437
G1 X168.463 Y152.683 E.62711
G3 X168.661 Y155.135 I-16.715 J2.582 E.0979
G1 X154.864 Y141.338 E.77583
G2 X152.787 Y141.516 I.2 J14.543 E.08293
G1 X168.482 Y157.21 E.88252
G3 X168.052 Y159.035 I-13.932 J-2.313 E.0746
G1 X150.96 Y141.944 E.96111
G2 X149.33 Y142.567 I10.429 J29.733 E.06943
G1 X167.435 Y160.672 E1.0181
G3 X166.65 Y162.142 I-12.282 J-5.611 E.06629
G1 X147.861 Y143.353 E1.05657
G2 X146.533 Y144.279 I5.563 J9.385 E.06443
G1 X165.72 Y163.466 E1.07892
G3 X164.661 Y164.661 I-8.64 J-6.595 E.06355
G1 X145.339 Y145.339 E1.08651
G2 X144.274 Y146.528 I9.141 J9.256 E.06352
G1 X163.467 Y165.721 E1.07923
G3 X162.139 Y166.647 I-6.891 J-8.458 E.06443
G1 X143.353 Y147.861 E1.05639
G2 X142.565 Y149.328 I13.688 J8.294 E.06622
G1 X160.672 Y167.435 E1.0182
G3 X159.035 Y168.052 I-6.826 J-15.614 E.06959
G1 X141.946 Y150.963 E.96095
G2 X141.518 Y152.79 I11.415 J3.638 E.07466
G1 X157.213 Y168.484 E.88252
G3 X155.139 Y168.664 I-2.146 J-12.674 E.08287
G1 X141.339 Y154.865 E.77596
G2 X141.537 Y157.317 I16.913 J-.13 E.0979
G1 X152.683 Y168.463 E.62676
G3 X149.462 Y167.496 I2.422 J-13.919 E.13404
G1 X142.179 Y160.213 E.40952
; stop printing object 圆柱体 id:2235774478336 copy 0
;LAYER_CHANGE
;Z:21.18
;HEIGHT:0.24
;BEFORE_LAYER_CHANGE
;21.18
G92 E0

;AFTER_LAYER_CHANGE
;21.18
;_SET_FAN_SPEED_CHANGING_LAYER
; printing object 圆柱体 id:2235774478336 copy 0
G1 E-.9 F2400
G1 Z21.58 F7200
G1 X200.391 Y140.981 Z21.58
G1 Z21.18
G1 E.9 F2400
M205 X3 Y3
;TYPE:Inner wall
G1 X201.466 Y141.052 E.04284
G3 X197.564 Y141.185 I-1.475 J13.949 E3.34855
G3 X200.342 Y140.978 I2.556 J15.542 E.1109
G1 X200.351 Y140.979 E.00037
M205 X7 Y7
G1 X200.091 Y140.581 F7200
M205 X3 Y3
G1 F2400
G1 X200.349 Y140.58 E.01025
G3 X197.495 Y140.793 I-.358 J14.421 E3.48988
G3 X199.497 Y140.59 I2.628 J15.985 E.08006
G1 X200.051 Y140.581 E.02204
M205 X7 Y7
G1 X199.921 Y140.183 F7200
M205 X3 Y3
G1 F2400
G1 X200.356 Y140.181 E.01727
G3 X197.426 Y140.4 I-.365 J14.819 E3.58639
G3 X199.483 Y140.192 I2.701 J16.428 E.08227
G1 X199.881 Y140.184 E.01584
M204 T500
G1 X199.448 Y139.735 F7200
;TYPE:Outer wall
G1 F1800
G1 X199.467 Y139.736 E.00077
G3 X200.364 Y139.731 I.533 J15.264 E.03566
G3 X214.634 Y150.628 I-.387 J15.299 E.76289
G3 X198.935 Y139.764 I-14.634 J4.372 E2.99568
G1 X199.408 Y139.738 E.01884
M204 T1000
M205 X7 Y7
G1 E-.9 F2400
G1 Z21.58 F7200
G1 X212.821 Y149.787 Z21.58
G1 Z21.18
G1 E.9 F2400
;TYPE:Sparse infill
G1 X205.538 Y142.504 E.40952
G2 X202.317 Y141.537 I-5.417 J12.197 E.13408
G1 X213.463 Y152.683 E.62676
G3 X213.661 Y155.135 I-16.715 J2.582 E.0979
G1 X199.864 Y141.338 E.77583
G2 X197.787 Y141.516 I.199 J14.534 E.08294
G1 X213.482 Y157.21 E.88252
G3 X213.054 Y159.037 I-11.843 J-1.812 E.07466
G1 X195.96 Y141.944 E.96118
G2 X194.33 Y142.567 I10.426 J29.724 E.06943
G1 X212.435 Y160.672 E1.0181
G3 X211.65 Y162.142 I-12.283 J-5.611 E.06629
G1 X192.861 Y143.353 E1.05657
G2 X191.533 Y144.279 I5.563 J9.384 E.06443
G1 X210.721 Y163.467 E1.07894
G3 X209.661 Y164.661 I-11.202 J-8.872 E.06353
G1 X190.339 Y145.339 E1.08651
G2 X189.276 Y146.531 I8.401 J8.561 E.06353
G1 X208.467 Y165.721 E1.0791
G3 X207.144 Y166.652 I-10.497 J-13.506 E.06435
G1 X188.353 Y147.861 E1.05666
G2 X187.565 Y149.328 I13.687 J8.294 E.06622
G1 X205.672 Y167.435 E1.0182
G3 X204.035 Y168.052 I-6.826 J-15.614 E.06959
M73 P65 R38
G1 X186.946 Y150.963 E.96095
G2 X186.518 Y152.79 I11.416 J3.638 E.07466
M73 P66 R38
G1 X202.213 Y168.484 E.88252
G3 X200.139 Y168.664 I-2.146 J-12.674 E.08287
G1 X186.333 Y154.859 E.7763
G2 X186.535 Y157.315 I38.055 J-1.889 E.098
G1 X197.683 Y168.463 E.62688
G3 X194.462 Y167.496 I2.149 J-13.008 E.13409
G1 X187.179 Y160.213 E.40952
; stop printing object 圆柱体 id:2235774478336 copy 0
; printing object 圆柱体 id:2235774478336 copy 0
G1 E-.9
G1 Z21.58 F7200
G1 X155.391 Y140.981 Z21.58
G1 Z21.18
G1 E.9 F2400
M205 X3 Y3
;TYPE:Inner wall
G1 X156.466 Y141.052 E.04284
G3 X152.564 Y141.185 I-1.475 J13.949 E3.34855
G3 X155.342 Y140.978 I2.556 J15.542 E.1109
G1 X155.351 Y140.979 E.00037
M205 X7 Y7
G1 X155.091 Y140.581 F7200
M205 X3 Y3
G1 F2400
G1 X155.349 Y140.58 E.01025
G3 X152.495 Y140.793 I-.358 J14.421 E3.48988
G3 X154.497 Y140.59 I2.628 J15.985 E.08006
G1 X155.051 Y140.581 E.02204
M205 X7 Y7
G1 X154.921 Y140.183 F7200
M205 X3 Y3
G1 F2400
G1 X155.356 Y140.181 E.01727
G3 X152.426 Y140.4 I-.365 J14.819 E3.58639
G3 X154.483 Y140.192 I2.701 J16.428 E.08227
G1 X154.881 Y140.184 E.01584
M204 T500
G1 X154.448 Y139.735 F7200
;TYPE:Outer wall
G1 F1800
G1 X154.467 Y139.736 E.00077
G3 X155.364 Y139.731 I.533 J15.264 E.03566
G3 X169.634 Y150.628 I-.387 J15.299 E.76289
G3 X153.935 Y139.764 I-14.634 J4.372 E2.99568
G1 X154.408 Y139.738 E.01884
M204 T1000
M205 X7 Y7
G1 E-.9 F2400
G1 Z21.58 F7200
G1 X167.821 Y149.787 Z21.58
G1 Z21.18
G1 E.9 F2400
;TYPE:Sparse infill
G1 X160.538 Y142.504 E.40952
G2 X157.317 Y141.537 I-5.417 J12.197 E.13408
G1 X168.463 Y152.683 E.62676
G3 X168.661 Y155.135 I-16.715 J2.582 E.0979
G1 X154.864 Y141.338 E.77583
G2 X152.787 Y141.516 I.199 J14.534 E.08294
G1 X168.482 Y157.21 E.88252
G3 X168.054 Y159.037 I-11.843 J-1.812 E.07466
G1 X150.96 Y141.944 E.96118
G2 X149.33 Y142.567 I10.426 J29.724 E.06943
G1 X167.435 Y160.672 E1.0181
G3 X166.65 Y162.142 I-12.283 J-5.611 E.06629
G1 X147.861 Y143.353 E1.05657
G2 X146.533 Y144.279 I5.563 J9.384 E.06443
G1 X165.721 Y163.467 E1.07894
G3 X164.661 Y164.661 I-11.202 J-8.872 E.06353
G1 X145.339 Y145.339 E1.08651
G2 X144.276 Y146.531 I8.401 J8.561 E.06353
G1 X163.467 Y165.721 E1.0791
G3 X162.144 Y166.652 I-10.497 J-13.506 E.06435
G1 X143.353 Y147.861 E1.05666
G2 X142.565 Y149.328 I13.687 J8.294 E.06622
G1 X160.672 Y167.435 E1.0182
G3 X159.035 Y168.052 I-6.826 J-15.614 E.06959
G1 X141.946 Y150.963 E.96095
G2 X141.518 Y152.79 I11.416 J3.638 E.07466
G1 X157.213 Y168.484 E.88252
G3 X155.139 Y168.664 I-2.146 J-12.674 E.08287
G1 X141.333 Y154.859 E.7763
G2 X141.535 Y157.315 I38.055 J-1.889 E.098
G1 X152.683 Y168.463 E.62688
G3 X149.462 Y167.496 I2.149 J-13.008 E.13409
G1 X142.179 Y160.213 E.40952
; stop printing object 圆柱体 id:2235774478336 copy 0
;LAYER_CHANGE
;Z:21.42
;HEIGHT:0.24
;BEFORE_LAYER_CHANGE
;21.42
G92 E0

;AFTER_LAYER_CHANGE
;21.42
;_SET_FAN_SPEED_CHANGING_LAYER
; printing object 圆柱体 id:2235774478336 copy 0
G1 E-.9 F2400
G1 Z21.82 F7200
G1 X200.389 Y140.981 Z21.82
G1 Z21.42
G1 E.9 F2400
M205 X3 Y3
;TYPE:Inner wall
G1 X201.466 Y141.052 E.04292
G3 X198.048 Y141.109 I-1.477 J13.949 E3.36806
G3 X200.346 Y140.978 I1.962 J14.256 E.09163
G1 X200.349 Y140.978 E.00012
M205 X7 Y7
G1 X200.086 Y140.581 F7200
M205 X3 Y3
G1 F2400
G1 X200.353 Y140.58 E.0106
G3 X197.495 Y140.793 I-.362 J14.421 E3.48974
G3 X199.497 Y140.59 I2.628 J15.983 E.08006
G1 X200.046 Y140.581 E.02186
M205 X7 Y7
G1 X199.917 Y140.183 F7200
M205 X3 Y3
G1 F2400
G1 X200.36 Y140.181 E.01763
G3 X197.426 Y140.4 I-.37 J14.819 E3.58626
G3 X199.483 Y140.192 I2.701 J16.426 E.08227
G1 X199.877 Y140.184 E.01565
M204 T500
G1 X199.443 Y139.736 F7200
;TYPE:Outer wall
G1 F1800
G1 X199.467 Y139.743 E.001
G3 X200.368 Y139.731 I.663 J17.14 E.03581
G3 X197.348 Y139.957 I-.378 J15.269 E3.6953
G3 X198.935 Y139.772 I2.783 J16.926 E.06358
G1 X199.403 Y139.738 E.01865
M204 T1000
M205 X7 Y7
G1 E-.9 F2400
G1 Z21.82 F7200
G1 X212.821 Y149.787 Z21.82
G1 Z21.42
G1 E.9 F2400
;TYPE:Sparse infill
G1 X205.538 Y142.504 E.40952
G2 X202.317 Y141.537 I-5.417 J12.197 E.13408
G1 X213.463 Y152.683 E.62676
G3 X213.661 Y155.135 I-16.715 J2.582 E.0979
G1 X199.864 Y141.338 E.77583
G2 X197.787 Y141.516 I.198 J14.525 E.08294
G1 X213.482 Y157.211 E.88257
G3 X213.054 Y159.037 I-12.799 J-2.044 E.07462
G1 X195.96 Y141.944 E.96118
G2 X194.33 Y142.567 I10.427 J29.727 E.06943
G1 X212.433 Y160.67 E1.018
G3 X211.652 Y162.144 I-12.287 J-5.571 E.06634
G1 X192.861 Y143.353 E1.05666
G2 X191.533 Y144.279 I5.563 J9.384 E.06443
G1 X210.722 Y163.468 E1.07901
G3 X209.662 Y164.662 I-14.002 J-11.37 E.06351
G1 X190.339 Y145.339 E1.08654
G2 X189.279 Y146.533 I7.674 J7.876 E.06355
G1 X208.47 Y165.724 E1.07915
G3 X207.144 Y166.652 I-25.575 J-35.166 E.06437
G1 X188.353 Y147.861 E1.05666
G2 X187.567 Y149.329 I10.809 J6.732 E.06627
G1 X205.672 Y167.435 E1.01812
G3 X204.035 Y168.052 I-6.826 J-15.615 E.06959
G1 X186.946 Y150.963 E.96095
G2 X186.518 Y152.79 I11.415 J3.638 E.07466
G1 X202.213 Y168.484 E.88252
G3 X200.139 Y168.664 I-2.146 J-12.674 E.08287
G1 X186.333 Y154.859 E.7763
G2 X186.535 Y157.315 I37.699 J-1.861 E.098
G1 X197.683 Y168.463 E.62688
G3 X194.462 Y167.496 I2.422 J-13.919 E.13404
G1 X187.179 Y160.213 E.40952
; stop printing object 圆柱体 id:2235774478336 copy 0
; printing object 圆柱体 id:2235774478336 copy 0
G1 E-.9
G1 Z21.82 F7200
G1 X155.389 Y140.981 Z21.82
G1 Z21.42
G1 E.9 F2400
M205 X3 Y3
;TYPE:Inner wall
G1 X156.466 Y141.052 E.04292
G3 X153.048 Y141.109 I-1.477 J13.949 E3.36806
G3 X155.346 Y140.978 I1.962 J14.256 E.09163
G1 X155.349 Y140.978 E.00012
M205 X7 Y7
G1 X155.086 Y140.581 F7200
M205 X3 Y3
G1 F2400
G1 X155.353 Y140.58 E.0106
G3 X152.495 Y140.793 I-.362 J14.421 E3.48974
G3 X154.497 Y140.59 I2.628 J15.983 E.08006
G1 X155.046 Y140.581 E.02186
M205 X7 Y7
G1 X154.917 Y140.183 F7200
M205 X3 Y3
G1 F2400
G1 X155.36 Y140.181 E.01763
G3 X152.426 Y140.4 I-.37 J14.819 E3.58626
G3 X154.483 Y140.192 I2.701 J16.426 E.08227
G1 X154.877 Y140.184 E.01565
M204 T500
G1 X154.443 Y139.736 F7200
;TYPE:Outer wall
G1 F1800
G1 X154.467 Y139.743 E.001
G3 X155.368 Y139.731 I.663 J17.14 E.03581
G3 X152.348 Y139.957 I-.378 J15.269 E3.6953
M73 P66 R37
G3 X153.935 Y139.772 I2.783 J16.926 E.06358
G1 X154.403 Y139.738 E.01865
M204 T1000
M205 X7 Y7
G1 E-.9 F2400
G1 Z21.82 F7200
G1 X167.821 Y149.787 Z21.82
G1 Z21.42
G1 E.9 F2400
;TYPE:Sparse infill
G1 X160.538 Y142.504 E.40952
G2 X157.317 Y141.537 I-5.417 J12.197 E.13408
G1 X168.463 Y152.683 E.62676
G3 X168.661 Y155.135 I-16.715 J2.582 E.0979
G1 X154.864 Y141.338 E.77583
G2 X152.787 Y141.516 I.198 J14.525 E.08294
G1 X168.482 Y157.211 E.88257
G3 X168.054 Y159.037 I-12.799 J-2.044 E.07462
G1 X150.96 Y141.944 E.96118
G2 X149.33 Y142.567 I10.427 J29.727 E.06943
G1 X167.433 Y160.67 E1.018
G3 X166.652 Y162.144 I-12.287 J-5.571 E.06634
G1 X147.861 Y143.353 E1.05666
G2 X146.533 Y144.279 I5.563 J9.384 E.06443
G1 X165.722 Y163.468 E1.07901
G3 X164.662 Y164.662 I-14.002 J-11.37 E.06351
G1 X145.339 Y145.339 E1.08654
G2 X144.279 Y146.533 I7.674 J7.876 E.06355
M73 P67 R37
G1 X163.47 Y165.724 E1.07915
G3 X162.144 Y166.652 I-25.575 J-35.166 E.06437
G1 X143.353 Y147.861 E1.05666
G2 X142.567 Y149.329 I10.809 J6.732 E.06627
G1 X160.672 Y167.435 E1.01812
G3 X159.035 Y168.052 I-6.826 J-15.615 E.06959
G1 X141.946 Y150.963 E.96095
G2 X141.518 Y152.79 I11.415 J3.638 E.07466
G1 X157.213 Y168.484 E.88252
G3 X155.139 Y168.664 I-2.146 J-12.674 E.08287
G1 X141.333 Y154.859 E.7763
G2 X141.535 Y157.315 I37.699 J-1.861 E.098
G1 X152.683 Y168.463 E.62688
G3 X149.462 Y167.496 I2.422 J-13.919 E.13404
G1 X142.179 Y160.213 E.40952
; stop printing object 圆柱体 id:2235774478336 copy 0
;LAYER_CHANGE
;Z:21.66
;HEIGHT:0.24
;BEFORE_LAYER_CHANGE
;21.66
G92 E0

;AFTER_LAYER_CHANGE
;21.66
;_SET_FAN_SPEED_CHANGING_LAYER
; printing object 圆柱体 id:2235774478336 copy 0
G1 E-.9 F2400
G1 Z22.06 F7200
G1 X200.384 Y140.98 Z22.06
G1 Z21.66
G1 E.9 F2400
M205 X3 Y3
;TYPE:Inner wall
G1 X201.466 Y141.052 E.0431
G3 X198.048 Y141.109 I-1.477 J13.949 E3.36804
G3 X200.344 Y140.978 I1.963 J14.26 E.09157
M205 X7 Y7
G1 X200.082 Y140.581 F7200
M205 X3 Y3
G1 F2400
G1 X200.357 Y140.58 E.01094
G3 X197.495 Y140.793 I-.366 J14.421 E3.48958
G3 X199.497 Y140.59 I2.628 J15.981 E.08006
G1 X200.042 Y140.581 E.02168
M205 X7 Y7
G1 X199.912 Y140.183 F7200
M205 X3 Y3
G1 F2400
G1 X200.364 Y140.181 E.01797
G3 X197.426 Y140.4 I-.374 J14.819 E3.5861
G3 X199.483 Y140.192 I2.701 J16.424 E.08227
G1 X199.872 Y140.184 E.01548
M204 T500
G1 X199.439 Y139.736 F7200
;TYPE:Outer wall
G1 F1800
G1 X199.467 Y139.737 E.00113
G3 X200.372 Y139.732 I.547 J15.274 E.03599
G3 X185.364 Y159.364 I-.376 J15.266 E2.67021
G3 X198.404 Y139.812 I14.65 J-4.354 E1.06596
G1 X199.399 Y139.739 E.03967
M204 T1000
M205 X7 Y7
G1 E-.9 F2400
G1 Z22.06 F7200
G1 X212.821 Y149.787 Z22.06
G1 Z21.66
G1 E.9 F2400
;TYPE:Sparse infill
G1 X205.538 Y142.504 E.40952
G2 X202.317 Y141.537 I-5.417 J12.197 E.13408
G1 X213.463 Y152.683 E.62676
G3 X213.661 Y155.135 I-16.715 J2.582 E.0979
G1 X199.864 Y141.338 E.77582
G2 X197.787 Y141.516 I.197 J14.515 E.08294
G1 X213.482 Y157.21 E.88252
G3 X213.054 Y159.037 I-11.843 J-1.812 E.07466
G1 X195.96 Y141.944 E.96118
G2 X194.33 Y142.567 I10.429 J29.733 E.06943
G1 X212.435 Y160.672 E1.0181
G3 X211.65 Y162.142 I-12.283 J-5.611 E.06629
G1 X192.862 Y143.354 E1.05651
G2 X191.528 Y144.274 I14.383 J22.266 E.06445
G1 X210.721 Y163.467 E1.07923
G3 X209.661 Y164.661 I-11.202 J-8.872 E.06353
G1 X190.339 Y145.339 E1.08651
G2 X189.279 Y146.533 I7.674 J7.876 E.06355
G1 X208.467 Y165.721 E1.07894
G3 X207.144 Y166.652 I-10.496 J-13.505 E.06435
G1 X188.353 Y147.861 E1.05666
G2 X187.565 Y149.328 I13.689 J8.294 E.06622
G1 X205.672 Y167.435 E1.0182
G3 X204.035 Y168.052 I-6.826 J-15.615 E.06959
G1 X186.948 Y150.965 E.96089
G2 X186.518 Y152.79 I13.504 J4.139 E.0746
G1 X202.213 Y168.484 E.88252
G3 X200.139 Y168.664 I-2.146 J-12.674 E.08287
G1 X186.339 Y154.865 E.77596
G2 X186.537 Y157.317 I16.913 J-.13 E.0979
G1 X197.683 Y168.463 E.62676
G3 X194.462 Y167.496 I2.196 J-13.164 E.13408
G1 X187.179 Y160.213 E.40952
; stop printing object 圆柱体 id:2235774478336 copy 0
; printing object 圆柱体 id:2235774478336 copy 0
G1 E-.9
G1 Z22.06 F7200
G1 X155.384 Y140.98 Z22.06
G1 Z21.66
G1 E.9 F2400
M205 X3 Y3
;TYPE:Inner wall
G1 X156.466 Y141.052 E.0431
G3 X153.048 Y141.109 I-1.477 J13.949 E3.36804
G3 X155.344 Y140.978 I1.963 J14.26 E.09157
M205 X7 Y7
G1 X155.082 Y140.581 F7200
M205 X3 Y3
G1 F2400
G1 X155.357 Y140.58 E.01094
G3 X152.495 Y140.793 I-.366 J14.421 E3.48958
G3 X154.497 Y140.59 I2.628 J15.981 E.08006
G1 X155.042 Y140.581 E.02168
M205 X7 Y7
G1 X154.912 Y140.183 F7200
M205 X3 Y3
G1 F2400
G1 X155.364 Y140.181 E.01797
G3 X152.426 Y140.4 I-.374 J14.819 E3.5861
G3 X154.483 Y140.192 I2.701 J16.424 E.08227
G1 X154.872 Y140.184 E.01548
M204 T500
G1 X154.439 Y139.736 F7200
;TYPE:Outer wall
G1 F1800
G1 X154.467 Y139.737 E.00113
G3 X155.372 Y139.732 I.547 J15.274 E.03599
G3 X140.364 Y159.364 I-.376 J15.266 E2.67021
G3 X153.404 Y139.812 I14.65 J-4.354 E1.06596
G1 X154.399 Y139.739 E.03967
M204 T1000
M205 X7 Y7
G1 E-.9 F2400
G1 Z22.06 F7200
G1 X167.821 Y149.787 Z22.06
G1 Z21.66
G1 E.9 F2400
;TYPE:Sparse infill
G1 X160.538 Y142.504 E.40952
G2 X157.317 Y141.537 I-5.417 J12.197 E.13408
G1 X168.463 Y152.683 E.62676
G3 X168.661 Y155.135 I-16.715 J2.582 E.0979
G1 X154.864 Y141.338 E.77582
G2 X152.787 Y141.516 I.197 J14.515 E.08294
G1 X168.482 Y157.21 E.88252
G3 X168.054 Y159.037 I-11.843 J-1.812 E.07466
G1 X150.96 Y141.944 E.96118
G2 X149.33 Y142.567 I10.429 J29.733 E.06943
G1 X167.435 Y160.672 E1.0181
G3 X166.65 Y162.142 I-12.283 J-5.611 E.06629
G1 X147.862 Y143.354 E1.05651
G2 X146.528 Y144.274 I14.383 J22.266 E.06445
G1 X165.721 Y163.467 E1.07923
G3 X164.661 Y164.661 I-11.202 J-8.872 E.06353
G1 X145.339 Y145.339 E1.08651
G2 X144.279 Y146.533 I7.674 J7.876 E.06355
G1 X163.467 Y165.721 E1.07894
G3 X162.144 Y166.652 I-10.496 J-13.505 E.06435
G1 X143.353 Y147.861 E1.05666
G2 X142.565 Y149.328 I13.689 J8.294 E.06622
M73 P67 R36
G1 X160.672 Y167.435 E1.0182
G3 X159.035 Y168.052 I-6.826 J-15.615 E.06959
G1 X141.948 Y150.965 E.96089
G2 X141.518 Y152.79 I13.504 J4.139 E.0746
G1 X157.213 Y168.484 E.88252
G3 X155.139 Y168.664 I-2.146 J-12.674 E.08287
G1 X141.339 Y154.865 E.77596
G2 X141.537 Y157.317 I16.913 J-.13 E.0979
G1 X152.683 Y168.463 E.62676
G3 X149.462 Y167.496 I2.196 J-13.164 E.13408
G1 X142.179 Y160.213 E.40952
; stop printing object 圆柱体 id:2235774478336 copy 0
;LAYER_CHANGE
;Z:21.9
;HEIGHT:0.24
;BEFORE_LAYER_CHANGE
;21.9
G92 E0

;AFTER_LAYER_CHANGE
;21.9
;_SET_FAN_SPEED_CHANGING_LAYER
; printing object 圆柱体 id:2235774478336 copy 0
G1 E-.9 F2400
G1 Z22.3 F7200
G1 X200.381 Y140.98 Z22.3
G1 Z21.9
G1 E.9 F2400
M205 X3 Y3
;TYPE:Inner wall
G1 X201.466 Y141.052 E.04325
G3 X198.048 Y141.109 I-1.476 J13.949 E3.36815
G3 X200.341 Y140.978 I1.963 J14.265 E.09142
M205 X7 Y7
G1 X200.078 Y140.581 F7200
M205 X3 Y3
G1 F2400
G1 X200.361 Y140.58 E.01126
G3 X197.992 Y140.714 I-.372 J14.42 E3.50943
G3 X199.497 Y140.585 I2.018 J14.667 E.06006
G1 X200.038 Y140.581 E.02154
M205 X7 Y7
G1 X199.908 Y140.183 F7200
M205 X3 Y3
G1 F2400
G1 X200.368 Y140.182 E.0183
G3 X197.426 Y140.4 I-.378 J14.819 E3.58588
G3 X199.483 Y140.192 I2.7 J16.422 E.08227
G1 X199.868 Y140.184 E.01532
M204 T500
G1 X199.435 Y139.736 F7200
;TYPE:Outer wall
G1 F1800
G1 X199.467 Y139.736 E.00129
G3 X200.376 Y139.732 I.533 J15.264 E.03616
G3 X214.637 Y150.64 I-.377 J15.269 E.76313
G3 X198.935 Y139.764 I-14.637 J4.36 E2.99516
G1 X199.395 Y139.738 E.01832
M204 T1000
M205 X7 Y7
G1 E-.9 F2400
G1 Z22.3 F7200
G1 X212.821 Y149.787 Z22.3
G1 Z21.9
G1 E.9 F2400
;TYPE:Sparse infill
G1 X205.538 Y142.504 E.40952
G2 X202.31 Y141.53 I-5.538 J12.522 E.1344
G1 X213.465 Y152.685 E.62725
G3 X213.661 Y155.135 I-19.131 J2.762 E.0978
G1 X199.864 Y141.338 E.77582
G2 X197.787 Y141.516 I.196 J14.507 E.08294
M73 P68 R36
G1 X213.482 Y157.21 E.88252
G3 X213.054 Y159.037 I-11.843 J-1.812 E.07466
G1 X195.96 Y141.944 E.96118
G2 X194.33 Y142.567 I10.427 J29.727 E.06943
G1 X212.433 Y160.67 E1.018
G3 X211.652 Y162.144 I-12.288 J-5.571 E.06634
G1 X192.861 Y143.353 E1.05666
G2 X191.533 Y144.279 I5.563 J9.384 E.06443
G1 X210.721 Y163.467 E1.07894
G3 X209.661 Y164.661 I-11.202 J-8.872 E.06353
G1 X190.339 Y145.339 E1.08651
G2 X189.279 Y146.533 I7.674 J7.876 E.06355
G1 X208.467 Y165.721 E1.07894
G3 X207.144 Y166.652 I-10.497 J-13.506 E.06435
G1 X188.353 Y147.861 E1.05666
G2 X187.567 Y149.33 I9.708 J6.139 E.06628
G1 X205.672 Y167.435 E1.0181
G3 X204.035 Y168.052 I-6.827 J-15.616 E.06959
G1 X186.946 Y150.963 E.96095
G2 X186.518 Y152.79 I11.416 J3.638 E.07466
G1 X202.213 Y168.484 E.88252
G3 X200.139 Y168.664 I-2.146 J-12.674 E.08287
G1 X186.339 Y154.865 E.77596
G2 X186.537 Y157.317 I16.913 J-.13 E.0979
G1 X197.683 Y168.463 E.62676
G3 X194.462 Y167.496 I2.422 J-13.919 E.13404
G1 X187.179 Y160.213 E.40952
; stop printing object 圆柱体 id:2235774478336 copy 0
; printing object 圆柱体 id:2235774478336 copy 0
G1 E-.9
G1 Z22.3 F7200
G1 X155.381 Y140.98 Z22.3
G1 Z21.9
G1 E.9 F2400
M205 X3 Y3
;TYPE:Inner wall
G1 X156.466 Y141.052 E.04325
G3 X153.048 Y141.109 I-1.476 J13.949 E3.36815
G3 X155.341 Y140.978 I1.963 J14.265 E.09142
M205 X7 Y7
G1 X155.078 Y140.581 F7200
M205 X3 Y3
G1 F2400
G1 X155.361 Y140.58 E.01126
G3 X152.992 Y140.714 I-.372 J14.42 E3.50943
G3 X154.497 Y140.585 I2.018 J14.667 E.06006
G1 X155.038 Y140.581 E.02154
M205 X7 Y7
G1 X154.908 Y140.183 F7200
M205 X3 Y3
G1 F2400
G1 X155.368 Y140.182 E.0183
G3 X152.426 Y140.4 I-.378 J14.819 E3.58588
G3 X154.483 Y140.192 I2.7 J16.422 E.08227
G1 X154.868 Y140.184 E.01532
M204 T500
G1 X154.435 Y139.736 F7200
;TYPE:Outer wall
G1 F1800
G1 X154.467 Y139.736 E.00129
G3 X155.376 Y139.732 I.533 J15.264 E.03616
G3 X169.637 Y150.64 I-.377 J15.269 E.76313
G3 X153.935 Y139.764 I-14.637 J4.36 E2.99516
G1 X154.395 Y139.738 E.01832
M204 T1000
M205 X7 Y7
G1 E-.9 F2400
G1 Z22.3 F7200
G1 X167.821 Y149.787 Z22.3
G1 Z21.9
G1 E.9 F2400
;TYPE:Sparse infill
G1 X160.538 Y142.504 E.40952
G2 X157.31 Y141.53 I-5.538 J12.522 E.1344
G1 X168.465 Y152.685 E.62725
G3 X168.661 Y155.135 I-19.131 J2.762 E.0978
G1 X154.864 Y141.338 E.77582
G2 X152.787 Y141.516 I.196 J14.507 E.08294
G1 X168.482 Y157.21 E.88252
G3 X168.054 Y159.037 I-11.843 J-1.812 E.07466
G1 X150.96 Y141.944 E.96118
G2 X149.33 Y142.567 I10.427 J29.727 E.06943
G1 X167.433 Y160.67 E1.018
G3 X166.652 Y162.144 I-12.288 J-5.571 E.06634
G1 X147.861 Y143.353 E1.05666
G2 X146.533 Y144.279 I5.563 J9.384 E.06443
G1 X165.721 Y163.467 E1.07894
G3 X164.661 Y164.661 I-11.202 J-8.872 E.06353
G1 X145.339 Y145.339 E1.08651
G2 X144.279 Y146.533 I7.674 J7.876 E.06355
G1 X163.467 Y165.721 E1.07894
G3 X162.144 Y166.652 I-10.497 J-13.506 E.06435
G1 X143.353 Y147.861 E1.05666
G2 X142.567 Y149.33 I9.708 J6.139 E.06628
G1 X160.672 Y167.435 E1.0181
G3 X159.035 Y168.052 I-6.827 J-15.616 E.06959
G1 X141.946 Y150.963 E.96095
G2 X141.518 Y152.79 I11.416 J3.638 E.07466
G1 X157.213 Y168.484 E.88252
G3 X155.139 Y168.664 I-2.146 J-12.674 E.08287
G1 X141.339 Y154.865 E.77596
G2 X141.537 Y157.317 I16.913 J-.13 E.0979
G1 X152.683 Y168.463 E.62676
G3 X149.462 Y167.496 I2.422 J-13.919 E.13404
G1 X142.179 Y160.213 E.40952
; stop printing object 圆柱体 id:2235774478336 copy 0
;LAYER_CHANGE
;Z:22.14
;HEIGHT:0.24
;BEFORE_LAYER_CHANGE
;22.14
G92 E0

;AFTER_LAYER_CHANGE
;22.14
;_SET_FAN_SPEED_CHANGING_LAYER
; printing object 圆柱体 id:2235774478336 copy 0
G1 E-.9 F2400
G1 Z22.54 F7200
G1 X200.377 Y140.98 Z22.54
G1 Z22.14
G1 E.9 F2400
M205 X3 Y3
;TYPE:Inner wall
G1 X201.466 Y141.052 E.04338
G3 X198.048 Y141.109 I-1.476 J13.949 E3.3681
G3 X200.337 Y140.978 I1.963 J14.269 E.09129
M205 X7 Y7
G1 X200.075 Y140.581 F7200
M205 X3 Y3
G1 F2400
G1 X200.366 Y140.58 E.01156
G3 X197.992 Y140.714 I-.376 J14.421 E3.50931
G3 X199.497 Y140.585 I2.019 J14.671 E.06006
G1 X200.035 Y140.581 E.0214
M205 X7 Y7
G1 X199.905 Y140.183 F7200
M205 X3 Y3
G1 F2400
G1 X200.372 Y140.182 E.01861
G3 X197.426 Y140.4 I-.382 J14.818 E3.58567
M73 P68 R35
G3 X199.483 Y140.192 I2.7 J16.421 E.08227
G1 X199.865 Y140.184 E.01518
M204 T500
G1 X199.431 Y139.736 F7200
;TYPE:Outer wall
G1 F1800
G1 X199.467 Y139.743 E.00146
G3 X200.38 Y139.732 I.663 J17.135 E.03631
G3 X197.348 Y139.957 I-.39 J15.268 E3.69466
G3 X198.935 Y139.772 I2.782 J16.921 E.06358
G1 X199.391 Y139.739 E.01818
M204 T1000
M205 X7 Y7
G1 E-.9 F2400
G1 Z22.54 F7200
G1 X212.821 Y149.787 Z22.54
G1 Z22.14
G1 E.9 F2400
;TYPE:Sparse infill
G1 X205.538 Y142.504 E.40952
G2 X202.31 Y141.53 I-5.54 J12.528 E.1344
G1 X213.463 Y152.683 E.62715
G3 X213.661 Y155.135 I-16.715 J2.582 E.0979
G1 X199.864 Y141.338 E.77582
G2 X197.787 Y141.516 I.195 J14.498 E.08294
G1 X213.482 Y157.21 E.88252
G3 X213.052 Y159.035 I-13.932 J-2.313 E.0746
G1 X195.96 Y141.944 E.96111
G2 X194.33 Y142.567 I10.426 J29.725 E.06943
G1 X212.435 Y160.672 E1.0181
G3 X211.65 Y162.142 I-12.283 J-5.611 E.06629
G1 X192.861 Y143.353 E1.05657
G2 X191.533 Y144.279 I5.563 J9.384 E.06443
G1 X210.721 Y163.467 E1.07895
G3 X209.661 Y164.661 I-8.713 J-6.667 E.06355
G1 X190.339 Y145.339 E1.08651
G2 X189.275 Y146.529 I7.979 J8.203 E.06353
G1 X208.467 Y165.721 E1.07917
G3 X207.144 Y166.652 I-10.497 J-13.506 E.06435
G1 X188.353 Y147.861 E1.05666
G2 X187.567 Y149.33 I9.708 J6.139 E.06628
G1 X205.67 Y167.433 E1.018
G3 X204.037 Y168.054 I-10.574 J-25.382 E.0695
G1 X186.946 Y150.963 E.96102
G2 X186.518 Y152.79 I11.415 J3.638 E.07466
G1 X202.215 Y168.486 E.88267
G3 X200.135 Y168.661 I-2.792 J-20.85 E.08303
G1 X186.339 Y154.865 E.77577
G2 X186.537 Y157.317 I16.913 J-.13 E.0979
G1 X197.683 Y168.463 E.62676
G3 X194.462 Y167.496 I2.422 J-13.919 E.13404
G1 X187.179 Y160.213 E.40952
; stop printing object 圆柱体 id:2235774478336 copy 0
; printing object 圆柱体 id:2235774478336 copy 0
G1 E-.9
G1 Z22.54 F7200
G1 X155.377 Y140.98 Z22.54
G1 Z22.14
G1 E.9 F2400
M205 X3 Y3
;TYPE:Inner wall
G1 X156.466 Y141.052 E.04338
G3 X153.048 Y141.109 I-1.476 J13.949 E3.3681
G3 X155.337 Y140.978 I1.963 J14.269 E.09129
M205 X7 Y7
G1 X155.075 Y140.581 F7200
M205 X3 Y3
G1 F2400
G1 X155.366 Y140.58 E.01156
G3 X152.992 Y140.714 I-.376 J14.421 E3.50931
G3 X154.497 Y140.585 I2.019 J14.671 E.06006
G1 X155.035 Y140.581 E.0214
M205 X7 Y7
G1 X154.905 Y140.183 F7200
M205 X3 Y3
G1 F2400
G1 X155.372 Y140.182 E.01861
G3 X152.426 Y140.4 I-.382 J14.818 E3.58567
G3 X154.483 Y140.192 I2.7 J16.421 E.08227
G1 X154.865 Y140.184 E.01518
M204 T500
G1 X154.431 Y139.736 F7200
;TYPE:Outer wall
G1 F1800
G1 X154.467 Y139.743 E.00146
G3 X155.38 Y139.732 I.663 J17.135 E.03631
G3 X152.348 Y139.957 I-.39 J15.268 E3.69466
M73 P69 R35
G3 X153.935 Y139.772 I2.782 J16.921 E.06358
G1 X154.391 Y139.739 E.01818
M204 T1000
M205 X7 Y7
G1 E-.9 F2400
G1 Z22.54 F7200
G1 X167.821 Y149.787 Z22.54
G1 Z22.14
G1 E.9 F2400
;TYPE:Sparse infill
G1 X160.538 Y142.504 E.40952
G2 X157.31 Y141.53 I-5.54 J12.528 E.1344
G1 X168.463 Y152.683 E.62715
G3 X168.661 Y155.135 I-16.715 J2.582 E.0979
G1 X154.864 Y141.338 E.77582
G2 X152.787 Y141.516 I.195 J14.498 E.08294
G1 X168.482 Y157.21 E.88252
G3 X168.052 Y159.035 I-13.932 J-2.313 E.0746
G1 X150.96 Y141.944 E.96111
G2 X149.33 Y142.567 I10.426 J29.725 E.06943
G1 X167.435 Y160.672 E1.0181
G3 X166.65 Y162.142 I-12.283 J-5.611 E.06629
G1 X147.861 Y143.353 E1.05657
G2 X146.533 Y144.279 I5.563 J9.384 E.06443
G1 X165.721 Y163.467 E1.07895
G3 X164.661 Y164.661 I-8.713 J-6.667 E.06355
G1 X145.339 Y145.339 E1.08651
G2 X144.275 Y146.529 I7.979 J8.203 E.06353
G1 X163.467 Y165.721 E1.07917
G3 X162.144 Y166.652 I-10.497 J-13.506 E.06435
G1 X143.353 Y147.861 E1.05666
G2 X142.567 Y149.33 I9.708 J6.139 E.06628
G1 X160.67 Y167.433 E1.018
G3 X159.037 Y168.054 I-10.574 J-25.382 E.0695
G1 X141.946 Y150.963 E.96102
G2 X141.518 Y152.79 I11.415 J3.638 E.07466
G1 X157.215 Y168.486 E.88267
G3 X155.135 Y168.661 I-2.792 J-20.85 E.08303
G1 X141.339 Y154.865 E.77577
G2 X141.537 Y157.317 I16.913 J-.13 E.0979
G1 X152.683 Y168.463 E.62676
G3 X149.462 Y167.496 I2.422 J-13.919 E.13404
G1 X142.179 Y160.213 E.40952
; stop printing object 圆柱体 id:2235774478336 copy 0
;LAYER_CHANGE
;Z:22.38
;HEIGHT:0.24
;BEFORE_LAYER_CHANGE
;22.38
G92 E0

;AFTER_LAYER_CHANGE
;22.38
;_SET_FAN_SPEED_CHANGING_LAYER
; printing object 圆柱体 id:2235774478336 copy 0
G1 E-.9 F2400
G1 Z22.78 F7200
G1 X200.374 Y140.979 Z22.78
G1 Z22.38
G1 E.9 F2400
M205 X3 Y3
;TYPE:Inner wall
G1 X201.466 Y141.051 E.0435
G3 X198.048 Y141.109 I-1.476 J13.949 E3.36806
G3 X200.334 Y140.978 I1.964 J14.274 E.09117
M205 X7 Y7
G1 X200.072 Y140.581 F7200
M205 X3 Y3
G1 F2400
G1 X200.37 Y140.58 E.01185
G3 X197.992 Y140.714 I-.38 J14.42 E3.50913
G3 X199.497 Y140.585 I2.019 J14.676 E.06006
G1 X200.032 Y140.581 E.02128
M205 X7 Y7
G1 X199.901 Y140.183 F7200
M205 X3 Y3
G1 F2400
G1 X200.377 Y140.182 E.0189
G3 X197.937 Y140.319 I-.388 J14.819 E3.60618
G3 X199.483 Y140.186 I2.075 J15.078 E.06172
G1 X199.861 Y140.183 E.01506
M204 T500
G1 X199.428 Y139.736 F7200
;TYPE:Outer wall
G1 F1800
G1 X199.467 Y139.743 E.00159
G3 X200.385 Y139.732 I.663 J17.134 E.03648
G3 X197.348 Y139.957 I-.394 J15.268 E3.6945
G3 X198.935 Y139.772 I2.782 J16.919 E.06358
G1 X199.388 Y139.739 E.01805
M204 T1000
M205 X7 Y7
G1 E-.9 F2400
G1 Z22.78 F7200
G1 X212.821 Y149.787 Z22.78
G1 Z22.38
G1 E.9 F2400
;TYPE:Sparse infill
G1 X205.538 Y142.504 E.40952
G2 X202.317 Y141.537 I-5.417 J12.197 E.13408
G1 X213.463 Y152.683 E.62676
G3 X213.661 Y155.135 I-16.715 J2.582 E.0979
G1 X199.864 Y141.338 E.77582
G2 X197.787 Y141.516 I.194 J14.489 E.08294
G1 X213.482 Y157.21 E.88252
G3 X213.054 Y159.037 I-11.843 J-1.812 E.07466
G1 X195.96 Y141.944 E.96118
G2 X194.33 Y142.567 I10.429 J29.732 E.06943
G1 X212.435 Y160.672 E1.0181
G3 X211.65 Y162.142 I-12.283 J-5.611 E.06629
G1 X192.861 Y143.353 E1.05657
G2 X191.533 Y144.279 I5.563 J9.385 E.06443
G1 X210.721 Y163.467 E1.07894
G3 X209.661 Y164.661 I-8.734 J-6.682 E.06355
M73 P69 R34
G1 X190.339 Y145.339 E1.08651
G2 X189.279 Y146.533 I7.674 J7.876 E.06355
G1 X208.467 Y165.721 E1.07894
G3 X207.144 Y166.652 I-10.497 J-13.505 E.06435
G1 X188.353 Y147.861 E1.05666
G2 X187.565 Y149.328 I13.687 J8.294 E.06622
G1 X205.672 Y167.435 E1.0182
G3 X204.035 Y168.052 I-6.826 J-15.615 E.06959
G1 X186.946 Y150.963 E.96095
G2 X186.518 Y152.79 I11.415 J3.638 E.07466
G1 X202.213 Y168.484 E.88252
G3 X200.139 Y168.664 I-2.146 J-12.674 E.08287
G1 X186.333 Y154.859 E.7763
G2 X186.535 Y157.315 I36.341 J-1.753 E.09802
G1 X197.683 Y168.463 E.62686
G3 X194.462 Y167.496 I2.422 J-13.918 E.13404
G1 X187.179 Y160.213 E.40952
; stop printing object 圆柱体 id:2235774478336 copy 0
; printing object 圆柱体 id:2235774478336 copy 0
G1 E-.9
G1 Z22.78 F7200
G1 X155.374 Y140.979 Z22.78
G1 Z22.38
G1 E.9 F2400
M205 X3 Y3
;TYPE:Inner wall
G1 X156.466 Y141.051 E.0435
G3 X153.048 Y141.109 I-1.476 J13.949 E3.36806
G3 X155.334 Y140.978 I1.964 J14.274 E.09117
M205 X7 Y7
G1 X155.072 Y140.581 F7200
M205 X3 Y3
G1 F2400
G1 X155.37 Y140.58 E.01185
G3 X152.992 Y140.714 I-.38 J14.42 E3.50913
G3 X154.497 Y140.585 I2.019 J14.676 E.06006
G1 X155.032 Y140.581 E.02128
M205 X7 Y7
G1 X154.901 Y140.183 F7200
M205 X3 Y3
G1 F2400
G1 X155.377 Y140.182 E.0189
G3 X152.937 Y140.319 I-.388 J14.819 E3.60618
G3 X154.483 Y140.186 I2.075 J15.078 E.06172
G1 X154.861 Y140.183 E.01506
M204 T500
G1 X154.428 Y139.736 F7200
;TYPE:Outer wall
G1 F1800
G1 X154.467 Y139.743 E.00159
G3 X155.385 Y139.732 I.663 J17.134 E.03648
G3 X152.348 Y139.957 I-.394 J15.268 E3.6945
G3 X153.935 Y139.772 I2.782 J16.919 E.06358
G1 X154.388 Y139.739 E.01805
M204 T1000
M205 X7 Y7
G1 E-.9 F2400
G1 Z22.78 F7200
G1 X167.821 Y149.787 Z22.78
G1 Z22.38
G1 E.9 F2400
;TYPE:Sparse infill
G1 X160.538 Y142.504 E.40952
G2 X157.317 Y141.537 I-5.417 J12.197 E.13408
G1 X168.463 Y152.683 E.62676
G3 X168.661 Y155.135 I-16.715 J2.582 E.0979
G1 X154.864 Y141.338 E.77582
G2 X152.787 Y141.516 I.194 J14.489 E.08294
G1 X168.482 Y157.21 E.88252
G3 X168.054 Y159.037 I-11.843 J-1.812 E.07466
G1 X150.96 Y141.944 E.96118
G2 X149.33 Y142.567 I10.429 J29.732 E.06943
G1 X167.435 Y160.672 E1.0181
G3 X166.65 Y162.142 I-12.283 J-5.611 E.06629
G1 X147.861 Y143.353 E1.05657
G2 X146.533 Y144.279 I5.563 J9.385 E.06443
G1 X165.721 Y163.467 E1.07894
G3 X164.661 Y164.661 I-8.734 J-6.682 E.06355
G1 X145.339 Y145.339 E1.08651
G2 X144.279 Y146.533 I7.674 J7.876 E.06355
G1 X163.467 Y165.721 E1.07894
G3 X162.144 Y166.652 I-10.497 J-13.505 E.06435
G1 X143.353 Y147.861 E1.05666
G2 X142.565 Y149.328 I13.687 J8.294 E.06622
G1 X160.672 Y167.435 E1.0182
G3 X159.035 Y168.052 I-6.826 J-15.615 E.06959
G1 X141.946 Y150.963 E.96095
G2 X141.518 Y152.79 I11.415 J3.638 E.07466
G1 X157.213 Y168.484 E.88252
G3 X155.139 Y168.664 I-2.146 J-12.674 E.08287
G1 X141.333 Y154.859 E.7763
G2 X141.535 Y157.315 I36.341 J-1.753 E.09802
G1 X152.683 Y168.463 E.62686
G3 X149.462 Y167.496 I2.422 J-13.918 E.13404
G1 X142.179 Y160.213 E.40952
; stop printing object 圆柱体 id:2235774478336 copy 0
;LAYER_CHANGE
;Z:22.62
;HEIGHT:0.240002
;BEFORE_LAYER_CHANGE
;22.62
G92 E0

;AFTER_LAYER_CHANGE
;22.62
;_SET_FAN_SPEED_CHANGING_LAYER
; printing object 圆柱体 id:2235774478336 copy 0
G1 E-.9 F2400
G1 Z23.02 F7200
G1 X200.392 Y140.98 Z23.02
G1 Z22.62
G1 E.9 F2400
M205 X3 Y3
;TYPE:Inner wall
G1 X201.466 Y141.051 E.04281
G3 X198.412 Y141.064 I-1.466 J13.946 E3.38165
G3 X200.352 Y140.978 I1.598 J14.161 E.07727
M205 X7 Y7
G1 X200.089 Y140.581 F7200
M205 X3 Y3
G1 F2400
G1 X200.374 Y140.58 E.01131
G3 X198.363 Y140.668 I-.374 J14.416 E3.52278
M73 P70 R34
G3 X199.497 Y140.585 I1.646 J14.55 E.04519
G1 X200.049 Y140.581 E.02198
M205 X7 Y7
G1 X199.899 Y140.183 F7200
M205 X3 Y3
G1 F2400
G1 X200.381 Y140.182 E.01917
G3 X198.315 Y140.273 I-.381 J14.815 E3.6201
G3 X199.483 Y140.186 I1.695 J14.94 E.04658
G1 X199.859 Y140.183 E.01495
M204 T500
G1 X199.425 Y139.737 F7200
;TYPE:Outer wall
G1 F1800
G1 X199.467 Y139.737 E.00166
G3 X200.389 Y139.732 I.547 J15.58 E.03665
G3 X197.348 Y139.957 I-.398 J15.269 E3.69444
G3 X198.935 Y139.765 I2.667 J15.36 E.0636
G1 X199.385 Y139.739 E.01795
M204 T1000
M205 X7 Y7
G1 E-.9 F2400
G1 Z23.02 F7200
G1 X212.821 Y149.787 Z23.02
G1 Z22.62
G1 E.9 F2400
;TYPE:Sparse infill
G1 X205.538 Y142.504 E.40952
G2 X202.317 Y141.537 I-5.417 J12.197 E.13408
G1 X213.472 Y152.692 E.62727
G3 X213.661 Y155.135 I-18.476 J2.656 E.0975
G1 X199.864 Y141.339 E.77582
G2 X197.787 Y141.516 I.193 J14.481 E.08294
G1 X213.482 Y157.21 E.88252
G3 X213.052 Y159.035 I-13.931 J-2.313 E.0746
G1 X195.96 Y141.944 E.96111
G2 X194.33 Y142.567 I10.427 J29.727 E.06943
G1 X212.433 Y160.67 E1.01799
G3 X211.65 Y162.142 I-11.52 J-5.182 E.06632
G1 X192.861 Y143.353 E1.05657
G2 X191.533 Y144.279 I5.563 J9.384 E.06443
G1 X210.722 Y163.468 E1.079
G3 X209.661 Y164.661 I-13.267 J-10.724 E.06351
G1 X190.339 Y145.339 E1.08651
G2 X189.279 Y146.533 I7.674 J7.876 E.06355
G1 X208.467 Y165.721 E1.07894
G3 X207.144 Y166.652 I-10.496 J-13.505 E.06435
G1 X188.353 Y147.861 E1.05666
G2 X187.565 Y149.328 I13.687 J8.293 E.06622
G1 X205.672 Y167.435 E1.0182
G3 X204.035 Y168.052 I-6.826 J-15.615 E.06959
G1 X186.946 Y150.963 E.96095
G2 X186.518 Y152.79 I11.415 J3.638 E.07466
G1 X202.213 Y168.484 E.88252
G3 X200.139 Y168.664 I-2.146 J-12.674 E.08287
G1 X186.339 Y154.865 E.77596
G2 X186.537 Y157.317 I16.913 J-.13 E.0979
G1 X197.685 Y168.464 E.62684
G3 X194.462 Y167.496 I2.45 J-14.002 E.1341
G1 X187.179 Y160.213 E.40952
; stop printing object 圆柱体 id:2235774478336 copy 0
; printing object 圆柱体 id:2235774478336 copy 0
G1 E-.9
G1 Z23.02 F7200
G1 X155.392 Y140.98 Z23.02
G1 Z22.62
G1 E.9 F2400
M205 X3 Y3
;TYPE:Inner wall
G1 X156.466 Y141.051 E.04281
G3 X153.412 Y141.064 I-1.466 J13.946 E3.38165
G3 X155.352 Y140.978 I1.598 J14.161 E.07727
M205 X7 Y7
G1 X155.089 Y140.581 F7200
M205 X3 Y3
G1 F2400
G1 X155.374 Y140.58 E.01131
G3 X153.363 Y140.668 I-.374 J14.416 E3.52278
M73 P70 R33
G3 X154.497 Y140.585 I1.646 J14.55 E.04519
G1 X155.049 Y140.581 E.02198
M205 X7 Y7
G1 X154.899 Y140.183 F7200
M205 X3 Y3
G1 F2400
G1 X155.381 Y140.182 E.01917
G3 X153.315 Y140.273 I-.381 J14.815 E3.6201
G3 X154.483 Y140.186 I1.695 J14.94 E.04658
G1 X154.859 Y140.183 E.01495
M204 T500
G1 X154.425 Y139.737 F7200
;TYPE:Outer wall
G1 F1800
G1 X154.467 Y139.737 E.00166
G3 X155.389 Y139.732 I.547 J15.58 E.03665
G3 X152.348 Y139.957 I-.398 J15.269 E3.69444
G3 X153.935 Y139.765 I2.667 J15.36 E.0636
G1 X154.385 Y139.739 E.01795
M204 T1000
M205 X7 Y7
G1 E-.9 F2400
G1 Z23.02 F7200
G1 X167.821 Y149.787 Z23.02
G1 Z22.62
G1 E.9 F2400
;TYPE:Sparse infill
G1 X160.538 Y142.504 E.40952
G2 X157.317 Y141.537 I-5.417 J12.197 E.13408
G1 X168.472 Y152.692 E.62727
G3 X168.661 Y155.135 I-18.476 J2.656 E.0975
G1 X154.864 Y141.339 E.77582
G2 X152.787 Y141.516 I.193 J14.481 E.08294
G1 X168.482 Y157.21 E.88252
G3 X168.052 Y159.035 I-13.931 J-2.313 E.0746
G1 X150.96 Y141.944 E.96111
G2 X149.33 Y142.567 I10.427 J29.727 E.06943
G1 X167.433 Y160.67 E1.01799
G3 X166.65 Y162.142 I-11.52 J-5.182 E.06632
G1 X147.861 Y143.353 E1.05657
G2 X146.533 Y144.279 I5.563 J9.384 E.06443
G1 X165.722 Y163.468 E1.079
G3 X164.661 Y164.661 I-13.267 J-10.724 E.06351
G1 X145.339 Y145.339 E1.08651
G2 X144.279 Y146.533 I7.674 J7.876 E.06355
G1 X163.467 Y165.721 E1.07894
G3 X162.144 Y166.652 I-10.496 J-13.505 E.06435
G1 X143.353 Y147.861 E1.05666
G2 X142.565 Y149.328 I13.687 J8.293 E.06622
G1 X160.672 Y167.435 E1.0182
G3 X159.035 Y168.052 I-6.826 J-15.615 E.06959
G1 X141.946 Y150.963 E.96095
G2 X141.518 Y152.79 I11.415 J3.638 E.07466
G1 X157.213 Y168.484 E.88252
G3 X155.139 Y168.664 I-2.146 J-12.674 E.08287
G1 X141.339 Y154.865 E.77596
G2 X141.537 Y157.317 I16.913 J-.13 E.0979
G1 X152.685 Y168.464 E.62684
G3 X149.462 Y167.496 I2.45 J-14.002 E.1341
G1 X142.179 Y160.213 E.40952
; stop printing object 圆柱体 id:2235774478336 copy 0
;LAYER_CHANGE
;Z:22.86
;HEIGHT:0.24
;BEFORE_LAYER_CHANGE
;22.86
G92 E0

;AFTER_LAYER_CHANGE
;22.86
;_SET_FAN_SPEED_CHANGING_LAYER
; printing object 圆柱体 id:2235774478336 copy 0
G1 E-.9 F2400
G1 Z23.26 F7200
G1 X200.371 Y140.979 Z23.26
G1 Z22.86
G1 E.9 F2400
M205 X3 Y3
;TYPE:Inner wall
G3 X198.048 Y141.109 I-.381 J14.022 E3.41171
G3 X200.331 Y140.978 I1.965 J14.284 E.09104
M205 X7 Y7
G1 X200.067 Y140.581 F7200
M205 X3 Y3
G1 F2400
G1 X200.378 Y140.58 E.01236
G3 X197.992 Y140.714 I-.388 J14.419 E3.50862
G3 X199.497 Y140.585 I2.02 J14.685 E.06006
G1 X200.027 Y140.581 E.0211
M205 X7 Y7
G1 X199.896 Y140.183 F7200
M205 X3 Y3
G1 F2400
G1 X200.385 Y140.182 E.01943
G3 X197.937 Y140.319 I-.395 J14.819 E3.60585
G3 X199.483 Y140.186 I2.076 J15.087 E.06172
G1 X199.856 Y140.183 E.01486
M204 T500
G1 X199.423 Y139.737 F7200
;TYPE:Outer wall
G1 F1800
G1 X199.467 Y139.743 E.00178
G3 X200.393 Y139.732 I.662 J17.131 E.03681
G3 X197.348 Y139.957 I-.402 J15.269 E3.69426
G3 X198.935 Y139.772 I2.782 J16.917 E.06358
G1 X199.383 Y139.739 E.01786
M204 T1000
M205 X7 Y7
G1 E-.9 F2400
G1 Z23.26 F7200
G1 X212.821 Y149.787 Z23.26
G1 Z22.86
G1 E.9 F2400
;TYPE:Sparse infill
G1 X205.538 Y142.504 E.40952
G2 X202.31 Y141.53 I-5.547 J12.547 E.13442
G1 X213.463 Y152.683 E.62717
G3 X213.661 Y155.135 I-16.715 J2.582 E.0979
G1 X199.864 Y141.339 E.77581
G2 X197.787 Y141.516 I.192 J14.472 E.08295
G1 X213.482 Y157.21 E.88252
G3 X213.054 Y159.037 I-11.843 J-1.812 E.07466
G1 X195.96 Y141.944 E.96118
G2 X194.33 Y142.567 I10.426 J29.725 E.06943
G1 X212.435 Y160.672 E1.0181
G3 X211.65 Y162.142 I-12.283 J-5.611 E.06629
G1 X192.861 Y143.353 E1.05657
G2 X191.528 Y144.274 I9.497 J15.16 E.06445
G1 X210.721 Y163.467 E1.07923
G3 X209.661 Y164.661 I-11.202 J-8.872 E.06353
G1 X190.339 Y145.339 E1.08651
G2 X189.279 Y146.533 I7.674 J7.876 E.06355
G1 X208.467 Y165.721 E1.07894
G3 X207.139 Y166.647 I-6.891 J-8.458 E.06443
G1 X188.353 Y147.861 E1.05639
G2 X187.567 Y149.33 I9.708 J6.139 E.06628
G1 X205.672 Y167.435 E1.0181
G3 X204.035 Y168.052 I-6.827 J-15.617 E.06959
G1 X186.946 Y150.963 E.96095
G2 X186.518 Y152.79 I11.415 J3.638 E.07466
G1 X202.213 Y168.484 E.88252
G3 X200.139 Y168.664 I-2.146 J-12.674 E.08287
G1 X186.339 Y154.865 E.77596
G2 X186.537 Y157.317 I16.912 J-.13 E.0979
G1 X197.683 Y168.463 E.62676
G3 X194.462 Y167.496 I2.196 J-13.164 E.13408
G1 X187.179 Y160.213 E.40952
; stop printing object 圆柱体 id:2235774478336 copy 0
; printing object 圆柱体 id:2235774478336 copy 0
G1 E-.9
G1 Z23.26 F7200
G1 X155.371 Y140.979 Z23.26
G1 Z22.86
G1 E.9 F2400
M205 X3 Y3
;TYPE:Inner wall
G3 X153.048 Y141.109 I-.381 J14.022 E3.41171
M73 P71 R33
G3 X155.331 Y140.978 I1.965 J14.284 E.09104
M205 X7 Y7
G1 X155.067 Y140.581 F7200
M205 X3 Y3
G1 F2400
G1 X155.378 Y140.58 E.01236
G3 X152.992 Y140.714 I-.388 J14.419 E3.50862
G3 X154.497 Y140.585 I2.02 J14.685 E.06006
G1 X155.027 Y140.581 E.0211
M205 X7 Y7
G1 X154.896 Y140.183 F7200
M205 X3 Y3
G1 F2400
G1 X155.385 Y140.182 E.01943
G3 X152.937 Y140.319 I-.395 J14.819 E3.60585
G3 X154.483 Y140.186 I2.076 J15.087 E.06172
G1 X154.856 Y140.183 E.01486
M204 T500
G1 X154.423 Y139.737 F7200
;TYPE:Outer wall
G1 F1800
G1 X154.467 Y139.743 E.00178
G3 X155.393 Y139.732 I.662 J17.131 E.03681
G3 X152.348 Y139.957 I-.402 J15.269 E3.69426
G3 X153.935 Y139.772 I2.782 J16.917 E.06358
G1 X154.383 Y139.739 E.01786
M204 T1000
M205 X7 Y7
G1 E-.9 F2400
G1 Z23.26 F7200
G1 X167.821 Y149.787 Z23.26
G1 Z22.86
G1 E.9 F2400
;TYPE:Sparse infill
G1 X160.538 Y142.504 E.40952
G2 X157.31 Y141.53 I-5.547 J12.547 E.13442
G1 X168.463 Y152.683 E.62717
G3 X168.661 Y155.135 I-16.715 J2.582 E.0979
G1 X154.864 Y141.339 E.77581
G2 X152.787 Y141.516 I.192 J14.472 E.08295
G1 X168.482 Y157.21 E.88252
G3 X168.054 Y159.037 I-11.843 J-1.812 E.07466
G1 X150.96 Y141.944 E.96118
G2 X149.33 Y142.567 I10.426 J29.725 E.06943
G1 X167.435 Y160.672 E1.0181
G3 X166.65 Y162.142 I-12.283 J-5.611 E.06629
G1 X147.861 Y143.353 E1.05657
G2 X146.528 Y144.274 I9.497 J15.16 E.06445
M73 P71 R32
G1 X165.721 Y163.467 E1.07923
G3 X164.661 Y164.661 I-11.202 J-8.872 E.06353
G1 X145.339 Y145.339 E1.08651
G2 X144.279 Y146.533 I7.674 J7.876 E.06355
G1 X163.467 Y165.721 E1.07894
G3 X162.139 Y166.647 I-6.891 J-8.458 E.06443
G1 X143.353 Y147.861 E1.05639
G2 X142.567 Y149.33 I9.708 J6.139 E.06628
G1 X160.672 Y167.435 E1.0181
G3 X159.035 Y168.052 I-6.827 J-15.617 E.06959
G1 X141.946 Y150.963 E.96095
G2 X141.518 Y152.79 I11.415 J3.638 E.07466
G1 X157.213 Y168.484 E.88252
G3 X155.139 Y168.664 I-2.146 J-12.674 E.08287
G1 X141.339 Y154.865 E.77596
G2 X141.537 Y157.317 I16.912 J-.13 E.0979
G1 X152.683 Y168.463 E.62676
G3 X149.462 Y167.496 I2.196 J-13.164 E.13408
G1 X142.179 Y160.213 E.40952
; stop printing object 圆柱体 id:2235774478336 copy 0
;LAYER_CHANGE
;Z:23.1
;HEIGHT:0.24
;BEFORE_LAYER_CHANGE
;23.1
G92 E0

;AFTER_LAYER_CHANGE
;23.1
;_SET_FAN_SPEED_CHANGING_LAYER
; printing object 圆柱体 id:2235774478336 copy 0
G1 E-.9 F2400
G1 Z23.5 F7200
G1 X200.392 Y140.98 Z23.5
G1 Z23.1
G1 E.9 F2400
M205 X3 Y3
;TYPE:Inner wall
G1 X201.466 Y141.051 E.04279
G3 X198.42 Y141.063 I-1.466 J13.949 E3.38279
G3 X200.352 Y140.978 I1.591 J14.195 E.07695
M205 X7 Y7
G1 X200.086 Y140.581 F7200
M205 X3 Y3
G1 F2400
G1 X200.382 Y140.58 E.01179
G3 X198.372 Y140.667 I-.382 J14.419 E3.52361
G3 X199.497 Y140.585 I1.639 J14.583 E.04486
G1 X200.046 Y140.581 E.02183
M205 X7 Y7
G1 X199.895 Y140.183 F7200
M205 X3 Y3
G1 F2400
G1 X200.389 Y140.182 E.01966
G3 X198.323 Y140.272 I-.389 J14.818 E3.62095
G3 X199.483 Y140.186 I1.687 J14.972 E.04624
G1 X199.855 Y140.183 E.0148
M204 T500
G1 X199.421 Y139.737 F7200
;TYPE:Outer wall
G1 F1800
G1 X199.467 Y139.736 E.00182
G3 X200.397 Y139.732 I.534 J15.264 E.03699
G3 X214.643 Y150.66 I-.421 J15.299 E.7629
G3 X195.41 Y169.567 I-14.644 J4.34 E1.31429
G3 X198.935 Y139.764 I4.591 J-14.567 E1.68005
G1 X199.381 Y139.739 E.01779
M204 T1000
M205 X7 Y7
G1 E-.9 F2400
G1 Z23.5 F7200
G1 X212.821 Y149.787 Z23.5
G1 Z23.1
G1 E.9 F2400
;TYPE:Sparse infill
G1 X205.538 Y142.504 E.40952
G2 X202.309 Y141.53 I-5.55 J12.554 E.13443
G1 X213.47 Y152.691 E.6276
G3 X213.661 Y155.135 I-14.242 J2.338 E.09761
G1 X199.864 Y141.339 E.77581
G2 X197.787 Y141.516 I.191 J14.463 E.08295
G1 X213.482 Y157.21 E.88252
G3 X213.054 Y159.037 I-11.843 J-1.812 E.07466
G1 X195.96 Y141.944 E.96118
G2 X194.33 Y142.567 I10.426 J29.726 E.06943
G1 X212.435 Y160.672 E1.0181
G3 X211.65 Y162.142 I-12.283 J-5.611 E.06629
G1 X192.861 Y143.353 E1.05657
G2 X191.533 Y144.279 I5.563 J9.385 E.06443
G1 X210.721 Y163.467 E1.07894
G3 X209.661 Y164.661 I-11.202 J-8.872 E.06353
G1 X190.339 Y145.339 E1.08651
G2 X189.279 Y146.533 I7.674 J7.876 E.06355
G1 X208.467 Y165.721 E1.07894
G3 X207.144 Y166.652 I-10.496 J-13.505 E.06435
G1 X188.353 Y147.861 E1.05666
G2 X187.567 Y149.33 I9.708 J6.139 E.06628
G1 X205.672 Y167.435 E1.0181
G3 X204.037 Y168.054 I-11.48 J-27.874 E.06954
G1 X186.945 Y150.962 E.9611
G2 X186.518 Y152.79 I11.695 J3.693 E.0747
G1 X202.215 Y168.486 E.88267
G3 X200.135 Y168.661 I-2.792 J-20.85 E.08303
G1 X186.339 Y154.865 E.77577
G2 X186.537 Y157.317 I16.912 J-.13 E.0979
G1 X197.683 Y168.463 E.62676
G3 X194.462 Y167.496 I2.422 J-13.919 E.13404
G1 X187.179 Y160.213 E.40952
; stop printing object 圆柱体 id:2235774478336 copy 0
; printing object 圆柱体 id:2235774478336 copy 0
G1 E-.9
G1 Z23.5 F7200
G1 X155.392 Y140.98 Z23.5
G1 Z23.1
G1 E.9 F2400
M205 X3 Y3
;TYPE:Inner wall
G1 X156.466 Y141.051 E.04279
G3 X153.42 Y141.063 I-1.466 J13.949 E3.38279
G3 X155.352 Y140.978 I1.591 J14.195 E.07695
M205 X7 Y7
G1 X155.086 Y140.581 F7200
M205 X3 Y3
G1 F2400
G1 X155.382 Y140.58 E.01179
G3 X153.372 Y140.667 I-.382 J14.419 E3.52361
G3 X154.497 Y140.585 I1.639 J14.583 E.04486
G1 X155.046 Y140.581 E.02183
M205 X7 Y7
G1 X154.895 Y140.183 F7200
M205 X3 Y3
G1 F2400
G1 X155.389 Y140.182 E.01966
G3 X153.323 Y140.272 I-.389 J14.818 E3.62095
G3 X154.483 Y140.186 I1.687 J14.972 E.04624
G1 X154.855 Y140.183 E.0148
M204 T500
G1 X154.421 Y139.737 F7200
;TYPE:Outer wall
G1 F1800
G1 X154.467 Y139.736 E.00182
G3 X155.397 Y139.732 I.534 J15.264 E.03699
G3 X169.643 Y150.66 I-.421 J15.299 E.7629
G3 X150.41 Y169.567 I-14.644 J4.34 E1.31429
G3 X153.935 Y139.764 I4.591 J-14.567 E1.68005
G1 X154.381 Y139.739 E.01779
M204 T1000
M205 X7 Y7
G1 E-.9 F2400
G1 Z23.5 F7200
G1 X167.821 Y149.787 Z23.5
G1 Z23.1
G1 E.9 F2400
;TYPE:Sparse infill
G1 X160.538 Y142.504 E.40952
G2 X157.309 Y141.53 I-5.55 J12.554 E.13443
G1 X168.47 Y152.691 E.6276
G3 X168.661 Y155.135 I-14.242 J2.338 E.09761
G1 X154.864 Y141.339 E.77581
G2 X152.787 Y141.516 I.191 J14.463 E.08295
G1 X168.482 Y157.21 E.88252
G3 X168.054 Y159.037 I-11.843 J-1.812 E.07466
G1 X150.96 Y141.944 E.96118
G2 X149.33 Y142.567 I10.426 J29.726 E.06943
G1 X167.435 Y160.672 E1.0181
G3 X166.65 Y162.142 I-12.283 J-5.611 E.06629
G1 X147.861 Y143.353 E1.05657
G2 X146.533 Y144.279 I5.563 J9.385 E.06443
G1 X165.721 Y163.467 E1.07894
G3 X164.661 Y164.661 I-11.202 J-8.872 E.06353
G1 X145.339 Y145.339 E1.08651
G2 X144.279 Y146.533 I7.674 J7.876 E.06355
G1 X163.467 Y165.721 E1.07894
G3 X162.144 Y166.652 I-10.496 J-13.505 E.06435
G1 X143.353 Y147.861 E1.05666
G2 X142.567 Y149.33 I9.708 J6.139 E.06628
G1 X160.672 Y167.435 E1.0181
G3 X159.037 Y168.054 I-11.48 J-27.874 E.06954
G1 X141.945 Y150.962 E.9611
G2 X141.518 Y152.79 I11.695 J3.693 E.0747
M73 P72 R32
G1 X157.215 Y168.486 E.88267
G3 X155.135 Y168.661 I-2.792 J-20.85 E.08303
G1 X141.339 Y154.865 E.77577
G2 X141.537 Y157.317 I16.912 J-.13 E.0979
G1 X152.683 Y168.463 E.62676
G3 X149.462 Y167.496 I2.422 J-13.919 E.13404
G1 X142.179 Y160.213 E.40952
; stop printing object 圆柱体 id:2235774478336 copy 0
;LAYER_CHANGE
;Z:23.34
;HEIGHT:0.24
;BEFORE_LAYER_CHANGE
;23.34
G92 E0

;AFTER_LAYER_CHANGE
;23.34
;_SET_FAN_SPEED_CHANGING_LAYER
; printing object 圆柱体 id:2235774478336 copy 0
G1 E-.9 F2400
G1 Z23.74 F7200
G1 X200.367 Y140.979 Z23.74
G1 Z23.34
G1 E.9 F2400
M205 X3 Y3
;TYPE:Inner wall
G1 X200.379 Y140.979 E.00048
G3 X198.048 Y141.109 I-.388 J14.021 E3.41126
M73 P72 R31
G3 X199.51 Y140.983 I1.966 J14.294 E.0584
G1 X200.327 Y140.979 E.03248
M205 X7 Y7
G1 X200.065 Y140.581 F7200
M205 X3 Y3
G1 F2400
G1 X200.386 Y140.58 E.01279
G3 X197.992 Y140.714 I-.396 J14.419 E3.50833
G3 X199.497 Y140.585 I2.021 J14.696 E.06006
G1 X200.025 Y140.581 E.021
M205 X7 Y7
G1 X199.894 Y140.183 F7200
M205 X3 Y3
G1 F2400
G1 X200.393 Y140.182 E.01987
G3 X197.937 Y140.319 I-.403 J14.818 E3.6054
G3 X199.483 Y140.186 I2.077 J15.097 E.06172
G1 X199.854 Y140.183 E.01475
M204 T500
G1 X199.42 Y139.737 F7200
;TYPE:Outer wall
G1 F1800
G1 X199.467 Y139.737 E.00186
G3 X200.401 Y139.732 I.546 J15.687 E.03715
G3 X197.874 Y139.874 I-.412 J15.268 E3.71515
G3 X198.935 Y139.764 I2.139 J15.551 E.0424
G1 X199.38 Y139.739 E.01775
M204 T1000
M205 X7 Y7
G1 E-.9 F2400
G1 Z23.74 F7200
G1 X212.821 Y149.787 Z23.74
G1 Z23.34
G1 E.9 F2400
;TYPE:Sparse infill
G1 X205.538 Y142.504 E.40952
G2 X202.317 Y141.537 I-5.417 J12.197 E.13408
G1 X213.463 Y152.683 E.62676
G3 X213.661 Y155.135 I-16.715 J2.582 E.0979
G1 X199.864 Y141.339 E.77581
G2 X197.787 Y141.516 I.19 J14.455 E.08295
G1 X213.482 Y157.21 E.88252
G3 X213.055 Y159.038 I-12.111 J-1.863 E.0747
G1 X195.96 Y141.944 E.96126
G2 X194.33 Y142.567 I10.427 J29.728 E.06943
G1 X212.435 Y160.672 E1.0181
G3 X211.65 Y162.142 I-12.282 J-5.611 E.06629
G1 X192.861 Y143.353 E1.05657
G2 X191.533 Y144.279 I5.563 J9.384 E.06443
G1 X210.722 Y163.467 E1.07899
G3 X209.661 Y164.661 I-13.02 J-10.502 E.06351
G1 X190.339 Y145.339 E1.08651
G2 X189.279 Y146.533 I7.674 J7.876 E.06355
G1 X208.467 Y165.721 E1.07894
G3 X207.144 Y166.652 I-10.496 J-13.505 E.06435
G1 X188.353 Y147.861 E1.05666
G2 X187.567 Y149.33 I9.709 J6.139 E.06628
G1 X205.672 Y167.435 E1.0181
G3 X204.035 Y168.052 I-6.826 J-15.615 E.06959
G1 X186.946 Y150.963 E.96095
G2 X186.518 Y152.79 I11.415 J3.638 E.07466
G1 X202.213 Y168.484 E.88252
G3 X200.139 Y168.664 I-2.146 J-12.674 E.08287
G1 X186.333 Y154.859 E.7763
G2 X186.536 Y157.315 I35.085 J-1.653 E.09803
G1 X197.683 Y168.463 E.62685
G3 X194.463 Y167.497 I2.204 J-13.198 E.13402
G1 X187.179 Y160.213 E.40958
; stop printing object 圆柱体 id:2235774478336 copy 0
; printing object 圆柱体 id:2235774478336 copy 0
G1 E-.9
G1 Z23.74 F7200
G1 X155.367 Y140.979 Z23.74
G1 Z23.34
G1 E.9 F2400
M205 X3 Y3
;TYPE:Inner wall
G1 X155.379 Y140.979 E.00048
G3 X153.048 Y141.109 I-.388 J14.021 E3.41126
G3 X154.51 Y140.983 I1.966 J14.294 E.0584
G1 X155.327 Y140.979 E.03248
M205 X7 Y7
G1 X155.065 Y140.581 F7200
M205 X3 Y3
G1 F2400
G1 X155.386 Y140.58 E.01279
G3 X152.992 Y140.714 I-.396 J14.419 E3.50833
G3 X154.497 Y140.585 I2.021 J14.696 E.06006
G1 X155.025 Y140.581 E.021
M205 X7 Y7
G1 X154.894 Y140.183 F7200
M205 X3 Y3
G1 F2400
G1 X155.393 Y140.182 E.01987
G3 X152.937 Y140.319 I-.403 J14.818 E3.6054
G3 X154.483 Y140.186 I2.077 J15.097 E.06172
G1 X154.854 Y140.183 E.01475
M204 T500
G1 X154.42 Y139.737 F7200
;TYPE:Outer wall
G1 F1800
G1 X154.467 Y139.737 E.00186
G3 X155.401 Y139.732 I.546 J15.687 E.03715
G3 X152.874 Y139.874 I-.412 J15.268 E3.71515
G3 X153.935 Y139.764 I2.139 J15.551 E.0424
G1 X154.38 Y139.739 E.01775
M204 T1000
M205 X7 Y7
G1 E-.9 F2400
G1 Z23.74 F7200
G1 X167.821 Y149.787 Z23.74
G1 Z23.34
G1 E.9 F2400
;TYPE:Sparse infill
G1 X160.538 Y142.504 E.40952
G2 X157.317 Y141.537 I-5.417 J12.197 E.13408
G1 X168.463 Y152.683 E.62676
G3 X168.661 Y155.135 I-16.715 J2.582 E.0979
G1 X154.864 Y141.339 E.77581
G2 X152.787 Y141.516 I.19 J14.455 E.08295
G1 X168.482 Y157.21 E.88252
G3 X168.055 Y159.038 I-12.111 J-1.863 E.0747
G1 X150.96 Y141.944 E.96126
G2 X149.33 Y142.567 I10.427 J29.728 E.06943
G1 X167.435 Y160.672 E1.0181
G3 X166.65 Y162.142 I-12.282 J-5.611 E.06629
G1 X147.861 Y143.353 E1.05657
G2 X146.533 Y144.279 I5.563 J9.384 E.06443
G1 X165.722 Y163.467 E1.07899
G3 X164.661 Y164.661 I-13.02 J-10.502 E.06351
G1 X145.339 Y145.339 E1.08651
G2 X144.279 Y146.533 I7.674 J7.876 E.06355
G1 X163.467 Y165.721 E1.07894
G3 X162.144 Y166.652 I-10.496 J-13.505 E.06435
G1 X143.353 Y147.861 E1.05666
G2 X142.567 Y149.33 I9.709 J6.139 E.06628
G1 X160.672 Y167.435 E1.0181
G3 X159.035 Y168.052 I-6.826 J-15.615 E.06959
G1 X141.946 Y150.963 E.96095
G2 X141.518 Y152.79 I11.415 J3.638 E.07466
G1 X157.213 Y168.484 E.88252
G3 X155.139 Y168.664 I-2.146 J-12.674 E.08287
G1 X141.333 Y154.859 E.7763
G2 X141.536 Y157.315 I35.085 J-1.653 E.09803
G1 X152.683 Y168.463 E.62685
G3 X149.463 Y167.497 I2.204 J-13.198 E.13402
G1 X142.179 Y160.213 E.40958
; stop printing object 圆柱体 id:2235774478336 copy 0
;LAYER_CHANGE
;Z:23.58
;HEIGHT:0.24
;BEFORE_LAYER_CHANGE
;23.58
G92 E0

;AFTER_LAYER_CHANGE
;23.58
;_SET_FAN_SPEED_CHANGING_LAYER
; printing object 圆柱体 id:2235774478336 copy 0
G1 E-.9 F2400
G1 Z23.98 F7200
G1 X200.393 Y140.979 Z23.98
G1 Z23.58
G1 E.9 F2400
M205 X3 Y3
;TYPE:Inner wall
G1 X201.466 Y141.051 E.04278
G3 X198.429 Y141.062 I-1.466 J13.948 E3.38291
G3 X200.353 Y140.978 I1.584 J14.232 E.07663
M205 X7 Y7
G1 X200.084 Y140.581 F7200
M205 X3 Y3
G1 F2400
G1 X200.391 Y140.58 E.01219
G3 X198.38 Y140.666 I-.391 J14.418 E3.52339
G3 X199.497 Y140.585 I1.632 J14.619 E.04453
G1 X200.044 Y140.581 E.02177
M205 X7 Y7
G1 X199.903 Y140.183 F7200
M205 X3 Y3
G1 F2400
G1 X200.398 Y140.182 E.01965
G3 X198.331 Y140.271 I-.398 J14.817 E3.62071
G3 X199.483 Y140.186 I1.68 J15.006 E.04591
G1 X199.863 Y140.183 E.01514
M204 T500
G1 X199.42 Y139.737 F7200
;TYPE:Outer wall
G1 F1800
G1 X199.467 Y139.737 E.00188
G3 X200.405 Y139.732 I.545 J15.532 E.03732
G3 X198.277 Y139.824 I-.406 J15.267 E3.73062
G3 X198.935 Y139.764 I1.735 J15.444 E.02627
G1 X199.38 Y139.739 E.01773
M204 T1000
M205 X7 Y7
G1 E-.9 F2400
G1 Z23.98 F7200
G1 X212.821 Y149.787 Z23.98
G1 Z23.58
G1 E.9 F2400
;TYPE:Sparse infill
G1 X205.538 Y142.504 E.40952
G2 X202.317 Y141.537 I-5.417 J12.197 E.13408
G1 X213.463 Y152.683 E.62676
G3 X213.661 Y155.135 I-16.715 J2.582 E.0979
G1 X199.864 Y141.339 E.77581
G2 X197.787 Y141.516 I.189 J14.447 E.08295
G1 X213.482 Y157.211 E.88256
G3 X213.054 Y159.037 I-12.535 J-1.979 E.07463
M73 P72 R30
G1 X195.96 Y141.944 E.96118
G2 X194.33 Y142.567 I10.427 J29.727 E.06943
G1 X212.435 Y160.672 E1.0181
G3 X211.65 Y162.142 I-12.283 J-5.611 E.06629
G1 X192.861 Y143.353 E1.05657
G2 X191.533 Y144.279 I5.563 J9.385 E.06443
M73 P73 R30
G1 X210.721 Y163.467 E1.07894
G3 X209.661 Y164.661 I-11.202 J-8.872 E.06353
G1 X190.339 Y145.339 E1.08651
G2 X189.279 Y146.533 I7.674 J7.876 E.06355
G1 X208.467 Y165.721 E1.07894
G3 X207.144 Y166.652 I-10.496 J-13.505 E.06435
G1 X188.353 Y147.861 E1.05666
G2 X187.567 Y149.33 I9.708 J6.139 E.06628
G1 X205.672 Y167.435 E1.0181
G3 X204.035 Y168.052 I-6.826 J-15.615 E.06959
G1 X186.946 Y150.963 E.96095
G2 X186.518 Y152.79 I11.415 J3.638 E.07466
G1 X202.213 Y168.484 E.88252
G3 X200.139 Y168.664 I-2.146 J-12.674 E.08287
G1 X186.339 Y154.865 E.77596
G2 X186.537 Y157.317 I16.913 J-.13 E.0979
G1 X197.684 Y168.464 E.62683
G3 X194.462 Y167.496 I2.446 J-13.989 E.13409
G1 X187.179 Y160.213 E.40952
; stop printing object 圆柱体 id:2235774478336 copy 0
; printing object 圆柱体 id:2235774478336 copy 0
G1 E-.9
G1 Z23.98 F7200
G1 X155.393 Y140.979 Z23.98
G1 Z23.58
G1 E.9 F2400
M205 X3 Y3
;TYPE:Inner wall
G1 X156.466 Y141.051 E.04278
G3 X153.429 Y141.062 I-1.466 J13.948 E3.38291
G3 X155.353 Y140.978 I1.584 J14.232 E.07663
M205 X7 Y7
G1 X155.084 Y140.581 F7200
M205 X3 Y3
G1 F2400
G1 X155.391 Y140.58 E.01219
G3 X153.38 Y140.666 I-.391 J14.418 E3.52339
G3 X154.497 Y140.585 I1.632 J14.619 E.04453
G1 X155.044 Y140.581 E.02177
M205 X7 Y7
G1 X154.903 Y140.183 F7200
M205 X3 Y3
G1 F2400
G1 X155.398 Y140.182 E.01965
G3 X153.331 Y140.271 I-.398 J14.817 E3.62071
G3 X154.483 Y140.186 I1.68 J15.006 E.04591
G1 X154.863 Y140.183 E.01514
M204 T500
G1 X154.42 Y139.737 F7200
;TYPE:Outer wall
G1 F1800
G1 X154.467 Y139.737 E.00188
G3 X155.405 Y139.732 I.545 J15.532 E.03732
G3 X153.277 Y139.824 I-.406 J15.267 E3.73062
G3 X153.935 Y139.764 I1.735 J15.444 E.02627
G1 X154.38 Y139.739 E.01773
M204 T1000
M205 X7 Y7
G1 E-.9 F2400
G1 Z23.98 F7200
G1 X167.821 Y149.787 Z23.98
G1 Z23.58
G1 E.9 F2400
;TYPE:Sparse infill
G1 X160.538 Y142.504 E.40952
G2 X157.317 Y141.537 I-5.417 J12.197 E.13408
G1 X168.463 Y152.683 E.62676
G3 X168.661 Y155.135 I-16.715 J2.582 E.0979
G1 X154.864 Y141.339 E.77581
G2 X152.787 Y141.516 I.189 J14.447 E.08295
G1 X168.482 Y157.211 E.88256
G3 X168.054 Y159.037 I-12.535 J-1.979 E.07463
G1 X150.96 Y141.944 E.96118
G2 X149.33 Y142.567 I10.427 J29.727 E.06943
G1 X167.435 Y160.672 E1.0181
G3 X166.65 Y162.142 I-12.283 J-5.611 E.06629
G1 X147.861 Y143.353 E1.05657
G2 X146.533 Y144.279 I5.563 J9.385 E.06443
G1 X165.721 Y163.467 E1.07894
G3 X164.661 Y164.661 I-11.202 J-8.872 E.06353
G1 X145.339 Y145.339 E1.08651
G2 X144.279 Y146.533 I7.674 J7.876 E.06355
G1 X163.467 Y165.721 E1.07894
G3 X162.144 Y166.652 I-10.496 J-13.505 E.06435
G1 X143.353 Y147.861 E1.05666
G2 X142.567 Y149.33 I9.708 J6.139 E.06628
G1 X160.672 Y167.435 E1.0181
G3 X159.035 Y168.052 I-6.826 J-15.615 E.06959
G1 X141.946 Y150.963 E.96095
G2 X141.518 Y152.79 I11.415 J3.638 E.07466
G1 X157.213 Y168.484 E.88252
G3 X155.139 Y168.664 I-2.146 J-12.674 E.08287
G1 X141.339 Y154.865 E.77596
G2 X141.537 Y157.317 I16.913 J-.13 E.0979
G1 X152.684 Y168.464 E.62683
G3 X149.462 Y167.496 I2.446 J-13.989 E.13409
G1 X142.179 Y160.213 E.40952
; stop printing object 圆柱体 id:2235774478336 copy 0
;LAYER_CHANGE
;Z:23.82
;HEIGHT:0.24
;BEFORE_LAYER_CHANGE
;23.82
G92 E0

;AFTER_LAYER_CHANGE
;23.82
;_SET_FAN_SPEED_CHANGING_LAYER
; printing object 圆柱体 id:2235774478336 copy 0
G1 E-.9 F2400
G1 Z24.22 F7200
G1 X200.367 Y140.979 Z24.22
G1 Z23.82
G1 E.9 F2400
M205 X3 Y3
;TYPE:Inner wall
G1 X200.388 Y140.979 E.00083
G3 X195.569 Y141.692 I-.388 J14.017 E3.30868
G3 X199.51 Y140.983 I4.438 J13.356 E.15978
G1 X200.327 Y140.979 E.03247
M205 X7 Y7
G1 X200.065 Y140.581 F7200
M205 X3 Y3
G1 F2400
G1 X200.395 Y140.581 E.01313
G3 X197.992 Y140.714 I-.404 J14.42 E3.50814
G3 X199.497 Y140.585 I2.022 J14.706 E.06006
G1 X200.025 Y140.581 E.02099
M205 X7 Y7
G1 X199.893 Y140.183 F7200
M205 X3 Y3
G1 F2400
G1 X200.402 Y140.182 E.02022
G3 X197.937 Y140.319 I-.411 J14.818 E3.60521
G3 X199.483 Y140.186 I2.078 J15.107 E.06172
G1 X199.853 Y140.184 E.01473
M204 T500
G1 X199.42 Y139.737 F7200
;TYPE:Outer wall
G1 F1800
G1 X199.467 Y139.736 E.00188
G3 X200.41 Y139.732 I.533 J15.264 E.03749
G3 X214.647 Y150.672 I-.412 J15.271 E.76313
G3 X198.935 Y139.764 I-14.647 J4.329 E2.99401
G1 X199.38 Y139.739 E.01773
M204 T1000
M205 X7 Y7
G1 E-.9 F2400
G1 Z24.22 F7200
G1 X212.821 Y149.787 Z24.22
G1 Z23.82
G1 E.9 F2400
;TYPE:Sparse infill
G1 X205.538 Y142.504 E.40952
G2 X202.309 Y141.529 I-5.557 J12.575 E.13445
G1 X213.463 Y152.683 E.6272
G3 X213.661 Y155.135 I-16.715 J2.582 E.0979
G1 X199.864 Y141.339 E.77581
G2 X197.787 Y141.516 I.188 J14.438 E.08295
G1 X213.482 Y157.21 E.88252
G3 X213.054 Y159.037 I-11.843 J-1.812 E.07466
G1 X195.96 Y141.944 E.96118
G2 X194.33 Y142.567 I10.426 J29.725 E.06943
G1 X212.435 Y160.672 E1.0181
G3 X211.652 Y162.144 I-16.946 J-8.072 E.06629
G1 X192.861 Y143.353 E1.05666
G2 X191.533 Y144.279 I5.563 J9.384 E.06443
G1 X210.722 Y163.467 E1.07899
G3 X209.661 Y164.661 I-9.447 J-7.326 E.06354
G1 X190.339 Y145.339 E1.08651
G2 X189.279 Y146.533 I7.674 J7.876 E.06355
G1 X208.467 Y165.721 E1.07894
G3 X207.144 Y166.652 I-10.496 J-13.505 E.06435
G1 X188.348 Y147.856 E1.05692
G2 X187.567 Y149.33 I11.506 J7.044 E.06634
G1 X205.672 Y167.435 E1.0181
G3 X204.035 Y168.052 I-6.826 J-15.615 E.06959
G1 X186.946 Y150.963 E.96095
G2 X186.518 Y152.789 I12.078 J3.798 E.07463
G1 X202.213 Y168.484 E.88255
G3 X200.139 Y168.664 I-2.146 J-12.674 E.08287
G1 X186.339 Y154.865 E.77596
G2 X186.537 Y157.317 I16.913 J-.13 E.0979
G1 X197.683 Y168.463 E.62676
G3 X194.462 Y167.496 I2.422 J-13.919 E.13404
G1 X187.179 Y160.213 E.40952
; stop printing object 圆柱体 id:2235774478336 copy 0
; printing object 圆柱体 id:2235774478336 copy 0
G1 E-.9
G1 Z24.22 F7200
G1 X155.367 Y140.979 Z24.22
G1 Z23.82
G1 E.9 F2400
M205 X3 Y3
;TYPE:Inner wall
G1 X155.388 Y140.979 E.00083
G3 X150.569 Y141.692 I-.388 J14.017 E3.30868
M73 P73 R29
G3 X154.51 Y140.983 I4.438 J13.356 E.15978
G1 X155.327 Y140.979 E.03247
M205 X7 Y7
G1 X155.065 Y140.581 F7200
M205 X3 Y3
G1 F2400
G1 X155.395 Y140.581 E.01313
G3 X152.992 Y140.714 I-.404 J14.42 E3.50814
G3 X154.497 Y140.585 I2.022 J14.706 E.06006
G1 X155.025 Y140.581 E.02099
M205 X7 Y7
G1 X154.893 Y140.183 F7200
M205 X3 Y3
G1 F2400
G1 X155.402 Y140.182 E.02022
G3 X152.937 Y140.319 I-.411 J14.818 E3.60521
G3 X154.483 Y140.186 I2.078 J15.107 E.06172
G1 X154.853 Y140.184 E.01473
M204 T500
G1 X154.42 Y139.737 F7200
;TYPE:Outer wall
G1 F1800
G1 X154.467 Y139.736 E.00188
G3 X155.41 Y139.732 I.533 J15.264 E.03749
G3 X169.647 Y150.672 I-.412 J15.271 E.76313
G3 X153.935 Y139.764 I-14.647 J4.329 E2.99401
G1 X154.38 Y139.739 E.01773
M204 T1000
M205 X7 Y7
G1 E-.9 F2400
G1 Z24.22 F7200
G1 X167.821 Y149.787 Z24.22
G1 Z23.82
G1 E.9 F2400
;TYPE:Sparse infill
G1 X160.538 Y142.504 E.40952
G2 X157.309 Y141.529 I-5.557 J12.575 E.13445
G1 X168.463 Y152.683 E.6272
G3 X168.661 Y155.135 I-16.715 J2.582 E.0979
M73 P74 R29
G1 X154.864 Y141.339 E.77581
G2 X152.787 Y141.516 I.188 J14.438 E.08295
G1 X168.482 Y157.21 E.88252
G3 X168.054 Y159.037 I-11.843 J-1.812 E.07466
G1 X150.96 Y141.944 E.96118
G2 X149.33 Y142.567 I10.426 J29.725 E.06943
G1 X167.435 Y160.672 E1.0181
G3 X166.652 Y162.144 I-16.946 J-8.072 E.06629
G1 X147.861 Y143.353 E1.05666
G2 X146.533 Y144.279 I5.563 J9.384 E.06443
G1 X165.722 Y163.467 E1.07899
G3 X164.661 Y164.661 I-9.447 J-7.326 E.06354
G1 X145.339 Y145.339 E1.08651
G2 X144.279 Y146.533 I7.674 J7.876 E.06355
G1 X163.467 Y165.721 E1.07894
G3 X162.144 Y166.652 I-10.496 J-13.505 E.06435
G1 X143.348 Y147.856 E1.05692
G2 X142.567 Y149.33 I11.506 J7.044 E.06634
G1 X160.672 Y167.435 E1.0181
G3 X159.035 Y168.052 I-6.826 J-15.615 E.06959
G1 X141.946 Y150.963 E.96095
G2 X141.518 Y152.789 I12.078 J3.798 E.07463
G1 X157.213 Y168.484 E.88255
G3 X155.139 Y168.664 I-2.146 J-12.674 E.08287
G1 X141.339 Y154.865 E.77596
G2 X141.537 Y157.317 I16.913 J-.13 E.0979
G1 X152.683 Y168.463 E.62676
G3 X149.462 Y167.496 I2.422 J-13.919 E.13404
G1 X142.179 Y160.213 E.40952
; stop printing object 圆柱体 id:2235774478336 copy 0
;LAYER_CHANGE
;Z:24.06
;HEIGHT:0.24
;BEFORE_LAYER_CHANGE
;24.06
G92 E0

;AFTER_LAYER_CHANGE
;24.06
;_SET_FAN_SPEED_CHANGING_LAYER
; printing object 圆柱体 id:2235774478336 copy 0
G1 E-.9 F2400
G1 Z24.46 F7200
G1 X200.39 Y140.979 Z24.46
G1 Z24.06
G1 E.9 F2400
M205 X3 Y3
;TYPE:Inner wall
G1 X200.392 Y140.979 E.00009
G3 X198.534 Y141.049 I-.402 J14.021 E3.43033
G3 X199.511 Y140.989 I1.636 J18.735 E.03892
G1 X200.35 Y140.98 E.03337
M205 X7 Y7
G1 X200.085 Y140.581 F7200
M205 X3 Y3
G1 F2400
G1 X200.399 Y140.581 E.0125
G3 X198.388 Y140.665 I-.399 J14.419 E3.52363
G3 X199.497 Y140.585 I1.625 J14.657 E.04419
G1 X200.045 Y140.581 E.0218
M205 X7 Y7
G1 X199.904 Y140.183 F7200
M205 X3 Y3
G1 F2400
G1 X200.406 Y140.182 E.01996
G3 X198.34 Y140.27 I-.406 J14.817 E3.62097
G3 X199.483 Y140.186 I1.674 J15.043 E.04558
G1 X199.864 Y140.184 E.01516
M204 T500
G1 X199.42 Y139.737 F7200
;TYPE:Outer wall
G1 F1800
G1 X199.467 Y139.737 E.00185
G3 X200.414 Y139.732 I.546 J15.567 E.03765
G3 X198.285 Y139.823 I-.414 J15.267 E3.73089
G3 X198.935 Y139.764 I1.728 J15.48 E.02594
G1 X199.38 Y139.739 E.01775
M204 T1000
M205 X7 Y7
G1 E-.9 F2400
G1 Z24.46 F7200
G1 X212.821 Y149.787 Z24.46
G1 Z24.06
G1 E.9 F2400
;TYPE:Sparse infill
G1 X205.538 Y142.504 E.40952
G2 X202.309 Y141.529 I-5.56 J12.582 E.13445
G1 X213.464 Y152.685 E.62728
G3 X213.661 Y155.135 I-18.378 J2.707 E.09783
G1 X199.864 Y141.339 E.7758
G2 X197.787 Y141.516 I.187 J14.43 E.08295
G1 X213.482 Y157.21 E.88252
G3 X213.052 Y159.035 I-13.932 J-2.313 E.0746
G1 X195.96 Y141.944 E.96111
G2 X194.33 Y142.567 I10.428 J29.73 E.06943
G1 X212.435 Y160.672 E1.0181
G3 X211.652 Y162.144 I-16.947 J-8.072 E.06629
G1 X192.861 Y143.353 E1.05666
G2 X191.528 Y144.274 I9.497 J15.161 E.06445
G1 X210.722 Y163.468 E1.07929
G3 X209.661 Y164.661 I-8.84 J-6.791 E.06354
G1 X190.339 Y145.339 E1.08651
G2 X189.275 Y146.529 I7.979 J8.203 E.06353
G1 X208.467 Y165.721 E1.07917
G3 X207.144 Y166.652 I-10.496 J-13.505 E.06435
G1 X188.353 Y147.861 E1.05666
G2 X187.567 Y149.33 I9.709 J6.139 E.06628
G1 X205.67 Y167.433 E1.018
G3 X204.037 Y168.054 I-10.574 J-25.38 E.0695
G1 X186.946 Y150.963 E.96102
G2 X186.518 Y152.79 I11.415 J3.638 E.07466
G1 X202.212 Y168.483 E.88245
G3 X200.139 Y168.664 I-2.432 J-15.852 E.08279
G1 X186.339 Y154.865 E.77596
G2 X186.537 Y157.317 I16.913 J-.13 E.0979
G1 X197.683 Y168.463 E.62676
G3 X194.462 Y167.496 I2.422 J-13.919 E.13404
G1 X187.179 Y160.213 E.40952
; stop printing object 圆柱体 id:2235774478336 copy 0
; printing object 圆柱体 id:2235774478336 copy 0
G1 E-.9
G1 Z24.46 F7200
G1 X155.39 Y140.979 Z24.46
G1 Z24.06
G1 E.9 F2400
M205 X3 Y3
;TYPE:Inner wall
G1 X155.392 Y140.979 E.00009
G3 X153.534 Y141.049 I-.402 J14.021 E3.43033
G3 X154.511 Y140.989 I1.636 J18.735 E.03892
G1 X155.35 Y140.98 E.03337
M205 X7 Y7
G1 X155.085 Y140.581 F7200
M205 X3 Y3
G1 F2400
G1 X155.399 Y140.581 E.0125
G3 X153.388 Y140.665 I-.399 J14.419 E3.52363
G3 X154.497 Y140.585 I1.625 J14.657 E.04419
G1 X155.045 Y140.581 E.0218
M205 X7 Y7
G1 X154.904 Y140.183 F7200
M205 X3 Y3
G1 F2400
G1 X155.406 Y140.182 E.01996
G3 X153.34 Y140.27 I-.406 J14.817 E3.62097
G3 X154.483 Y140.186 I1.674 J15.043 E.04558
G1 X154.864 Y140.184 E.01516
M204 T500
G1 X154.42 Y139.737 F7200
;TYPE:Outer wall
G1 F1800
G1 X154.467 Y139.737 E.00185
G3 X155.414 Y139.732 I.546 J15.567 E.03765
G3 X153.285 Y139.823 I-.414 J15.267 E3.73089
G3 X153.935 Y139.764 I1.728 J15.48 E.02594
G1 X154.38 Y139.739 E.01775
M204 T1000
M205 X7 Y7
G1 E-.9 F2400
G1 Z24.46 F7200
G1 X167.821 Y149.787 Z24.46
G1 Z24.06
G1 E.9 F2400
;TYPE:Sparse infill
G1 X160.538 Y142.504 E.40952
G2 X157.309 Y141.529 I-5.56 J12.582 E.13445
G1 X168.464 Y152.685 E.62728
G3 X168.661 Y155.135 I-18.378 J2.707 E.09783
M73 P74 R28
G1 X154.864 Y141.339 E.7758
G2 X152.787 Y141.516 I.187 J14.43 E.08295
G1 X168.482 Y157.21 E.88252
G3 X168.052 Y159.035 I-13.932 J-2.313 E.0746
G1 X150.96 Y141.944 E.96111
G2 X149.33 Y142.567 I10.428 J29.73 E.06943
G1 X167.435 Y160.672 E1.0181
G3 X166.652 Y162.144 I-16.947 J-8.072 E.06629
G1 X147.861 Y143.353 E1.05666
G2 X146.528 Y144.274 I9.497 J15.161 E.06445
G1 X165.722 Y163.468 E1.07929
G3 X164.661 Y164.661 I-8.84 J-6.791 E.06354
G1 X145.339 Y145.339 E1.08651
G2 X144.275 Y146.529 I7.979 J8.203 E.06353
G1 X163.467 Y165.721 E1.07917
G3 X162.144 Y166.652 I-10.496 J-13.505 E.06435
G1 X143.353 Y147.861 E1.05666
G2 X142.567 Y149.33 I9.709 J6.139 E.06628
G1 X160.67 Y167.433 E1.018
G3 X159.037 Y168.054 I-10.574 J-25.38 E.0695
G1 X141.946 Y150.963 E.96102
G2 X141.518 Y152.79 I11.415 J3.638 E.07466
G1 X157.212 Y168.483 E.88245
G3 X155.139 Y168.664 I-2.432 J-15.852 E.08279
G1 X141.339 Y154.865 E.77596
G2 X141.537 Y157.317 I16.913 J-.13 E.0979
G1 X152.683 Y168.463 E.62676
G3 X149.462 Y167.496 I2.422 J-13.919 E.13404
G1 X142.179 Y160.213 E.40952
; stop printing object 圆柱体 id:2235774478336 copy 0
;LAYER_CHANGE
;Z:24.3
;HEIGHT:0.24
;BEFORE_LAYER_CHANGE
;24.3
G92 E0

;AFTER_LAYER_CHANGE
;24.3
;_SET_FAN_SPEED_CHANGING_LAYER
; printing object 圆柱体 id:2235774478336 copy 0
G1 E-.9 F2400
G1 Z24.7 F7200
G1 X200.391 Y140.979 Z24.7
G1 Z24.3
G1 E.9 F2400
M205 X3 Y3
;TYPE:Inner wall
G1 X200.396 Y140.979 E.0002
G3 X198.534 Y141.049 I-.406 J14.02 E3.43006
G3 X199.511 Y140.989 I1.636 J18.724 E.03892
G1 X200.351 Y140.98 E.03343
M205 X7 Y7
G1 X200.067 Y140.581 F7200
M205 X3 Y3
G1 F2400
G1 X200.403 Y140.581 E.01338
G3 X212.689 Y148.14 I-.406 J14.424 E.60061
G3 X199.497 Y140.584 I-12.687 J6.857 E2.96625
G1 X200.027 Y140.582 E.02108
M205 X7 Y7
G1 X199.895 Y140.183 F7200
M205 X3 Y3
G1 F2400
G1 X200.41 Y140.182 E.02048
G3 X197.937 Y140.319 I-.419 J14.818 E3.60486
G3 X199.483 Y140.186 I2.079 J15.118 E.06172
G1 X199.855 Y140.184 E.01481
M204 T500
G1 X199.422 Y139.737 F7200
;TYPE:Outer wall
G1 F1800
G1 X199.467 Y139.737 E.0018
G3 X200.418 Y139.732 I.548 J15.708 E.03782
G3 X197.874 Y139.874 I-.427 J15.268 E3.71451
M73 P75 R28
G3 X198.935 Y139.764 I2.141 J15.571 E.0424
G1 X199.382 Y139.739 E.01781
M204 T1000
M205 X7 Y7
G1 E-.9 F2400
G1 Z24.7 F7200
G1 X212.821 Y149.787 Z24.7
G1 Z24.3
G1 E.9 F2400
;TYPE:Sparse infill
G1 X205.538 Y142.504 E.40952
G2 X202.309 Y141.53 I-6.369 J15.269 E.13432
G1 X213.463 Y152.683 E.62718
G3 X213.661 Y155.135 I-16.715 J2.582 E.0979
G1 X199.864 Y141.339 E.7758
G2 X197.787 Y141.516 I.186 J14.423 E.08295
G1 X213.482 Y157.21 E.88252
G3 X213.054 Y159.037 I-11.844 J-1.812 E.07466
G1 X195.96 Y141.944 E.96118
G2 X194.33 Y142.567 I10.428 J29.73 E.06943
G1 X212.433 Y160.67 E1.018
G3 X211.652 Y162.144 I-12.286 J-5.571 E.06634
G1 X192.861 Y143.353 E1.05666
G2 X191.533 Y144.279 I5.563 J9.384 E.06443
G1 X210.721 Y163.467 E1.07894
G3 X209.661 Y164.661 I-8.734 J-6.682 E.06355
G1 X190.339 Y145.339 E1.08651
G2 X189.279 Y146.533 I7.674 J7.876 E.06355
G1 X208.467 Y165.721 E1.07894
G3 X207.144 Y166.652 I-10.496 J-13.505 E.06435
G1 X188.353 Y147.861 E1.05666
G2 X187.567 Y149.33 I9.708 J6.139 E.06628
G1 X205.672 Y167.435 E1.0181
G3 X204.037 Y168.054 I-11.481 J-27.878 E.06954
G1 X186.945 Y150.962 E.96109
G2 X186.518 Y152.79 I11.638 J3.682 E.07469
G1 X202.215 Y168.486 E.88267
G3 X200.135 Y168.661 I-2.792 J-20.848 E.08303
G1 X186.333 Y154.859 E.7761
G2 X186.536 Y157.316 I33.917 J-1.56 E.09804
G1 X197.683 Y168.463 E.62683
G3 X194.462 Y167.496 I2.422 J-13.919 E.13404
G1 X187.179 Y160.213 E.40952
; stop printing object 圆柱体 id:2235774478336 copy 0
; printing object 圆柱体 id:2235774478336 copy 0
G1 E-.9
G1 Z24.7 F7200
G1 X155.391 Y140.979 Z24.7
G1 Z24.3
G1 E.9 F2400
M205 X3 Y3
;TYPE:Inner wall
G1 X155.396 Y140.979 E.0002
G3 X153.534 Y141.049 I-.406 J14.02 E3.43006
G3 X154.511 Y140.989 I1.636 J18.724 E.03892
G1 X155.351 Y140.98 E.03343
M205 X7 Y7
G1 X155.067 Y140.581 F7200
M205 X3 Y3
G1 F2400
G1 X155.403 Y140.581 E.01338
G3 X167.689 Y148.14 I-.406 J14.424 E.60061
G3 X154.497 Y140.584 I-12.687 J6.857 E2.96625
G1 X155.027 Y140.582 E.02108
M205 X7 Y7
G1 X154.895 Y140.183 F7200
M205 X3 Y3
G1 F2400
G1 X155.41 Y140.182 E.02048
G3 X152.937 Y140.319 I-.419 J14.818 E3.60486
G3 X154.483 Y140.186 I2.079 J15.118 E.06172
G1 X154.855 Y140.184 E.01481
M204 T500
G1 X154.422 Y139.737 F7200
;TYPE:Outer wall
G1 F1800
G1 X154.467 Y139.737 E.0018
G3 X155.418 Y139.732 I.548 J15.708 E.03782
G3 X152.874 Y139.874 I-.427 J15.268 E3.71451
G3 X153.935 Y139.764 I2.141 J15.571 E.0424
G1 X154.382 Y139.739 E.01781
M204 T1000
M205 X7 Y7
G1 E-.9 F2400
G1 Z24.7 F7200
G1 X167.821 Y149.787 Z24.7
G1 Z24.3
G1 E.9 F2400
;TYPE:Sparse infill
G1 X160.538 Y142.504 E.40952
G2 X157.309 Y141.53 I-6.369 J15.269 E.13432
G1 X168.463 Y152.683 E.62718
G3 X168.661 Y155.135 I-16.715 J2.582 E.0979
G1 X154.864 Y141.339 E.7758
G2 X152.787 Y141.516 I.186 J14.423 E.08295
G1 X168.482 Y157.21 E.88252
G3 X168.054 Y159.037 I-11.844 J-1.812 E.07466
G1 X150.96 Y141.944 E.96118
G2 X149.33 Y142.567 I10.428 J29.73 E.06943
G1 X167.433 Y160.67 E1.018
G3 X166.652 Y162.144 I-12.286 J-5.571 E.06634
G1 X147.861 Y143.353 E1.05666
G2 X146.533 Y144.279 I5.563 J9.384 E.06443
G1 X165.721 Y163.467 E1.07894
G3 X164.661 Y164.661 I-8.734 J-6.682 E.06355
G1 X145.339 Y145.339 E1.08651
G2 X144.279 Y146.533 I7.674 J7.876 E.06355
G1 X163.467 Y165.721 E1.07894
G3 X162.144 Y166.652 I-10.496 J-13.505 E.06435
G1 X143.353 Y147.861 E1.05666
G2 X142.567 Y149.33 I9.708 J6.139 E.06628
G1 X160.672 Y167.435 E1.0181
G3 X159.037 Y168.054 I-11.481 J-27.878 E.06954
G1 X141.945 Y150.962 E.96109
G2 X141.518 Y152.79 I11.638 J3.682 E.07469
G1 X157.215 Y168.486 E.88267
G3 X155.135 Y168.661 I-2.792 J-20.848 E.08303
G1 X141.333 Y154.859 E.7761
G2 X141.536 Y157.316 I33.917 J-1.56 E.09804
G1 X152.683 Y168.463 E.62683
G3 X149.462 Y167.496 I2.422 J-13.919 E.13404
G1 X142.179 Y160.213 E.40952
; stop printing object 圆柱体 id:2235774478336 copy 0
;LAYER_CHANGE
;Z:24.54
;HEIGHT:0.240002
;BEFORE_LAYER_CHANGE
;24.54
G92 E0

;AFTER_LAYER_CHANGE
;24.54
;_SET_FAN_SPEED_CHANGING_LAYER
; printing object 圆柱体 id:2235774478336 copy 0
G1 E-.9 F2400
G1 Z24.94 F7200
G1 X200.393 Y140.979 Z24.94
M73 P75 R27
G1 Z24.54
G1 E.9 F2400
M205 X3 Y3
;TYPE:Inner wall
G1 X200.4 Y140.979 E.0003
G3 X198.534 Y141.049 I-.41 J14.02 E3.42989
G3 X199.511 Y140.989 I1.635 J18.716 E.03892
G1 X200.353 Y140.98 E.03349
M205 X7 Y7
G1 X200.084 Y140.581 F7200
M205 X3 Y3
G1 F2400
G1 X200.407 Y140.581 E.01287
G3 X198.492 Y140.653 I-.418 J14.419 E3.52751
G3 X199.497 Y140.591 I1.682 J19.257 E.04003
G1 X200.044 Y140.582 E.02175
M205 X7 Y7
G1 X199.907 Y140.183 F7200
M205 X3 Y3
G1 F2400
G1 X200.414 Y140.182 E.02016
G3 X198.348 Y140.269 I-.415 J14.814 E3.62013
G3 X199.483 Y140.186 I1.667 J15.083 E.04524
G1 X199.867 Y140.184 E.01529
M204 T500
G1 X199.424 Y139.738 F7200
;TYPE:Outer wall
G1 F1800
G1 X199.467 Y139.737 E.00172
G3 X200.422 Y139.732 I.547 J15.604 E.03799
G3 X198.293 Y139.822 I-.422 J15.264 E3.73003
G1 X199.384 Y139.741 E.04349
M204 T1000
M205 X7 Y7
G1 E-.9 F2400
G1 Z24.94 F7200
G1 X212.821 Y149.787 Z24.94
G1 Z24.54
G1 E.9 F2400
;TYPE:Sparse infill
G1 X205.538 Y142.504 E.40952
G2 X202.309 Y141.53 I-6.369 J15.269 E.13432
G1 X213.472 Y152.692 E.62769
G3 X213.661 Y155.135 I-18.475 J2.656 E.0975
G1 X199.864 Y141.339 E.7758
G2 X197.787 Y141.516 I.185 J14.414 E.08295
G1 X213.482 Y157.211 E.88255
G3 X213.054 Y159.037 I-12.421 J-1.952 E.07464
G1 X195.96 Y141.944 E.96118
G2 X194.33 Y142.567 I10.428 J29.73 E.06943
G1 X212.435 Y160.672 E1.0181
G3 X211.65 Y162.142 I-12.283 J-5.611 E.06629
G1 X192.861 Y143.353 E1.05657
G2 X191.533 Y144.279 I5.563 J9.384 E.06443
G1 X210.721 Y163.467 E1.07894
G3 X209.661 Y164.661 I-11.202 J-8.872 E.06353
G1 X190.339 Y145.339 E1.08651
G2 X189.279 Y146.533 I7.674 J7.876 E.06355
G1 X208.467 Y165.721 E1.07894
G3 X207.144 Y166.652 I-10.497 J-13.506 E.06435
G1 X188.353 Y147.861 E1.05666
G2 X187.567 Y149.33 I9.709 J6.139 E.06628
G1 X205.672 Y167.435 E1.0181
G3 X204.035 Y168.052 I-6.826 J-15.614 E.06959
G1 X186.946 Y150.963 E.96095
G2 X186.518 Y152.79 I11.415 J3.638 E.07466
G1 X202.213 Y168.484 E.88252
G3 X200.139 Y168.664 I-2.146 J-12.674 E.08287
G1 X186.339 Y154.865 E.77596
G2 X186.537 Y157.317 I16.913 J-.13 E.0979
G1 X197.683 Y168.463 E.62676
G3 X194.462 Y167.496 I2.149 J-13.008 E.13409
G1 X187.179 Y160.213 E.40952
; stop printing object 圆柱体 id:2235774478336 copy 0
; printing object 圆柱体 id:2235774478336 copy 0
G1 E-.9
G1 Z24.94 F7200
G1 X155.393 Y140.979 Z24.94
G1 Z24.54
G1 E.9 F2400
M205 X3 Y3
;TYPE:Inner wall
G1 X155.4 Y140.979 E.0003
G3 X153.534 Y141.049 I-.41 J14.02 E3.42989
G3 X154.511 Y140.989 I1.635 J18.716 E.03892
G1 X155.353 Y140.98 E.03349
M205 X7 Y7
G1 X155.084 Y140.581 F7200
M205 X3 Y3
G1 F2400
G1 X155.407 Y140.581 E.01287
G3 X153.492 Y140.653 I-.418 J14.419 E3.52751
M73 P76 R27
G3 X154.497 Y140.591 I1.682 J19.257 E.04003
G1 X155.044 Y140.582 E.02175
M205 X7 Y7
G1 X154.907 Y140.183 F7200
M205 X3 Y3
G1 F2400
G1 X155.414 Y140.182 E.02016
G3 X153.348 Y140.269 I-.415 J14.814 E3.62013
G3 X154.483 Y140.186 I1.667 J15.083 E.04524
G1 X154.867 Y140.184 E.01529
M204 T500
G1 X154.424 Y139.738 F7200
;TYPE:Outer wall
G1 F1800
G1 X154.467 Y139.737 E.00172
G3 X155.422 Y139.732 I.547 J15.604 E.03799
G3 X153.293 Y139.822 I-.422 J15.264 E3.73003
G1 X154.384 Y139.741 E.04349
M204 T1000
M205 X7 Y7
G1 E-.9 F2400
G1 Z24.94 F7200
G1 X167.821 Y149.787 Z24.94
G1 Z24.54
G1 E.9 F2400
;TYPE:Sparse infill
G1 X160.538 Y142.504 E.40952
G2 X157.309 Y141.53 I-6.369 J15.269 E.13432
G1 X168.472 Y152.692 E.62769
G3 X168.661 Y155.135 I-18.475 J2.656 E.0975
G1 X154.864 Y141.339 E.7758
G2 X152.787 Y141.516 I.185 J14.414 E.08295
G1 X168.482 Y157.211 E.88255
G3 X168.054 Y159.037 I-12.421 J-1.952 E.07464
G1 X150.96 Y141.944 E.96118
G2 X149.33 Y142.567 I10.428 J29.73 E.06943
G1 X167.435 Y160.672 E1.0181
G3 X166.65 Y162.142 I-12.283 J-5.611 E.06629
G1 X147.861 Y143.353 E1.05657
G2 X146.533 Y144.279 I5.563 J9.384 E.06443
G1 X165.721 Y163.467 E1.07894
G3 X164.661 Y164.661 I-11.202 J-8.872 E.06353
G1 X145.339 Y145.339 E1.08651
G2 X144.279 Y146.533 I7.674 J7.876 E.06355
G1 X163.467 Y165.721 E1.07894
G3 X162.144 Y166.652 I-10.497 J-13.506 E.06435
G1 X143.353 Y147.861 E1.05666
G2 X142.567 Y149.33 I9.709 J6.139 E.06628
G1 X160.672 Y167.435 E1.0181
G3 X159.035 Y168.052 I-6.826 J-15.614 E.06959
G1 X141.946 Y150.963 E.96095
G2 X141.518 Y152.79 I11.415 J3.638 E.07466
G1 X157.213 Y168.484 E.88252
G3 X155.139 Y168.664 I-2.146 J-12.674 E.08287
G1 X141.339 Y154.865 E.77596
G2 X141.537 Y157.317 I16.913 J-.13 E.0979
G1 X152.683 Y168.463 E.62676
G3 X149.462 Y167.496 I2.149 J-13.008 E.13409
G1 X142.179 Y160.213 E.40952
; stop printing object 圆柱体 id:2235774478336 copy 0
;LAYER_CHANGE
;Z:24.78
;HEIGHT:0.24
;BEFORE_LAYER_CHANGE
;24.78
G92 E0

;AFTER_LAYER_CHANGE
;24.78
;_SET_FAN_SPEED_CHANGING_LAYER
; printing object 圆柱体 id:2235774478336 copy 0
G1 E-.9 F2400
G1 Z25.18 F7200
G1 X200.393 Y140.979 Z25.18
G1 Z24.78
G1 E.9 F2400
M205 X3 Y3
;TYPE:Inner wall
G1 X200.405 Y140.979 E.00046
G3 X197.001 Y141.298 I-.405 J14.02 E3.3679
G3 X199.511 Y140.988 I3.099 J14.763 E.10068
G1 X200.353 Y140.98 E.0335
M205 X7 Y7
G1 X200.087 Y140.581 F7200
M205 X3 Y3
G1 F2400
G1 X200.412 Y140.581 E.01292
G3 X196.911 Y140.91 I-.412 J14.419 E3.46358
G3 X199.497 Y140.59 I3.191 J15.173 E.10372
G1 X200.047 Y140.582 E.02187
M205 X7 Y7
G1 X199.908 Y140.183 F7200
M205 X3 Y3
G1 F2400
G1 X200.419 Y140.182 E.02031
G3 X198.45 Y140.256 I-.429 J14.818 E3.62514
G3 X199.483 Y140.193 I1.729 J19.789 E.04114
G1 X199.868 Y140.184 E.01531
M204 T500
G1 X199.426 Y139.736 F7200
;TYPE:Outer wall
G1 F1800
G1 X199.467 Y139.736 E.00161
G3 X200.426 Y139.732 I.535 J15.267 E.03815
G3 X185.441 Y150.382 I-.429 J15.264 E3.03055
G3 X198.935 Y139.764 I14.561 J4.622 E.72498
M73 P76 R26
G1 X199.386 Y139.739 E.01799
M204 T1000
M205 X7 Y7
G1 E-.9 F2400
G1 Z25.18 F7200
G1 X212.821 Y149.787 Z25.18
G1 Z24.78
G1 E.9 F2400
;TYPE:Sparse infill
G1 X205.538 Y142.504 E.40952
G2 X202.308 Y141.529 I-5.568 J12.603 E.13447
G1 X213.463 Y152.683 E.62723
G3 X213.661 Y155.135 I-16.715 J2.582 E.0979
G1 X199.864 Y141.339 E.7758
G2 X197.787 Y141.516 I.184 J14.407 E.08296
G1 X213.482 Y157.21 E.88252
G3 X213.054 Y159.037 I-11.843 J-1.812 E.07466
G1 X195.96 Y141.944 E.96118
G2 X194.33 Y142.567 I10.427 J29.727 E.06943
G1 X212.435 Y160.672 E1.0181
G3 X211.65 Y162.142 I-12.283 J-5.611 E.06629
G1 X192.861 Y143.353 E1.05657
G2 X191.533 Y144.279 I5.563 J9.384 E.06443
G1 X210.721 Y163.467 E1.07894
G3 X209.661 Y164.661 I-8.734 J-6.682 E.06355
G1 X190.339 Y145.339 E1.08651
G2 X189.279 Y146.533 I7.674 J7.876 E.06355
G1 X208.467 Y165.721 E1.07894
G3 X207.144 Y166.652 I-10.497 J-13.505 E.06435
G1 X188.348 Y147.856 E1.05692
G2 X187.567 Y149.33 I11.506 J7.044 E.06634
G1 X205.67 Y167.433 E1.018
G3 X204.035 Y168.052 I-6.424 J-14.493 E.06955
G1 X186.945 Y150.962 E.96101
G2 X186.518 Y152.79 I11.615 J3.677 E.07469
G1 X202.213 Y168.484 E.88252
G3 X200.139 Y168.664 I-2.146 J-12.674 E.08287
G1 X186.339 Y154.865 E.77596
G2 X186.537 Y157.317 I16.913 J-.13 E.0979
G1 X197.683 Y168.463 E.62676
G3 X194.462 Y167.496 I2.422 J-13.919 E.13404
G1 X187.179 Y160.213 E.40952
; stop printing object 圆柱体 id:2235774478336 copy 0
; printing object 圆柱体 id:2235774478336 copy 0
G1 E-.9
G1 Z25.18 F7200
G1 X155.393 Y140.979 Z25.18
G1 Z24.78
G1 E.9 F2400
M205 X3 Y3
;TYPE:Inner wall
G1 X155.405 Y140.979 E.00046
G3 X152.001 Y141.298 I-.405 J14.02 E3.3679
G3 X154.511 Y140.988 I3.099 J14.763 E.10068
G1 X155.353 Y140.98 E.0335
M205 X7 Y7
G1 X155.087 Y140.581 F7200
M205 X3 Y3
G1 F2400
G1 X155.412 Y140.581 E.01292
G3 X151.911 Y140.91 I-.412 J14.419 E3.46358
G3 X154.497 Y140.59 I3.191 J15.173 E.10372
G1 X155.047 Y140.582 E.02187
M205 X7 Y7
G1 X154.908 Y140.183 F7200
M205 X3 Y3
G1 F2400
G1 X155.419 Y140.182 E.02031
G3 X153.45 Y140.256 I-.429 J14.818 E3.62514
G3 X154.483 Y140.193 I1.729 J19.789 E.04114
G1 X154.868 Y140.184 E.01531
M204 T500
G1 X154.426 Y139.736 F7200
;TYPE:Outer wall
G1 F1800
G1 X154.467 Y139.736 E.00161
G3 X155.426 Y139.732 I.535 J15.267 E.03815
G3 X140.441 Y150.382 I-.429 J15.264 E3.03055
G3 X153.935 Y139.764 I14.561 J4.622 E.72498
G1 X154.386 Y139.739 E.01799
M204 T1000
M205 X7 Y7
G1 E-.9 F2400
G1 Z25.18 F7200
G1 X167.821 Y149.787 Z25.18
G1 Z24.78
G1 E.9 F2400
;TYPE:Sparse infill
G1 X160.538 Y142.504 E.40952
G2 X157.308 Y141.529 I-5.568 J12.603 E.13447
G1 X168.463 Y152.683 E.62723
G3 X168.661 Y155.135 I-16.715 J2.582 E.0979
G1 X154.864 Y141.339 E.7758
G2 X152.787 Y141.516 I.184 J14.407 E.08296
G1 X168.482 Y157.21 E.88252
G3 X168.054 Y159.037 I-11.843 J-1.812 E.07466
G1 X150.96 Y141.944 E.96118
G2 X149.33 Y142.567 I10.427 J29.727 E.06943
G1 X167.435 Y160.672 E1.0181
G3 X166.65 Y162.142 I-12.283 J-5.611 E.06629
G1 X147.861 Y143.353 E1.05657
G2 X146.533 Y144.279 I5.563 J9.384 E.06443
G1 X165.721 Y163.467 E1.07894
G3 X164.661 Y164.661 I-8.734 J-6.682 E.06355
G1 X145.339 Y145.339 E1.08651
G2 X144.279 Y146.533 I7.674 J7.876 E.06355
G1 X163.467 Y165.721 E1.07894
G3 X162.144 Y166.652 I-10.497 J-13.505 E.06435
G1 X143.348 Y147.856 E1.05692
G2 X142.567 Y149.33 I11.506 J7.044 E.06634
G1 X160.67 Y167.433 E1.018
G3 X159.035 Y168.052 I-6.424 J-14.493 E.06955
G1 X141.945 Y150.962 E.96101
G2 X141.518 Y152.79 I11.615 J3.677 E.07469
G1 X157.213 Y168.484 E.88252
G3 X155.139 Y168.664 I-2.146 J-12.674 E.08287
G1 X141.339 Y154.865 E.77596
G2 X141.537 Y157.317 I16.913 J-.13 E.0979
G1 X152.683 Y168.463 E.62676
G3 X149.462 Y167.496 I2.422 J-13.919 E.13404
G1 X142.179 Y160.213 E.40952
; stop printing object 圆柱体 id:2235774478336 copy 0
;LAYER_CHANGE
;Z:25.02
;HEIGHT:0.24
;BEFORE_LAYER_CHANGE
;25.02
G92 E0

;AFTER_LAYER_CHANGE
;25.02
;_SET_FAN_SPEED_CHANGING_LAYER
; printing object 圆柱体 id:2235774478336 copy 0
G1 E-.9 F2400
G1 Z25.42 F7200
G1 X200.393 Y140.979 Z25.42
M73 P77 R26
G1 Z25.02
G1 E.9 F2400
M205 X3 Y3
;TYPE:Inner wall
G1 X200.409 Y140.979 E.00062
G3 X198.534 Y141.049 I-.418 J14.021 E3.4297
G3 X199.511 Y140.989 I1.634 J18.698 E.03892
G1 X200.353 Y140.98 E.0335
M205 X7 Y7
G1 X200.09 Y140.581 F7200
M205 X3 Y3
G1 F2400
G1 X200.416 Y140.581 E.01295
G3 X198.492 Y140.653 I-.425 J14.419 E3.52732
G3 X199.497 Y140.591 I1.681 J19.238 E.04003
G1 X200.05 Y140.582 E.02201
M205 X7 Y7
G1 X199.911 Y140.183 F7200
M205 X3 Y3
G1 F2400
G1 X200.423 Y140.182 E.02034
G3 X198.45 Y140.256 I-.433 J14.818 E3.62494
G3 X199.483 Y140.193 I1.728 J19.78 E.04114
G1 X199.871 Y140.184 E.01544
M204 T500
G1 X199.43 Y139.736 F7200
;TYPE:Outer wall
G1 F1800
G1 X199.467 Y139.737 E.00148
G3 X200.431 Y139.733 I.55 J15.725 E.03832
G3 X197.874 Y139.874 I-.439 J15.267 E3.71387
G3 X198.935 Y139.764 I2.143 J15.588 E.0424
G1 X199.39 Y139.739 E.01813
M204 T1000
M205 X7 Y7
G1 E-.9 F2400
G1 Z25.42 F7200
G1 X212.821 Y149.787 Z25.42
G1 Z25.02
G1 E.9 F2400
;TYPE:Sparse infill
G1 X205.538 Y142.504 E.40952
G2 X202.308 Y141.529 I-5.571 J12.611 E.13448
G1 X213.463 Y152.683 E.62724
G3 X213.661 Y155.135 I-16.715 J2.582 E.0979
G1 X199.864 Y141.339 E.7758
G2 X197.787 Y141.516 I.183 J14.399 E.08296
G1 X213.482 Y157.21 E.88252
G3 X213.054 Y159.037 I-11.843 J-1.812 E.07466
G1 X195.96 Y141.944 E.96118
G2 X194.33 Y142.567 I10.427 J29.729 E.06943
G1 X212.435 Y160.672 E1.0181
G3 X211.65 Y162.142 I-12.283 J-5.611 E.06629
G1 X192.861 Y143.353 E1.05657
G2 X191.533 Y144.279 I5.563 J9.384 E.06443
G1 X210.721 Y163.467 E1.07894
G3 X209.661 Y164.661 I-11.202 J-8.872 E.06353
G1 X190.339 Y145.339 E1.08651
G2 X189.279 Y146.533 I7.674 J7.876 E.06355
G1 X208.467 Y165.721 E1.07894
G3 X207.144 Y166.652 I-10.497 J-13.506 E.06435
G1 X188.353 Y147.861 E1.05666
G2 X187.567 Y149.33 I9.708 J6.139 E.06628
G1 X205.67 Y167.433 E1.018
G3 X204.035 Y168.052 I-6.424 J-14.493 E.06955
G1 X186.944 Y150.96 E.96111
G2 X186.518 Y152.79 I15.178 J4.492 E.07471
G1 X202.213 Y168.484 E.88252
G3 X200.139 Y168.664 I-2.146 J-12.674 E.08287
M73 P77 R25
G1 X186.339 Y154.865 E.77596
G2 X186.537 Y157.317 I16.924 J-.131 E.0979
G1 X197.683 Y168.463 E.62676
G3 X194.462 Y167.496 I2.196 J-13.164 E.13408
G1 X187.179 Y160.213 E.40952
; stop printing object 圆柱体 id:2235774478336 copy 0
; printing object 圆柱体 id:2235774478336 copy 0
G1 E-.9
G1 Z25.42 F7200
G1 X155.393 Y140.979 Z25.42
G1 Z25.02
G1 E.9 F2400
M205 X3 Y3
;TYPE:Inner wall
G1 X155.409 Y140.979 E.00062
G3 X153.534 Y141.049 I-.418 J14.021 E3.4297
G3 X154.511 Y140.989 I1.634 J18.698 E.03892
G1 X155.353 Y140.98 E.0335
M205 X7 Y7
G1 X155.09 Y140.581 F7200
M205 X3 Y3
G1 F2400
G1 X155.416 Y140.581 E.01295
G3 X153.492 Y140.653 I-.425 J14.419 E3.52732
G3 X154.497 Y140.591 I1.681 J19.238 E.04003
G1 X155.05 Y140.582 E.02201
M205 X7 Y7
G1 X154.911 Y140.183 F7200
M205 X3 Y3
G1 F2400
G1 X155.423 Y140.182 E.02034
G3 X153.45 Y140.256 I-.433 J14.818 E3.62494
G3 X154.483 Y140.193 I1.728 J19.78 E.04114
G1 X154.871 Y140.184 E.01544
M204 T500
G1 X154.43 Y139.736 F7200
;TYPE:Outer wall
G1 F1800
G1 X154.467 Y139.737 E.00148
G3 X155.431 Y139.733 I.55 J15.725 E.03832
G3 X152.874 Y139.874 I-.439 J15.267 E3.71387
G3 X153.935 Y139.764 I2.143 J15.588 E.0424
G1 X154.39 Y139.739 E.01813
M204 T1000
M205 X7 Y7
G1 E-.9 F2400
G1 Z25.42 F7200
G1 X167.821 Y149.787 Z25.42
G1 Z25.02
G1 E.9 F2400
;TYPE:Sparse infill
G1 X160.538 Y142.504 E.40952
G2 X157.308 Y141.529 I-5.571 J12.611 E.13448
G1 X168.463 Y152.683 E.62724
G3 X168.661 Y155.135 I-16.715 J2.582 E.0979
G1 X154.864 Y141.339 E.7758
G2 X152.787 Y141.516 I.183 J14.399 E.08296
G1 X168.482 Y157.21 E.88252
G3 X168.054 Y159.037 I-11.843 J-1.812 E.07466
G1 X150.96 Y141.944 E.96118
G2 X149.33 Y142.567 I10.427 J29.729 E.06943
G1 X167.435 Y160.672 E1.0181
G3 X166.65 Y162.142 I-12.283 J-5.611 E.06629
G1 X147.861 Y143.353 E1.05657
G2 X146.533 Y144.279 I5.563 J9.384 E.06443
G1 X165.721 Y163.467 E1.07894
G3 X164.661 Y164.661 I-11.202 J-8.872 E.06353
G1 X145.339 Y145.339 E1.08651
G2 X144.279 Y146.533 I7.674 J7.876 E.06355
G1 X163.467 Y165.721 E1.07894
G3 X162.144 Y166.652 I-10.497 J-13.506 E.06435
G1 X143.353 Y147.861 E1.05666
G2 X142.567 Y149.33 I9.708 J6.139 E.06628
G1 X160.67 Y167.433 E1.018
G3 X159.035 Y168.052 I-6.424 J-14.493 E.06955
G1 X141.944 Y150.96 E.96111
G2 X141.518 Y152.79 I15.178 J4.492 E.07471
G1 X157.213 Y168.484 E.88252
G3 X155.139 Y168.664 I-2.146 J-12.674 E.08287
G1 X141.339 Y154.865 E.77596
G2 X141.537 Y157.317 I16.924 J-.131 E.0979
G1 X152.683 Y168.463 E.62676
G3 X149.462 Y167.496 I2.196 J-13.164 E.13408
G1 X142.179 Y160.213 E.40952
; stop printing object 圆柱体 id:2235774478336 copy 0
;LAYER_CHANGE
;Z:25.26
;HEIGHT:0.24
;BEFORE_LAYER_CHANGE
;25.26
G92 E0

;AFTER_LAYER_CHANGE
;25.26
;_SET_FAN_SPEED_CHANGING_LAYER
; printing object 圆柱体 id:2235774478336 copy 0
G1 E-.9 F2400
G1 Z25.66 F7200
G1 X200.393 Y140.979 Z25.66
G1 Z25.26
G1 E.9 F2400
M205 X3 Y3
;TYPE:Inner wall
G1 X200.413 Y140.979 E.0008
G3 X198.534 Y141.049 I-.421 J14.02 E3.42937
G3 X199.511 Y140.989 I1.633 J18.69 E.03892
G1 X200.353 Y140.98 E.03349
M205 X7 Y7
G1 X200.094 Y140.582 F7200
M205 X3 Y3
G1 F2400
G1 X200.42 Y140.581 E.01295
G3 X198.492 Y140.653 I-.429 J14.418 E3.52699
G3 X199.497 Y140.591 I1.68 J19.23 E.04003
G1 X200.054 Y140.582 E.02217
M205 X7 Y7
G1 X199.915 Y140.183 F7200
M205 X3 Y3
G1 F2400
G1 X200.427 Y140.183 E.02034
G3 X198.45 Y140.256 I-.437 J14.817 E3.6246
G3 X199.483 Y140.193 I1.727 J19.771 E.04114
G1 X199.875 Y140.184 E.01561
M204 T500
G1 X199.434 Y139.737 F7200
;TYPE:Outer wall
G1 F1800
G1 X199.467 Y139.744 E.00135
G3 X200.435 Y139.733 I.717 J20.447 E.03848
G3 X198.403 Y139.809 I-.445 J15.267 E3.73502
G1 X199.394 Y139.739 E.03949
M204 T1000
M205 X7 Y7
G1 E-.9 F2400
G1 Z25.66 F7200
G1 X212.821 Y149.787 Z25.66
G1 Z25.26
G1 E.9 F2400
;TYPE:Sparse infill
G1 X205.538 Y142.504 E.40952
G2 X202.308 Y141.528 I-5.573 J12.618 E.13449
G1 X213.463 Y152.683 E.62725
G3 X213.661 Y155.135 I-16.715 J2.582 E.0979
G1 X199.864 Y141.339 E.7758
G2 X197.787 Y141.516 I.182 J14.391 E.08296
G1 X213.482 Y157.21 E.88252
G3 X213.055 Y159.038 I-12.022 J-1.846 E.07468
G1 X195.96 Y141.944 E.96123
G2 X194.33 Y142.567 I10.429 J29.733 E.06943
G1 X212.435 Y160.672 E1.0181
G3 X211.65 Y162.142 I-12.283 J-5.611 E.06629
G1 X192.861 Y143.353 E1.05657
G2 X191.533 Y144.279 I5.563 J9.384 E.06443
G1 X210.721 Y163.467 E1.07897
G3 X209.661 Y164.661 I-12.404 J-9.95 E.06352
G1 X190.339 Y145.339 E1.08651
G2 X189.279 Y146.533 I7.674 J7.876 E.06355
G1 X208.467 Y165.721 E1.07894
G3 X207.144 Y166.652 I-10.496 J-13.505 E.06435
G1 X188.353 Y147.861 E1.05666
G2 X187.567 Y149.33 I9.708 J6.139 E.06628
M73 P78 R25
G1 X205.67 Y167.433 E1.018
G3 X204.035 Y168.052 I-6.423 J-14.49 E.06955
G1 X186.946 Y150.963 E.96095
G2 X186.518 Y152.79 I11.415 J3.638 E.07466
G1 X202.213 Y168.484 E.88252
G3 X200.139 Y168.664 I-2.146 J-12.674 E.08287
G1 X186.341 Y154.866 E.77589
G2 X186.537 Y157.317 I16.213 J-.066 E.09785
G1 X197.683 Y168.463 E.62676
G3 X194.462 Y167.496 I2.149 J-13.008 E.13409
G1 X187.179 Y160.213 E.40952
; stop printing object 圆柱体 id:2235774478336 copy 0
; printing object 圆柱体 id:2235774478336 copy 0
G1 E-.9
G1 Z25.66 F7200
G1 X155.393 Y140.979 Z25.66
G1 Z25.26
G1 E.9 F2400
M205 X3 Y3
;TYPE:Inner wall
G1 X155.413 Y140.979 E.0008
G3 X153.534 Y141.049 I-.421 J14.02 E3.42937
G3 X154.511 Y140.989 I1.633 J18.69 E.03892
G1 X155.353 Y140.98 E.03349
M205 X7 Y7
G1 X155.094 Y140.582 F7200
M205 X3 Y3
G1 F2400
G1 X155.42 Y140.581 E.01295
G3 X153.492 Y140.653 I-.429 J14.418 E3.52699
G3 X154.497 Y140.591 I1.68 J19.23 E.04003
G1 X155.054 Y140.582 E.02217
M205 X7 Y7
G1 X154.915 Y140.183 F7200
M205 X3 Y3
G1 F2400
G1 X155.427 Y140.183 E.02034
G3 X153.45 Y140.256 I-.437 J14.817 E3.6246
G3 X154.483 Y140.193 I1.727 J19.771 E.04114
G1 X154.875 Y140.184 E.01561
M204 T500
G1 X154.434 Y139.737 F7200
;TYPE:Outer wall
G1 F1800
G1 X154.467 Y139.744 E.00135
G3 X155.435 Y139.733 I.717 J20.447 E.03848
G3 X153.403 Y139.809 I-.445 J15.267 E3.73502
M73 P78 R24
G1 X154.394 Y139.739 E.03949
M204 T1000
M205 X7 Y7
G1 E-.9 F2400
G1 Z25.66 F7200
G1 X167.821 Y149.787 Z25.66
G1 Z25.26
G1 E.9 F2400
;TYPE:Sparse infill
G1 X160.538 Y142.504 E.40952
G2 X157.308 Y141.528 I-5.573 J12.618 E.13449
G1 X168.463 Y152.683 E.62725
G3 X168.661 Y155.135 I-16.715 J2.582 E.0979
G1 X154.864 Y141.339 E.7758
G2 X152.787 Y141.516 I.182 J14.391 E.08296
G1 X168.482 Y157.21 E.88252
G3 X168.055 Y159.038 I-12.022 J-1.846 E.07468
G1 X150.96 Y141.944 E.96123
G2 X149.33 Y142.567 I10.429 J29.733 E.06943
G1 X167.435 Y160.672 E1.0181
G3 X166.65 Y162.142 I-12.283 J-5.611 E.06629
G1 X147.861 Y143.353 E1.05657
G2 X146.533 Y144.279 I5.563 J9.384 E.06443
G1 X165.721 Y163.467 E1.07897
G3 X164.661 Y164.661 I-12.404 J-9.95 E.06352
G1 X145.339 Y145.339 E1.08651
G2 X144.279 Y146.533 I7.674 J7.876 E.06355
G1 X163.467 Y165.721 E1.07894
G3 X162.144 Y166.652 I-10.496 J-13.505 E.06435
G1 X143.353 Y147.861 E1.05666
G2 X142.567 Y149.33 I9.708 J6.139 E.06628
G1 X160.67 Y167.433 E1.018
G3 X159.035 Y168.052 I-6.423 J-14.49 E.06955
G1 X141.946 Y150.963 E.96095
G2 X141.518 Y152.79 I11.415 J3.638 E.07466
G1 X157.213 Y168.484 E.88252
G3 X155.139 Y168.664 I-2.146 J-12.674 E.08287
G1 X141.341 Y154.866 E.77589
G2 X141.537 Y157.317 I16.213 J-.066 E.09785
G1 X152.683 Y168.463 E.62676
G3 X149.462 Y167.496 I2.149 J-13.008 E.13409
G1 X142.179 Y160.213 E.40952
; stop printing object 圆柱体 id:2235774478336 copy 0
;LAYER_CHANGE
;Z:25.5
;HEIGHT:0.24
;BEFORE_LAYER_CHANGE
;25.5
G92 E0

;AFTER_LAYER_CHANGE
;25.5
;_SET_FAN_SPEED_CHANGING_LAYER
; printing object 圆柱体 id:2235774478336 copy 0
G1 E-.9 F2400
G1 Z25.9 F7200
G1 X200.387 Y140.98 Z25.9
G1 Z25.5
G1 E.9 F2400
M205 X3 Y3
;TYPE:Inner wall
G1 X200.417 Y140.979 E.0012
G3 X199.021 Y141.006 I-.428 J14.02 E3.44878
G3 X199.51 Y140.983 I.995 J15.391 E.01947
G1 X200.347 Y140.98 E.03326
M205 X7 Y7
G1 X200.098 Y140.582 F7200
M205 X3 Y3
G1 F2400
G1 X200.424 Y140.581 E.01299
G3 X198.492 Y140.653 I-.433 J14.419 E3.5269
G3 X199.497 Y140.591 I1.68 J19.222 E.04003
G1 X200.058 Y140.582 E.0223
M205 X7 Y7
G1 X199.92 Y140.183 F7200
M205 X3 Y3
G1 F2400
G1 X200.431 Y140.183 E.02031
G3 X198.45 Y140.256 I-.441 J14.817 E3.62453
G3 X199.483 Y140.193 I1.727 J19.763 E.04114
G1 X199.88 Y140.184 E.01581
M204 T500
G1 X199.439 Y139.736 F7200
;TYPE:Outer wall
G1 F1800
G1 X199.467 Y139.738 E.00112
G3 X200.439 Y139.733 I.568 J15.363 E.03865
G3 X185.445 Y150.37 I-.439 J15.267 E3.03136
G3 X190.11 Y143.36 I14.576 J4.644 E.33917
G3 X198.935 Y139.767 I9.925 J11.741 E.3852
G1 X199.399 Y139.738 E.01849
M204 T1000
M205 X7 Y7
G1 E-.9 F2400
G1 Z25.9 F7200
G1 X212.821 Y149.787 Z25.9
G1 Z25.5
G1 E.9 F2400
;TYPE:Sparse infill
G1 X205.538 Y142.504 E.40952
G2 X202.317 Y141.537 I-5.417 J12.197 E.13408
G1 X213.463 Y152.683 E.62676
G3 X213.661 Y155.135 I-16.715 J2.582 E.0979
G1 X199.864 Y141.339 E.77579
G2 X197.787 Y141.516 I.181 J14.384 E.08296
G1 X213.482 Y157.21 E.88252
G3 X213.054 Y159.037 I-11.844 J-1.812 E.07466
G1 X195.96 Y141.944 E.96118
G2 X194.33 Y142.567 I10.428 J29.731 E.06943
G1 X212.435 Y160.672 E1.0181
G3 X211.65 Y162.142 I-12.283 J-5.611 E.06629
G1 X192.86 Y143.352 E1.05661
G2 X191.529 Y144.275 I16.328 J24.957 E.06442
G1 X210.721 Y163.467 E1.0792
G3 X209.661 Y164.661 I-12.332 J-9.885 E.06352
G1 X190.339 Y145.339 E1.08651
G2 X189.279 Y146.533 I7.674 J7.876 E.06355
G1 X208.467 Y165.721 E1.07894
G3 X207.144 Y166.652 I-10.496 J-13.505 E.06435
G1 X188.353 Y147.861 E1.05666
G2 X187.565 Y149.328 I13.687 J8.294 E.06622
G1 X205.672 Y167.435 E1.0182
G3 X204.035 Y168.052 I-6.826 J-15.616 E.06959
G1 X186.946 Y150.962 E.961
G2 X186.518 Y152.79 I11.583 J3.671 E.07468
G1 X202.213 Y168.484 E.88252
G3 X200.139 Y168.664 I-2.146 J-12.674 E.08287
G1 X186.339 Y154.865 E.77596
G2 X186.537 Y157.317 I16.913 J-.13 E.0979
G1 X197.683 Y168.463 E.62676
G3 X194.462 Y167.496 I2.422 J-13.918 E.13404
G1 X187.179 Y160.213 E.40952
; stop printing object 圆柱体 id:2235774478336 copy 0
; printing object 圆柱体 id:2235774478336 copy 0
G1 E-.9
G1 Z25.9 F7200
G1 X155.387 Y140.98 Z25.9
G1 Z25.5
G1 E.9 F2400
M205 X3 Y3
;TYPE:Inner wall
G1 X155.417 Y140.979 E.0012
G3 X154.021 Y141.006 I-.428 J14.02 E3.44878
G3 X154.51 Y140.983 I.995 J15.391 E.01947
G1 X155.347 Y140.98 E.03326
M205 X7 Y7
G1 X155.098 Y140.582 F7200
M205 X3 Y3
G1 F2400
G1 X155.424 Y140.581 E.01299
G3 X153.492 Y140.653 I-.433 J14.419 E3.5269
G3 X154.497 Y140.591 I1.68 J19.222 E.04003
G1 X155.058 Y140.582 E.0223
M205 X7 Y7
G1 X154.92 Y140.183 F7200
M205 X3 Y3
G1 F2400
G1 X155.431 Y140.183 E.02031
G3 X153.45 Y140.256 I-.441 J14.817 E3.62453
G3 X154.483 Y140.193 I1.727 J19.763 E.04114
G1 X154.88 Y140.184 E.01581
M204 T500
G1 X154.439 Y139.736 F7200
;TYPE:Outer wall
G1 F1800
G1 X154.467 Y139.738 E.00112
G3 X155.439 Y139.733 I.568 J15.363 E.03865
G3 X140.445 Y150.37 I-.439 J15.267 E3.03136
G3 X145.11 Y143.36 I14.576 J4.644 E.33917
G3 X153.935 Y139.767 I9.925 J11.741 E.3852
G1 X154.399 Y139.738 E.01849
M204 T1000
M205 X7 Y7
G1 E-.9 F2400
G1 Z25.9 F7200
G1 X167.821 Y149.787 Z25.9
G1 Z25.5
G1 E.9 F2400
;TYPE:Sparse infill
G1 X160.538 Y142.504 E.40952
G2 X157.317 Y141.537 I-5.417 J12.197 E.13408
G1 X168.463 Y152.683 E.62676
G3 X168.661 Y155.135 I-16.715 J2.582 E.0979
G1 X154.864 Y141.339 E.77579
G2 X152.787 Y141.516 I.181 J14.384 E.08296
G1 X168.482 Y157.21 E.88252
G3 X168.054 Y159.037 I-11.844 J-1.812 E.07466
G1 X150.96 Y141.944 E.96118
G2 X149.33 Y142.567 I10.428 J29.731 E.06943
G1 X167.435 Y160.672 E1.0181
G3 X166.65 Y162.142 I-12.283 J-5.611 E.06629
G1 X147.86 Y143.352 E1.05661
M73 P79 R24
G2 X146.529 Y144.275 I16.328 J24.957 E.06442
G1 X165.721 Y163.467 E1.0792
G3 X164.661 Y164.661 I-12.332 J-9.885 E.06352
G1 X145.339 Y145.339 E1.08651
G2 X144.279 Y146.533 I7.674 J7.876 E.06355
G1 X163.467 Y165.721 E1.07894
G3 X162.144 Y166.652 I-10.496 J-13.505 E.06435
G1 X143.353 Y147.861 E1.05666
G2 X142.565 Y149.328 I13.687 J8.294 E.06622
G1 X160.672 Y167.435 E1.0182
G3 X159.035 Y168.052 I-6.826 J-15.616 E.06959
M73 P79 R23
G1 X141.946 Y150.962 E.961
G2 X141.518 Y152.79 I11.583 J3.671 E.07468
G1 X157.213 Y168.484 E.88252
G3 X155.139 Y168.664 I-2.146 J-12.674 E.08287
G1 X141.339 Y154.865 E.77596
G2 X141.537 Y157.317 I16.913 J-.13 E.0979
G1 X152.683 Y168.463 E.62676
G3 X149.462 Y167.496 I2.422 J-13.918 E.13404
G1 X142.179 Y160.213 E.40952
; stop printing object 圆柱体 id:2235774478336 copy 0
;LAYER_CHANGE
;Z:25.74
;HEIGHT:0.24
;BEFORE_LAYER_CHANGE
;25.74
G92 E0

;AFTER_LAYER_CHANGE
;25.74
;_SET_FAN_SPEED_CHANGING_LAYER
; printing object 圆柱体 id:2235774478336 copy 0
G1 E-.9 F2400
G1 Z26.14 F7200
G1 X200.393 Y140.98 Z26.14
G1 Z25.74
G1 E.9 F2400
M205 X3 Y3
;TYPE:Inner wall
G1 X200.421 Y140.98 E.00113
G3 X199.021 Y141.006 I-.432 J14.02 E3.44868
G3 X199.51 Y140.983 I.995 J15.41 E.01947
G1 X200.353 Y140.98 E.0335
M205 X7 Y7
G1 X200.097 Y140.582 F7200
M205 X3 Y3
G1 F2400
G1 X200.428 Y140.581 E.01316
G3 X198.492 Y140.653 I-.437 J14.419 E3.52681
G3 X199.497 Y140.591 I1.68 J19.215 E.04003
G1 X200.057 Y140.582 E.0223
M205 X7 Y7
G1 X199.926 Y140.183 F7200
M205 X3 Y3
G1 F2400
G1 X200.435 Y140.183 E.02024
G3 X198.45 Y140.256 I-.444 J14.817 E3.62447
G3 X199.483 Y140.193 I1.726 J19.755 E.04114
G1 X199.886 Y140.184 E.01604
M204 T500
G1 X199.445 Y139.736 F7200
;TYPE:Outer wall
G1 F1800
G1 X199.467 Y139.736 E.00088
G3 X200.443 Y139.733 I.542 J15.265 E.03882
G3 X195.366 Y169.554 I-.45 J15.266 E2.07683
G3 X198.935 Y139.764 I4.643 J-14.552 E1.67773
G1 X199.405 Y139.738 E.01873
M204 T1000
M205 X7 Y7
G1 E-.9 F2400
G1 Z26.14 F7200
G1 X212.821 Y149.787 Z26.14
G1 Z25.74
G1 E.9 F2400
;TYPE:Sparse infill
G1 X205.538 Y142.504 E.40952
G2 X202.317 Y141.537 I-5.417 J12.197 E.13408
G1 X213.463 Y152.683 E.62676
G3 X213.661 Y155.135 I-16.715 J2.582 E.0979
G1 X199.864 Y141.339 E.77579
G2 X197.787 Y141.516 I.18 J14.376 E.08296
G1 X213.482 Y157.21 E.88252
G3 X213.054 Y159.037 I-11.843 J-1.812 E.07466
G1 X195.965 Y141.948 E.96095
G2 X194.33 Y142.567 I4.733 J14.965 E.06955
G1 X212.435 Y160.672 E1.0181
G3 X211.65 Y162.142 I-12.283 J-5.611 E.06629
G1 X192.861 Y143.353 E1.05657
G2 X191.533 Y144.279 I5.562 J9.384 E.06443
G1 X210.721 Y163.467 E1.07894
G3 X209.661 Y164.661 I-11.202 J-8.872 E.06353
G1 X190.339 Y145.339 E1.08651
G2 X189.279 Y146.533 I7.674 J7.877 E.06355
G1 X208.467 Y165.721 E1.07894
G3 X207.144 Y166.652 I-10.496 J-13.505 E.06435
G1 X188.353 Y147.861 E1.05666
G2 X187.567 Y149.33 I9.708 J6.139 E.06628
G1 X205.67 Y167.433 E1.018
G3 X204.035 Y168.052 I-6.423 J-14.49 E.06955
G1 X186.946 Y150.963 E.96095
G2 X186.518 Y152.79 I11.415 J3.638 E.07466
G1 X202.213 Y168.484 E.88252
G3 X200.139 Y168.664 I-2.146 J-12.674 E.08287
G1 X186.339 Y154.865 E.77596
G2 X186.537 Y157.317 I16.913 J-.13 E.0979
G1 X197.683 Y168.463 E.62676
G3 X194.462 Y167.496 I2.149 J-13.008 E.13409
G1 X187.179 Y160.213 E.40952
; stop printing object 圆柱体 id:2235774478336 copy 0
; printing object 圆柱体 id:2235774478336 copy 0
G1 E-.9
G1 Z26.14 F7200
G1 X155.393 Y140.98 Z26.14
G1 Z25.74
G1 E.9 F2400
M205 X3 Y3
;TYPE:Inner wall
G1 X155.421 Y140.98 E.00113
G3 X154.021 Y141.006 I-.432 J14.02 E3.44868
G3 X154.51 Y140.983 I.995 J15.41 E.01947
G1 X155.353 Y140.98 E.0335
M205 X7 Y7
G1 X155.097 Y140.582 F7200
M205 X3 Y3
G1 F2400
G1 X155.428 Y140.581 E.01316
G3 X153.492 Y140.653 I-.437 J14.419 E3.52681
G3 X154.497 Y140.591 I1.68 J19.215 E.04003
G1 X155.057 Y140.582 E.0223
M205 X7 Y7
G1 X154.926 Y140.183 F7200
M205 X3 Y3
G1 F2400
G1 X155.435 Y140.183 E.02024
G3 X153.45 Y140.256 I-.444 J14.817 E3.62447
G3 X154.483 Y140.193 I1.726 J19.755 E.04114
G1 X154.886 Y140.184 E.01604
M204 T500
G1 X154.445 Y139.736 F7200
;TYPE:Outer wall
G1 F1800
G1 X154.467 Y139.736 E.00088
G3 X155.443 Y139.733 I.542 J15.265 E.03882
G3 X150.366 Y169.554 I-.45 J15.266 E2.07683
G3 X153.935 Y139.764 I4.643 J-14.552 E1.67773
G1 X154.405 Y139.738 E.01873
M204 T1000
M205 X7 Y7
G1 E-.9 F2400
G1 Z26.14 F7200
G1 X167.821 Y149.787 Z26.14
G1 Z25.74
G1 E.9 F2400
;TYPE:Sparse infill
G1 X160.538 Y142.504 E.40952
G2 X157.317 Y141.537 I-5.417 J12.197 E.13408
G1 X168.463 Y152.683 E.62676
G3 X168.661 Y155.135 I-16.715 J2.582 E.0979
G1 X154.864 Y141.339 E.77579
G2 X152.787 Y141.516 I.18 J14.376 E.08296
G1 X168.482 Y157.21 E.88252
G3 X168.054 Y159.037 I-11.843 J-1.812 E.07466
G1 X150.965 Y141.948 E.96095
G2 X149.33 Y142.567 I4.733 J14.965 E.06955
G1 X167.435 Y160.672 E1.0181
G3 X166.65 Y162.142 I-12.283 J-5.611 E.06629
G1 X147.861 Y143.353 E1.05657
G2 X146.533 Y144.279 I5.562 J9.384 E.06443
G1 X165.721 Y163.467 E1.07894
G3 X164.661 Y164.661 I-11.202 J-8.872 E.06353
G1 X145.339 Y145.339 E1.08651
G2 X144.279 Y146.533 I7.674 J7.877 E.06355
G1 X163.467 Y165.721 E1.07894
G3 X162.144 Y166.652 I-10.496 J-13.505 E.06435
G1 X143.353 Y147.861 E1.05666
G2 X142.567 Y149.33 I9.708 J6.139 E.06628
G1 X160.67 Y167.433 E1.018
G3 X159.035 Y168.052 I-6.423 J-14.49 E.06955
G1 X141.946 Y150.963 E.96095
G2 X141.518 Y152.79 I11.415 J3.638 E.07466
G1 X157.213 Y168.484 E.88252
G3 X155.139 Y168.664 I-2.146 J-12.674 E.08287
G1 X141.339 Y154.865 E.77596
G2 X141.537 Y157.317 I16.913 J-.13 E.0979
G1 X152.683 Y168.463 E.62676
G3 X149.462 Y167.496 I2.149 J-13.008 E.13409
G1 X142.179 Y160.213 E.40952
; stop printing object 圆柱体 id:2235774478336 copy 0
;LAYER_CHANGE
;Z:25.98
;HEIGHT:0.24
;BEFORE_LAYER_CHANGE
;25.98
G92 E0

;AFTER_LAYER_CHANGE
;25.98
;_SET_FAN_SPEED_CHANGING_LAYER
; printing object 圆柱体 id:2235774478336 copy 0
G1 E-.9 F2400
G1 Z26.38 F7200
G1 X200.393 Y140.98 Z26.38
G1 Z25.98
G1 E.9 F2400
M205 X3 Y3
;TYPE:Inner wall
G1 X200.426 Y140.98 E.00131
G3 X199.021 Y141.006 I-.435 J14.021 E3.44862
G3 X199.51 Y140.983 I.996 J15.429 E.01947
G1 X200.353 Y140.98 E.03349
M205 X7 Y7
G1 X200.097 Y140.582 F7200
M205 X3 Y3
G1 F2400
G1 X200.433 Y140.581 E.01333
G3 X198.994 Y140.609 I-.443 J14.419 E3.54669
G3 X199.497 Y140.584 I1.024 J15.844 E.02002
G1 X200.057 Y140.582 E.02229
M205 X7 Y7
G1 X199.933 Y140.183 F7200
M205 X3 Y3
G1 F2400
G1 X200.439 Y140.183 E.02015
G3 X198.45 Y140.256 I-.448 J14.816 E3.62403
M73 P79 R22
G3 X199.483 Y140.193 I1.726 J19.747 E.04114
G1 X199.893 Y140.184 E.01629
M204 T500
G1 X199.451 Y139.735 F7200
;TYPE:Outer wall
G1 F1800
G1 X199.467 Y139.744 E.00071
G3 X200.447 Y139.733 I.715 J20.421 E.03898
G3 X198.403 Y139.809 I-.457 J15.266 E3.73426
G1 X199.412 Y139.738 E.04019
M204 T1000
M205 X7 Y7
G1 E-.9 F2400
G1 Z26.38 F7200
G1 X212.821 Y149.787 Z26.38
G1 Z25.98
M73 P80 R22
G1 E.9 F2400
;TYPE:Sparse infill
G1 X205.538 Y142.504 E.40952
G2 X202.308 Y141.528 I-6.412 J15.394 E.13439
G1 X213.463 Y152.683 E.62726
G3 X213.661 Y155.135 I-16.715 J2.582 E.0979
G1 X199.864 Y141.339 E.77579
G2 X197.787 Y141.516 I.179 J14.368 E.08296
G1 X213.482 Y157.21 E.88252
G3 X213.054 Y159.037 I-11.843 J-1.812 E.07466
G1 X195.96 Y141.944 E.96118
G2 X194.33 Y142.567 I10.43 J29.734 E.06943
G1 X212.435 Y160.672 E1.0181
G3 X211.65 Y162.142 I-12.283 J-5.611 E.06629
G1 X192.861 Y143.353 E1.05657
G2 X191.533 Y144.279 I5.563 J9.384 E.06443
G1 X210.721 Y163.467 E1.07894
G3 X209.661 Y164.661 I-8.734 J-6.682 E.06355
G1 X190.339 Y145.339 E1.08651
G2 X189.274 Y146.528 I9.14 J9.256 E.06352
G1 X208.467 Y165.721 E1.07923
G3 X207.144 Y166.652 I-10.497 J-13.506 E.06435
G1 X188.353 Y147.861 E1.05666
G2 X187.565 Y149.328 I13.686 J8.293 E.06622
G1 X205.67 Y167.433 E1.0181
G3 X204.035 Y168.052 I-6.424 J-14.493 E.06955
G1 X186.946 Y150.963 E.96095
G2 X186.518 Y152.79 I11.415 J3.638 E.07466
G1 X202.213 Y168.484 E.88252
G3 X200.139 Y168.664 I-2.146 J-12.674 E.08287
G1 X186.339 Y154.865 E.77596
G2 X186.537 Y157.317 I16.913 J-.13 E.0979
G1 X197.683 Y168.463 E.62676
G3 X194.462 Y167.496 I2.149 J-13.008 E.13409
G1 X187.179 Y160.213 E.40952
; stop printing object 圆柱体 id:2235774478336 copy 0
; printing object 圆柱体 id:2235774478336 copy 0
G1 E-.9
G1 Z26.38 F7200
G1 X155.393 Y140.98 Z26.38
G1 Z25.98
G1 E.9 F2400
M205 X3 Y3
;TYPE:Inner wall
G1 X155.426 Y140.98 E.00131
G3 X154.021 Y141.006 I-.435 J14.021 E3.44862
G3 X154.51 Y140.983 I.996 J15.429 E.01947
G1 X155.353 Y140.98 E.03349
M205 X7 Y7
G1 X155.097 Y140.582 F7200
M205 X3 Y3
G1 F2400
G1 X155.433 Y140.581 E.01333
G3 X153.994 Y140.609 I-.443 J14.419 E3.54669
G3 X154.497 Y140.584 I1.024 J15.844 E.02002
G1 X155.057 Y140.582 E.02229
M205 X7 Y7
G1 X154.933 Y140.183 F7200
M205 X3 Y3
G1 F2400
G1 X155.439 Y140.183 E.02015
G3 X153.45 Y140.256 I-.448 J14.816 E3.62403
G3 X154.483 Y140.193 I1.726 J19.747 E.04114
G1 X154.893 Y140.184 E.01629
M204 T500
G1 X154.451 Y139.735 F7200
;TYPE:Outer wall
G1 F1800
G1 X154.467 Y139.744 E.00071
G3 X155.447 Y139.733 I.715 J20.421 E.03898
G3 X153.403 Y139.809 I-.457 J15.266 E3.73426
G1 X154.412 Y139.738 E.04019
M204 T1000
M205 X7 Y7
G1 E-.9 F2400
G1 Z26.38 F7200
G1 X167.821 Y149.787 Z26.38
G1 Z25.98
G1 E.9 F2400
;TYPE:Sparse infill
G1 X160.538 Y142.504 E.40952
G2 X157.308 Y141.528 I-6.412 J15.394 E.13439
G1 X168.463 Y152.683 E.62726
G3 X168.661 Y155.135 I-16.715 J2.582 E.0979
G1 X154.864 Y141.339 E.77579
G2 X152.787 Y141.516 I.179 J14.368 E.08296
G1 X168.482 Y157.21 E.88252
G3 X168.054 Y159.037 I-11.843 J-1.812 E.07466
G1 X150.96 Y141.944 E.96118
G2 X149.33 Y142.567 I10.43 J29.734 E.06943
G1 X167.435 Y160.672 E1.0181
G3 X166.65 Y162.142 I-12.283 J-5.611 E.06629
G1 X147.861 Y143.353 E1.05657
G2 X146.533 Y144.279 I5.563 J9.384 E.06443
G1 X165.721 Y163.467 E1.07894
G3 X164.661 Y164.661 I-8.734 J-6.682 E.06355
G1 X145.339 Y145.339 E1.08651
G2 X144.274 Y146.528 I9.14 J9.256 E.06352
G1 X163.467 Y165.721 E1.07923
G3 X162.144 Y166.652 I-10.497 J-13.506 E.06435
G1 X143.353 Y147.861 E1.05666
G2 X142.565 Y149.328 I13.686 J8.293 E.06622
G1 X160.67 Y167.433 E1.0181
G3 X159.035 Y168.052 I-6.424 J-14.493 E.06955
G1 X141.946 Y150.963 E.96095
G2 X141.518 Y152.79 I11.415 J3.638 E.07466
G1 X157.213 Y168.484 E.88252
G3 X155.139 Y168.664 I-2.146 J-12.674 E.08287
G1 X141.339 Y154.865 E.77596
G2 X141.537 Y157.317 I16.913 J-.13 E.0979
G1 X152.683 Y168.463 E.62676
G3 X149.462 Y167.496 I2.149 J-13.008 E.13409
G1 X142.179 Y160.213 E.40952
; stop printing object 圆柱体 id:2235774478336 copy 0
;LAYER_CHANGE
;Z:26.22
;HEIGHT:0.24
;BEFORE_LAYER_CHANGE
;26.22
G92 E0

;AFTER_LAYER_CHANGE
;26.22
;_SET_FAN_SPEED_CHANGING_LAYER
; printing object 圆柱体 id:2235774478336 copy 0
G1 E-.9 F2400
G1 Z26.62 F7200
G1 X200.393 Y140.98 Z26.62
G1 Z26.22
G1 E.9 F2400
M205 X3 Y3
;TYPE:Inner wall
G1 X200.43 Y140.98 E.00147
G3 X199.021 Y141.006 I-.439 J14.02 E3.44828
G3 X199.51 Y140.983 I.997 J15.448 E.01947
G1 X200.353 Y140.98 E.0335
M205 X7 Y7
G1 X200.097 Y140.582 F7200
M205 X3 Y3
G1 F2400
G1 X200.437 Y140.581 E.0135
G3 X198.994 Y140.609 I-.447 J14.419 E3.54653
G3 X199.497 Y140.584 I1.024 J15.863 E.02002
G1 X200.057 Y140.582 E.02229
M205 X7 Y7
G1 X199.933 Y140.184 F7200
M205 X3 Y3
G1 F2400
G1 X200.444 Y140.183 E.02032
G3 X198.45 Y140.256 I-.452 J14.817 E3.62415
G3 X199.483 Y140.193 I1.726 J19.74 E.04114
G1 X199.893 Y140.184 E.01629
M204 T500
G1 X199.459 Y139.735 F7200
;TYPE:Outer wall
G1 F1800
G1 X199.467 Y139.736 E.00033
G3 X200.452 Y139.733 I.536 J15.269 E.03915
G3 X185.449 Y150.358 I-.454 J15.263 E3.03057
G3 X198.935 Y139.764 I14.554 J4.647 E.72398
G1 X199.419 Y139.737 E.01929
M204 T1000
M205 X7 Y7
G1 E-.9 F2400
G1 Z26.62 F7200
G1 X212.821 Y149.787 Z26.62
G1 Z26.22
G1 E.9 F2400
;TYPE:Sparse infill
G1 X205.538 Y142.504 E.40952
G2 X202.308 Y141.529 I-6.409 J15.385 E.13438
G1 X213.463 Y152.683 E.62725
G3 X213.661 Y155.135 I-16.715 J2.582 E.0979
G1 X199.864 Y141.339 E.77579
G2 X197.787 Y141.516 I.179 J14.362 E.08296
G1 X213.482 Y157.21 E.88252
G3 X213.054 Y159.037 I-11.843 J-1.812 E.07466
G1 X195.965 Y141.948 E.96095
G2 X194.33 Y142.567 I4.733 J14.964 E.06955
G1 X212.435 Y160.672 E1.0181
G3 X211.65 Y162.142 I-12.283 J-5.611 E.06629
G1 X192.861 Y143.353 E1.05657
G2 X191.533 Y144.279 I5.563 J9.384 E.06443
G1 X210.721 Y163.467 E1.07894
G3 X209.661 Y164.661 I-11.201 J-8.871 E.06353
G1 X190.339 Y145.339 E1.08651
G2 X189.279 Y146.533 I7.674 J7.876 E.06355
G1 X208.467 Y165.721 E1.07894
G3 X207.144 Y166.652 I-10.497 J-13.506 E.06435
M73 P80 R21
G1 X188.353 Y147.861 E1.05666
G2 X187.565 Y149.328 I13.688 J8.294 E.06622
G1 X205.672 Y167.435 E1.0182
G3 X204.035 Y168.052 I-6.826 J-15.614 E.06959
G1 X186.946 Y150.963 E.96099
G2 X186.518 Y152.79 I11.552 J3.665 E.07468
G1 X202.213 Y168.484 E.88252
G3 X200.139 Y168.664 I-2.146 J-12.674 E.08287
G1 X186.339 Y154.865 E.77596
G2 X186.537 Y157.317 I16.913 J-.13 E.0979
G1 X197.683 Y168.463 E.62676
G3 X194.462 Y167.496 I2.422 J-13.919 E.13404
G1 X187.179 Y160.213 E.40952
; stop printing object 圆柱体 id:2235774478336 copy 0
; printing object 圆柱体 id:2235774478336 copy 0
G1 E-.9
G1 Z26.62 F7200
G1 X155.393 Y140.98 Z26.62
G1 Z26.22
G1 E.9 F2400
M205 X3 Y3
;TYPE:Inner wall
G1 X155.43 Y140.98 E.00147
G3 X154.021 Y141.006 I-.439 J14.02 E3.44828
G3 X154.51 Y140.983 I.997 J15.448 E.01947
G1 X155.353 Y140.98 E.0335
M205 X7 Y7
G1 X155.097 Y140.582 F7200
M205 X3 Y3
G1 F2400
G1 X155.437 Y140.581 E.0135
G3 X153.994 Y140.609 I-.447 J14.419 E3.54653
G3 X154.497 Y140.584 I1.024 J15.863 E.02002
G1 X155.057 Y140.582 E.02229
M205 X7 Y7
G1 X154.933 Y140.184 F7200
M205 X3 Y3
G1 F2400
G1 X155.444 Y140.183 E.02032
G3 X153.45 Y140.256 I-.452 J14.817 E3.62415
M73 P81 R21
G3 X154.483 Y140.193 I1.726 J19.74 E.04114
G1 X154.893 Y140.184 E.01629
M204 T500
G1 X154.459 Y139.735 F7200
;TYPE:Outer wall
G1 F1800
G1 X154.467 Y139.736 E.00033
G3 X155.452 Y139.733 I.536 J15.269 E.03915
G3 X140.449 Y150.358 I-.454 J15.263 E3.03057
G3 X153.935 Y139.764 I14.554 J4.647 E.72398
G1 X154.419 Y139.737 E.01929
M204 T1000
M205 X7 Y7
G1 E-.9 F2400
G1 Z26.62 F7200
G1 X167.821 Y149.787 Z26.62
G1 Z26.22
G1 E.9 F2400
;TYPE:Sparse infill
G1 X160.538 Y142.504 E.40952
G2 X157.308 Y141.529 I-6.409 J15.385 E.13438
G1 X168.463 Y152.683 E.62725
G3 X168.661 Y155.135 I-16.715 J2.582 E.0979
G1 X154.864 Y141.339 E.77579
G2 X152.787 Y141.516 I.179 J14.362 E.08296
G1 X168.482 Y157.21 E.88252
G3 X168.054 Y159.037 I-11.843 J-1.812 E.07466
G1 X150.965 Y141.948 E.96095
G2 X149.33 Y142.567 I4.733 J14.964 E.06955
G1 X167.435 Y160.672 E1.0181
G3 X166.65 Y162.142 I-12.283 J-5.611 E.06629
G1 X147.861 Y143.353 E1.05657
G2 X146.533 Y144.279 I5.563 J9.384 E.06443
G1 X165.721 Y163.467 E1.07894
G3 X164.661 Y164.661 I-11.201 J-8.871 E.06353
G1 X145.339 Y145.339 E1.08651
G2 X144.279 Y146.533 I7.674 J7.876 E.06355
G1 X163.467 Y165.721 E1.07894
G3 X162.144 Y166.652 I-10.497 J-13.506 E.06435
G1 X143.353 Y147.861 E1.05666
G2 X142.565 Y149.328 I13.688 J8.294 E.06622
G1 X160.672 Y167.435 E1.0182
G3 X159.035 Y168.052 I-6.826 J-15.614 E.06959
G1 X141.946 Y150.963 E.96099
G2 X141.518 Y152.79 I11.552 J3.665 E.07468
G1 X157.213 Y168.484 E.88252
G3 X155.139 Y168.664 I-2.146 J-12.674 E.08287
G1 X141.339 Y154.865 E.77596
G2 X141.537 Y157.317 I16.913 J-.13 E.0979
G1 X152.683 Y168.463 E.62676
G3 X149.462 Y167.496 I2.422 J-13.919 E.13404
G1 X142.179 Y160.213 E.40952
; stop printing object 圆柱体 id:2235774478336 copy 0
;LAYER_CHANGE
;Z:26.46
;HEIGHT:0.24
;BEFORE_LAYER_CHANGE
;26.46
G92 E0

;AFTER_LAYER_CHANGE
;26.46
;_SET_FAN_SPEED_CHANGING_LAYER
; printing object 圆柱体 id:2235774478336 copy 0
G1 E-.9 F2400
G1 Z26.86 F7200
G1 X200.393 Y140.979 Z26.86
G1 Z26.46
G1 E.9 F2400
M205 X3 Y3
;TYPE:Inner wall
G1 X200.412 Y140.979 E.00076
G3 X198.534 Y141.049 I-.42 J14.02 E3.42955
G3 X199.511 Y140.989 I1.634 J18.693 E.03892
G1 X200.353 Y140.98 E.03348
M205 X7 Y7
G1 X200.097 Y140.582 F7200
M205 X3 Y3
G1 F2400
G1 X200.425 Y140.581 E.01303
G3 X198.492 Y140.653 I-.433 J14.419 E3.52694
G3 X199.497 Y140.591 I1.68 J19.222 E.04003
G1 X200.057 Y140.582 E.02228
M205 X7 Y7
G1 X199.933 Y140.183 F7200
M205 X3 Y3
G1 F2400
G1 X200.438 Y140.183 E.02008
G3 X198.45 Y140.256 I-.446 J14.817 E3.62434
G3 X199.483 Y140.193 I1.726 J19.75 E.04114
G1 X199.893 Y140.184 E.01629
M204 T500
G1 X199.467 Y139.744 F7200
;TYPE:Outer wall
G1 F1800
G3 X200.452 Y139.733 I.715 J20.412 E.03917
G3 X198.403 Y139.809 I-.461 J15.267 E3.73432
G3 X199.427 Y139.745 I1.778 J20.347 E.0408
M204 T1000
M205 X7 Y7
G1 E-.9 F2400
G1 Z26.86 F7200
G1 X212.821 Y149.787 Z26.86
G1 Z26.46
G1 E.9 F2400
;TYPE:Sparse infill
G1 X205.538 Y142.504 E.40952
G2 X202.317 Y141.537 I-5.417 J12.197 E.13408
G1 X213.463 Y152.683 E.62676
G3 X213.661 Y155.135 I-16.715 J2.582 E.0979
G1 X199.864 Y141.339 E.7758
G2 X197.787 Y141.516 I.182 J14.394 E.08296
G1 X213.482 Y157.21 E.88252
G3 X213.054 Y159.037 I-11.85 J-1.814 E.07466
G1 X195.96 Y141.944 E.96118
G2 X194.33 Y142.567 I10.306 J29.404 E.06943
G1 X212.433 Y160.67 E1.01799
G3 X211.652 Y162.144 I-12.283 J-5.569 E.06634
G1 X192.861 Y143.353 E1.05666
G2 X191.529 Y144.274 I9.278 J14.834 E.06445
G1 X210.721 Y163.467 E1.07921
G3 X209.661 Y164.661 I-11.202 J-8.872 E.06353
G1 X190.339 Y145.339 E1.08651
G2 X189.279 Y146.533 I7.674 J7.876 E.06355
G1 X208.467 Y165.721 E1.07894
G3 X207.144 Y166.652 I-10.496 J-13.505 E.06435
G1 X188.353 Y147.861 E1.05666
G2 X187.567 Y149.33 I9.709 J6.139 E.06628
G1 X205.67 Y167.433 E1.018
G3 X204.035 Y168.052 I-6.423 J-14.49 E.06955
G1 X186.946 Y150.963 E.96095
G2 X186.518 Y152.79 I11.422 J3.64 E.07466
G1 X202.213 Y168.484 E.88252
G3 X200.139 Y168.664 I-2.146 J-12.674 E.08287
G1 X186.335 Y154.86 E.77621
G2 X186.536 Y157.316 I28.861 J-1.128 E.09799
G1 X197.683 Y168.463 E.62682
G3 X194.449 Y167.483 I2.775 J-14.984 E.13466
G1 X187.179 Y160.213 E.40877
; stop printing object 圆柱体 id:2235774478336 copy 0
; printing object 圆柱体 id:2235774478336 copy 0
G1 E-.9
G1 Z26.86 F7200
G1 X155.393 Y140.979 Z26.86
G1 Z26.46
G1 E.9 F2400
M205 X3 Y3
;TYPE:Inner wall
G1 X155.412 Y140.979 E.00076
G3 X153.534 Y141.049 I-.42 J14.02 E3.42955
G3 X154.511 Y140.989 I1.634 J18.693 E.03892
G1 X155.353 Y140.98 E.03348
M205 X7 Y7
G1 X155.097 Y140.582 F7200
M205 X3 Y3
G1 F2400
G1 X155.425 Y140.581 E.01303
G3 X153.492 Y140.653 I-.433 J14.419 E3.52694
G3 X154.497 Y140.591 I1.68 J19.222 E.04003
G1 X155.057 Y140.582 E.02228
M205 X7 Y7
G1 X154.933 Y140.183 F7200
M205 X3 Y3
G1 F2400
G1 X155.438 Y140.183 E.02008
G3 X153.45 Y140.256 I-.446 J14.817 E3.62434
M73 P81 R20
G3 X154.483 Y140.193 I1.726 J19.75 E.04114
G1 X154.893 Y140.184 E.01629
M204 T500
G1 X154.467 Y139.744 F7200
;TYPE:Outer wall
G1 F1800
G3 X155.452 Y139.733 I.715 J20.412 E.03917
G3 X153.403 Y139.809 I-.461 J15.267 E3.73432
G3 X154.427 Y139.745 I1.778 J20.347 E.0408
M204 T1000
M205 X7 Y7
G1 E-.9 F2400
G1 Z26.86 F7200
G1 X167.821 Y149.787 Z26.86
G1 Z26.46
G1 E.9 F2400
;TYPE:Sparse infill
G1 X160.538 Y142.504 E.40952
G2 X157.317 Y141.537 I-5.417 J12.197 E.13408
G1 X168.463 Y152.683 E.62676
G3 X168.661 Y155.135 I-16.715 J2.582 E.0979
G1 X154.864 Y141.339 E.7758
G2 X152.787 Y141.516 I.182 J14.394 E.08296
G1 X168.482 Y157.21 E.88252
G3 X168.054 Y159.037 I-11.85 J-1.814 E.07466
G1 X150.96 Y141.944 E.96118
G2 X149.33 Y142.567 I10.306 J29.404 E.06943
G1 X167.433 Y160.67 E1.01799
G3 X166.652 Y162.144 I-12.283 J-5.569 E.06634
G1 X147.861 Y143.353 E1.05666
G2 X146.529 Y144.274 I9.278 J14.834 E.06445
G1 X165.721 Y163.467 E1.07921
G3 X164.661 Y164.661 I-11.202 J-8.872 E.06353
G1 X145.339 Y145.339 E1.08651
G2 X144.279 Y146.533 I7.674 J7.876 E.06355
G1 X163.467 Y165.721 E1.07894
G3 X162.144 Y166.652 I-10.496 J-13.505 E.06435
G1 X143.353 Y147.861 E1.05666
G2 X142.567 Y149.33 I9.709 J6.139 E.06628
G1 X160.67 Y167.433 E1.018
G3 X159.035 Y168.052 I-6.423 J-14.49 E.06955
G1 X141.946 Y150.963 E.96095
G2 X141.518 Y152.79 I11.422 J3.64 E.07466
G1 X157.213 Y168.484 E.88252
G3 X155.139 Y168.664 I-2.146 J-12.674 E.08287
G1 X141.335 Y154.86 E.77621
G2 X141.536 Y157.316 I28.861 J-1.128 E.09799
G1 X152.683 Y168.463 E.62682
G3 X149.449 Y167.483 I2.775 J-14.984 E.13466
G1 X142.179 Y160.213 E.40877
; stop printing object 圆柱体 id:2235774478336 copy 0
;LAYER_CHANGE
;Z:26.7
;HEIGHT:0.240002
;BEFORE_LAYER_CHANGE
;26.7
G92 E0

;AFTER_LAYER_CHANGE
;26.7
;_SET_FAN_SPEED_CHANGING_LAYER
; printing object 圆柱体 id:2235774478336 copy 0
G1 E-.9 F2400
G1 Z27.1 F7200
G1 X200.392 Y140.98 Z27.1
G1 Z26.7
G1 E.9 F2400
M205 X3 Y3
;TYPE:Inner wall
G1 X200.416 Y140.979 E.00093
G3 X198.46 Y141.058 I-.416 J14.017 E3.42552
G3 X199.511 Y140.989 I1.697 J17.859 E.04186
G1 X200.352 Y140.98 E.03347
M205 X7 Y7
G1 X200.097 Y140.582 F7200
M205 X3 Y3
G1 F2400
G1 X200.429 Y140.581 E.01319
G3 X198.418 Y140.662 I-.429 J14.415 E3.52285
M73 P82 R20
G3 X199.497 Y140.591 I1.744 J18.382 E.043
G1 X200.057 Y140.582 E.02227
M205 X7 Y7
G1 X199.933 Y140.184 F7200
M205 X3 Y3
G1 F2400
G1 X200.442 Y140.183 E.02024
G3 X198.375 Y140.266 I-.442 J14.813 E3.62017
G3 X199.483 Y140.193 I1.792 J18.905 E.04414
G1 X199.893 Y140.184 E.01629
M204 T500
G1 X199.476 Y139.734 F7200
;TYPE:Outer wall
G1 F1800
G1 X200.456 Y139.733 E.03899
G3 X198.327 Y139.818 I-.457 J15.263 E3.73008
G3 X199.44 Y139.745 I1.845 J19.495 E.04435
M204 T1000
M205 X7 Y7
G1 E-.9 F2400
G1 Z27.1 F7200
G1 X212.821 Y149.787 Z27.1
G1 Z26.7
G1 E.9 F2400
;TYPE:Sparse infill
G1 X205.538 Y142.504 E.40952
G2 X202.317 Y141.537 I-5.417 J12.197 E.13408
G1 X213.47 Y152.691 E.62719
G3 X213.667 Y155.141 I-21.799 J2.978 E.09779
G1 X199.864 Y141.339 E.77613
G2 X197.787 Y141.516 I.25 J15.205 E.08296
G1 X213.482 Y157.211 E.88256
G3 X213.055 Y159.038 I-12.527 J-1.968 E.07467
G1 X195.96 Y141.944 E.96123
G2 X194.33 Y142.567 I10.429 J29.733 E.06943
G1 X212.434 Y160.671 E1.01803
G3 X211.652 Y162.144 I-16.201 J-7.654 E.06632
G1 X192.861 Y143.353 E1.05666
G2 X191.529 Y144.274 I9.285 J14.845 E.06445
G1 X210.725 Y163.471 E1.07944
G3 X209.661 Y164.661 I-9.056 J-7.024 E.06353
G1 X190.336 Y145.336 E1.08668
G2 X189.279 Y146.534 I11.572 J11.275 E.06353
G1 X208.467 Y165.721 E1.07894
G3 X207.144 Y166.652 I-10.496 J-13.505 E.06435
G1 X188.348 Y147.856 E1.05692
G2 X187.565 Y149.328 I16.162 J9.542 E.06629
G1 X205.672 Y167.435 E1.0182
G3 X204.035 Y168.052 I-6.826 J-15.615 E.06959
G1 X186.946 Y150.962 E.961
G2 X186.518 Y152.79 I11.594 J3.674 E.07468
G1 X202.213 Y168.484 E.88254
G3 X200.139 Y168.664 I-2.184 J-13.123 E.08287
G1 X186.339 Y154.865 E.77596
G2 X186.528 Y157.308 I18.659 J-.213 E.0975
G1 X197.684 Y168.464 E.62732
G3 X194.462 Y167.496 I2.438 J-13.965 E.13408
G1 X187.179 Y160.213 E.40952
; stop printing object 圆柱体 id:2235774478336 copy 0
; printing object 圆柱体 id:2235774478336 copy 0
G1 E-.9
G1 Z27.1 F7200
G1 X155.392 Y140.98 Z27.1
G1 Z26.7
G1 E.9 F2400
M205 X3 Y3
;TYPE:Inner wall
G1 X155.416 Y140.979 E.00093
G3 X153.46 Y141.058 I-.416 J14.017 E3.42552
G3 X154.511 Y140.989 I1.697 J17.859 E.04186
G1 X155.352 Y140.98 E.03347
M205 X7 Y7
G1 X155.097 Y140.582 F7200
M205 X3 Y3
G1 F2400
G1 X155.429 Y140.581 E.01319
G3 X153.418 Y140.662 I-.429 J14.415 E3.52285
G3 X154.497 Y140.591 I1.744 J18.382 E.043
G1 X155.057 Y140.582 E.02227
M205 X7 Y7
G1 X154.933 Y140.184 F7200
M205 X3 Y3
G1 F2400
G1 X155.442 Y140.183 E.02024
G3 X153.375 Y140.266 I-.442 J14.813 E3.62017
G3 X154.483 Y140.193 I1.792 J18.905 E.04414
G1 X154.893 Y140.184 E.01629
M204 T500
G1 X154.476 Y139.734 F7200
;TYPE:Outer wall
G1 F1800
G1 X155.456 Y139.733 E.03899
G3 X153.327 Y139.818 I-.457 J15.263 E3.73008
G3 X154.44 Y139.745 I1.845 J19.495 E.04435
M204 T1000
M205 X7 Y7
G1 E-.9 F2400
G1 Z27.1 F7200
G1 X167.821 Y149.787 Z27.1
G1 Z26.7
G1 E.9 F2400
;TYPE:Sparse infill
G1 X160.538 Y142.504 E.40952
G2 X157.317 Y141.537 I-5.417 J12.197 E.13408
G1 X168.47 Y152.691 E.62719
G3 X168.667 Y155.141 I-21.799 J2.978 E.09779
G1 X154.864 Y141.339 E.77613
G2 X152.787 Y141.516 I.25 J15.205 E.08296
G1 X168.482 Y157.211 E.88256
G3 X168.055 Y159.038 I-12.527 J-1.968 E.07467
G1 X150.96 Y141.944 E.96123
G2 X149.33 Y142.567 I10.429 J29.733 E.06943
G1 X167.434 Y160.671 E1.01803
G3 X166.652 Y162.144 I-16.201 J-7.654 E.06632
G1 X147.861 Y143.353 E1.05666
G2 X146.529 Y144.274 I9.285 J14.845 E.06445
G1 X165.725 Y163.471 E1.07944
G3 X164.661 Y164.661 I-9.056 J-7.024 E.06353
G1 X145.336 Y145.336 E1.08668
M73 P82 R19
G2 X144.279 Y146.534 I11.572 J11.275 E.06353
G1 X163.467 Y165.721 E1.07894
G3 X162.144 Y166.652 I-10.496 J-13.505 E.06435
G1 X143.348 Y147.856 E1.05692
G2 X142.565 Y149.328 I16.162 J9.542 E.06629
G1 X160.672 Y167.435 E1.0182
G3 X159.035 Y168.052 I-6.826 J-15.615 E.06959
G1 X141.946 Y150.962 E.961
G2 X141.518 Y152.79 I11.594 J3.674 E.07468
G1 X157.213 Y168.484 E.88254
G3 X155.139 Y168.664 I-2.184 J-13.123 E.08287
G1 X141.339 Y154.865 E.77596
G2 X141.528 Y157.308 I18.659 J-.213 E.0975
G1 X152.684 Y168.464 E.62732
G3 X149.462 Y167.496 I2.438 J-13.965 E.13408
G1 X142.179 Y160.213 E.40952
; stop printing object 圆柱体 id:2235774478336 copy 0
;LAYER_CHANGE
;Z:26.94
;HEIGHT:0.24
;BEFORE_LAYER_CHANGE
;26.94
G92 E0

;AFTER_LAYER_CHANGE
;26.94
;_SET_FAN_SPEED_CHANGING_LAYER
; printing object 圆柱体 id:2235774478336 copy 0
G1 E-.9 F2400
G1 Z27.34 F7200
G1 X200.392 Y140.98 Z27.34
G1 Z26.94
G1 E.9 F2400
M205 X3 Y3
;TYPE:Inner wall
G1 X200.42 Y140.98 E.00109
G3 X198.534 Y141.049 I-.428 J14.02 E3.42925
G3 X199.511 Y140.989 I1.633 J18.679 E.03892
G1 X200.352 Y140.98 E.03347
M205 X7 Y7
G1 X200.097 Y140.582 F7200
M205 X3 Y3
G1 F2400
G1 X200.433 Y140.581 E.01336
G3 X198.492 Y140.653 I-.441 J14.419 E3.52664
G3 X199.497 Y140.591 I1.679 J19.208 E.04003
G1 X200.057 Y140.582 E.02227
M205 X7 Y7
G1 X199.936 Y140.184 F7200
M205 X3 Y3
G1 F2400
G1 X200.446 Y140.183 E.02027
G3 X198.45 Y140.256 I-.454 J14.817 E3.62403
G3 X199.483 Y140.193 I1.725 J19.737 E.04114
G1 X199.896 Y140.184 E.01643
M204 T500
G1 X199.485 Y139.734 F7200
;TYPE:Outer wall
G1 F1800
G1 X200.461 Y139.733 E.03878
G3 X198.403 Y139.809 I-.469 J15.267 E3.73401
G3 X199.448 Y139.744 I1.778 J20.334 E.04161
M204 T1000
M205 X7 Y7
G1 E-.9 F2400
G1 Z27.34 F7200
G1 X212.832 Y149.799 Z27.34
G1 Z26.94
G1 E.9 F2400
;TYPE:Sparse infill
G1 X205.538 Y142.504 E.41019
G2 X202.308 Y141.528 I-6.413 J15.394 E.13439
G1 X213.472 Y152.692 E.62777
G3 X213.661 Y155.135 I-18.476 J2.656 E.0975
G1 X199.864 Y141.339 E.77579
G2 X197.787 Y141.516 I.181 J14.379 E.08296
G1 X213.482 Y157.211 E.88254
G3 X213.054 Y159.037 I-12.321 J-1.927 E.07464
G1 X195.962 Y141.945 E.96112
G2 X194.33 Y142.567 I8.922 J25.851 E.06946
G1 X212.433 Y160.67 E1.018
G3 X211.652 Y162.144 I-12.287 J-5.571 E.06634
G1 X192.861 Y143.353 E1.05666
G2 X191.529 Y144.274 I9.298 J14.864 E.06445
G1 X210.721 Y163.467 E1.07921
G3 X209.661 Y164.661 I-11.295 J-8.951 E.06353
G1 X190.336 Y145.336 E1.0867
G2 X189.275 Y146.53 I13.275 J12.863 E.06351
G1 X208.47 Y165.725 E1.07938
G3 X207.144 Y166.652 I-26.09 J-35.916 E.06437
G1 X188.353 Y147.861 E1.05666
G2 X187.565 Y149.328 I13.687 J8.293 E.06622
G1 X205.672 Y167.435 E1.0182
G3 X204.037 Y168.054 I-11.48 J-27.874 E.06954
G1 X186.946 Y150.962 E.96107
G2 X186.518 Y152.789 I12.062 J3.786 E.07466
G1 X202.215 Y168.486 E.88269
G3 X200.135 Y168.661 I-2.792 J-20.848 E.08303
G1 X186.339 Y154.865 E.77577
G2 X186.537 Y157.317 I16.913 J-.13 E.0979
G1 X197.684 Y168.464 E.62681
G3 X194.462 Y167.496 I2.408 J-13.866 E.13408
M73 P83 R19
G1 X187.179 Y160.213 E.40952
; stop printing object 圆柱体 id:2235774478336 copy 0
; printing object 圆柱体 id:2235774478336 copy 0
G1 E-.9
G1 Z27.34 F7200
G1 X155.392 Y140.98 Z27.34
G1 Z26.94
G1 E.9 F2400
M205 X3 Y3
;TYPE:Inner wall
G1 X155.42 Y140.98 E.00109
G3 X153.534 Y141.049 I-.428 J14.02 E3.42925
G3 X154.511 Y140.989 I1.633 J18.679 E.03892
G1 X155.352 Y140.98 E.03347
M205 X7 Y7
G1 X155.097 Y140.582 F7200
M205 X3 Y3
G1 F2400
G1 X155.433 Y140.581 E.01336
G3 X153.492 Y140.653 I-.441 J14.419 E3.52664
G3 X154.497 Y140.591 I1.679 J19.208 E.04003
G1 X155.057 Y140.582 E.02227
M205 X7 Y7
G1 X154.936 Y140.184 F7200
M205 X3 Y3
G1 F2400
G1 X155.446 Y140.183 E.02027
G3 X153.45 Y140.256 I-.454 J14.817 E3.62403
G3 X154.483 Y140.193 I1.725 J19.737 E.04114
G1 X154.896 Y140.184 E.01643
M204 T500
G1 X154.485 Y139.734 F7200
;TYPE:Outer wall
G1 F1800
G1 X155.461 Y139.733 E.03878
G3 X153.403 Y139.809 I-.469 J15.267 E3.73401
G3 X154.448 Y139.744 I1.778 J20.334 E.04161
M204 T1000
M205 X7 Y7
G1 E-.9 F2400
G1 Z27.34 F7200
G1 X167.832 Y149.799 Z27.34
G1 Z26.94
G1 E.9 F2400
;TYPE:Sparse infill
G1 X160.538 Y142.504 E.41019
G2 X157.308 Y141.528 I-6.413 J15.394 E.13439
G1 X168.472 Y152.692 E.62777
G3 X168.661 Y155.135 I-18.476 J2.656 E.0975
G1 X154.864 Y141.339 E.77579
G2 X152.787 Y141.516 I.181 J14.379 E.08296
G1 X168.482 Y157.211 E.88254
G3 X168.054 Y159.037 I-12.321 J-1.927 E.07464
G1 X150.962 Y141.945 E.96112
G2 X149.33 Y142.567 I8.922 J25.851 E.06946
G1 X167.433 Y160.67 E1.018
G3 X166.652 Y162.144 I-12.287 J-5.571 E.06634
G1 X147.861 Y143.353 E1.05666
G2 X146.529 Y144.274 I9.298 J14.864 E.06445
G1 X165.721 Y163.467 E1.07921
G3 X164.661 Y164.661 I-11.295 J-8.951 E.06353
G1 X145.336 Y145.336 E1.0867
G2 X144.275 Y146.53 I13.275 J12.863 E.06351
G1 X163.47 Y165.725 E1.07938
G3 X162.144 Y166.652 I-26.09 J-35.916 E.06437
G1 X143.353 Y147.861 E1.05666
G2 X142.565 Y149.328 I13.687 J8.293 E.06622
G1 X160.672 Y167.435 E1.0182
G3 X159.037 Y168.054 I-11.48 J-27.874 E.06954
G1 X141.946 Y150.962 E.96107
G2 X141.518 Y152.789 I12.062 J3.786 E.07466
G1 X157.215 Y168.486 E.88269
G3 X155.135 Y168.661 I-2.792 J-20.848 E.08303
G1 X141.339 Y154.865 E.77577
G2 X141.537 Y157.317 I16.913 J-.13 E.0979
G1 X152.684 Y168.464 E.62681
G3 X149.462 Y167.496 I2.408 J-13.866 E.13408
G1 X142.179 Y160.213 E.40952
; stop printing object 圆柱体 id:2235774478336 copy 0
;LAYER_CHANGE
;Z:27.18
;HEIGHT:0.24
;BEFORE_LAYER_CHANGE
;27.18
G92 E0

;AFTER_LAYER_CHANGE
;27.18
;_SET_FAN_SPEED_CHANGING_LAYER
; printing object 圆柱体 id:2235774478336 copy 0
G1 E-.9 F2400
G1 Z27.58 F7200
G1 X200.392 Y140.98 Z27.58
G1 Z27.18
G1 E.9 F2400
M205 X3 Y3
;TYPE:Inner wall
G1 X200.424 Y140.98 E.00125
G3 X199.024 Y141.006 I-.433 J14.02 E3.44859
G3 X199.51 Y140.983 I.993 J15.406 E.01935
G1 X200.352 Y140.98 E.03347
M205 X7 Y7
G1 X200.097 Y140.582 F7200
M205 X3 Y3
G1 F2400
G1 X200.437 Y140.581 E.01352
G3 X198.996 Y140.609 I-.447 J14.418 E3.54649
M73 P83 R18
G3 X199.497 Y140.584 I1.022 J15.852 E.01994
G1 X200.057 Y140.582 E.02228
M205 X7 Y7
G1 X199.946 Y140.184 F7200
M205 X3 Y3
G1 F2400
G1 X200.45 Y140.183 E.02004
G3 X198.967 Y140.211 I-.46 J14.816 E3.64435
G3 X199.483 Y140.186 I1.052 J16.299 E.02052
G1 X199.906 Y140.184 E.01683
M204 T500
G1 X199.495 Y139.734 F7200
;TYPE:Outer wall
G1 F1800
G1 X200.465 Y139.733 E.03854
G3 X198.336 Y139.817 I-.465 J15.263 E3.73009
G3 X199.457 Y139.744 I1.837 J19.563 E.04469
M204 T1000
M205 X7 Y7
G1 E-.9 F2400
G1 Z27.58 F7200
G1 X212.821 Y149.787 Z27.58
G1 Z27.18
G1 E.9 F2400
;TYPE:Sparse infill
G1 X205.538 Y142.504 E.40952
G2 X202.308 Y141.528 I-6.41 J15.386 E.13439
G1 X213.472 Y152.692 E.62777
G3 X213.661 Y155.135 I-18.47 J2.656 E.0975
G1 X199.864 Y141.339 E.77579
G2 X197.787 Y141.516 I.24 J15.099 E.08296
G1 X213.482 Y157.21 E.88253
G3 X213.054 Y159.037 I-11.849 J-1.814 E.07466
G1 X195.96 Y141.944 E.96118
G2 X194.33 Y142.567 I10.43 J29.735 E.06943
G1 X212.435 Y160.672 E1.0181
G3 X211.652 Y162.144 I-16.946 J-8.072 E.06629
G1 X192.861 Y143.353 E1.05666
G2 X191.529 Y144.274 I9.307 J14.877 E.06445
G1 X210.723 Y163.469 E1.07933
G3 X209.661 Y164.661 I-8.97 J-6.919 E.06354
G1 X190.339 Y145.339 E1.08651
G2 X189.279 Y146.534 I7.661 J7.864 E.06355
G1 X208.467 Y165.721 E1.07894
G3 X207.144 Y166.652 I-10.497 J-13.506 E.06435
G1 X188.348 Y147.856 E1.05692
G2 X187.567 Y149.33 I11.506 J7.044 E.06634
G1 X205.67 Y167.433 E1.018
G3 X204.037 Y168.054 I-10.576 J-25.386 E.0695
G1 X186.946 Y150.963 E.96102
G2 X186.518 Y152.789 I11.865 J3.747 E.07464
G1 X202.215 Y168.486 E.88269
G3 X200.135 Y168.661 I-2.791 J-20.836 E.08303
G1 X186.339 Y154.865 E.77577
G2 X186.528 Y157.308 I18.659 J-.213 E.0975
G1 X197.683 Y168.463 E.62727
G3 X194.462 Y167.496 I2.396 J-13.83 E.13404
G1 X187.179 Y160.213 E.40952
; stop printing object 圆柱体 id:2235774478336 copy 0
; printing object 圆柱体 id:2235774478336 copy 0
G1 E-.9
G1 Z27.58 F7200
G1 X155.392 Y140.98 Z27.58
G1 Z27.18
G1 E.9 F2400
M205 X3 Y3
;TYPE:Inner wall
G1 X155.424 Y140.98 E.00125
G3 X154.024 Y141.006 I-.433 J14.02 E3.44859
G3 X154.51 Y140.983 I.993 J15.406 E.01935
G1 X155.352 Y140.98 E.03347
M205 X7 Y7
G1 X155.097 Y140.582 F7200
M205 X3 Y3
G1 F2400
G1 X155.437 Y140.581 E.01352
G3 X153.996 Y140.609 I-.447 J14.418 E3.54649
G3 X154.497 Y140.584 I1.022 J15.852 E.01994
G1 X155.057 Y140.582 E.02228
M205 X7 Y7
G1 X154.946 Y140.184 F7200
M205 X3 Y3
G1 F2400
G1 X155.45 Y140.183 E.02004
G3 X153.967 Y140.211 I-.46 J14.816 E3.64435
G3 X154.483 Y140.186 I1.052 J16.299 E.02052
G1 X154.906 Y140.184 E.01683
M204 T500
G1 X154.495 Y139.734 F7200
;TYPE:Outer wall
G1 F1800
G1 X155.465 Y139.733 E.03854
G3 X153.336 Y139.817 I-.465 J15.263 E3.73009
G3 X154.457 Y139.744 I1.837 J19.563 E.04469
M204 T1000
M205 X7 Y7
G1 E-.9 F2400
G1 Z27.58 F7200
G1 X167.821 Y149.787 Z27.58
G1 Z27.18
G1 E.9 F2400
;TYPE:Sparse infill
G1 X160.538 Y142.504 E.40952
G2 X157.308 Y141.528 I-6.41 J15.386 E.13439
G1 X168.472 Y152.692 E.62777
G3 X168.661 Y155.135 I-18.47 J2.656 E.0975
G1 X154.864 Y141.339 E.77579
G2 X152.787 Y141.516 I.24 J15.099 E.08296
G1 X168.482 Y157.21 E.88253
G3 X168.054 Y159.037 I-11.849 J-1.814 E.07466
G1 X150.96 Y141.944 E.96118
G2 X149.33 Y142.567 I10.43 J29.735 E.06943
G1 X167.435 Y160.672 E1.0181
G3 X166.652 Y162.144 I-16.946 J-8.072 E.06629
G1 X147.861 Y143.353 E1.05666
G2 X146.529 Y144.274 I9.307 J14.877 E.06445
G1 X165.723 Y163.469 E1.07933
G3 X164.661 Y164.661 I-8.97 J-6.919 E.06354
G1 X145.339 Y145.339 E1.08651
G2 X144.279 Y146.534 I7.661 J7.864 E.06355
G1 X163.467 Y165.721 E1.07894
G3 X162.144 Y166.652 I-10.497 J-13.506 E.06435
M73 P84 R18
G1 X143.348 Y147.856 E1.05692
G2 X142.567 Y149.33 I11.506 J7.044 E.06634
G1 X160.67 Y167.433 E1.018
G3 X159.037 Y168.054 I-10.576 J-25.386 E.0695
G1 X141.946 Y150.963 E.96102
G2 X141.518 Y152.789 I11.865 J3.747 E.07464
G1 X157.215 Y168.486 E.88269
G3 X155.135 Y168.661 I-2.791 J-20.836 E.08303
G1 X141.339 Y154.865 E.77577
G2 X141.528 Y157.308 I18.659 J-.213 E.0975
G1 X152.683 Y168.463 E.62727
G3 X149.462 Y167.496 I2.396 J-13.83 E.13404
G1 X142.179 Y160.213 E.40952
; stop printing object 圆柱体 id:2235774478336 copy 0
;LAYER_CHANGE
;Z:27.42
;HEIGHT:0.24
;BEFORE_LAYER_CHANGE
;27.42
G92 E0

;AFTER_LAYER_CHANGE
;27.42
;_SET_FAN_SPEED_CHANGING_LAYER
; printing object 圆柱体 id:2235774478336 copy 0
G1 E-.9 F2400
G1 Z27.82 F7200
G1 X200.393 Y140.98 Z27.82
G1 Z27.42
G1 E.9 F2400
M205 X3 Y3
;TYPE:Inner wall
G1 X200.428 Y140.98 E.0014
G3 X199.021 Y141.006 I-.437 J14.02 E3.44832
G3 X199.51 Y140.983 I.997 J15.44 E.01947
G1 X200.353 Y140.98 E.03349
M205 X7 Y7
G1 X200.108 Y140.582 F7200
M205 X3 Y3
G1 F2400
G1 X200.441 Y140.581 E.01325
G3 X198.994 Y140.609 I-.45 J14.418 E3.54625
G3 X199.497 Y140.584 I1.025 J15.883 E.02002
G1 X200.068 Y140.582 E.02271
M205 X7 Y7
G1 X199.956 Y140.184 F7200
M205 X3 Y3
G1 F2400
G1 X200.454 Y140.183 E.01979
G3 X198.966 Y140.211 I-.464 J14.816 E3.64418
G3 X199.483 Y140.186 I1.054 J16.325 E.02057
G1 X199.916 Y140.184 E.01725
M204 T500
G1 X199.506 Y139.734 F7200
;TYPE:Outer wall
G1 F1800
G1 X200.469 Y139.733 E.03829
G3 X198.934 Y139.762 I-.479 J15.266 E3.75478
G3 X199.466 Y139.736 I1.086 J16.826 E.02116
M204 T1000
M205 X7 Y7
G1 E-.9 F2400
G1 Z27.82 F7200
G1 X212.821 Y149.787 Z27.82
G1 Z27.42
G1 E.9 F2400
;TYPE:Sparse infill
G1 X205.538 Y142.504 E.40952
G2 X202.317 Y141.537 I-5.417 J12.197 E.13408
G1 X213.472 Y152.692 E.62727
G3 X213.661 Y155.135 I-18.476 J2.656 E.0975
G1 X199.864 Y141.339 E.77579
G2 X197.787 Y141.516 I.179 J14.365 E.08296
G1 X213.482 Y157.21 E.88252
G3 X213.054 Y159.037 I-11.989 J-1.84 E.07468
G1 X195.961 Y141.944 E.96117
G2 X194.33 Y142.567 I8.993 J26.024 E.06945
G1 X212.435 Y160.672 E1.01809
G3 X211.652 Y162.144 I-16.946 J-8.071 E.06629
M73 P84 R17
G1 X192.861 Y143.353 E1.05666
G2 X191.529 Y144.274 I9.318 J14.893 E.06445
G1 X210.721 Y163.466 E1.07921
G3 X209.661 Y164.661 I-11.174 J-8.846 E.06353
G1 X190.339 Y145.339 E1.08651
G2 X189.279 Y146.533 I7.674 J7.876 E.06355
G1 X208.467 Y165.721 E1.07894
G3 X207.144 Y166.652 I-10.497 J-13.506 E.06435
G1 X188.353 Y147.861 E1.05666
G2 X187.565 Y149.328 I13.687 J8.294 E.06622
G1 X205.672 Y167.435 E1.0182
G3 X204.037 Y168.054 I-11.483 J-27.882 E.06954
G1 X186.946 Y150.963 E.96106
G2 X186.518 Y152.79 I11.562 J3.667 E.07468
G1 X202.215 Y168.486 E.88267
G3 X200.135 Y168.661 I-2.792 J-20.85 E.08303
G1 X186.333 Y154.859 E.7761
G2 X186.536 Y157.316 I31.929 J-1.401 E.09806
G1 X197.683 Y168.463 E.62681
G3 X194.462 Y167.496 I2.397 J-13.836 E.13404
G1 X187.179 Y160.213 E.40952
; stop printing object 圆柱体 id:2235774478336 copy 0
; printing object 圆柱体 id:2235774478336 copy 0
G1 E-.9
G1 Z27.82 F7200
G1 X155.393 Y140.98 Z27.82
G1 Z27.42
G1 E.9 F2400
M205 X3 Y3
;TYPE:Inner wall
G1 X155.428 Y140.98 E.0014
G3 X154.021 Y141.006 I-.437 J14.02 E3.44832
G3 X154.51 Y140.983 I.997 J15.44 E.01947
G1 X155.353 Y140.98 E.03349
M205 X7 Y7
G1 X155.108 Y140.582 F7200
M205 X3 Y3
G1 F2400
G1 X155.441 Y140.581 E.01325
G3 X153.994 Y140.609 I-.45 J14.418 E3.54625
G3 X154.497 Y140.584 I1.025 J15.883 E.02002
G1 X155.068 Y140.582 E.02271
M205 X7 Y7
G1 X154.956 Y140.184 F7200
M205 X3 Y3
G1 F2400
G1 X155.454 Y140.183 E.01979
G3 X153.966 Y140.211 I-.464 J14.816 E3.64418
G3 X154.483 Y140.186 I1.054 J16.325 E.02057
G1 X154.916 Y140.184 E.01725
M204 T500
G1 X154.506 Y139.734 F7200
;TYPE:Outer wall
G1 F1800
G1 X155.469 Y139.733 E.03829
G3 X153.934 Y139.762 I-.479 J15.266 E3.75478
G3 X154.466 Y139.736 I1.086 J16.826 E.02116
M204 T1000
M205 X7 Y7
G1 E-.9 F2400
G1 Z27.82 F7200
G1 X167.821 Y149.787 Z27.82
G1 Z27.42
G1 E.9 F2400
;TYPE:Sparse infill
G1 X160.538 Y142.504 E.40952
G2 X157.317 Y141.537 I-5.417 J12.197 E.13408
G1 X168.472 Y152.692 E.62727
G3 X168.661 Y155.135 I-18.476 J2.656 E.0975
G1 X154.864 Y141.339 E.77579
G2 X152.787 Y141.516 I.179 J14.365 E.08296
G1 X168.482 Y157.21 E.88252
G3 X168.054 Y159.037 I-11.989 J-1.84 E.07468
G1 X150.961 Y141.944 E.96117
G2 X149.33 Y142.567 I8.993 J26.024 E.06945
G1 X167.435 Y160.672 E1.01809
G3 X166.652 Y162.144 I-16.946 J-8.071 E.06629
G1 X147.861 Y143.353 E1.05666
G2 X146.529 Y144.274 I9.318 J14.893 E.06445
G1 X165.721 Y163.466 E1.07921
G3 X164.661 Y164.661 I-11.174 J-8.846 E.06353
G1 X145.339 Y145.339 E1.08651
G2 X144.279 Y146.533 I7.674 J7.876 E.06355
G1 X163.467 Y165.721 E1.07894
G3 X162.144 Y166.652 I-10.497 J-13.506 E.06435
G1 X143.353 Y147.861 E1.05666
G2 X142.565 Y149.328 I13.687 J8.294 E.06622
G1 X160.672 Y167.435 E1.0182
G3 X159.037 Y168.054 I-11.483 J-27.882 E.06954
G1 X141.946 Y150.963 E.96106
G2 X141.518 Y152.79 I11.562 J3.667 E.07468
G1 X157.215 Y168.486 E.88267
G3 X155.135 Y168.661 I-2.792 J-20.85 E.08303
G1 X141.333 Y154.859 E.7761
G2 X141.536 Y157.316 I31.929 J-1.401 E.09806
G1 X152.683 Y168.463 E.62681
G3 X149.462 Y167.496 I2.397 J-13.836 E.13404
G1 X142.179 Y160.213 E.40952
; stop printing object 圆柱体 id:2235774478336 copy 0
;LAYER_CHANGE
;Z:27.66
;HEIGHT:0.24
;BEFORE_LAYER_CHANGE
;27.66
G92 E0

;AFTER_LAYER_CHANGE
;27.66
;_SET_FAN_SPEED_CHANGING_LAYER
; printing object 圆柱体 id:2235774478336 copy 0
G1 E-.9 F2400
G1 Z28.06 F7200
G1 X200.4 Y140.98 Z28.06
G1 Z27.66
G1 E.9 F2400
M205 X3 Y3
;TYPE:Inner wall
G1 X200.432 Y140.98 E.00125
G3 X199.024 Y141.006 I-.44 J14.02 E3.44826
G3 X199.51 Y140.983 I.995 J15.445 E.01936
G1 X200.36 Y140.98 E.0338
M205 X7 Y7
G1 X200.118 Y140.582 F7200
M205 X3 Y3
G1 F2400
G1 X200.445 Y140.581 E.01298
G3 X198.996 Y140.609 I-.454 J14.418 E3.54617
G3 X199.497 Y140.584 I1.024 J15.891 E.01994
G1 X200.078 Y140.582 E.02314
M205 X7 Y7
G1 X199.967 Y140.184 F7200
M205 X3 Y3
G1 F2400
G1 X200.458 Y140.183 E.01952
G3 X198.967 Y140.211 I-.467 J14.816 E3.64407
G3 X199.483 Y140.186 I1.053 J16.338 E.02053
G1 X199.927 Y140.184 E.01768
M204 T500
G1 X199.517 Y139.734 F7200
;TYPE:Outer wall
G1 F1800
G1 X200.473 Y139.733 E.03802
G3 X198.935 Y139.762 I-.482 J15.266 E3.75463
G3 X199.467 Y139.736 I1.086 J16.844 E.02118
G1 X199.477 Y139.736 E.00039
M204 T1000
M205 X7 Y7
G1 E-.9 F2400
G1 Z28.06 F7200
G1 X212.833 Y149.799 Z28.06
G1 Z27.66
G1 E.9 F2400
;TYPE:Sparse infill
G1 X205.538 Y142.504 E.41022
G2 X202.308 Y141.529 I-6.404 J15.37 E.13438
G1 X213.472 Y152.692 E.62776
G3 X213.661 Y155.135 I-18.471 J2.656 E.0975
G1 X199.864 Y141.339 E.77579
G2 X197.787 Y141.516 I.231 J14.993 E.08296
G1 X213.482 Y157.21 E.88253
G3 X213.054 Y159.037 I-11.848 J-1.813 E.07466
G1 X195.961 Y141.944 E.96113
G2 X194.33 Y142.567 I9.145 J26.426 E.06946
M73 P85 R17
G1 X212.433 Y160.67 E1.018
G3 X211.652 Y162.144 I-12.287 J-5.571 E.06634
G1 X192.861 Y143.353 E1.05666
G2 X191.529 Y144.274 I9.328 J14.909 E.06445
G1 X210.721 Y163.467 E1.07924
G3 X209.661 Y164.661 I-12.171 J-9.736 E.06352
G1 X190.336 Y145.336 E1.0867
G2 X189.275 Y146.529 I13.38 J12.961 E.06351
G1 X208.47 Y165.725 E1.07939
G3 X207.144 Y166.652 I-26.18 J-36.047 E.06437
G1 X188.353 Y147.861 E1.05666
G2 X187.567 Y149.33 I9.708 J6.139 E.06628
G1 X205.672 Y167.435 E1.0181
G3 X204.035 Y168.052 I-6.826 J-15.613 E.06959
G1 X186.946 Y150.963 E.96099
G2 X186.518 Y152.79 I11.551 J3.665 E.07468
G1 X202.213 Y168.484 E.88253
G3 X200.139 Y168.664 I-2.175 J-13.024 E.08287
G1 X186.339 Y154.865 E.77596
G2 X186.537 Y157.317 I16.914 J-.13 E.0979
G1 X197.692 Y168.472 E.62727
G3 X194.462 Y167.496 I2.396 J-13.765 E.1345
G1 X187.179 Y160.213 E.40952
; stop printing object 圆柱体 id:2235774478336 copy 0
; printing object 圆柱体 id:2235774478336 copy 0
G1 E-.9
G1 Z28.06 F7200
G1 X155.4 Y140.98 Z28.06
G1 Z27.66
G1 E.9 F2400
M205 X3 Y3
;TYPE:Inner wall
G1 X155.432 Y140.98 E.00125
G3 X154.024 Y141.006 I-.44 J14.02 E3.44826
M73 P85 R16
G3 X154.51 Y140.983 I.995 J15.445 E.01936
G1 X155.36 Y140.98 E.0338
M205 X7 Y7
G1 X155.118 Y140.582 F7200
M205 X3 Y3
G1 F2400
G1 X155.445 Y140.581 E.01298
G3 X153.996 Y140.609 I-.454 J14.418 E3.54617
G3 X154.497 Y140.584 I1.024 J15.891 E.01994
G1 X155.078 Y140.582 E.02314
M205 X7 Y7
G1 X154.967 Y140.184 F7200
M205 X3 Y3
G1 F2400
G1 X155.458 Y140.183 E.01952
G3 X153.967 Y140.211 I-.467 J14.816 E3.64407
G3 X154.483 Y140.186 I1.053 J16.338 E.02053
G1 X154.927 Y140.184 E.01768
M204 T500
G1 X154.517 Y139.734 F7200
;TYPE:Outer wall
G1 F1800
G1 X155.473 Y139.733 E.03802
G3 X153.935 Y139.762 I-.482 J15.266 E3.75463
G3 X154.467 Y139.736 I1.086 J16.844 E.02118
G1 X154.477 Y139.736 E.00039
M204 T1000
M205 X7 Y7
G1 E-.9 F2400
G1 Z28.06 F7200
G1 X167.833 Y149.799 Z28.06
G1 Z27.66
G1 E.9 F2400
;TYPE:Sparse infill
G1 X160.538 Y142.504 E.41022
G2 X157.308 Y141.529 I-6.404 J15.37 E.13438
G1 X168.472 Y152.692 E.62776
G3 X168.661 Y155.135 I-18.471 J2.656 E.0975
G1 X154.864 Y141.339 E.77579
G2 X152.787 Y141.516 I.231 J14.993 E.08296
G1 X168.482 Y157.21 E.88253
G3 X168.054 Y159.037 I-11.848 J-1.813 E.07466
G1 X150.961 Y141.944 E.96113
G2 X149.33 Y142.567 I9.145 J26.426 E.06946
G1 X167.433 Y160.67 E1.018
G3 X166.652 Y162.144 I-12.287 J-5.571 E.06634
G1 X147.861 Y143.353 E1.05666
G2 X146.529 Y144.274 I9.328 J14.909 E.06445
G1 X165.721 Y163.467 E1.07924
G3 X164.661 Y164.661 I-12.171 J-9.736 E.06352
G1 X145.336 Y145.336 E1.0867
G2 X144.275 Y146.529 I13.38 J12.961 E.06351
G1 X163.47 Y165.725 E1.07939
G3 X162.144 Y166.652 I-26.18 J-36.047 E.06437
G1 X143.353 Y147.861 E1.05666
G2 X142.567 Y149.33 I9.708 J6.139 E.06628
G1 X160.672 Y167.435 E1.0181
G3 X159.035 Y168.052 I-6.826 J-15.613 E.06959
G1 X141.946 Y150.963 E.96099
G2 X141.518 Y152.79 I11.551 J3.665 E.07468
G1 X157.213 Y168.484 E.88253
G3 X155.139 Y168.664 I-2.175 J-13.024 E.08287
G1 X141.339 Y154.865 E.77596
G2 X141.537 Y157.317 I16.914 J-.13 E.0979
G1 X152.692 Y168.472 E.62727
G3 X149.462 Y167.496 I2.396 J-13.765 E.1345
G1 X142.179 Y160.213 E.40952
; stop printing object 圆柱体 id:2235774478336 copy 0
;LAYER_CHANGE
;Z:27.9
;HEIGHT:0.24
;BEFORE_LAYER_CHANGE
;27.9
G92 E0

;AFTER_LAYER_CHANGE
;27.9
;_SET_FAN_SPEED_CHANGING_LAYER
; printing object 圆柱体 id:2235774478336 copy 0
G1 E-.9 F2400
G1 Z28.3 F7200
G1 X200.412 Y140.98 Z28.3
G1 Z27.9
G1 E.9 F2400
M205 X3 Y3
;TYPE:Inner wall
G1 X200.436 Y140.98 E.00096
G3 X199.021 Y141.006 I-.444 J14.019 E3.448
G3 X199.51 Y140.983 I.998 J15.476 E.01947
G1 X200.372 Y140.98 E.03424
M205 X7 Y7
G1 X200.13 Y140.582 F7200
M205 X3 Y3
G1 F2400
G1 X200.449 Y140.581 E.0127
G3 X198.994 Y140.609 I-.457 J14.418 E3.54593
G3 X199.497 Y140.584 I1.027 J15.92 E.02002
G1 X200.09 Y140.582 E.02358
M205 X7 Y7
G1 X199.978 Y140.184 F7200
M205 X3 Y3
G1 F2400
G1 X200.462 Y140.183 E.01924
G3 X198.966 Y140.211 I-.471 J14.816 E3.64386
G3 X199.483 Y140.186 I1.055 J16.363 E.02057
G1 X199.938 Y140.184 E.01812
M204 T500
G1 X199.528 Y139.734 F7200
;TYPE:Outer wall
G1 F1800
G1 X200.477 Y139.733 E.03775
G3 X198.934 Y139.762 I-.486 J15.266 E3.75445
G3 X199.467 Y139.736 I1.087 J16.865 E.0212
G1 X199.488 Y139.736 E.00084
M204 T1000
M205 X7 Y7
G1 E-.9 F2400
G1 Z28.3 F7200
G1 X212.821 Y149.787 Z28.3
G1 Z27.9
G1 E.9 F2400
;TYPE:Sparse infill
G1 X205.538 Y142.504 E.40952
G2 X202.308 Y141.529 I-6.402 J15.363 E.13438
G1 X213.463 Y152.683 E.62724
G3 X213.661 Y155.135 I-16.715 J2.582 E.0979
G1 X199.864 Y141.339 E.77579
G2 X197.787 Y141.516 I.177 J14.35 E.08296
G1 X213.482 Y157.211 E.88254
G3 X213.054 Y159.037 I-12.333 J-1.924 E.07466
G1 X195.96 Y141.944 E.96122
G2 X194.33 Y142.567 I10.426 J29.725 E.06943
G1 X212.434 Y160.671 E1.01805
G3 X211.652 Y162.144 I-16.378 J-7.753 E.06631
G1 X192.861 Y143.353 E1.05666
G2 X191.529 Y144.274 I9.338 J14.923 E.06445
G1 X210.725 Y163.471 E1.07945
G3 X209.661 Y164.661 I-9.052 J-7.02 E.06353
G1 X190.339 Y145.339 E1.08651
G2 X189.274 Y146.528 I9.14 J9.256 E.06352
G1 X208.467 Y165.721 E1.07923
G3 X207.144 Y166.652 I-10.497 J-13.506 E.06435
G1 X188.353 Y147.861 E1.05666
G2 X187.567 Y149.33 I9.708 J6.139 E.06628
G1 X205.672 Y167.435 E1.0181
G3 X204.037 Y168.054 I-11.483 J-27.882 E.06954
G1 X186.946 Y150.963 E.96102
G2 X186.518 Y152.789 I11.781 J3.726 E.07465
G1 X202.215 Y168.486 E.88269
G3 X200.136 Y168.661 I-2.952 J-22.664 E.08301
G1 X186.339 Y154.865 E.7758
G2 X186.528 Y157.308 I18.664 J-.213 E.0975
G1 X197.684 Y168.463 E.6273
G3 X194.462 Y167.496 I2.433 J-13.951 E.13407
G1 X187.179 Y160.213 E.40952
; stop printing object 圆柱体 id:2235774478336 copy 0
; printing object 圆柱体 id:2235774478336 copy 0
G1 E-.9
G1 Z28.3 F7200
G1 X155.412 Y140.98 Z28.3
G1 Z27.9
G1 E.9 F2400
M205 X3 Y3
;TYPE:Inner wall
G1 X155.436 Y140.98 E.00096
G3 X154.021 Y141.006 I-.444 J14.019 E3.448
G3 X154.51 Y140.983 I.998 J15.476 E.01947
G1 X155.372 Y140.98 E.03424
M205 X7 Y7
G1 X155.13 Y140.582 F7200
M205 X3 Y3
G1 F2400
G1 X155.449 Y140.581 E.0127
G3 X153.994 Y140.609 I-.457 J14.418 E3.54593
G3 X154.497 Y140.584 I1.027 J15.92 E.02002
G1 X155.09 Y140.582 E.02358
M205 X7 Y7
G1 X154.978 Y140.184 F7200
M205 X3 Y3
G1 F2400
G1 X155.462 Y140.183 E.01924
G3 X153.966 Y140.211 I-.471 J14.816 E3.64386
G3 X154.483 Y140.186 I1.055 J16.363 E.02057
G1 X154.938 Y140.184 E.01812
M204 T500
G1 X154.528 Y139.734 F7200
;TYPE:Outer wall
G1 F1800
G1 X155.477 Y139.733 E.03775
G3 X153.934 Y139.762 I-.486 J15.266 E3.75445
M73 P86 R16
G3 X154.467 Y139.736 I1.087 J16.865 E.0212
G1 X154.488 Y139.736 E.00084
M204 T1000
M205 X7 Y7
G1 E-.9 F2400
G1 Z28.3 F7200
G1 X167.821 Y149.787 Z28.3
G1 Z27.9
G1 E.9 F2400
;TYPE:Sparse infill
G1 X160.538 Y142.504 E.40952
G2 X157.308 Y141.529 I-6.402 J15.363 E.13438
G1 X168.463 Y152.683 E.62724
G3 X168.661 Y155.135 I-16.715 J2.582 E.0979
G1 X154.864 Y141.339 E.77579
G2 X152.787 Y141.516 I.177 J14.35 E.08296
G1 X168.482 Y157.211 E.88254
G3 X168.054 Y159.037 I-12.333 J-1.924 E.07466
G1 X150.96 Y141.944 E.96122
M73 P86 R15
G2 X149.33 Y142.567 I10.426 J29.725 E.06943
G1 X167.434 Y160.671 E1.01805
G3 X166.652 Y162.144 I-16.378 J-7.753 E.06631
G1 X147.861 Y143.353 E1.05666
G2 X146.529 Y144.274 I9.338 J14.923 E.06445
G1 X165.725 Y163.471 E1.07945
G3 X164.661 Y164.661 I-9.052 J-7.02 E.06353
G1 X145.339 Y145.339 E1.08651
G2 X144.274 Y146.528 I9.14 J9.256 E.06352
G1 X163.467 Y165.721 E1.07923
G3 X162.144 Y166.652 I-10.497 J-13.506 E.06435
G1 X143.353 Y147.861 E1.05666
G2 X142.567 Y149.33 I9.708 J6.139 E.06628
G1 X160.672 Y167.435 E1.0181
G3 X159.037 Y168.054 I-11.483 J-27.882 E.06954
G1 X141.946 Y150.963 E.96102
G2 X141.518 Y152.789 I11.781 J3.726 E.07465
G1 X157.215 Y168.486 E.88269
G3 X155.136 Y168.661 I-2.952 J-22.664 E.08301
G1 X141.339 Y154.865 E.7758
G2 X141.528 Y157.308 I18.664 J-.213 E.0975
G1 X152.684 Y168.463 E.6273
G3 X149.462 Y167.496 I2.433 J-13.951 E.13407
G1 X142.179 Y160.213 E.40952
; stop printing object 圆柱体 id:2235774478336 copy 0
;LAYER_CHANGE
;Z:28.14
;HEIGHT:0.24
;BEFORE_LAYER_CHANGE
;28.14
G92 E0

;AFTER_LAYER_CHANGE
;28.14
;_SET_FAN_SPEED_CHANGING_LAYER
; printing object 圆柱体 id:2235774478336 copy 0
G1 E-.9 F2400
G1 Z28.54 F7200
G1 X200.423 Y140.98 Z28.54
G1 Z28.14
G1 E.9 F2400
M205 X3 Y3
;TYPE:Inner wall
G1 X200.44 Y140.98 E.00067
G3 X199.024 Y141.006 I-.447 J14.019 E3.44794
G3 X199.51 Y140.983 I.997 J15.484 E.01938
G1 X200.383 Y140.98 E.03469
M205 X7 Y7
G1 X200.141 Y140.582 F7200
M205 X3 Y3
G1 F2400
G1 X200.453 Y140.582 E.01241
G3 X198.995 Y140.609 I-.461 J14.418 E3.54584
G3 X199.497 Y140.584 I1.026 J15.931 E.01995
G1 X200.101 Y140.582 E.02404
M205 X7 Y7
G1 X199.99 Y140.184 F7200
M205 X3 Y3
G1 F2400
G1 X200.466 Y140.183 E.01895
G3 X198.967 Y140.211 I-.474 J14.816 E3.64375
G3 X199.483 Y140.186 I1.055 J16.378 E.02053
G1 X199.95 Y140.184 E.01857
M204 T500
G1 X199.539 Y139.734 F7200
;TYPE:Outer wall
G1 F1800
G1 X200.481 Y139.733 E.03746
G3 X198.935 Y139.762 I-.489 J15.266 E3.75431
G3 X199.467 Y139.736 I1.088 J16.883 E.02119
G1 X199.499 Y139.735 E.00129
M204 T1000
M205 X7 Y7
G1 E-.9 F2400
G1 Z28.54 F7200
G1 X212.833 Y149.8 Z28.54
G1 Z28.14
G1 E.9 F2400
;TYPE:Sparse infill
G1 X205.538 Y142.504 E.41025
G2 X202.308 Y141.529 I-6.399 J15.355 E.13437
G1 X213.472 Y152.692 E.62775
G3 X213.661 Y155.135 I-18.47 J2.656 E.0975
G1 X199.864 Y141.339 E.77578
G2 X197.787 Y141.516 I.222 J14.889 E.08297
G1 X213.482 Y157.211 E.88255
G3 X213.054 Y159.037 I-12.296 J-1.915 E.07466
G1 X195.961 Y141.944 E.96117
G2 X194.333 Y142.57 I4.715 J14.708 E.06941
G1 X212.435 Y160.672 E1.01793
G3 X211.652 Y162.144 I-16.946 J-8.072 E.06629
G1 X192.861 Y143.353 E1.05666
G2 X191.533 Y144.279 I5.563 J9.385 E.06443
G1 X210.721 Y163.466 E1.07894
G3 X209.661 Y164.661 I-11.179 J-8.851 E.06353
G1 X190.339 Y145.339 E1.08651
G2 X189.279 Y146.533 I7.674 J7.876 E.06355
G1 X208.467 Y165.721 E1.07894
G3 X207.144 Y166.652 I-10.497 J-13.505 E.06435
G1 X188.353 Y147.861 E1.05666
G2 X187.565 Y149.328 I13.688 J8.294 E.06622
G1 X205.67 Y167.433 E1.0181
G3 X204.037 Y168.054 I-10.575 J-25.384 E.0695
G1 X186.946 Y150.963 E.96105
G2 X186.518 Y152.789 I11.868 J3.742 E.07466
G1 X202.215 Y168.486 E.88268
G3 X200.136 Y168.661 I-2.939 J-22.516 E.08301
G1 X186.339 Y154.865 E.7758
G2 X186.537 Y157.317 I16.915 J-.13 E.0979
G1 X197.684 Y168.463 E.62679
G3 X194.448 Y167.482 I2.776 J-14.977 E.13471
G1 X187.18 Y160.213 E.40873
; stop printing object 圆柱体 id:2235774478336 copy 0
; printing object 圆柱体 id:2235774478336 copy 0
G1 E-.9
G1 Z28.54 F7200
G1 X155.423 Y140.98 Z28.54
G1 Z28.14
G1 E.9 F2400
M205 X3 Y3
;TYPE:Inner wall
G1 X155.44 Y140.98 E.00067
G3 X154.024 Y141.006 I-.447 J14.019 E3.44794
G3 X154.51 Y140.983 I.997 J15.484 E.01938
G1 X155.383 Y140.98 E.03469
M205 X7 Y7
G1 X155.141 Y140.582 F7200
M205 X3 Y3
G1 F2400
G1 X155.453 Y140.582 E.01241
G3 X153.995 Y140.609 I-.461 J14.418 E3.54584
G3 X154.497 Y140.584 I1.026 J15.931 E.01995
G1 X155.101 Y140.582 E.02404
M205 X7 Y7
G1 X154.99 Y140.184 F7200
M205 X3 Y3
G1 F2400
G1 X155.466 Y140.183 E.01895
G3 X153.967 Y140.211 I-.474 J14.816 E3.64375
G3 X154.483 Y140.186 I1.055 J16.378 E.02053
G1 X154.95 Y140.184 E.01857
M204 T500
G1 X154.539 Y139.734 F7200
;TYPE:Outer wall
G1 F1800
G1 X155.481 Y139.733 E.03746
G3 X153.935 Y139.762 I-.489 J15.266 E3.75431
G3 X154.467 Y139.736 I1.088 J16.883 E.02119
G1 X154.499 Y139.735 E.00129
M204 T1000
M205 X7 Y7
G1 E-.9 F2400
G1 Z28.54 F7200
G1 X167.833 Y149.8 Z28.54
G1 Z28.14
G1 E.9 F2400
;TYPE:Sparse infill
G1 X160.538 Y142.504 E.41025
G2 X157.308 Y141.529 I-6.399 J15.355 E.13437
G1 X168.472 Y152.692 E.62775
G3 X168.661 Y155.135 I-18.47 J2.656 E.0975
G1 X154.864 Y141.339 E.77578
G2 X152.787 Y141.516 I.222 J14.889 E.08297
G1 X168.482 Y157.211 E.88255
G3 X168.054 Y159.037 I-12.296 J-1.915 E.07466
G1 X150.961 Y141.944 E.96117
G2 X149.333 Y142.57 I4.715 J14.708 E.06941
G1 X167.435 Y160.672 E1.01793
G3 X166.652 Y162.144 I-16.946 J-8.072 E.06629
G1 X147.861 Y143.353 E1.05666
G2 X146.533 Y144.279 I5.563 J9.385 E.06443
G1 X165.721 Y163.466 E1.07894
G3 X164.661 Y164.661 I-11.179 J-8.851 E.06353
G1 X145.339 Y145.339 E1.08651
G2 X144.279 Y146.533 I7.674 J7.876 E.06355
G1 X163.467 Y165.721 E1.07894
G3 X162.144 Y166.652 I-10.497 J-13.505 E.06435
G1 X143.353 Y147.861 E1.05666
G2 X142.565 Y149.328 I13.688 J8.294 E.06622
G1 X160.67 Y167.433 E1.0181
G3 X159.037 Y168.054 I-10.575 J-25.384 E.0695
G1 X141.946 Y150.963 E.96105
G2 X141.518 Y152.789 I11.868 J3.742 E.07466
G1 X157.215 Y168.486 E.88268
G3 X155.136 Y168.661 I-2.939 J-22.516 E.08301
G1 X141.339 Y154.865 E.7758
G2 X141.537 Y157.317 I16.915 J-.13 E.0979
G1 X152.684 Y168.463 E.62679
G3 X149.448 Y167.482 I2.776 J-14.977 E.13471
G1 X142.18 Y160.213 E.40873
; stop printing object 圆柱体 id:2235774478336 copy 0
;LAYER_CHANGE
;Z:28.38
;HEIGHT:0.24
;BEFORE_LAYER_CHANGE
;28.38
G92 E0

;AFTER_LAYER_CHANGE
;28.38
;_SET_FAN_SPEED_CHANGING_LAYER
; printing object 圆柱体 id:2235774478336 copy 0
G1 E-.9 F2400
G1 Z28.78 F7200
G1 X200.434 Y140.98 Z28.78
G1 Z28.38
G1 E.9 F2400
M205 X3 Y3
;TYPE:Inner wall
G1 X200.444 Y140.98 E.00037
G3 X199.021 Y141.006 I-.451 J14.019 E3.44769
M73 P86 R14
G3 X199.51 Y140.983 I1 J15.516 E.01947
G1 X200.394 Y140.98 E.03515
M205 X7 Y7
G1 X200.153 Y140.582 F7200
M205 X3 Y3
G1 F2400
G1 X200.457 Y140.582 E.01211
G3 X198.994 Y140.609 I-.464 J14.418 E3.54562
G3 X199.497 Y140.584 I1.028 J15.959 E.02002
G1 X200.113 Y140.582 E.02449
M205 X7 Y7
G1 X200.001 Y140.184 F7200
M205 X3 Y3
G1 F2400
G1 X200.471 Y140.183 E.01866
G3 X198.966 Y140.211 I-.478 J14.816 E3.64354
M73 P87 R14
G3 X199.483 Y140.186 I1.057 J16.403 E.02057
G1 X199.961 Y140.184 E.01903
M204 T500
G1 X199.551 Y139.734 F7200
;TYPE:Outer wall
G1 F1800
G1 X200.486 Y139.734 E.03716
G3 X198.934 Y139.762 I-.493 J15.266 E3.75413
G3 X199.467 Y139.736 I1.089 J16.905 E.0212
G1 X199.511 Y139.735 E.00175
M204 T1000
M205 X7 Y7
G1 E-.9 F2400
G1 Z28.78 F7200
G1 X212.821 Y149.787 Z28.78
G1 Z28.38
G1 E.9 F2400
;TYPE:Sparse infill
G1 X205.537 Y142.503 E.40958
G2 X202.308 Y141.529 I-6.403 J15.384 E.13431
G1 X213.472 Y152.692 E.62774
G3 X213.661 Y155.135 I-18.47 J2.656 E.0975
G1 X199.864 Y141.339 E.77578
G2 X197.787 Y141.516 I.176 J14.337 E.08297
G1 X213.482 Y157.21 E.88252
G3 X213.054 Y159.037 I-11.847 J-1.813 E.07466
G1 X195.96 Y141.944 E.96118
G2 X194.33 Y142.567 I10.427 J29.728 E.06943
G1 X212.433 Y160.67 E1.018
G3 X211.652 Y162.144 I-12.287 J-5.571 E.06634
G1 X192.859 Y143.351 E1.05675
G2 X191.529 Y144.274 I19.103 J28.957 E.06441
G1 X210.721 Y163.467 E1.07922
G3 X209.661 Y164.661 I-11.202 J-8.872 E.06353
G1 X190.339 Y145.339 E1.08651
G2 X189.279 Y146.533 I7.674 J7.876 E.06355
G1 X208.467 Y165.721 E1.07894
G3 X207.144 Y166.652 I-10.497 J-13.506 E.06435
G1 X188.353 Y147.861 E1.05666
G2 X187.565 Y149.328 I13.688 J8.294 E.06622
G1 X205.672 Y167.435 E1.0182
G3 X204.035 Y168.052 I-6.827 J-15.616 E.06959
G1 X186.946 Y150.963 E.96098
G2 X186.518 Y152.79 I11.521 J3.659 E.07467
G1 X202.215 Y168.486 E.88267
G3 X200.136 Y168.661 I-2.926 J-22.367 E.08301
G1 X186.339 Y154.865 E.7758
G2 X186.537 Y157.317 I16.913 J-.13 E.0979
G1 X197.683 Y168.463 E.62676
G3 X194.462 Y167.496 I2.404 J-13.858 E.13404
G1 X187.179 Y160.213 E.40952
; stop printing object 圆柱体 id:2235774478336 copy 0
; printing object 圆柱体 id:2235774478336 copy 0
G1 E-.9
G1 Z28.78 F7200
G1 X155.434 Y140.98 Z28.78
G1 Z28.38
G1 E.9 F2400
M205 X3 Y3
;TYPE:Inner wall
G1 X155.444 Y140.98 E.00037
G3 X154.021 Y141.006 I-.451 J14.019 E3.44769
G3 X154.51 Y140.983 I1 J15.516 E.01947
G1 X155.394 Y140.98 E.03515
M205 X7 Y7
G1 X155.153 Y140.582 F7200
M205 X3 Y3
G1 F2400
G1 X155.457 Y140.582 E.01211
G3 X153.994 Y140.609 I-.464 J14.418 E3.54562
G3 X154.497 Y140.584 I1.028 J15.959 E.02002
G1 X155.113 Y140.582 E.02449
M205 X7 Y7
G1 X155.001 Y140.184 F7200
M205 X3 Y3
G1 F2400
G1 X155.471 Y140.183 E.01866
G3 X153.966 Y140.211 I-.478 J14.816 E3.64354
G3 X154.483 Y140.186 I1.057 J16.403 E.02057
G1 X154.961 Y140.184 E.01903
M204 T500
G1 X154.551 Y139.734 F7200
;TYPE:Outer wall
G1 F1800
G1 X155.486 Y139.734 E.03716
G3 X153.934 Y139.762 I-.493 J15.266 E3.75413
G3 X154.467 Y139.736 I1.089 J16.905 E.0212
G1 X154.511 Y139.735 E.00175
M204 T1000
M205 X7 Y7
G1 E-.9 F2400
G1 Z28.78 F7200
G1 X167.821 Y149.787 Z28.78
G1 Z28.38
G1 E.9 F2400
;TYPE:Sparse infill
G1 X160.537 Y142.503 E.40958
G2 X157.308 Y141.529 I-6.403 J15.384 E.13431
G1 X168.472 Y152.692 E.62774
G3 X168.661 Y155.135 I-18.47 J2.656 E.0975
G1 X154.864 Y141.339 E.77578
G2 X152.787 Y141.516 I.176 J14.337 E.08297
G1 X168.482 Y157.21 E.88252
G3 X168.054 Y159.037 I-11.847 J-1.813 E.07466
G1 X150.96 Y141.944 E.96118
G2 X149.33 Y142.567 I10.427 J29.728 E.06943
G1 X167.433 Y160.67 E1.018
G3 X166.652 Y162.144 I-12.287 J-5.571 E.06634
G1 X147.859 Y143.351 E1.05675
G2 X146.529 Y144.274 I19.103 J28.957 E.06441
G1 X165.721 Y163.467 E1.07922
G3 X164.661 Y164.661 I-11.202 J-8.872 E.06353
G1 X145.339 Y145.339 E1.08651
G2 X144.279 Y146.533 I7.674 J7.876 E.06355
G1 X163.467 Y165.721 E1.07894
G3 X162.144 Y166.652 I-10.497 J-13.506 E.06435
G1 X143.353 Y147.861 E1.05666
G2 X142.565 Y149.328 I13.688 J8.294 E.06622
G1 X160.672 Y167.435 E1.0182
G3 X159.035 Y168.052 I-6.827 J-15.616 E.06959
G1 X141.946 Y150.963 E.96098
G2 X141.518 Y152.79 I11.521 J3.659 E.07467
G1 X157.215 Y168.486 E.88267
G3 X155.136 Y168.661 I-2.926 J-22.367 E.08301
G1 X141.339 Y154.865 E.7758
G2 X141.537 Y157.317 I16.913 J-.13 E.0979
G1 X152.683 Y168.463 E.62676
G3 X149.462 Y167.496 I2.404 J-13.858 E.13404
G1 X142.179 Y160.213 E.40952
; stop printing object 圆柱体 id:2235774478336 copy 0
;LAYER_CHANGE
;Z:28.62
;HEIGHT:0.240002
;BEFORE_LAYER_CHANGE
;28.62
G92 E0

;AFTER_LAYER_CHANGE
;28.62
;_SET_FAN_SPEED_CHANGING_LAYER
; printing object 圆柱体 id:2235774478336 copy 0
G1 E-.9 F2400
G1 Z29.02 F7200
G1 X200.446 Y140.98 Z29.02
G1 Z28.62
G1 E.9 F2400
M205 X3 Y3
;TYPE:Inner wall
G1 X200.448 Y140.98 E.00007
G3 X199.51 Y140.981 I-.458 J14.019 E3.46709
G1 X200.406 Y140.98 E.03562
M205 X7 Y7
G1 X200.164 Y140.582 F7200
M205 X3 Y3
G1 F2400
G1 X200.461 Y140.582 E.01181
G3 X199.496 Y140.582 I-.471 J14.418 E3.56554
G1 X200.124 Y140.582 E.02496
M205 X7 Y7
G1 X200.013 Y140.184 F7200
M205 X3 Y3
G1 F2400
G1 X200.475 Y140.183 E.01836
G3 X199.483 Y140.184 I-.485 J14.816 E3.66393
G1 X199.973 Y140.184 E.0195
M204 T500
G1 X199.563 Y139.734 F7200
;TYPE:Outer wall
G1 F1800
G1 X200.49 Y139.734 E.03686
G3 X198.935 Y139.762 I-.497 J15.266 E3.75398
G3 X199.467 Y139.736 I1.09 J16.924 E.02119
G1 X199.523 Y139.735 E.00221
M204 T1000
M205 X7 Y7
G1 E-.9 F2400
G1 Z29.02 F7200
G1 X212.821 Y149.787 Z29.02
G1 Z28.62
G1 E.9 F2400
;TYPE:Sparse infill
G1 X205.538 Y142.504 E.40952
G2 X202.309 Y141.529 I-6.394 J15.34 E.13436
G1 X213.463 Y152.683 E.62723
G3 X213.661 Y155.135 I-16.718 J2.582 E.0979
M73 P87 R13
G1 X199.865 Y141.339 E.77578
G2 X197.787 Y141.516 I.213 J14.785 E.08297
G1 X213.482 Y157.21 E.88253
G3 X213.053 Y159.036 I-13.998 J-2.327 E.07461
G1 X195.96 Y141.944 E.96112
G2 X194.333 Y142.57 I5.017 J15.466 E.06939
G1 X212.433 Y160.67 E1.01783
G3 X211.652 Y162.144 I-12.287 J-5.571 E.06634
G1 X192.856 Y143.348 E1.05692
G2 X191.529 Y144.274 I27.668 J41.075 E.06438
G1 X210.721 Y163.467 E1.07924
G3 X209.661 Y164.661 I-11.886 J-9.482 E.06352
G1 X190.336 Y145.336 E1.08669
G2 X189.279 Y146.534 I11.588 J11.29 E.06353
G1 X208.471 Y165.725 E1.07916
G3 X207.144 Y166.652 I-26.304 J-36.227 E.06437
G1 X188.353 Y147.861 E1.05666
G2 X187.565 Y149.328 I13.688 J8.294 E.06622
G1 X205.672 Y167.435 E1.0182
G3 X204.036 Y168.053 I-6.885 J-15.755 E.06958
G1 X186.946 Y150.963 E.961
G2 X186.518 Y152.79 I11.511 J3.657 E.07467
G1 X202.215 Y168.486 E.88267
G3 X200.135 Y168.661 I-2.791 J-20.835 E.08303
G1 X186.339 Y154.865 E.77576
G2 X186.528 Y157.308 I18.646 J-.211 E.09749
G1 X197.683 Y168.463 E.62727
G3 X194.462 Y167.496 I2.149 J-13.006 E.13409
G1 X187.179 Y160.213 E.40951
; stop printing object 圆柱体 id:2235774478336 copy 0
; printing object 圆柱体 id:2235774478336 copy 0
G1 E-.9
G1 Z29.02 F7200
G1 X155.446 Y140.98 Z29.02
G1 Z28.62
G1 E.9 F2400
M205 X3 Y3
;TYPE:Inner wall
G1 X155.448 Y140.98 E.00007
G3 X154.51 Y140.981 I-.458 J14.019 E3.46709
M73 P88 R13
G1 X155.406 Y140.98 E.03562
M205 X7 Y7
G1 X155.164 Y140.582 F7200
M205 X3 Y3
G1 F2400
G1 X155.461 Y140.582 E.01181
G3 X154.496 Y140.582 I-.471 J14.418 E3.56554
G1 X155.124 Y140.582 E.02496
M205 X7 Y7
G1 X155.013 Y140.184 F7200
M205 X3 Y3
G1 F2400
G1 X155.475 Y140.183 E.01836
G3 X154.483 Y140.184 I-.485 J14.816 E3.66393
G1 X154.973 Y140.184 E.0195
M204 T500
G1 X154.563 Y139.734 F7200
;TYPE:Outer wall
G1 F1800
G1 X155.49 Y139.734 E.03686
G3 X153.935 Y139.762 I-.497 J15.266 E3.75398
G3 X154.467 Y139.736 I1.09 J16.924 E.02119
G1 X154.523 Y139.735 E.00221
M204 T1000
M205 X7 Y7
G1 E-.9 F2400
G1 Z29.02 F7200
G1 X167.821 Y149.787 Z29.02
G1 Z28.62
G1 E.9 F2400
;TYPE:Sparse infill
G1 X160.538 Y142.504 E.40952
G2 X157.309 Y141.529 I-6.394 J15.34 E.13436
G1 X168.463 Y152.683 E.62723
G3 X168.661 Y155.135 I-16.718 J2.582 E.0979
G1 X154.865 Y141.339 E.77578
G2 X152.787 Y141.516 I.213 J14.785 E.08297
G1 X168.482 Y157.21 E.88253
G3 X168.053 Y159.036 I-13.998 J-2.327 E.07461
G1 X150.96 Y141.944 E.96112
G2 X149.333 Y142.57 I5.017 J15.466 E.06939
G1 X167.433 Y160.67 E1.01783
G3 X166.652 Y162.144 I-12.287 J-5.571 E.06634
G1 X147.856 Y143.348 E1.05692
G2 X146.529 Y144.274 I27.668 J41.075 E.06438
G1 X165.721 Y163.467 E1.07924
G3 X164.661 Y164.661 I-11.886 J-9.482 E.06352
G1 X145.336 Y145.336 E1.08669
G2 X144.279 Y146.534 I11.588 J11.29 E.06353
G1 X163.471 Y165.725 E1.07916
G3 X162.144 Y166.652 I-26.304 J-36.227 E.06437
G1 X143.353 Y147.861 E1.05666
G2 X142.565 Y149.328 I13.688 J8.294 E.06622
G1 X160.672 Y167.435 E1.0182
G3 X159.036 Y168.053 I-6.885 J-15.755 E.06958
G1 X141.946 Y150.963 E.961
G2 X141.518 Y152.79 I11.511 J3.657 E.07467
G1 X157.215 Y168.486 E.88267
G3 X155.135 Y168.661 I-2.791 J-20.835 E.08303
G1 X141.339 Y154.865 E.77576
G2 X141.528 Y157.308 I18.646 J-.211 E.09749
G1 X152.683 Y168.463 E.62727
G3 X149.462 Y167.496 I2.149 J-13.006 E.13409
G1 X142.179 Y160.213 E.40951
; stop printing object 圆柱体 id:2235774478336 copy 0
;LAYER_CHANGE
;Z:28.86
;HEIGHT:0.24
;BEFORE_LAYER_CHANGE
;28.86
G92 E0

;AFTER_LAYER_CHANGE
;28.86
;_SET_FAN_SPEED_CHANGING_LAYER
; printing object 圆柱体 id:2235774478336 copy 0
G1 E-.9 F2400
G1 Z29.26 F7200
G1 X200.458 Y140.98 Z29.26
G1 Z28.86
G1 E.9 F2400
M205 X3 Y3
;TYPE:Inner wall
G1 X201.466 Y141.05 E.04019
G3 X199.51 Y140.981 I-1.475 J13.949 E3.42652
G3 X200.418 Y140.979 I.48 J13.482 E.03608
M205 X7 Y7
G1 X200.176 Y140.582 F7200
M205 X3 Y3
G1 F2400
G1 X200.465 Y140.582 E.01151
G3 X199.497 Y140.582 I-.475 J14.418 E3.5654
G1 X200.136 Y140.582 E.02542
M205 X7 Y7
G1 X200.025 Y140.184 F7200
M205 X3 Y3
G1 F2400
G1 X200.479 Y140.183 E.01806
G3 X199.483 Y140.184 I-.488 J14.816 E3.66389
G1 X199.985 Y140.184 E.01996
M204 T500
G1 X199.574 Y139.734 F7200
;TYPE:Outer wall
G1 F1800
G1 X200.494 Y139.734 E.03657
G3 X199.467 Y139.734 I-.503 J15.266 E3.7751
G1 X199.534 Y139.734 E.00268
M204 T1000
M205 X7 Y7
G1 E-.9 F2400
G1 Z29.26 F7200
G1 X212.834 Y149.8 Z29.26
G1 Z28.86
G1 E.9 F2400
;TYPE:Sparse infill
G1 X205.538 Y142.504 E.41028
G2 X202.309 Y141.529 I-6.391 J15.333 E.13436
G1 X213.472 Y152.692 E.62773
G3 X213.661 Y155.135 I-18.47 J2.656 E.0975
G1 X199.865 Y141.339 E.77578
G2 X197.787 Y141.516 I.208 J14.735 E.08297
G1 X213.482 Y157.211 E.88254
G3 X213.054 Y159.037 I-12.182 J-1.889 E.07466
G1 X195.961 Y141.944 E.96117
G2 X194.33 Y142.567 I9.549 J27.467 E.06945
G1 X212.433 Y160.67 E1.018
G3 X211.647 Y162.139 I-10.493 J-4.67 E.06628
G1 X192.861 Y143.353 E1.05639
G2 X191.528 Y144.274 I9.383 J14.99 E.06445
G1 X210.721 Y163.466 E1.07922
G3 X209.661 Y164.661 I-11.184 J-8.855 E.06353
G1 X190.336 Y145.336 E1.08668
G2 X189.275 Y146.529 I13.568 J13.136 E.06351
G1 X208.467 Y165.721 E1.07919
G3 X207.144 Y166.652 I-10.497 J-13.506 E.06435
G1 X188.353 Y147.861 E1.05666
G2 X187.567 Y149.329 I10.012 J6.303 E.06628
G1 X205.672 Y167.435 E1.0181
G3 X204.035 Y168.052 I-6.826 J-15.616 E.06959
G1 X186.946 Y150.963 E.96098
G2 X186.518 Y152.79 I11.502 J3.655 E.07467
G1 X202.213 Y168.484 E.88253
G3 X200.139 Y168.664 I-2.165 J-12.903 E.08287
G1 X186.339 Y154.865 E.77596
G2 X186.537 Y157.317 I16.905 J-.129 E.0979
G1 X197.692 Y168.472 E.62727
G3 X194.462 Y167.496 I2.381 J-13.715 E.1345
G1 X187.179 Y160.213 E.40952
; stop printing object 圆柱体 id:2235774478336 copy 0
; printing object 圆柱体 id:2235774478336 copy 0
G1 E-.9
M73 P88 R12
G1 Z29.26 F7200
G1 X155.458 Y140.98 Z29.26
G1 Z28.86
G1 E.9 F2400
M205 X3 Y3
;TYPE:Inner wall
G1 X156.466 Y141.05 E.04019
G3 X154.51 Y140.981 I-1.475 J13.949 E3.42652
G3 X155.418 Y140.979 I.48 J13.482 E.03608
M205 X7 Y7
G1 X155.176 Y140.582 F7200
M205 X3 Y3
G1 F2400
G1 X155.465 Y140.582 E.01151
G3 X154.497 Y140.582 I-.475 J14.418 E3.5654
G1 X155.136 Y140.582 E.02542
M205 X7 Y7
G1 X155.025 Y140.184 F7200
M205 X3 Y3
G1 F2400
G1 X155.479 Y140.183 E.01806
G3 X154.483 Y140.184 I-.488 J14.816 E3.66389
G1 X154.985 Y140.184 E.01996
M204 T500
G1 X154.574 Y139.734 F7200
;TYPE:Outer wall
G1 F1800
G1 X155.494 Y139.734 E.03657
G3 X154.467 Y139.734 I-.503 J15.266 E3.7751
G1 X154.534 Y139.734 E.00268
M204 T1000
M205 X7 Y7
G1 E-.9 F2400
G1 Z29.26 F7200
G1 X167.834 Y149.8 Z29.26
G1 Z28.86
G1 E.9 F2400
;TYPE:Sparse infill
G1 X160.538 Y142.504 E.41028
G2 X157.309 Y141.529 I-6.391 J15.333 E.13436
G1 X168.472 Y152.692 E.62773
G3 X168.661 Y155.135 I-18.47 J2.656 E.0975
G1 X154.865 Y141.339 E.77578
G2 X152.787 Y141.516 I.208 J14.735 E.08297
G1 X168.482 Y157.211 E.88254
G3 X168.054 Y159.037 I-12.182 J-1.889 E.07466
G1 X150.961 Y141.944 E.96117
G2 X149.33 Y142.567 I9.549 J27.467 E.06945
G1 X167.433 Y160.67 E1.018
G3 X166.647 Y162.139 I-10.493 J-4.67 E.06628
G1 X147.861 Y143.353 E1.05639
G2 X146.528 Y144.274 I9.383 J14.99 E.06445
G1 X165.721 Y163.466 E1.07922
G3 X164.661 Y164.661 I-11.184 J-8.855 E.06353
G1 X145.336 Y145.336 E1.08668
G2 X144.275 Y146.529 I13.568 J13.136 E.06351
G1 X163.467 Y165.721 E1.07919
G3 X162.144 Y166.652 I-10.497 J-13.506 E.06435
G1 X143.353 Y147.861 E1.05666
G2 X142.567 Y149.329 I10.012 J6.303 E.06628
G1 X160.672 Y167.435 E1.0181
G3 X159.035 Y168.052 I-6.826 J-15.616 E.06959
G1 X141.946 Y150.963 E.96098
G2 X141.518 Y152.79 I11.502 J3.655 E.07467
G1 X157.213 Y168.484 E.88253
G3 X155.139 Y168.664 I-2.165 J-12.903 E.08287
G1 X141.339 Y154.865 E.77596
G2 X141.537 Y157.317 I16.905 J-.129 E.0979
M73 P89 R12
G1 X152.692 Y168.472 E.62727
G3 X149.462 Y167.496 I2.381 J-13.715 E.1345
G1 X142.179 Y160.213 E.40952
; stop printing object 圆柱体 id:2235774478336 copy 0
;LAYER_CHANGE
;Z:29.1
;HEIGHT:0.24
;BEFORE_LAYER_CHANGE
;29.1
G92 E0

;AFTER_LAYER_CHANGE
;29.1
;_SET_FAN_SPEED_CHANGING_LAYER
; printing object 圆柱体 id:2235774478336 copy 0
G1 E-.9 F2400
G1 Z29.5 F7200
G1 X200.469 Y140.981 Z29.5
G1 Z29.1
G1 E.9 F2400
M205 X3 Y3
;TYPE:Inner wall
G1 X201.466 Y141.05 E.03975
G3 X199.51 Y140.981 I-1.474 J13.949 E3.42651
G3 X200.429 Y140.979 I.481 J13.54 E.03653
M205 X7 Y7
G1 X200.187 Y140.582 F7200
M205 X3 Y3
G1 F2400
G1 X200.469 Y140.582 E.01122
G3 X199.497 Y140.582 I-.478 J14.418 E3.56526
G1 X200.147 Y140.582 E.02587
M205 X7 Y7
G1 X200.036 Y140.184 F7200
M205 X3 Y3
G1 F2400
G1 X200.483 Y140.184 E.01777
G3 X199.483 Y140.184 I-.491 J14.816 E3.66374
G1 X199.996 Y140.184 E.02042
M204 T500
G1 X199.586 Y139.734 F7200
;TYPE:Outer wall
G1 F1800
G1 X200.498 Y139.734 E.03627
G3 X199.467 Y139.734 I-.507 J15.266 E3.77495
G1 X199.546 Y139.734 E.00314
M204 T1000
M205 X7 Y7
G1 E-.9 F2400
G1 Z29.5 F7200
G1 X212.821 Y149.787 Z29.5
G1 Z29.1
G1 E.9 F2400
;TYPE:Sparse infill
G1 X205.538 Y142.504 E.40952
G2 X202.309 Y141.529 I-6.389 J15.326 E.13436
G1 X213.472 Y152.692 E.62773
G3 X213.661 Y155.135 I-18.471 J2.656 E.0975
G1 X199.865 Y141.339 E.77578
G2 X197.787 Y141.516 I.204 J14.682 E.08297
G1 X213.482 Y157.211 E.88254
G3 X213.054 Y159.037 I-12.068 J-1.866 E.07465
G1 X195.96 Y141.944 E.96118
G2 X194.33 Y142.567 I10.371 J29.578 E.06943
G1 X212.434 Y160.672 E1.01806
G3 X211.652 Y162.144 I-16.574 J-7.863 E.0663
G1 X192.858 Y143.35 E1.05683
G2 X191.533 Y144.279 I8.325 J13.269 E.06437
G1 X210.725 Y163.471 E1.07917
G3 X209.661 Y164.661 I-9.05 J-7.018 E.06353
G1 X190.339 Y145.339 E1.08651
G2 X189.279 Y146.533 I7.674 J7.876 E.06355
G1 X208.467 Y165.721 E1.07894
G3 X207.139 Y166.647 I-6.89 J-8.458 E.06443
G1 X188.348 Y147.856 E1.05666
G2 X187.565 Y149.328 I16.162 J9.542 E.06629
G1 X205.672 Y167.435 E1.0182
G3 X204.035 Y168.052 I-6.825 J-15.613 E.06959
G1 X186.946 Y150.963 E.96098
G2 X186.518 Y152.789 I11.718 J3.708 E.07466
G1 X202.213 Y168.484 E.88254
G3 X200.139 Y168.664 I-2.163 J-12.878 E.08287
G1 X186.339 Y154.865 E.77596
G2 X186.537 Y157.317 I16.915 J-.13 E.0979
G1 X197.684 Y168.463 E.62678
G3 X194.462 Y167.496 I2.415 J-13.894 E.13406
G1 X187.179 Y160.213 E.40952
; stop printing object 圆柱体 id:2235774478336 copy 0
; printing object 圆柱体 id:2235774478336 copy 0
G1 E-.9
G1 Z29.5 F7200
G1 X155.469 Y140.981 Z29.5
G1 Z29.1
G1 E.9 F2400
M205 X3 Y3
;TYPE:Inner wall
G1 X156.466 Y141.05 E.03975
G3 X154.51 Y140.981 I-1.474 J13.949 E3.42651
G3 X155.429 Y140.979 I.481 J13.54 E.03653
M205 X7 Y7
G1 X155.187 Y140.582 F7200
M205 X3 Y3
G1 F2400
G1 X155.469 Y140.582 E.01122
G3 X154.497 Y140.582 I-.478 J14.418 E3.56526
G1 X155.147 Y140.582 E.02587
M205 X7 Y7
G1 X155.036 Y140.184 F7200
M205 X3 Y3
G1 F2400
G1 X155.483 Y140.184 E.01777
G3 X154.483 Y140.184 I-.491 J14.816 E3.66374
G1 X154.996 Y140.184 E.02042
M204 T500
G1 X154.586 Y139.734 F7200
;TYPE:Outer wall
G1 F1800
G1 X155.498 Y139.734 E.03627
G3 X154.467 Y139.734 I-.507 J15.266 E3.77495
M73 P89 R11
G1 X154.546 Y139.734 E.00314
M204 T1000
M205 X7 Y7
G1 E-.9 F2400
G1 Z29.5 F7200
G1 X167.821 Y149.787 Z29.5
G1 Z29.1
G1 E.9 F2400
;TYPE:Sparse infill
G1 X160.538 Y142.504 E.40952
G2 X157.309 Y141.529 I-6.389 J15.326 E.13436
G1 X168.472 Y152.692 E.62773
G3 X168.661 Y155.135 I-18.471 J2.656 E.0975
G1 X154.865 Y141.339 E.77578
G2 X152.787 Y141.516 I.204 J14.682 E.08297
G1 X168.482 Y157.211 E.88254
G3 X168.054 Y159.037 I-12.068 J-1.866 E.07465
G1 X150.96 Y141.944 E.96118
G2 X149.33 Y142.567 I10.371 J29.578 E.06943
G1 X167.434 Y160.672 E1.01806
G3 X166.652 Y162.144 I-16.574 J-7.863 E.0663
G1 X147.858 Y143.35 E1.05683
G2 X146.533 Y144.279 I8.325 J13.269 E.06437
G1 X165.725 Y163.471 E1.07917
G3 X164.661 Y164.661 I-9.05 J-7.018 E.06353
G1 X145.339 Y145.339 E1.08651
G2 X144.279 Y146.533 I7.674 J7.876 E.06355
G1 X163.467 Y165.721 E1.07894
G3 X162.139 Y166.647 I-6.89 J-8.458 E.06443
G1 X143.348 Y147.856 E1.05666
G2 X142.565 Y149.328 I16.162 J9.542 E.06629
G1 X160.672 Y167.435 E1.0182
G3 X159.035 Y168.052 I-6.825 J-15.613 E.06959
G1 X141.946 Y150.963 E.96098
G2 X141.518 Y152.789 I11.718 J3.708 E.07466
G1 X157.213 Y168.484 E.88254
G3 X155.139 Y168.664 I-2.163 J-12.878 E.08287
G1 X141.339 Y154.865 E.77596
G2 X141.537 Y157.317 I16.915 J-.13 E.0979
G1 X152.684 Y168.463 E.62678
G3 X149.462 Y167.496 I2.415 J-13.894 E.13406
G1 X142.179 Y160.213 E.40952
; stop printing object 圆柱体 id:2235774478336 copy 0
;LAYER_CHANGE
;Z:29.34
;HEIGHT:0.24
;BEFORE_LAYER_CHANGE
;29.34
G92 E0

;AFTER_LAYER_CHANGE
;29.34
;_SET_FAN_SPEED_CHANGING_LAYER
; printing object 圆柱体 id:2235774478336 copy 0
G1 E-.9 F2400
G1 Z29.74 F7200
G1 X200.48 Y140.982 Z29.74
G1 Z29.34
G1 E.9 F2400
M205 X3 Y3
;TYPE:Inner wall
G1 X201.466 Y141.05 E.0393
G3 X199.51 Y140.981 I-1.473 J13.949 E3.42653
G3 X200.44 Y140.98 I.482 J13.597 E.03698
M205 X7 Y7
G1 X200.199 Y140.582 F7200
M205 X3 Y3
G1 F2400
G1 X200.473 Y140.582 E.01093
G3 X199.497 Y140.582 I-.481 J14.418 E3.56512
G1 X200.159 Y140.582 E.02632
M205 X7 Y7
G1 X200.047 Y140.184 F7200
M205 X3 Y3
G1 F2400
G1 X200.487 Y140.184 E.01747
G3 X199.483 Y140.184 I-.494 J14.816 E3.6636
G1 X200.007 Y140.184 E.02087
M204 T500
G1 X199.597 Y139.734 F7200
;TYPE:Outer wall
G1 F1800
G1 X200.502 Y139.734 E.03598
G3 X199.467 Y139.734 I-.51 J15.266 E3.77481
G1 X199.557 Y139.734 E.00359
M204 T1000
M205 X7 Y7
G1 E-.9 F2400
G1 Z29.74 F7200
G1 X212.821 Y149.787 Z29.74
G1 Z29.34
G1 E.9 F2400
;TYPE:Sparse infill
G1 X205.538 Y142.504 E.40952
G2 X202.309 Y141.529 I-6.387 J15.319 E.13435
G1 X213.47 Y152.691 E.62764
G3 X213.667 Y155.141 I-20.918 J2.909 E.0978
G1 X199.865 Y141.339 E.77612
G2 X197.787 Y141.516 I.199 J14.632 E.08297
G1 X213.482 Y157.211 E.88254
G3 X213.054 Y159.037 I-12.107 J-1.872 E.07466
G1 X195.96 Y141.944 E.9612
G2 X194.333 Y142.571 I4.931 J15.22 E.06937
G1 X212.435 Y160.672 E1.01789
G3 X211.652 Y162.144 I-16.946 J-8.072 E.06629
G1 X192.856 Y143.348 E1.05692
G2 X191.529 Y144.275 I25.329 J37.666 E.06437
G1 X210.721 Y163.467 E1.07919
G3 X209.661 Y164.661 I-11.68 J-9.298 E.06352
G1 X190.339 Y145.339 E1.08652
G2 X189.279 Y146.533 I7.668 J7.87 E.06355
M73 P90 R11
G1 X208.471 Y165.725 E1.07917
G3 X207.144 Y166.652 I-26.4 J-36.368 E.06437
G1 X188.353 Y147.861 E1.05666
G2 X187.567 Y149.33 I9.707 J6.139 E.06628
G1 X205.672 Y167.435 E1.0181
G3 X204.037 Y168.054 I-11.479 J-27.872 E.06954
G1 X186.946 Y150.963 E.96104
G2 X186.518 Y152.789 I11.679 J3.699 E.07466
G1 X202.215 Y168.486 E.88268
G3 X200.135 Y168.661 I-2.791 J-20.837 E.08303
G1 X186.339 Y154.865 E.77577
G2 X186.537 Y157.317 I16.938 J-.132 E.0979
G1 X197.683 Y168.463 E.62678
G3 X194.462 Y167.496 I2.428 J-13.936 E.13405
G1 X187.165 Y160.199 E.41031
; stop printing object 圆柱体 id:2235774478336 copy 0
; printing object 圆柱体 id:2235774478336 copy 0
G1 E-.9
G1 Z29.74 F7200
G1 X155.48 Y140.982 Z29.74
G1 Z29.34
G1 E.9 F2400
M205 X3 Y3
;TYPE:Inner wall
G1 X156.466 Y141.05 E.0393
G3 X154.51 Y140.981 I-1.473 J13.949 E3.42653
G3 X155.44 Y140.98 I.482 J13.597 E.03698
M205 X7 Y7
G1 X155.199 Y140.582 F7200
M205 X3 Y3
G1 F2400
G1 X155.473 Y140.582 E.01093
G3 X154.497 Y140.582 I-.481 J14.418 E3.56512
G1 X155.159 Y140.582 E.02632
M205 X7 Y7
G1 X155.047 Y140.184 F7200
M205 X3 Y3
G1 F2400
G1 X155.487 Y140.184 E.01747
G3 X154.483 Y140.184 I-.494 J14.816 E3.6636
G1 X155.007 Y140.184 E.02087
M204 T500
G1 X154.597 Y139.734 F7200
;TYPE:Outer wall
G1 F1800
G1 X155.502 Y139.734 E.03598
G3 X154.467 Y139.734 I-.51 J15.266 E3.77481
G1 X154.557 Y139.734 E.00359
M204 T1000
M205 X7 Y7
G1 E-.9 F2400
G1 Z29.74 F7200
G1 X167.821 Y149.787 Z29.74
G1 Z29.34
G1 E.9 F2400
;TYPE:Sparse infill
G1 X160.538 Y142.504 E.40952
G2 X157.309 Y141.529 I-6.387 J15.319 E.13435
G1 X168.47 Y152.691 E.62764
G3 X168.667 Y155.141 I-20.918 J2.909 E.0978
G1 X154.865 Y141.339 E.77612
G2 X152.787 Y141.516 I.199 J14.632 E.08297
G1 X168.482 Y157.211 E.88254
G3 X168.054 Y159.037 I-12.107 J-1.872 E.07466
G1 X150.96 Y141.944 E.9612
G2 X149.333 Y142.571 I4.931 J15.22 E.06937
G1 X167.435 Y160.672 E1.01789
G3 X166.652 Y162.144 I-16.946 J-8.072 E.06629
G1 X147.856 Y143.348 E1.05692
G2 X146.529 Y144.275 I25.329 J37.666 E.06437
G1 X165.721 Y163.467 E1.07919
G3 X164.661 Y164.661 I-11.68 J-9.298 E.06352
G1 X145.339 Y145.339 E1.08652
G2 X144.279 Y146.533 I7.668 J7.87 E.06355
G1 X163.471 Y165.725 E1.07917
G3 X162.144 Y166.652 I-26.4 J-36.368 E.06437
G1 X143.353 Y147.861 E1.05666
G2 X142.567 Y149.33 I9.707 J6.139 E.06628
G1 X160.672 Y167.435 E1.0181
G3 X159.037 Y168.054 I-11.479 J-27.872 E.06954
G1 X141.946 Y150.963 E.96104
G2 X141.518 Y152.789 I11.679 J3.699 E.07466
G1 X157.215 Y168.486 E.88268
G3 X155.135 Y168.661 I-2.791 J-20.837 E.08303
M73 P90 R10
G1 X141.339 Y154.865 E.77577
G2 X141.537 Y157.317 I16.938 J-.132 E.0979
G1 X152.683 Y168.463 E.62678
G3 X149.462 Y167.496 I2.428 J-13.936 E.13405
G1 X142.165 Y160.199 E.41031
; stop printing object 圆柱体 id:2235774478336 copy 0
;LAYER_CHANGE
;Z:29.58
;HEIGHT:0.24
;BEFORE_LAYER_CHANGE
;29.58
G92 E0

;AFTER_LAYER_CHANGE
;29.58
;_SET_FAN_SPEED_CHANGING_LAYER
; printing object 圆柱体 id:2235774478336 copy 0
G1 E-.9 F2400
G1 Z29.98 F7200
G1 X200.491 Y140.982 Z29.98
G1 Z29.58
G1 E.9 F2400
M205 X3 Y3
;TYPE:Inner wall
G1 X201.466 Y141.05 E.03885
G3 X199.51 Y140.981 I-1.472 J13.946 E3.42562
G3 X200.451 Y140.98 I.483 J13.654 E.03743
M205 X7 Y7
G1 X200.21 Y140.582 F7200
M205 X3 Y3
G1 F2400
G1 X200.478 Y140.582 E.01065
G3 X199.496 Y140.582 I-.484 J14.417 E3.56493
G1 X200.17 Y140.582 E.02677
M205 X7 Y7
G1 X200.059 Y140.184 F7200
M205 X3 Y3
G1 F2400
G1 X200.491 Y140.184 E.01719
G3 X199.483 Y140.184 I-.497 J14.816 E3.66341
G1 X200.019 Y140.184 E.02131
M204 T500
G1 X199.608 Y139.734 F7200
;TYPE:Outer wall
G1 F1800
G1 X200.506 Y139.734 E.0357
G3 X199.467 Y139.734 I-.513 J15.265 E3.77461
G1 X199.568 Y139.734 E.00404
M204 T1000
M205 X7 Y7
G1 E-.9 F2400
G1 Z29.98 F7200
G1 X212.821 Y149.787 Z29.98
G1 Z29.58
G1 E.9 F2400
;TYPE:Sparse infill
G1 X205.538 Y142.504 E.40952
G2 X202.317 Y141.537 I-5.417 J12.197 E.13408
G1 X213.463 Y152.683 E.62676
G3 X213.661 Y155.135 I-16.715 J2.582 E.0979
G1 X199.865 Y141.339 E.77578
G2 X197.787 Y141.516 I.172 J14.304 E.08297
G1 X213.482 Y157.21 E.88252
G3 X213.054 Y159.037 I-11.899 J-1.823 E.07467
G1 X195.965 Y141.948 E.96097
G2 X194.333 Y142.571 I3.198 J10.823 E.0695
G1 X212.435 Y160.672 E1.01789
G3 X211.65 Y162.142 I-12.284 J-5.612 E.06629
G1 X192.856 Y143.348 E1.05683
G2 X191.528 Y144.274 I27.96 J41.499 E.06438
G1 X210.724 Y163.47 E1.07941
G3 X209.661 Y164.661 I-9.155 J-7.101 E.06353
G1 X190.339 Y145.339 E1.08651
G2 X189.279 Y146.533 I7.663 J7.866 E.06355
G1 X208.471 Y165.725 E1.07917
G3 X207.139 Y166.647 I-10.136 J-13.21 E.06444
G1 X188.353 Y147.861 E1.05639
G2 X187.567 Y149.33 I9.708 J6.139 E.06628
G1 X205.67 Y167.433 E1.018
G3 X204.037 Y168.054 I-10.575 J-25.384 E.0695
G1 X186.946 Y150.963 E.96102
G2 X186.518 Y152.79 I11.416 J3.638 E.07466
G1 X202.21 Y168.482 E.88239
G3 X200.135 Y168.661 I-2.663 J-18.753 E.08286
G1 X186.339 Y154.865 E.77577
G2 X186.537 Y157.317 I16.913 J-.13 E.0979
G1 X197.683 Y168.463 E.62676
G3 X194.462 Y167.496 I2.423 J-13.92 E.13404
G1 X187.165 Y160.199 E.41033
; stop printing object 圆柱体 id:2235774478336 copy 0
; printing object 圆柱体 id:2235774478336 copy 0
G1 E-.9
G1 Z29.98 F7200
G1 X155.491 Y140.982 Z29.98
G1 Z29.58
G1 E.9 F2400
M205 X3 Y3
;TYPE:Inner wall
G1 X156.466 Y141.05 E.03885
G3 X154.51 Y140.981 I-1.472 J13.946 E3.42562
G3 X155.451 Y140.98 I.483 J13.654 E.03743
M205 X7 Y7
G1 X155.21 Y140.582 F7200
M205 X3 Y3
G1 F2400
G1 X155.478 Y140.582 E.01065
G3 X154.496 Y140.582 I-.484 J14.417 E3.56493
G1 X155.17 Y140.582 E.02677
M205 X7 Y7
G1 X155.059 Y140.184 F7200
M205 X3 Y3
G1 F2400
G1 X155.491 Y140.184 E.01719
G3 X154.483 Y140.184 I-.497 J14.816 E3.66341
G1 X155.019 Y140.184 E.02131
M204 T500
G1 X154.608 Y139.734 F7200
;TYPE:Outer wall
G1 F1800
G1 X155.506 Y139.734 E.0357
G3 X154.467 Y139.734 I-.513 J15.265 E3.77461
G1 X154.568 Y139.734 E.00404
M204 T1000
M205 X7 Y7
G1 E-.9 F2400
G1 Z29.98 F7200
G1 X167.821 Y149.787 Z29.98
G1 Z29.58
G1 E.9 F2400
;TYPE:Sparse infill
G1 X160.538 Y142.504 E.40952
G2 X157.317 Y141.537 I-5.417 J12.197 E.13408
G1 X168.463 Y152.683 E.62676
G3 X168.661 Y155.135 I-16.715 J2.582 E.0979
G1 X154.865 Y141.339 E.77578
G2 X152.787 Y141.516 I.172 J14.304 E.08297
G1 X168.482 Y157.21 E.88252
G3 X168.054 Y159.037 I-11.899 J-1.823 E.07467
M73 P91 R10
G1 X150.965 Y141.948 E.96097
G2 X149.333 Y142.571 I3.198 J10.823 E.0695
G1 X167.435 Y160.672 E1.01789
G3 X166.65 Y162.142 I-12.284 J-5.612 E.06629
G1 X147.856 Y143.348 E1.05683
G2 X146.528 Y144.274 I27.96 J41.499 E.06438
G1 X165.724 Y163.47 E1.07941
G3 X164.661 Y164.661 I-9.155 J-7.101 E.06353
G1 X145.339 Y145.339 E1.08651
G2 X144.279 Y146.533 I7.663 J7.866 E.06355
G1 X163.471 Y165.725 E1.07917
G3 X162.139 Y166.647 I-10.136 J-13.21 E.06444
G1 X143.353 Y147.861 E1.05639
G2 X142.567 Y149.33 I9.708 J6.139 E.06628
G1 X160.67 Y167.433 E1.018
G3 X159.037 Y168.054 I-10.575 J-25.384 E.0695
G1 X141.946 Y150.963 E.96102
G2 X141.518 Y152.79 I11.416 J3.638 E.07466
G1 X157.21 Y168.482 E.88239
G3 X155.135 Y168.661 I-2.663 J-18.753 E.08286
G1 X141.339 Y154.865 E.77577
G2 X141.537 Y157.317 I16.913 J-.13 E.0979
G1 X152.683 Y168.463 E.62676
G3 X149.462 Y167.496 I2.423 J-13.92 E.13404
G1 X142.165 Y160.199 E.41033
; stop printing object 圆柱体 id:2235774478336 copy 0
;LAYER_CHANGE
;Z:29.82
;HEIGHT:0.24
;BEFORE_LAYER_CHANGE
;29.82
G92 E0

;AFTER_LAYER_CHANGE
;29.82
;_SET_FAN_SPEED_CHANGING_LAYER
; printing object 圆柱体 id:2235774478336 copy 0
G1 E-.9 F2400
G1 Z30.22 F7200
G1 X200.502 Y140.983 Z30.22
G1 Z29.82
G1 E.9 F2400
M205 X3 Y3
;TYPE:Inner wall
G1 X201.466 Y141.05 E.03842
G3 X199.51 Y140.981 I-1.472 J13.946 E3.42562
G3 X200.462 Y140.98 I.484 J13.71 E.03786
M205 X7 Y7
G1 X200.221 Y140.582 F7200
M205 X3 Y3
G1 F2400
G1 X200.482 Y140.582 E.01038
G3 X199.496 Y140.582 I-.487 J14.414 E3.56387
G1 X200.181 Y140.582 E.0272
M205 X7 Y7
G1 X200.07 Y140.184 F7200
M205 X3 Y3
G1 F2400
G1 X200.495 Y140.184 E.01692
G3 X199.483 Y140.184 I-.501 J14.812 E3.66232
G1 X200.03 Y140.184 E.02175
M204 T500
G1 X199.619 Y139.734 F7200
;TYPE:Outer wall
G1 F1800
G1 X200.511 Y139.734 E.03543
G3 X199.467 Y139.734 I-.516 J15.261 E3.77349
M73 P91 R9
G1 X199.579 Y139.734 E.00447
M204 T1000
M205 X7 Y7
G1 E-.9 F2400
G1 Z30.22 F7200
G1 X212.821 Y149.787 Z30.22
G1 Z29.82
G1 E.9 F2400
;TYPE:Sparse infill
G1 X205.538 Y142.504 E.40952
G2 X202.309 Y141.529 I-6.382 J15.304 E.13434
G1 X213.472 Y152.692 E.62771
G3 X213.661 Y155.135 I-18.469 J2.656 E.0975
G1 X199.865 Y141.339 E.77577
G2 X197.787 Y141.516 I.19 J14.531 E.08297
G1 X213.482 Y157.211 E.88253
G3 X213.054 Y159.037 I-11.99 J-1.847 E.07465
G1 X195.96 Y141.944 E.96118
G2 X194.333 Y142.57 I4.954 J15.284 E.06938
G1 X212.434 Y160.672 E1.01788
G3 X211.652 Y162.144 I-16.699 J-7.933 E.0663
G1 X192.856 Y143.348 E1.05692
G2 X191.528 Y144.274 I28.037 J41.611 E.06438
G1 X210.725 Y163.471 E1.07946
G3 X209.661 Y164.661 I-9.047 J-7.016 E.06353
G1 X190.339 Y145.339 E1.08651
G2 X189.279 Y146.533 I7.674 J7.877 E.06355
G1 X208.467 Y165.721 E1.07894
G3 X207.144 Y166.652 I-10.498 J-13.507 E.06435
G1 X188.35 Y147.858 E1.05683
G2 X187.567 Y149.33 I10.131 J6.332 E.06633
G1 X205.67 Y167.433 E1.018
G3 X204.035 Y168.052 I-6.43 J-14.509 E.06955
G1 X186.946 Y150.963 E.96095
G2 X186.518 Y152.79 I11.417 J3.639 E.07466
G1 X202.215 Y168.486 E.88267
G3 X200.135 Y168.661 I-2.791 J-20.836 E.08303
G1 X186.339 Y154.865 E.77577
G2 X186.537 Y157.317 I16.915 J-.13 E.0979
G1 X197.683 Y168.463 E.62678
G3 X194.462 Y167.496 I2.418 J-13.902 E.13405
G1 X187.179 Y160.213 E.40952
; stop printing object 圆柱体 id:2235774478336 copy 0
; printing object 圆柱体 id:2235774478336 copy 0
G1 E-.9
G1 Z30.22 F7200
G1 X155.502 Y140.983 Z30.22
G1 Z29.82
G1 E.9 F2400
M205 X3 Y3
;TYPE:Inner wall
G1 X156.466 Y141.05 E.03842
G3 X154.51 Y140.981 I-1.472 J13.946 E3.42562
G3 X155.462 Y140.98 I.484 J13.71 E.03786
M205 X7 Y7
G1 X155.221 Y140.582 F7200
M205 X3 Y3
G1 F2400
G1 X155.482 Y140.582 E.01038
G3 X154.496 Y140.582 I-.487 J14.414 E3.56387
G1 X155.181 Y140.582 E.0272
M205 X7 Y7
G1 X155.07 Y140.184 F7200
M205 X3 Y3
G1 F2400
G1 X155.495 Y140.184 E.01692
G3 X154.483 Y140.184 I-.501 J14.812 E3.66232
G1 X155.03 Y140.184 E.02175
M204 T500
G1 X154.619 Y139.734 F7200
;TYPE:Outer wall
G1 F1800
G1 X155.511 Y139.734 E.03543
G3 X154.467 Y139.734 I-.516 J15.261 E3.77349
G1 X154.579 Y139.734 E.00447
M204 T1000
M205 X7 Y7
G1 E-.9 F2400
G1 Z30.22 F7200
G1 X167.821 Y149.787 Z30.22
G1 Z29.82
G1 E.9 F2400
;TYPE:Sparse infill
G1 X160.538 Y142.504 E.40952
G2 X157.309 Y141.529 I-6.382 J15.304 E.13434
G1 X168.472 Y152.692 E.62771
G3 X168.661 Y155.135 I-18.469 J2.656 E.0975
G1 X154.865 Y141.339 E.77577
G2 X152.787 Y141.516 I.19 J14.531 E.08297
G1 X168.482 Y157.211 E.88253
G3 X168.054 Y159.037 I-11.99 J-1.847 E.07465
G1 X150.96 Y141.944 E.96118
G2 X149.333 Y142.57 I4.954 J15.284 E.06938
G1 X167.434 Y160.672 E1.01788
G3 X166.652 Y162.144 I-16.699 J-7.933 E.0663
G1 X147.856 Y143.348 E1.05692
G2 X146.528 Y144.274 I28.037 J41.611 E.06438
G1 X165.725 Y163.471 E1.07946
G3 X164.661 Y164.661 I-9.047 J-7.016 E.06353
G1 X145.339 Y145.339 E1.08651
G2 X144.279 Y146.533 I7.674 J7.877 E.06355
G1 X163.467 Y165.721 E1.07894
G3 X162.144 Y166.652 I-10.498 J-13.507 E.06435
G1 X143.35 Y147.858 E1.05683
G2 X142.567 Y149.33 I10.131 J6.332 E.06633
G1 X160.67 Y167.433 E1.018
G3 X159.035 Y168.052 I-6.43 J-14.509 E.06955
G1 X141.946 Y150.963 E.96095
G2 X141.518 Y152.79 I11.417 J3.639 E.07466
G1 X157.215 Y168.486 E.88267
G3 X155.135 Y168.661 I-2.791 J-20.836 E.08303
G1 X141.339 Y154.865 E.77577
G2 X141.537 Y157.317 I16.915 J-.13 E.0979
G1 X152.683 Y168.463 E.62678
G3 X149.462 Y167.496 I2.418 J-13.902 E.13405
G1 X142.179 Y160.213 E.40952
; stop printing object 圆柱体 id:2235774478336 copy 0
;LAYER_CHANGE
;Z:30.06
;HEIGHT:0.24
;BEFORE_LAYER_CHANGE
;30.06
G92 E0

;AFTER_LAYER_CHANGE
;30.06
;_SET_FAN_SPEED_CHANGING_LAYER
; printing object 圆柱体 id:2235774478336 copy 0
G1 E-.9 F2400
G1 Z30.46 F7200
G1 X200.533 Y140.985 Z30.46
G1 Z30.06
G1 E.9 F2400
M205 X3 Y3
;TYPE:Inner wall
G1 X201.466 Y141.05 E.03721
G3 X200 Y140.972 I-1.475 J13.949 E3.4459
G1 X200.472 Y140.98 E.01877
G1 X200.493 Y140.982 E.00082
M205 X7 Y7
G1 X200.244 Y140.578 F7200
M205 X3 Y3
G1 F2400
G1 X200.486 Y140.582 E.00961
G3 X200 Y140.574 I-.495 J14.417 E3.58456
G1 X200.204 Y140.577 E.00812
M205 X7 Y7
G1 X200.088 Y140.177 F7200
M205 X3 Y3
G1 F2400
G1 X200.499 Y140.184 E.01637
G3 X200 Y140.175 I-.508 J14.815 E3.68358
G1 X200.048 Y140.176 E.0019
M204 T500
G1 X199.63 Y139.731 F7200
;TYPE:Outer wall
G1 F1800
G1 X200 Y139.725 E.01472
G1 X200.515 Y139.734 E.02047
G3 X199.467 Y139.734 I-.524 J15.265 E3.7742
M73 P92 R9
G1 X199.59 Y139.732 E.00489
M204 T1000
M205 X7 Y7
G1 E-.9 F2400
G1 Z30.46 F7200
G1 X212.038 Y149.004 Z30.46
G1 Z30.06
G1 E.9 F2400
;TYPE:Sparse infill
G1 X206.424 Y143.39 E.31565
G2 X202.813 Y142.033 I-7.034 J13.234 E.15383
G1 X212.98 Y152.241 E.57286
G3 X213.262 Y154.737 I-13.134 J2.747 E.10002
G1 X200.263 Y141.738 E.73096
G2 X198.14 Y141.869 I-.23 J13.518 E.08466
G1 X213.138 Y156.866 E.84334
G1 X212.982 Y157.753 E.03578
G3 X212.732 Y158.715 I-9.2 J-1.877 E.03954
G1 X196.28 Y142.263 E.92513
G2 X194.628 Y142.866 I3.956 J13.393 E.06994
G1 X212.124 Y160.395 E.98476
G3 X211.362 Y161.853 I-12.661 J-5.691 E.06545
G1 X193.147 Y143.638 E1.02426
G2 X191.812 Y144.557 I7.122 J11.775 E.06449
G1 X210.442 Y163.188 E1.04762
G1 X209.858 Y163.884 E.03616
G3 X209.379 Y164.379 I-6.221 J-5.536 E.02737
G1 X190.618 Y145.618 E1.05499
G2 X189.563 Y146.817 I10.551 J10.339 E.06354
G1 X208.188 Y165.442 E1.0473
G3 X206.85 Y166.359 I-19.874 J-27.563 E.06448
G1 X188.638 Y148.147 E1.02409
G1 X188.508 Y148.365 E.01012
G2 X187.866 Y149.628 I12.775 J7.285 E.05637
G1 X205.371 Y167.134 E.98435
G3 X203.719 Y167.736 I-5.134 J-11.51 E.06997
G1 X187.269 Y151.286 E.92504
M73 P92 R8
G2 X186.862 Y153.133 I10.531 J3.289 E.0753
G1 X201.86 Y168.131 E.84338
G3 X199.741 Y168.266 I-1.802 J-11.598 E.08456
G1 X186.738 Y155.263 E.73117
G2 X187.041 Y157.821 I12.282 J-.159 E.10259
G1 X197.188 Y167.968 E.5706
G3 X194.185 Y166.928 I2.791 J-12.923 E.12669
G1 X194.183 Y166.928 E.00009
G3 X193.565 Y166.599 I3.805 J-7.892 E.02785
G1 X187.968 Y161.002 E.31472
G1 X213.632 Y155.48 F7200
;TYPE:Internal solid infill
;WIDTH:0.403018
G1 F2100
G1 X213.607 Y154.048 E.05024
G2 X213.241 Y151.705 I-15.647 J1.246 E.08325
G1 X212.829 Y150.34 E.05001
G2 X211.927 Y148.389 I-14.533 J5.532 E.07547
G2 X210.756 Y146.604 I-11.867 J6.509 E.07493
G1 X209.837 Y145.539 E.04934
G1 X209.126 Y144.862 E.03444
G1 X208.03 Y143.963 E.0497
G2 X202.824 Y141.655 I-7.954 J10.914 E.20127
G1 X201.436 Y141.427 E.04931
G2 X197.618 Y141.569 I-1.418 J13.307 E.13449
G1 X196.244 Y141.887 E.04945
G2 X187.537 Y149.444 I3.768 J13.136 E.41745
G1 X187.028 Y150.758 E.04942
G2 X186.494 Y156.907 I13.094 J4.235 E.21834
G1 X186.764 Y158.296 E.04962
G1 X187.145 Y159.58 E.04698
G2 X188.188 Y161.822 I14.068 J-5.177 E.08683
G1 X188.953 Y163.015 E.0497
G2 X189.856 Y164.126 I13.895 J-10.376 E.05023
G1 X190.86 Y165.136 E.04998
G2 X194.028 Y167.264 I8.968 J-9.931 E.13431
G1 X195.33 Y167.816 E.04958
G1 X196.695 Y168.234 E.05007
G1 X198.097 Y168.507 E.05008
G1 X199.52 Y168.632 E.05011
G2 X200.961 Y168.607 I.482 J-13.556 E.05056
G1 X202.352 Y168.444 E.04914
G2 X204.668 Y167.826 I-3.24 J-16.784 E.08415
G2 X211.573 Y162.221 I-4.734 J-12.887 E.31764
G2 X212.468 Y160.553 I-16.553 J-9.963 E.06643
G1 X212.822 Y159.652 E.03395
G1 X213.234 Y158.305 E.04941
G1 X213.507 Y156.904 E.05008
G1 X213.629 Y155.52 E.04871
; stop printing object 圆柱体 id:2235774478336 copy 0
; printing object 圆柱体 id:2235774478336 copy 0
G1 E-.9 F2400
G1 Z30.46 F7200
G1 X155.533 Y140.985 Z30.46
G1 Z30.06
G1 E.9 F2400
M205 X3 Y3
;TYPE:Inner wall
;WIDTH:0.45
G1 X156.466 Y141.05 E.03721
G3 X155 Y140.972 I-1.475 J13.949 E3.4459
G1 X155.472 Y140.98 E.01877
G1 X155.493 Y140.982 E.00082
M205 X7 Y7
G1 X155.244 Y140.578 F7200
M205 X3 Y3
G1 F2400
G1 X155.486 Y140.582 E.00961
G3 X155 Y140.574 I-.495 J14.417 E3.58456
G1 X155.204 Y140.577 E.00812
M205 X7 Y7
G1 X155.088 Y140.177 F7200
M205 X3 Y3
G1 F2400
G1 X155.499 Y140.184 E.01637
G3 X155 Y140.175 I-.508 J14.815 E3.68358
G1 X155.048 Y140.176 E.0019
M204 T500
G1 X154.63 Y139.731 F7200
;TYPE:Outer wall
G1 F1800
G1 X155 Y139.725 E.01472
G1 X155.515 Y139.734 E.02047
G3 X154.467 Y139.734 I-.524 J15.265 E3.7742
G1 X154.59 Y139.732 E.00489
M204 T1000
M205 X7 Y7
G1 E-.9 F2400
G1 Z30.46 F7200
G1 X167.038 Y149.004 Z30.46
G1 Z30.06
G1 E.9 F2400
;TYPE:Sparse infill
G1 X161.424 Y143.39 E.31565
G2 X157.813 Y142.033 I-7.034 J13.234 E.15383
G1 X167.98 Y152.241 E.57286
G3 X168.262 Y154.737 I-13.134 J2.747 E.10002
G1 X155.263 Y141.738 E.73096
G2 X153.14 Y141.869 I-.23 J13.518 E.08466
G1 X168.138 Y156.866 E.84334
G1 X167.982 Y157.753 E.03578
G3 X167.732 Y158.715 I-9.2 J-1.877 E.03954
G1 X151.28 Y142.263 E.92513
G2 X149.628 Y142.866 I3.956 J13.393 E.06994
G1 X167.124 Y160.395 E.98476
G3 X166.362 Y161.853 I-12.661 J-5.691 E.06545
G1 X148.147 Y143.638 E1.02426
G2 X146.812 Y144.557 I7.122 J11.775 E.06449
G1 X165.442 Y163.188 E1.04762
G1 X164.858 Y163.884 E.03616
G3 X164.379 Y164.379 I-6.221 J-5.536 E.02737
G1 X145.618 Y145.618 E1.05499
G2 X144.563 Y146.817 I10.551 J10.339 E.06354
G1 X163.188 Y165.442 E1.0473
G3 X161.85 Y166.359 I-19.874 J-27.563 E.06448
G1 X143.638 Y148.147 E1.02409
G1 X143.508 Y148.365 E.01012
G2 X142.866 Y149.628 I12.775 J7.285 E.05637
G1 X160.371 Y167.134 E.98435
G3 X158.719 Y167.736 I-5.134 J-11.51 E.06997
G1 X142.269 Y151.286 E.92504
G2 X141.862 Y153.133 I10.531 J3.289 E.0753
G1 X156.86 Y168.131 E.84338
G3 X154.741 Y168.266 I-1.802 J-11.598 E.08456
G1 X141.738 Y155.263 E.73117
G2 X142.041 Y157.821 I12.282 J-.159 E.10259
G1 X152.188 Y167.968 E.5706
G3 X149.185 Y166.928 I2.791 J-12.923 E.12669
G1 X149.183 Y166.928 E.00009
G3 X148.565 Y166.599 I3.805 J-7.892 E.02785
G1 X142.968 Y161.002 E.31472
G1 X168.632 Y155.48 F7200
;TYPE:Internal solid infill
;WIDTH:0.403018
G1 F2100
G1 X168.607 Y154.048 E.05024
G2 X168.241 Y151.705 I-15.647 J1.246 E.08325
G1 X167.829 Y150.34 E.05001
G2 X166.927 Y148.389 I-14.533 J5.532 E.07547
G2 X165.756 Y146.604 I-11.867 J6.509 E.07493
G1 X164.837 Y145.539 E.04934
G1 X164.126 Y144.862 E.03444
G1 X163.03 Y143.963 E.0497
G2 X157.824 Y141.655 I-7.954 J10.914 E.20127
G1 X156.436 Y141.427 E.04931
G2 X152.618 Y141.569 I-1.418 J13.307 E.13449
G1 X151.244 Y141.887 E.04945
G2 X142.537 Y149.444 I3.768 J13.136 E.41745
G1 X142.028 Y150.758 E.04942
G2 X141.494 Y156.907 I13.094 J4.235 E.21834
G1 X141.764 Y158.296 E.04962
G1 X142.145 Y159.58 E.04698
G2 X143.188 Y161.822 I14.068 J-5.177 E.08683
G1 X143.953 Y163.015 E.0497
G2 X144.856 Y164.126 I13.895 J-10.376 E.05023
G1 X145.86 Y165.136 E.04998
G2 X149.028 Y167.264 I8.968 J-9.931 E.13431
G1 X150.33 Y167.816 E.04958
G1 X151.695 Y168.234 E.05007
G1 X153.097 Y168.507 E.05008
G1 X154.52 Y168.632 E.05011
G2 X155.961 Y168.607 I.482 J-13.556 E.05056
G1 X157.352 Y168.444 E.04914
G2 X159.668 Y167.826 I-3.24 J-16.784 E.08415
G2 X166.573 Y162.221 I-4.734 J-12.887 E.31764
G2 X167.468 Y160.553 I-16.553 J-9.963 E.06643
G1 X167.822 Y159.652 E.03395
G1 X168.234 Y158.305 E.04941
G1 X168.507 Y156.904 E.05008
G1 X168.629 Y155.52 E.04871
; stop printing object 圆柱体 id:2235774478336 copy 0
;LAYER_CHANGE
;Z:30.3
;HEIGHT:0.24
;BEFORE_LAYER_CHANGE
;30.3
G92 E0

;AFTER_LAYER_CHANGE
;30.3
;_SET_FAN_SPEED_CHANGING_LAYER
; printing object 圆柱体 id:2235774478336 copy 0
G1 E-.9 F2400
G1 Z30.7 F7200
G1 X200.543 Y140.985 Z30.7
G1 Z30.3
G1 E.9 F2400
M205 X3 Y3
;TYPE:Inner wall
;WIDTH:0.45
G1 X201.466 Y141.05 E.03682
G3 X200 Y140.972 I-1.473 J13.949 E3.44591
G1 X200.476 Y140.981 E.01893
G1 X200.503 Y140.982 E.00106
M205 X7 Y7
G1 X200.254 Y140.578 F7200
M205 X3 Y3
G1 F2400
G1 X200.49 Y140.582 E.00937
G3 X200 Y140.574 I-.496 J14.417 E3.5844
G1 X200.214 Y140.577 E.00851
M205 X7 Y7
G1 X200.098 Y140.177 F7200
M205 X3 Y3
G1 F2400
G1 X200.503 Y140.184 E.01613
G3 X200 Y140.175 I-.51 J14.815 E3.68342
G1 X200.058 Y140.176 E.0023
M204 T500
G1 X199.64 Y139.731 F7200
;TYPE:Outer wall
G1 F1800
G1 X200 Y139.725 E.01431
G1 X200.519 Y139.734 E.02064
G3 X199.467 Y139.734 I-.526 J15.265 E3.77404
G1 X199.6 Y139.732 E.0053
M204 T1000
M205 X7 Y7
G1 E-.9 F2400
G1 Z30.7 F7200
G1 X207.085 Y166.888 Z30.7
G1 Z30.3
G1 E.9 F2400
M204 P250
;TYPE:Internal Bridge
;WIDTH:0.389872
;HEIGHT:0.389872
G1 F2700
G1 X211.245 Y162.728 E.29201
G2 X212.152 Y161.199 I-13.147 J-8.831 E.08827
G1 X206.189 Y167.162 E.41858
G3 X205.064 Y167.665 I-5.264 J-10.266 E.06119
G1 X212.665 Y160.064 E.53357
G2 X213.017 Y159.09 I-9.019 J-3.806 E.05139
G1 X204.096 Y168.011 E.62617
G3 X203.234 Y168.251 I-2.149 J-6.046 E.04447
G1 X213.261 Y158.224 E.70383
G2 X213.42 Y157.443 I-7.467 J-1.925 E.03957
G1 X202.434 Y168.429 E.77109
G3 X201.706 Y168.534 I-1.378 J-6.925 E.03652
G1 X213.54 Y156.701 E.8306
G2 X213.602 Y156.016 I-6.584 J-.947 E.03414
G1 X201.008 Y168.61 E.88397
G3 X200.356 Y168.64 I-.978 J-14.156 E.0324
G1 X213.64 Y155.357 E.93238
G1 X213.64 Y154.735 E.03088
G1 X199.735 Y168.64 E.97604
G3 X199.139 Y168.613 I-.104 J-4.3 E.0296
G1 X213.62 Y154.133 E1.01639
G2 X213.564 Y153.566 I-5.438 J.244 E.02828
G1 X198.559 Y168.571 E1.05325
G3 X198.009 Y168.499 I.404 J-5.216 E.02754
G1 X213.499 Y153.009 E1.08728
G1 X213.406 Y152.48 E.02665
G1 X197.48 Y168.406 E1.11786
G3 X196.961 Y168.303 I.734 J-5.069 E.02628
G1 X213.304 Y151.961 E1.14712
G2 X213.18 Y151.462 I-7.198 J1.524 E.02549
G1 X196.466 Y168.176 E1.17317
G1 X195.982 Y168.038 E.02496
G1 X213.037 Y150.983 E1.19707
G1 X212.884 Y150.514 E.0245
G1 X195.511 Y167.887 E1.21943
G3 X195.06 Y167.715 I1.381 J-4.311 E.02394
G1 X212.719 Y150.056 E1.23951
G2 X212.535 Y149.619 I-4.266 J1.542 E.02358
G1 X194.617 Y167.536 E1.25765
G3 X194.186 Y167.346 I1.603 J-4.214 E.02342
M73 P93 R8
G1 X212.343 Y149.188 E1.27449
G2 X212.141 Y148.769 I-4.104 J1.723 E.02313
G1 X193.769 Y167.141 E1.28954
G3 X193.367 Y166.92 I1.9 J-3.944 E.02275
G1 X211.92 Y148.367 E1.30229
G1 X211.693 Y147.973 E.0226
M73 P93 R7
G1 X192.973 Y166.693 E1.31399
G3 X192.586 Y166.457 I2.057 J-3.803 E.02247
G1 X211.457 Y147.587 E1.32453
G2 X211.205 Y147.216 I-3.704 J2.248 E.02223
G1 X192.216 Y166.205 E1.33282
G1 X191.856 Y165.943 E.0221
G1 X210.943 Y146.856 E1.33974
G2 X210.677 Y146.501 I-3.483 J2.332 E.02207
G1 X191.503 Y165.675 E1.34585
G1 X191.164 Y165.391 E.02192
G1 X210.395 Y146.16 E1.34985
G1 X210.1 Y145.833 E.02186
G1 X190.828 Y165.105 E1.35272
G1 X190.512 Y164.799 E.02184
G1 X209.805 Y145.506 E1.35418
G1 X209.488 Y145.201 E.02184
G1 X190.195 Y164.494 E1.35418
G3 X189.894 Y164.172 I2.915 J-3.034 E.02185
G1 X209.172 Y144.895 E1.35309
G2 X208.841 Y144.604 I-2.944 J3.007 E.02189
G1 X189.609 Y163.836 E1.34994
G1 X189.325 Y163.498 E.02192
G1 X208.495 Y144.328 E1.34557
G1 X208.146 Y144.055 E.022
G1 X189.053 Y163.148 E1.34016
G3 X188.796 Y162.782 I3.359 J-2.627 E.02218
G1 X207.782 Y143.796 E1.33263
G1 X207.411 Y143.546 E.02224
G1 X188.546 Y162.411 E1.32414
G3 X188.304 Y162.03 I3.509 J-2.498 E.02238
G1 X207.03 Y143.304 E1.31442
G2 X206.636 Y143.076 I-3.461 J5.527 E.0226
G1 X188.079 Y161.633 E1.30257
G1 X187.863 Y161.227 E.02283
G1 X206.228 Y142.862 E1.28908
G1 X205.81 Y142.658 E.02309
G1 X187.654 Y160.814 E1.2744
G3 X187.464 Y160.383 I4.022 J-2.034 E.02342
G1 X205.383 Y142.464 E1.25775
G1 X204.939 Y142.285 E.02372
G1 X187.285 Y159.939 E1.23922
G3 X187.116 Y159.486 I3.168 J-1.438 E.02403
G1 X204.489 Y142.113 E1.21944
G2 X204.021 Y141.959 I-2.435 J6.63 E.02447
G1 X186.963 Y159.017 E1.19728
G3 X186.82 Y158.537 I4.56 J-1.618 E.02484
G1 X203.534 Y141.824 E1.17316
G1 X203.036 Y141.7 E.02547
G1 X186.701 Y158.035 E1.14662
G1 X186.591 Y157.522 E.02603
G1 X202.524 Y141.589 E1.11835
G2 X201.987 Y141.505 I-1.082 J5.155 E.02703
G1 X186.499 Y156.992 E1.08708
G3 X186.428 Y156.441 I7.856 J-1.292 E.02758
G1 X201.441 Y141.429 E1.05377
G2 X200.86 Y141.387 I-.583 J4.102 E.02893
G1 X186.387 Y155.861 E1.01589
G3 X186.36 Y155.265 I4.243 J-.49 E.0296
G1 X200.265 Y141.36 E.97604
G1 X199.643 Y141.36 E.03088
G1 X186.36 Y154.643 E.93236
G3 X186.398 Y153.984 I4.753 J-.06 E.03282
G1 X198.991 Y141.39 E.88397
G2 X198.293 Y141.466 I.377 J6.699 E.03487
G1 X186.46 Y153.299 E.83057
G3 X186.573 Y152.564 I12.965 J1.615 E.03691
G1 X197.566 Y141.571 E.77158
G2 X196.766 Y141.749 I1.292 J7.714 E.04066
G1 X186.741 Y151.774 E.7037
G1 X186.983 Y150.91 E.04458
G1 X195.904 Y141.989 E.62614
G2 X194.949 Y142.322 I2.695 J9.274 E.0502
G1 X187.323 Y149.947 E.53527
G3 X187.848 Y148.801 I11.869 J4.734 E.06258
G1 X193.801 Y142.848 E.4179
G2 X192.273 Y143.754 I7.515 J14.413 E.08826
G1 X188.107 Y147.92 E.29239
; stop printing object 圆柱体 id:2235774478336 copy 0
; printing object 圆柱体 id:2235774478336 copy 0
G1 E-.9 F2400
G1 Z30.7 F7200
G1 X155.543 Y140.985 Z30.7
G1 Z30.3
G1 E.9 F2400
M204 P500
M205 X3 Y3
;TYPE:Inner wall
;WIDTH:0.45
;HEIGHT:0.24
M106 S255
G1 X156.466 Y141.05 E.03682
G3 X155 Y140.972 I-1.473 J13.949 E3.44591
G1 X155.476 Y140.981 E.01893
G1 X155.503 Y140.982 E.00106
M205 X7 Y7
G1 X155.254 Y140.578 F7200
M205 X3 Y3
G1 F2400
G1 X155.49 Y140.582 E.00937
G3 X155 Y140.574 I-.496 J14.417 E3.5844
G1 X155.214 Y140.577 E.00851
M205 X7 Y7
G1 X155.098 Y140.177 F7200
M205 X3 Y3
G1 F2400
G1 X155.503 Y140.184 E.01613
G3 X155 Y140.175 I-.51 J14.815 E3.68342
G1 X155.058 Y140.176 E.0023
M204 T500
G1 X154.64 Y139.731 F7200
;TYPE:Outer wall
G1 F1800
G1 X155 Y139.725 E.01431
G1 X155.519 Y139.734 E.02064
G3 X154.467 Y139.734 I-.526 J15.265 E3.77404
G1 X154.6 Y139.732 E.0053
M204 T1000
M205 X7 Y7
G1 E-.9 F2400
G1 Z30.7 F7200
G1 X162.085 Y166.888 Z30.7
G1 Z30.3
G1 E.9 F2400
M204 P250
;TYPE:Internal Bridge
;WIDTH:0.389872
;HEIGHT:0.389872
G1 F2700
G1 X166.245 Y162.728 E.29201
G2 X167.152 Y161.199 I-13.147 J-8.831 E.08827
G1 X161.189 Y167.162 E.41858
G3 X160.064 Y167.665 I-5.264 J-10.266 E.06119
G1 X167.665 Y160.064 E.53357
G2 X168.017 Y159.09 I-9.019 J-3.806 E.05139
G1 X159.096 Y168.011 E.62617
G3 X158.234 Y168.251 I-2.149 J-6.046 E.04447
G1 X168.261 Y158.224 E.70383
G2 X168.42 Y157.443 I-7.467 J-1.925 E.03957
G1 X157.434 Y168.429 E.77109
G3 X156.706 Y168.534 I-1.378 J-6.925 E.03652
G1 X168.54 Y156.701 E.8306
G2 X168.602 Y156.016 I-6.584 J-.947 E.03414
G1 X156.008 Y168.61 E.88397
G3 X155.356 Y168.64 I-.978 J-14.156 E.0324
G1 X168.64 Y155.357 E.93238
G1 X168.64 Y154.735 E.03088
G1 X154.735 Y168.64 E.97604
G3 X154.139 Y168.613 I-.104 J-4.3 E.0296
G1 X168.62 Y154.133 E1.01639
G2 X168.564 Y153.566 I-5.438 J.244 E.02828
G1 X153.559 Y168.571 E1.05325
G3 X153.009 Y168.499 I.404 J-5.216 E.02754
G1 X168.499 Y153.009 E1.08728
G1 X168.406 Y152.48 E.02665
G1 X152.48 Y168.406 E1.11786
G3 X151.961 Y168.303 I.734 J-5.069 E.02628
G1 X168.304 Y151.961 E1.14712
G2 X168.18 Y151.462 I-7.198 J1.524 E.02549
G1 X151.466 Y168.176 E1.17317
G1 X150.982 Y168.038 E.02496
G1 X168.037 Y150.983 E1.19707
G1 X167.884 Y150.514 E.0245
G1 X150.511 Y167.887 E1.21943
G3 X150.06 Y167.715 I1.381 J-4.311 E.02394
G1 X167.719 Y150.056 E1.23951
G2 X167.535 Y149.619 I-4.266 J1.542 E.02358
G1 X149.617 Y167.536 E1.25765
G3 X149.186 Y167.346 I1.603 J-4.214 E.02342
G1 X167.343 Y149.188 E1.27449
G2 X167.141 Y148.769 I-4.104 J1.723 E.02313
G1 X148.769 Y167.141 E1.28954
G3 X148.367 Y166.92 I1.9 J-3.944 E.02275
G1 X166.92 Y148.367 E1.30229
G1 X166.693 Y147.973 E.0226
G1 X147.973 Y166.693 E1.31399
G3 X147.586 Y166.457 I2.057 J-3.803 E.02247
G1 X166.457 Y147.587 E1.32453
G2 X166.205 Y147.216 I-3.704 J2.248 E.02223
G1 X147.216 Y166.205 E1.33282
G1 X146.856 Y165.943 E.0221
G1 X165.943 Y146.856 E1.33974
G2 X165.677 Y146.501 I-3.483 J2.332 E.02207
M73 P93 R6
G1 X146.503 Y165.675 E1.34585
G1 X146.164 Y165.391 E.02192
G1 X165.395 Y146.16 E1.34985
G1 X165.1 Y145.833 E.02186
G1 X145.828 Y165.105 E1.35272
G1 X145.512 Y164.799 E.02184
G1 X164.805 Y145.506 E1.35418
G1 X164.488 Y145.201 E.02184
G1 X145.195 Y164.494 E1.35418
G3 X144.894 Y164.172 I2.915 J-3.034 E.02185
G1 X164.172 Y144.895 E1.35309
G2 X163.841 Y144.604 I-2.944 J3.007 E.02189
G1 X144.609 Y163.836 E1.34994
G1 X144.325 Y163.498 E.02192
G1 X163.495 Y144.328 E1.34557
G1 X163.146 Y144.055 E.022
G1 X144.053 Y163.148 E1.34016
G3 X143.796 Y162.782 I3.359 J-2.627 E.02218
M73 P94 R6
G1 X162.782 Y143.796 E1.33263
G1 X162.411 Y143.546 E.02224
G1 X143.546 Y162.411 E1.32414
G3 X143.304 Y162.03 I3.509 J-2.498 E.02238
G1 X162.03 Y143.304 E1.31442
G2 X161.636 Y143.076 I-3.461 J5.527 E.0226
G1 X143.079 Y161.633 E1.30257
G1 X142.863 Y161.227 E.02283
G1 X161.228 Y142.862 E1.28908
G1 X160.81 Y142.658 E.02309
G1 X142.654 Y160.814 E1.2744
G3 X142.464 Y160.383 I4.022 J-2.034 E.02342
G1 X160.383 Y142.464 E1.25775
G1 X159.939 Y142.285 E.02372
G1 X142.285 Y159.939 E1.23922
G3 X142.116 Y159.486 I3.168 J-1.438 E.02403
G1 X159.489 Y142.113 E1.21944
G2 X159.021 Y141.959 I-2.435 J6.63 E.02447
G1 X141.963 Y159.017 E1.19728
G3 X141.82 Y158.537 I4.56 J-1.618 E.02484
G1 X158.534 Y141.824 E1.17316
G1 X158.036 Y141.7 E.02547
G1 X141.701 Y158.035 E1.14662
G1 X141.591 Y157.522 E.02603
G1 X157.524 Y141.589 E1.11835
G2 X156.987 Y141.505 I-1.082 J5.155 E.02703
G1 X141.499 Y156.992 E1.08708
G3 X141.428 Y156.441 I7.856 J-1.292 E.02758
G1 X156.441 Y141.429 E1.05377
G2 X155.86 Y141.387 I-.583 J4.102 E.02893
G1 X141.387 Y155.861 E1.01589
G3 X141.36 Y155.265 I4.243 J-.49 E.0296
G1 X155.265 Y141.36 E.97604
G1 X154.643 Y141.36 E.03088
G1 X141.36 Y154.643 E.93236
G3 X141.398 Y153.984 I4.753 J-.06 E.03282
G1 X153.991 Y141.39 E.88397
G2 X153.293 Y141.466 I.377 J6.699 E.03487
G1 X141.46 Y153.299 E.83057
G3 X141.573 Y152.564 I12.965 J1.615 E.03691
G1 X152.566 Y141.571 E.77158
G2 X151.766 Y141.749 I1.292 J7.714 E.04066
G1 X141.741 Y151.774 E.7037
G1 X141.983 Y150.91 E.04458
G1 X150.904 Y141.989 E.62614
G2 X149.949 Y142.322 I2.695 J9.274 E.0502
G1 X142.323 Y149.947 E.53527
G3 X142.848 Y148.801 I11.869 J4.734 E.06258
G1 X148.801 Y142.848 E.4179
G2 X147.273 Y143.754 I7.515 J14.413 E.08826
G1 X143.107 Y147.92 E.29239
; stop printing object 圆柱体 id:2235774478336 copy 0
;LAYER_CHANGE
;Z:30.54
;HEIGHT:0.240002
;BEFORE_LAYER_CHANGE
;30.54
G92 E0

;AFTER_LAYER_CHANGE
;30.54
;_SET_FAN_SPEED_CHANGING_LAYER
; printing object 圆柱体 id:2235774478336 copy 0
G1 E-.9 F2400
G1 Z30.94 F7200
G1 X200.552 Y140.986 Z30.94
G1 Z30.54
G1 E.9 F2400
M204 P500
M205 X3 Y3
;TYPE:Inner wall
;WIDTH:0.45
M106 S255
G1 X201.466 Y141.05 E.03644
G3 X200 Y140.972 I-1.471 J13.949 E3.44591
G1 X200.48 Y140.981 E.01909
G1 X200.512 Y140.983 E.00129
M205 X7 Y7
G1 X200.264 Y140.578 F7200
M205 X3 Y3
G1 F2400
G1 X200.494 Y140.582 E.00915
G3 X200 Y140.574 I-.499 J14.417 E3.58425
G1 X200.224 Y140.578 E.00889
M205 X7 Y7
G1 X200.108 Y140.177 F7200
M205 X3 Y3
G1 F2400
G1 X200.507 Y140.184 E.01591
G3 X200 Y140.175 I-.512 J14.815 E3.68326
G1 X200.068 Y140.176 E.00269
M204 T500
G1 X199.65 Y139.737 F7200
;TYPE:Outer wall
G1 F1800
G1 X200 Y139.725 E.01393
G1 X200.523 Y139.734 E.0208
G3 X198.934 Y139.762 I-.528 J15.265 E3.75267
G1 X199.61 Y139.739 E.02688
M204 T1000
M205 X7 Y7
G1 E-.9 F2400
G1 Z30.94 F7200
G1 X207.116 Y143.122 Z30.94
G1 Z30.54
G1 E.9 F2400
;TYPE:Internal solid infill
;WIDTH:0.449999
G1 F2100
G1 X211.263 Y147.27 E.23322
G3 X212.127 Y148.696 I-13.831 J9.343 E.06634
G1 X206.308 Y142.878 E.32719
G2 X205.257 Y142.391 I-4.009 J7.269 E.04609
G1 X212.615 Y149.749 E.41375
G3 X212.949 Y150.646 I-8.615 J3.713 E.03807
G1 X204.345 Y142.041 E.48383
G2 X203.545 Y141.805 I-3.496 J10.356 E.03318
G1 X213.201 Y151.461 E.543
G3 X213.369 Y152.193 I-6.898 J1.971 E.02987
G1 X202.797 Y141.621 E.5945
G2 X202.115 Y141.502 I-1.484 J6.51 E.02755
G1 X213.498 Y152.885 E.64008
G1 X213.59 Y153.541 E.02633
G1 X201.459 Y141.41 E.68213
G2 X200.851 Y141.366 I-.619 J4.302 E.02426
G1 X213.639 Y154.154 E.7191
G1 X213.66 Y154.738 E.02323
G1 X200.261 Y141.339 E.75343
G1 X199.698 Y141.339 E.0224
G1 X213.664 Y155.305 E.78534
G3 X213.635 Y155.841 I-5.135 J-.005 E.02131
G1 X199.153 Y141.359 E.81435
G2 X198.632 Y141.401 I.339 J7.492 E.02081
G1 X213.598 Y156.367 E.84162
G3 X213.54 Y156.872 I-4.889 J-.313 E.02022
G1 X198.135 Y141.467 E.86625
G1 X197.641 Y141.537 E.01984
G1 X213.457 Y157.352 E.88935
G1 X213.372 Y157.832 E.01934
G1 X197.175 Y141.635 E.91078
G1 X196.71 Y141.733 E.01889
G1 X213.267 Y158.29 E.93101
G3 X213.142 Y158.729 I-4.246 J-.973 E.01814
G1 X196.265 Y141.852 E.94902
G2 X195.832 Y141.983 I1.659 J6.257 E.01797
G1 X213.016 Y159.167 E.96628
G3 X212.869 Y159.583 I-3.051 J-.844 E.01758
G1 X195.417 Y142.131 E.98137
G1 X195.004 Y142.281 E.01748
G1 X212.719 Y159.996 E.99615
G3 X212.556 Y160.397 I-3.908 J-1.35 E.01721
G1 X194.603 Y142.444 E1.00956
G2 X194.217 Y142.622 I1.506 J3.769 E.01689
G1 X212.382 Y160.786 E1.02143
G3 X212.195 Y161.163 I-3.687 J-1.596 E.01673
G1 X193.838 Y142.806 E1.03221
G2 X193.467 Y142.998 I1.185 J2.753 E.01665
G1 X211.999 Y161.531 E1.04212
G3 X211.8 Y161.895 I-2.711 J-1.247 E.01652
G1 X193.109 Y143.204 E1.051
G1 X192.752 Y143.411 E.0164
G1 X211.583 Y162.242 E1.05891
G1 X211.367 Y162.589 E.01626
G1 X192.41 Y143.633 E1.06594
G2 X192.082 Y143.868 I2.076 J3.254 E.01607
G1 X211.137 Y162.923 E1.0715
G3 X210.895 Y163.244 I-3.15 J-2.121 E.01601
G1 X191.755 Y144.105 E1.07624
G2 X191.436 Y144.349 I2.142 J3.131 E.01599
G1 X210.647 Y163.56 E1.08029
G3 X210.396 Y163.873 I-3.105 J-2.242 E.01594
G1 X191.129 Y144.605 E1.08344
G1 X190.832 Y144.872 E.01587
M73 P94 R5
G1 X210.133 Y164.173 E1.08532
G1 X209.861 Y164.465 E.01585
G1 X190.536 Y145.139 E1.0867
G2 X190.257 Y145.424 I1.902 J2.142 E.01586
G1 X209.576 Y164.743 E1.08635
G1 X209.289 Y165.02 E.01585
G1 X189.98 Y145.711 E1.0858
G2 X189.711 Y146.005 I2.67 J2.719 E.01587
G1 X208.992 Y165.287 E1.08426
G1 X208.686 Y165.544 E.0159
G1 X189.453 Y146.311 E1.08151
G1 X189.206 Y146.627 E.01596
G1 X208.378 Y165.8 E1.07809
G1 X208.057 Y166.042 E.016
G1 X188.959 Y146.944 E1.07392
G2 X188.73 Y147.279 I2.281 J1.8 E.01614
G1 X207.721 Y166.27 E1.06789
G1 X207.385 Y166.497 E.01614
G1 X188.503 Y147.615 E1.06173
G2 X188.285 Y147.961 I3.187 J2.254 E.01625
G1 X207.036 Y166.712 E1.0544
G1 X206.679 Y166.918 E.0164
G1 X188.078 Y148.317 E1.04596
G2 X187.882 Y148.684 I3.405 J2.059 E.01656
G1 X206.317 Y167.12 E1.03667
G3 X205.942 Y167.308 I-1.96 J-3.443 E.0167
G1 X187.697 Y149.063 E1.02595
G1 X187.512 Y149.442 E.01676
G1 X205.552 Y167.482 E1.01441
G1 X205.162 Y167.655 E.01697
G1 X187.344 Y149.837 E1.00193
G2 X187.192 Y150.249 I3.851 J1.658 E.01745
G1 X204.757 Y167.813 E.98769
G3 X204.335 Y167.955 I-1.563 J-3.955 E.0177
G1 X187.042 Y150.662 E.97243
G2 X186.909 Y151.093 I3.015 J1.162 E.01795
M73 P95 R5
G1 X203.909 Y168.093 E.95595
G3 X203.471 Y168.219 I-1.417 J-4.116 E.01812
G1 X186.784 Y151.531 E.93839
G2 X186.67 Y151.982 I4.24 J1.305 E.01847
G1 X203.014 Y168.325 E.91903
G1 X202.549 Y168.424 E.01889
G1 X186.578 Y152.453 E.8981
G1 X186.493 Y152.932 E.01934
G1 X202.071 Y168.509 E.87597
G3 X201.569 Y168.571 I-.839 J-4.76 E.02012
G1 X186.424 Y153.426 E.85165
G2 X186.38 Y153.945 I4.978 J.685 E.02074
G1 X201.059 Y168.625 E.82545
G3 X200.529 Y168.658 I-.578 J-4.981 E.02114
G1 X186.343 Y154.472 E.7977
G2 X186.339 Y155.032 I4.013 J.306 E.02229
G1 X199.968 Y168.661 E.76637
G3 X199.396 Y168.652 I-.222 J-4.119 E.02279
G1 X186.346 Y155.602 E.73382
G2 X186.391 Y156.211 I5.839 J-.131 E.0243
G1 X198.79 Y168.609 E.69719
G3 X198.161 Y168.544 I.318 J-6.09 E.02517
G1 X186.458 Y156.841 E.65808
G2 X186.569 Y157.516 I10.742 J-1.425 E.0272
G1 X197.48 Y168.427 E.61358
G3 X196.771 Y168.281 I1.054 J-6.908 E.02883
G1 X186.721 Y158.231 E.56511
G2 X186.941 Y159.015 I9.675 J-2.292 E.03236
G1 X195.987 Y168.06 E.50866
G3 X195.127 Y167.765 I2.561 J-8.838 E.03614
G1 X187.229 Y159.866 E.44416
G2 X187.653 Y160.854 I9.723 J-3.59 E.04276
G1 X194.152 Y167.353 E.36546
G3 X192.935 Y166.699 I9.765 J-19.642 E.05496
G1 X187.821 Y161.585 E.28754
G1 X208.061 Y143.905 F7200
;WIDTH:0.394336
G1 F2100
G1 X208.778 Y144.539 E.03273
;WIDTH:0.421686
G3 X210.754 Y146.55 I-18.189 J19.862 E.10418
; stop printing object 圆柱体 id:2235774478336 copy 0
; printing object 圆柱体 id:2235774478336 copy 0
G1 E-.9 F2400
G1 Z30.94 F7200
G1 X155.552 Y140.986 Z30.94
G1 Z30.54
G1 E.9 F2400
M205 X3 Y3
;TYPE:Inner wall
;WIDTH:0.45
G1 X156.466 Y141.05 E.03644
G3 X155 Y140.972 I-1.471 J13.949 E3.44591
G1 X155.48 Y140.981 E.01909
G1 X155.512 Y140.983 E.00129
M205 X7 Y7
G1 X155.264 Y140.578 F7200
M205 X3 Y3
G1 F2400
G1 X155.494 Y140.582 E.00915
G3 X155 Y140.574 I-.499 J14.417 E3.58425
G1 X155.224 Y140.578 E.00889
M205 X7 Y7
G1 X155.108 Y140.177 F7200
M205 X3 Y3
G1 F2400
G1 X155.507 Y140.184 E.01591
G3 X155 Y140.175 I-.512 J14.815 E3.68326
G1 X155.068 Y140.176 E.00269
M204 T500
G1 X154.65 Y139.737 F7200
;TYPE:Outer wall
G1 F1800
G1 X155 Y139.725 E.01393
G1 X155.523 Y139.734 E.0208
G3 X153.934 Y139.762 I-.528 J15.265 E3.75267
G1 X154.61 Y139.739 E.02688
M204 T1000
M205 X7 Y7
G1 E-.9 F2400
G1 Z30.94 F7200
G1 X162.116 Y143.122 Z30.94
G1 Z30.54
G1 E.9 F2400
;TYPE:Internal solid infill
;WIDTH:0.449999
G1 F2100
G1 X166.263 Y147.27 E.23322
G3 X167.127 Y148.696 I-13.831 J9.343 E.06634
G1 X161.308 Y142.878 E.32719
G2 X160.257 Y142.391 I-4.009 J7.269 E.04609
G1 X167.615 Y149.749 E.41375
G3 X167.949 Y150.646 I-8.615 J3.713 E.03807
G1 X159.345 Y142.041 E.48383
G2 X158.545 Y141.805 I-3.496 J10.356 E.03318
G1 X168.201 Y151.461 E.543
G3 X168.369 Y152.193 I-6.898 J1.971 E.02987
G1 X157.797 Y141.621 E.5945
G2 X157.115 Y141.502 I-1.484 J6.51 E.02755
G1 X168.498 Y152.885 E.64008
G1 X168.59 Y153.541 E.02633
G1 X156.459 Y141.41 E.68213
G2 X155.851 Y141.366 I-.619 J4.302 E.02426
G1 X168.639 Y154.154 E.7191
G1 X168.66 Y154.738 E.02323
G1 X155.261 Y141.339 E.75343
G1 X154.698 Y141.339 E.0224
G1 X168.664 Y155.305 E.78534
G3 X168.635 Y155.841 I-5.135 J-.005 E.02131
G1 X154.153 Y141.359 E.81435
G2 X153.632 Y141.401 I.339 J7.492 E.02081
G1 X168.598 Y156.367 E.84162
G3 X168.54 Y156.872 I-4.889 J-.313 E.02022
G1 X153.135 Y141.467 E.86625
G1 X152.641 Y141.537 E.01984
G1 X168.457 Y157.352 E.88935
G1 X168.372 Y157.832 E.01934
G1 X152.175 Y141.635 E.91078
G1 X151.71 Y141.733 E.01889
G1 X168.267 Y158.29 E.93101
G3 X168.142 Y158.729 I-4.246 J-.973 E.01814
G1 X151.265 Y141.852 E.94902
G2 X150.832 Y141.983 I1.659 J6.257 E.01797
G1 X168.016 Y159.167 E.96628
G3 X167.869 Y159.583 I-3.051 J-.844 E.01758
G1 X150.417 Y142.131 E.98137
G1 X150.004 Y142.281 E.01748
G1 X167.719 Y159.996 E.99615
G3 X167.556 Y160.397 I-3.908 J-1.35 E.01721
G1 X149.603 Y142.444 E1.00956
G2 X149.217 Y142.622 I1.506 J3.769 E.01689
G1 X167.382 Y160.786 E1.02143
G3 X167.195 Y161.163 I-3.687 J-1.596 E.01673
G1 X148.838 Y142.806 E1.03221
G2 X148.467 Y142.998 I1.185 J2.753 E.01665
G1 X166.999 Y161.531 E1.04212
G3 X166.8 Y161.895 I-2.711 J-1.247 E.01652
G1 X148.109 Y143.204 E1.051
G1 X147.752 Y143.411 E.0164
G1 X166.583 Y162.242 E1.05891
G1 X166.367 Y162.589 E.01626
G1 X147.41 Y143.633 E1.06594
G2 X147.082 Y143.868 I2.076 J3.254 E.01607
G1 X166.137 Y162.923 E1.0715
G3 X165.895 Y163.244 I-3.15 J-2.121 E.01601
G1 X146.755 Y144.105 E1.07624
G2 X146.436 Y144.349 I2.142 J3.131 E.01599
M73 P95 R4
G1 X165.647 Y163.56 E1.08029
G3 X165.396 Y163.873 I-3.105 J-2.242 E.01594
G1 X146.129 Y144.605 E1.08344
G1 X145.832 Y144.872 E.01587
G1 X165.133 Y164.173 E1.08532
G1 X164.861 Y164.465 E.01585
G1 X145.536 Y145.139 E1.0867
G2 X145.257 Y145.424 I1.902 J2.142 E.01586
G1 X164.576 Y164.743 E1.08635
G1 X164.289 Y165.02 E.01585
G1 X144.98 Y145.711 E1.0858
G2 X144.711 Y146.005 I2.67 J2.719 E.01587
G1 X163.992 Y165.287 E1.08426
G1 X163.686 Y165.544 E.0159
G1 X144.453 Y146.311 E1.08151
G1 X144.206 Y146.627 E.01596
G1 X163.378 Y165.8 E1.07809
G1 X163.057 Y166.042 E.016
G1 X143.959 Y146.944 E1.07392
G2 X143.73 Y147.279 I2.281 J1.8 E.01614
G1 X162.721 Y166.27 E1.06789
G1 X162.385 Y166.497 E.01614
G1 X143.503 Y147.615 E1.06173
G2 X143.285 Y147.961 I3.187 J2.254 E.01625
G1 X162.036 Y166.712 E1.0544
G1 X161.679 Y166.918 E.0164
G1 X143.078 Y148.317 E1.04596
G2 X142.882 Y148.684 I3.405 J2.059 E.01656
G1 X161.317 Y167.12 E1.03667
G3 X160.942 Y167.308 I-1.96 J-3.443 E.0167
G1 X142.697 Y149.063 E1.02595
G1 X142.512 Y149.442 E.01676
G1 X160.552 Y167.482 E1.01441
G1 X160.162 Y167.655 E.01697
G1 X142.344 Y149.837 E1.00193
G2 X142.192 Y150.249 I3.851 J1.658 E.01745
G1 X159.757 Y167.813 E.98769
G3 X159.335 Y167.955 I-1.563 J-3.955 E.0177
G1 X142.042 Y150.662 E.97243
G2 X141.909 Y151.093 I3.015 J1.162 E.01795
G1 X158.909 Y168.093 E.95595
G3 X158.471 Y168.219 I-1.417 J-4.116 E.01812
G1 X141.784 Y151.531 E.93839
G2 X141.67 Y151.982 I4.24 J1.305 E.01847
G1 X158.014 Y168.325 E.91903
G1 X157.549 Y168.424 E.01889
G1 X141.578 Y152.453 E.8981
G1 X141.493 Y152.932 E.01934
G1 X157.071 Y168.509 E.87597
G3 X156.569 Y168.571 I-.839 J-4.76 E.02012
G1 X141.424 Y153.426 E.85165
G2 X141.38 Y153.945 I4.978 J.685 E.02074
G1 X156.059 Y168.625 E.82545
G3 X155.529 Y168.658 I-.578 J-4.981 E.02114
G1 X141.343 Y154.472 E.7977
G2 X141.339 Y155.032 I4.013 J.306 E.02229
G1 X154.968 Y168.661 E.76637
G3 X154.396 Y168.652 I-.222 J-4.119 E.02279
G1 X141.346 Y155.602 E.73382
G2 X141.391 Y156.211 I5.839 J-.131 E.0243
M73 P96 R4
G1 X153.79 Y168.609 E.69719
G3 X153.161 Y168.544 I.318 J-6.09 E.02517
G1 X141.458 Y156.841 E.65808
G2 X141.569 Y157.516 I10.742 J-1.425 E.0272
G1 X152.48 Y168.427 E.61358
G3 X151.771 Y168.281 I1.054 J-6.908 E.02883
G1 X141.721 Y158.231 E.56511
G2 X141.941 Y159.015 I9.675 J-2.292 E.03236
G1 X150.987 Y168.06 E.50866
G3 X150.127 Y167.765 I2.561 J-8.838 E.03614
G1 X142.229 Y159.866 E.44416
G2 X142.653 Y160.854 I9.723 J-3.59 E.04276
G1 X149.152 Y167.353 E.36546
G3 X147.935 Y166.699 I9.765 J-19.642 E.05496
G1 X142.821 Y161.585 E.28754
G1 X163.061 Y143.905 F7200
;WIDTH:0.394336
G1 F2100
G1 X163.778 Y144.539 E.03273
;WIDTH:0.421686
G3 X165.754 Y146.55 I-18.189 J19.862 E.10418
; stop printing object 圆柱体 id:2235774478336 copy 0
;LAYER_CHANGE
;Z:30.78
;HEIGHT:0.24
;BEFORE_LAYER_CHANGE
;30.78
G92 E0

;AFTER_LAYER_CHANGE
;30.78
;_SET_FAN_SPEED_CHANGING_LAYER
; printing object 圆柱体 id:2235774478336 copy 0
G1 E-.9 F2400
G1 Z31.18 F7200
G1 X200.561 Y140.986 Z31.18
G1 Z30.78
G1 E.9 F2400
M205 X3 Y3
;TYPE:Inner wall
;WIDTH:0.45
G1 X201.466 Y141.049 E.03608
G3 X200 Y140.972 I-1.469 J13.95 E3.44591
G1 X200.484 Y140.981 E.01925
G1 X200.521 Y140.983 E.00148
M205 X7 Y7
G1 X200.273 Y140.578 F7200
M205 X3 Y3
G1 F2400
G1 X200.498 Y140.582 E.00896
G3 X200 Y140.574 I-.501 J14.417 E3.58409
G1 X200.233 Y140.578 E.00925
M205 X7 Y7
G1 X200.117 Y140.177 F7200
M205 X3 Y3
G1 F2400
G1 X200.512 Y140.184 E.01571
G3 X200 Y140.175 I-.514 J14.815 E3.6831
G1 X200.077 Y140.176 E.00304
M204 T500
G1 X199.659 Y139.737 F7200
;TYPE:Outer wall
G1 F1800
G1 X200 Y139.725 E.01357
G1 X200.527 Y139.734 E.02097
G3 X198.934 Y139.762 I-.53 J15.265 E3.75251
G1 X199.619 Y139.738 E.02723
M204 T1000
M205 X7 Y7
G1 E-.9 F2400
G1 Z31.18 F7200
G1 X211.878 Y162.116 Z31.18
G1 Z30.78
G1 E.9 F2400
;TYPE:Internal solid infill
;WIDTH:0.449999
G1 F2100
G1 X207.73 Y166.264 E.23324
G3 X206.318 Y167.112 I-6.367 J-8.995 E.06557
G1 X212.112 Y161.318 E.32583
G2 X212.609 Y160.257 I-8.21 J-4.494 E.0466
G1 X205.257 Y167.609 E.41342
G3 X204.354 Y167.949 I-2.879 J-6.288 E.03839
G1 X212.959 Y159.345 E.48384
G2 X213.195 Y158.545 I-7.51 J-2.652 E.03317
G1 X203.539 Y168.201 E.54298
G3 X202.807 Y168.369 I-1.971 J-6.899 E.02987
G1 X213.378 Y157.798 E.59444
G1 X213.499 Y157.114 E.02763
G1 X202.109 Y168.503 E.64045
G3 X201.467 Y168.582 I-1.068 J-6.086 E.02572
G1 X213.59 Y156.458 E.68171
G2 X213.634 Y155.851 I-5.806 J-.727 E.02424
G1 X200.844 Y168.641 E.71924
G3 X200.261 Y168.661 I-.475 J-5.579 E.02319
G1 X213.661 Y155.261 E.75348
G1 X213.661 Y154.698 E.02241
G1 X199.698 Y168.661 E.78517
G3 X199.159 Y168.635 I-.087 J-3.872 E.02144
G1 X213.641 Y154.153 E.81435
G2 X213.599 Y153.632 I-7.494 J.339 E.02081
G1 X198.633 Y168.598 E.84161
G3 X198.128 Y168.54 I.31 J-4.871 E.02022
G1 X213.533 Y153.135 E.86625
G1 X213.463 Y152.641 E.01984
G1 X197.64 Y168.464 E.88975
G3 X197.175 Y168.365 I.706 J-4.494 E.01892
G1 X213.365 Y152.175 E.91041
G1 X213.267 Y151.71 E.01889
G1 X196.71 Y168.267 E.93099
G3 X196.265 Y168.148 I.911 J-4.325 E.01833
G1 X213.148 Y151.265 E.94938
G2 X213.011 Y150.838 I-4.137 J1.093 E.01782
G1 X195.838 Y168.011 E.96567
G1 X195.413 Y167.873 E.01778
G1 X212.873 Y150.413 E.98182
G2 X212.716 Y150.007 I-2.984 J.921 E.01734
G1 X195.007 Y167.716 E.99583
G1 X194.605 Y167.554 E.01721
G1 X212.554 Y149.605 E1.00928
G2 X212.382 Y149.214 I-3.822 J1.446 E.01701
G1 X194.214 Y167.382 E1.02162
G3 X193.835 Y167.197 I2.45 J-5.523 E.01677
G1 X212.197 Y148.835 E1.03258
G2 X212.002 Y148.467 I-3.609 J1.682 E.01658
G1 X193.467 Y167.002 E1.04227
G1 X193.109 Y166.796 E.0164
G1 X211.796 Y148.109 E1.05076
G1 X211.589 Y147.752 E.0164
G1 X192.752 Y166.589 E1.05924
G1 X192.416 Y166.362 E.01614
G1 X211.367 Y147.411 E1.06568
G2 X211.133 Y147.082 I-3.271 J2.086 E.01607
M73 P96 R3
G1 X192.079 Y166.135 E1.07141
G3 X191.753 Y165.898 I2.097 J-3.235 E.01605
G1 X210.895 Y146.755 E1.07643
G2 X210.651 Y146.436 I-3.175 J2.175 E.01599
G1 X191.436 Y165.651 E1.08051
G3 X191.129 Y165.395 I2.299 J-3.064 E.01592
G1 X210.395 Y146.129 E1.08335
G1 X210.128 Y145.832 E.01587
G1 X190.832 Y165.128 E1.08501
G1 X190.536 Y164.861 E.01587
G1 X209.861 Y145.536 E1.08667
G2 X209.576 Y145.257 I-2.137 J1.896 E.01586
G1 X190.257 Y164.576 E1.08634
G1 X189.98 Y164.289 E.01585
G1 X209.289 Y144.98 E1.08579
G2 X208.995 Y144.71 I-2.718 J2.669 E.01587
G1 X189.71 Y163.995 E1.08442
G3 X189.453 Y163.689 I2.793 J-2.609 E.01591
G1 X208.689 Y144.453 E1.08168
G1 X208.373 Y144.206 E.01596
G1 X189.206 Y163.373 E1.07778
G1 X188.959 Y163.056 E.01596
G1 X208.056 Y143.959 E1.07389
G2 X207.721 Y143.73 I-1.801 J2.282 E.01614
G1 X188.73 Y162.721 E1.06789
G1 X188.503 Y162.385 E.01614
G1 X207.385 Y143.503 E1.06173
G2 X207.039 Y143.285 I-2.254 J3.187 E.01625
G1 X188.285 Y162.039 E1.05457
G3 X188.08 Y161.68 I3.296 J-2.119 E.01643
G1 X206.683 Y143.078 E1.04604
G2 X206.316 Y142.882 I-2.059 J3.404 E.01656
G1 X187.885 Y161.312 E1.0364
G3 X187.691 Y160.943 I3.432 J-2.032 E.01661
G1 X205.937 Y142.697 E1.02599
G1 X205.558 Y142.512 E.01676
G1 X187.512 Y160.558 E1.01475
G1 X187.35 Y160.157 E.01721
G1 X205.157 Y142.35 E1.0013
G1 X204.755 Y142.188 E.01721
G1 X187.188 Y159.755 E.98785
G3 X187.045 Y159.335 I2.936 J-1.233 E.01768
G1 X204.34 Y142.04 E.97252
G2 X203.912 Y141.904 I-2.152 J6.063 E.01786
G1 X186.907 Y158.909 E.95622
G3 X186.786 Y158.467 I3.104 J-1.087 E.01826
G1 X203.467 Y141.786 E.93802
G1 X203.016 Y141.673 E.01849
G1 X186.673 Y158.016 E.91898
G3 X186.573 Y157.552 I4.374 J-1.184 E.01887
G1 X202.552 Y141.573 E.89851
G2 X202.066 Y141.495 I-.99 J4.619 E.01957
G1 X186.496 Y157.066 E.87557
G1 X186.426 Y156.572 E.01984
G1 X201.572 Y141.426 E.85169
G2 X201.055 Y141.38 I-.588 J3.666 E.02067
G1 X186.374 Y156.061 E.82554
G3 X186.342 Y155.529 I7.601 J-.719 E.02119
G1 X200.528 Y141.343 E.7977
G2 X199.968 Y141.339 I-.308 J4.012 E.02227
G1 X186.339 Y154.968 E.76637
G3 X186.348 Y154.396 I4.103 J-.223 E.02278
G1 X199.398 Y141.346 E.73382
G2 X198.794 Y141.386 I.278 J8.672 E.02408
G1 X186.391 Y153.79 E.69747
G3 X186.456 Y153.161 I6.067 J.315 E.02517
G1 X198.152 Y141.465 E.65767
G2 X197.484 Y141.569 I.41 J4.826 E.02689
G1 X186.573 Y152.48 E.61356
G3 X186.719 Y151.771 I6.845 J1.039 E.02882
G1 X196.769 Y141.721 E.5651
G2 X195.992 Y141.934 I3.021 J12.548 E.03201
G1 X186.94 Y150.986 E.50904
G3 X187.237 Y150.126 I6.301 J1.693 E.03623
G1 X195.126 Y142.237 E.44361
G2 X194.139 Y142.66 I3.111 J8.618 E.0427
G1 X187.647 Y149.152 E.36507
G3 X188.317 Y147.918 I15.887 J7.83 E.05582
G1 X193.414 Y142.822 E.28661
G1 X208.061 Y166.095 F7200
;WIDTH:0.394456
G1 F2100
G1 X208.779 Y165.46 E.0328
;WIDTH:0.422156
G2 X210.46 Y163.778 I-18.446 J-20.127 E.08798
;WIDTH:0.397238
G1 X211.068 Y163.091 E.03165
; stop printing object 圆柱体 id:2235774478336 copy 0
; printing object 圆柱体 id:2235774478336 copy 0
G1 E-.9 F2400
G1 Z31.18 F7200
G1 X155.561 Y140.986 Z31.18
G1 Z30.78
G1 E.9 F2400
M205 X3 Y3
;TYPE:Inner wall
;WIDTH:0.45
G1 X156.466 Y141.049 E.03608
G3 X155 Y140.972 I-1.469 J13.95 E3.44591
M73 P97 R3
G1 X155.484 Y140.981 E.01925
G1 X155.521 Y140.983 E.00148
M205 X7 Y7
G1 X155.273 Y140.578 F7200
M205 X3 Y3
G1 F2400
G1 X155.498 Y140.582 E.00896
G3 X155 Y140.574 I-.501 J14.417 E3.58409
G1 X155.233 Y140.578 E.00925
M205 X7 Y7
G1 X155.117 Y140.177 F7200
M205 X3 Y3
G1 F2400
G1 X155.512 Y140.184 E.01571
G3 X155 Y140.175 I-.514 J14.815 E3.6831
G1 X155.077 Y140.176 E.00304
M204 T500
G1 X154.659 Y139.737 F7200
;TYPE:Outer wall
G1 F1800
G1 X155 Y139.725 E.01357
G1 X155.527 Y139.734 E.02097
G3 X153.934 Y139.762 I-.53 J15.265 E3.75251
G1 X154.619 Y139.738 E.02723
M204 T1000
M205 X7 Y7
G1 E-.9 F2400
G1 Z31.18 F7200
G1 X166.878 Y162.116 Z31.18
G1 Z30.78
G1 E.9 F2400
;TYPE:Internal solid infill
;WIDTH:0.449999
G1 F2100
G1 X162.73 Y166.264 E.23324
G3 X161.318 Y167.112 I-6.367 J-8.995 E.06557
G1 X167.112 Y161.318 E.32583
G2 X167.609 Y160.257 I-8.21 J-4.494 E.0466
G1 X160.257 Y167.609 E.41342
G3 X159.354 Y167.949 I-2.879 J-6.288 E.03839
G1 X167.959 Y159.345 E.48384
G2 X168.195 Y158.545 I-7.51 J-2.652 E.03317
G1 X158.539 Y168.201 E.54298
G3 X157.807 Y168.369 I-1.971 J-6.899 E.02987
G1 X168.378 Y157.798 E.59444
G1 X168.499 Y157.114 E.02763
G1 X157.109 Y168.503 E.64045
G3 X156.467 Y168.582 I-1.068 J-6.086 E.02572
G1 X168.59 Y156.458 E.68171
G2 X168.634 Y155.851 I-5.806 J-.727 E.02424
G1 X155.844 Y168.641 E.71924
G3 X155.261 Y168.661 I-.475 J-5.579 E.02319
G1 X168.661 Y155.261 E.75348
G1 X168.661 Y154.698 E.02241
G1 X154.698 Y168.661 E.78517
G3 X154.159 Y168.635 I-.087 J-3.872 E.02144
G1 X168.641 Y154.153 E.81435
G2 X168.599 Y153.632 I-7.494 J.339 E.02081
G1 X153.633 Y168.598 E.84161
G3 X153.128 Y168.54 I.31 J-4.871 E.02022
G1 X168.533 Y153.135 E.86625
G1 X168.463 Y152.641 E.01984
G1 X152.64 Y168.464 E.88975
G3 X152.175 Y168.365 I.706 J-4.494 E.01892
G1 X168.365 Y152.175 E.91041
G1 X168.267 Y151.71 E.01889
G1 X151.71 Y168.267 E.93099
G3 X151.265 Y168.148 I.911 J-4.325 E.01833
G1 X168.148 Y151.265 E.94938
G2 X168.011 Y150.838 I-4.137 J1.093 E.01782
G1 X150.838 Y168.011 E.96567
G1 X150.413 Y167.873 E.01778
G1 X167.873 Y150.413 E.98182
G2 X167.716 Y150.007 I-2.984 J.921 E.01734
G1 X150.007 Y167.716 E.99583
G1 X149.605 Y167.554 E.01721
G1 X167.554 Y149.605 E1.00928
G2 X167.382 Y149.214 I-3.822 J1.446 E.01701
G1 X149.214 Y167.382 E1.02162
G3 X148.835 Y167.197 I2.45 J-5.523 E.01677
G1 X167.197 Y148.835 E1.03258
G2 X167.002 Y148.467 I-3.609 J1.682 E.01658
G1 X148.467 Y167.002 E1.04227
G1 X148.109 Y166.796 E.0164
M73 P97 R2
G1 X166.796 Y148.109 E1.05076
G1 X166.589 Y147.752 E.0164
G1 X147.752 Y166.589 E1.05924
G1 X147.416 Y166.362 E.01614
G1 X166.367 Y147.411 E1.06568
G2 X166.133 Y147.082 I-3.271 J2.086 E.01607
G1 X147.079 Y166.135 E1.07141
G3 X146.753 Y165.898 I2.097 J-3.235 E.01605
G1 X165.895 Y146.755 E1.07643
G2 X165.651 Y146.436 I-3.175 J2.175 E.01599
G1 X146.436 Y165.651 E1.08051
G3 X146.129 Y165.395 I2.299 J-3.064 E.01592
G1 X165.395 Y146.129 E1.08335
G1 X165.128 Y145.832 E.01587
G1 X145.832 Y165.128 E1.08501
G1 X145.536 Y164.861 E.01587
G1 X164.861 Y145.536 E1.08667
G2 X164.576 Y145.257 I-2.137 J1.896 E.01586
G1 X145.257 Y164.576 E1.08634
G1 X144.98 Y164.289 E.01585
G1 X164.289 Y144.98 E1.08579
G2 X163.995 Y144.71 I-2.718 J2.669 E.01587
G1 X144.71 Y163.995 E1.08442
G3 X144.453 Y163.689 I2.793 J-2.609 E.01591
G1 X163.689 Y144.453 E1.08168
G1 X163.373 Y144.206 E.01596
G1 X144.206 Y163.373 E1.07778
G1 X143.959 Y163.056 E.01596
G1 X163.056 Y143.959 E1.07389
G2 X162.721 Y143.73 I-1.801 J2.282 E.01614
G1 X143.73 Y162.721 E1.06789
G1 X143.503 Y162.385 E.01614
G1 X162.385 Y143.503 E1.06173
G2 X162.039 Y143.285 I-2.254 J3.187 E.01625
G1 X143.285 Y162.039 E1.05457
G3 X143.08 Y161.68 I3.296 J-2.119 E.01643
G1 X161.683 Y143.078 E1.04604
G2 X161.316 Y142.882 I-2.059 J3.404 E.01656
G1 X142.885 Y161.312 E1.0364
G3 X142.691 Y160.943 I3.432 J-2.032 E.01661
G1 X160.937 Y142.697 E1.02599
G1 X160.558 Y142.512 E.01676
G1 X142.512 Y160.558 E1.01475
G1 X142.35 Y160.157 E.01721
G1 X160.157 Y142.35 E1.0013
G1 X159.755 Y142.188 E.01721
G1 X142.188 Y159.755 E.98785
G3 X142.045 Y159.335 I2.936 J-1.233 E.01768
G1 X159.34 Y142.04 E.97252
G2 X158.912 Y141.904 I-2.152 J6.063 E.01786
G1 X141.907 Y158.909 E.95622
G3 X141.786 Y158.467 I3.104 J-1.087 E.01826
G1 X158.467 Y141.786 E.93802
G1 X158.016 Y141.673 E.01849
G1 X141.673 Y158.016 E.91898
G3 X141.573 Y157.552 I4.374 J-1.184 E.01887
G1 X157.552 Y141.573 E.89851
G2 X157.066 Y141.495 I-.99 J4.619 E.01957
G1 X141.496 Y157.066 E.87557
G1 X141.426 Y156.572 E.01984
G1 X156.572 Y141.426 E.85169
G2 X156.055 Y141.38 I-.588 J3.666 E.02067
G1 X141.374 Y156.061 E.82554
G3 X141.342 Y155.529 I7.601 J-.719 E.02119
G1 X155.528 Y141.343 E.7977
G2 X154.968 Y141.339 I-.308 J4.012 E.02227
G1 X141.339 Y154.968 E.76637
G3 X141.348 Y154.396 I4.103 J-.223 E.02278
G1 X154.398 Y141.346 E.73382
G2 X153.794 Y141.386 I.278 J8.672 E.02408
G1 X141.391 Y153.79 E.69747
G3 X141.456 Y153.161 I6.067 J.315 E.02517
G1 X153.152 Y141.465 E.65767
G2 X152.484 Y141.569 I.41 J4.826 E.02689
G1 X141.573 Y152.48 E.61356
G3 X141.719 Y151.771 I6.845 J1.039 E.02882
G1 X151.769 Y141.721 E.5651
G2 X150.992 Y141.934 I3.021 J12.548 E.03201
G1 X141.94 Y150.986 E.50904
G3 X142.237 Y150.126 I6.301 J1.693 E.03623
G1 X150.126 Y142.237 E.44361
G2 X149.139 Y142.66 I3.111 J8.618 E.0427
G1 X142.647 Y149.152 E.36507
G3 X143.317 Y147.918 I15.887 J7.83 E.05582
G1 X148.414 Y142.822 E.28661
G1 X163.061 Y166.095 F7200
;WIDTH:0.394456
G1 F2100
G1 X163.779 Y165.46 E.0328
;WIDTH:0.422156
G2 X165.46 Y163.778 I-18.446 J-20.127 E.08798
;WIDTH:0.397238
G1 X166.068 Y163.091 E.03165
; stop printing object 圆柱体 id:2235774478336 copy 0
;LAYER_CHANGE
;Z:31.02
;HEIGHT:0.24
;BEFORE_LAYER_CHANGE
;31.02
G92 E0

;AFTER_LAYER_CHANGE
;31.02
;_SET_FAN_SPEED_CHANGING_LAYER
; printing object 圆柱体 id:2235774478336 copy 0
G1 E-.9 F2400
G1 Z31.42 F7200
G1 X200.569 Y140.986 Z31.42
G1 Z31.02
G1 E.9 F2400
M205 X3 Y3
;TYPE:Inner wall
;WIDTH:0.45
G1 X201.466 Y141.049 E.03575
G3 X200 Y140.972 I-1.467 J13.95 E3.44592
G1 X200.488 Y140.981 E.0194
G1 X200.529 Y140.984 E.00165
M205 X7 Y7
G1 X200.281 Y140.579 F7200
M205 X3 Y3
G1 F2400
G1 X200.502 Y140.582 E.00879
G3 X200 Y140.574 I-.503 J14.416 E3.58393
G1 X200.241 Y140.578 E.00958
M205 X7 Y7
G1 X200.125 Y140.177 F7200
M205 X3 Y3
G1 F2400
G1 X200.516 Y140.184 E.01555
G3 X200 Y140.175 I-.517 J14.815 E3.68294
G1 X200.085 Y140.177 E.00337
M204 T500
G1 X199.667 Y139.731 F7200
;TYPE:Outer wall
G1 F1800
G1 X200 Y139.725 E.01324
G1 X200.531 Y139.734 E.02113
G3 X199.467 Y139.734 I-.532 J15.265 E3.77355
M73 P98 R2
G1 X199.627 Y139.732 E.00637
M204 T1000
M205 X7 Y7
G1 E-.9 F2400
G1 Z31.42 F7200
G1 X208.22 Y143.83 Z31.42
G1 Z31.02
G1 E.9 F2400
;TYPE:Top surface
;WIDTH:0.403051
G1 F2100
G1 X209.897 Y145.507 E.08319
G3 X211.637 Y147.745 I-10.114 J9.663 E.09961
G1 X207.254 Y143.362 E.21743
G2 X206.134 Y142.739 I-6.502 J10.374 E.04497
G1 X212.267 Y148.872 E.30423
G3 X212.679 Y149.781 I-8.47 J4.388 E.03504
G1 X205.228 Y142.33 E.36961
G2 X204.421 Y142.02 I-3.365 J7.55 E.03036
G1 X212.972 Y150.571 E.42419
G3 X213.204 Y151.301 I-6.848 J2.585 E.02688
G1 X203.709 Y141.806 E.47103
G2 X203.034 Y141.628 I-2.035 J6.352 E.0245
G1 X213.365 Y151.959 E.5125
G1 X213.5 Y152.59 E.02264
G1 X202.409 Y141.5 E.55018
G2 X201.829 Y141.417 I-1.081 J5.495 E.02056
G1 X213.591 Y153.179 E.58351
G3 X213.651 Y153.736 I-5.279 J.843 E.01964
G1 X201.264 Y141.349 E.61445
G1 X200.73 Y141.312 E.01879
G1 X213.688 Y154.27 E.64282
G3 X213.706 Y154.785 I-3.672 J.383 E.01808
G1 X200.215 Y141.294 E.66923
G1 X199.718 Y141.294 E.01744
G1 X213.706 Y155.282 E.69389
G3 X213.686 Y155.76 I-3.426 J.098 E.01678
G1 X199.236 Y141.309 E.71684
G2 X198.772 Y141.343 I.252 J6.654 E.0163
G1 X213.653 Y156.224 E.73822
G3 X213.609 Y156.677 I-4.347 J-.198 E.01596
G1 X198.327 Y141.395 E.7581
G1 X197.891 Y141.456 E.01544
G1 X213.548 Y157.113 E.77671
G3 X213.473 Y157.535 I-4.065 J-.508 E.01504
G1 X197.462 Y141.525 E.79424
G2 X197.051 Y141.61 I.61 J3.97 E.01475
G1 X213.386 Y157.945 E.81033
G3 X213.297 Y158.354 I-3.946 J-.644 E.01467
G1 X196.653 Y141.709 E.82567
G1 X196.255 Y141.809 E.01439
G1 X213.192 Y158.746 E.8402
G3 X213.071 Y159.122 I-3.645 J-.959 E.01388
G1 X195.872 Y141.924 E.85319
G2 X195.503 Y142.052 I1.039 J3.591 E.01371
G1 X212.949 Y159.498 E.86545
G3 X212.817 Y159.863 I-2.676 J-.763 E.01363
G1 X195.139 Y142.184 E.87698
G2 X194.778 Y142.321 I1.121 J3.513 E.01354
G1 X212.674 Y160.217 E.88778
G1 X212.531 Y160.571 E.0134
M73 P98 R1
G1 X194.429 Y142.469 E.898
G1 X194.095 Y142.631 E.01304
G1 X212.373 Y160.91 E.90676
G3 X212.209 Y161.243 I-4.838 J-2.194 E.01301
G1 X193.76 Y142.794 E.91516
G2 X193.434 Y142.965 I1.056 J2.417 E.01293
G1 X212.035 Y161.566 E.92274
G1 X211.853 Y161.881 E.01277
G1 X193.119 Y143.147 E.92934
G1 X192.804 Y143.329 E.01277
G1 X211.671 Y162.196 E.93595
G3 X211.478 Y162.501 I-3.002 J-1.684 E.01265
G1 X192.503 Y143.525 E.94134
G1 X192.206 Y143.726 E.01256
G1 X211.277 Y162.796 E.94605
G1 X211.067 Y163.084 E.01249
G1 X191.91 Y143.927 E.95034
G1 X191.626 Y144.141 E.01245
G1 X210.858 Y163.372 E.95402
G3 X210.636 Y163.647 I-2.075 J-1.454 E.01241
G1 X191.35 Y144.361 E.95672
G2 X191.08 Y144.589 I2.038 J2.684 E.01238
G1 X210.409 Y163.917 E.95883
G3 X210.181 Y164.187 I-2.688 J-2.033 E.01238
G1 X190.819 Y144.824 E.96053
G1 X190.557 Y145.06 E.01235
G1 X209.942 Y164.444 E.96161
G3 X209.693 Y164.693 I-2.493 J-2.25 E.01234
G1 X190.307 Y145.307 E.96166
G1 X190.063 Y145.56 E.01233
G1 X209.44 Y164.937 E.96123
G1 X209.187 Y165.181 E.01233
G1 X189.819 Y145.813 E.9608
G2 X189.587 Y146.078 I2.414 J2.343 E.01236
G1 X208.922 Y165.413 E.95914
G3 X208.648 Y165.636 I-2.266 J-2.501 E.0124
G1 X189.361 Y146.35 E.95675
G2 X189.142 Y146.628 I2.543 J2.229 E.01242
G1 X208.369 Y165.854 E.95378
G1 X208.089 Y166.072 E.01242
G1 X188.933 Y146.916 E.95031
G1 X188.723 Y147.204 E.01249
G1 X207.794 Y166.275 E.94605
G1 X207.497 Y166.475 E.01256
G1 X188.524 Y147.502 E.9412
G1 X188.333 Y147.808 E.01266
G1 X207.198 Y166.672 E.93581
G1 X206.887 Y166.859 E.01271
G1 X188.142 Y148.114 E.92989
G2 X187.967 Y148.436 I2.222 J1.409 E.01288
G1 X206.564 Y167.032 E.9225
G1 X206.239 Y167.205 E.01289
G1 X187.795 Y148.761 E.91496
G2 X187.627 Y149.09 I3.055 J1.772 E.01296
G1 X205.91 Y167.373 E.907
G3 X205.571 Y167.531 I-1.675 J-3.161 E.01314
G1 X187.469 Y149.429 E.89798
G1 X187.326 Y149.783 E.0134
G1 X205.217 Y167.674 E.88752
G1 X204.863 Y167.817 E.0134
G1 X187.183 Y150.137 E.87705
G2 X187.048 Y150.499 I3.387 J1.47 E.01356
G1 X204.498 Y167.949 E.86564
G1 X204.122 Y168.071 E.01384
G1 X186.925 Y150.874 E.8531
G1 X186.814 Y151.261 E.0141
G1 X203.746 Y168.192 E.83992
G1 X203.354 Y168.297 E.01424
G1 X186.704 Y151.647 E.82596
G2 X186.609 Y152.049 I3.79 J1.107 E.0145
G1 X202.945 Y168.386 E.81041
G1 X202.535 Y168.473 E.0147
G1 X186.53 Y152.467 E.79399
G1 X186.455 Y152.89 E.01505
G1 X202.113 Y168.548 E.77676
G3 X201.673 Y168.605 I-.764 J-4.171 E.01558
G1 X186.391 Y153.323 E.7581
G2 X186.347 Y153.776 I4.304 J.651 E.01596
G1 X201.223 Y168.652 E.73799
G3 X200.764 Y168.691 I-.593 J-4.349 E.01616
G1 X186.314 Y154.24 E.71684
G2 X186.294 Y154.718 I3.406 J.379 E.01678
G1 X200.282 Y168.706 E.69389
G1 X199.785 Y168.706 E.01744
G1 X186.294 Y155.215 E.66922
G2 X186.312 Y155.73 I3.689 J.132 E.01808
G1 X199.27 Y168.688 E.64282
G1 X198.736 Y168.651 E.0188
G1 X186.349 Y156.264 E.61445
G2 X186.409 Y156.821 I5.337 J-.287 E.01964
G1 X198.179 Y168.591 E.58391
G3 X197.59 Y168.5 I2.638 J-18.855 E.02091
G1 X186.51 Y157.419 E.54968
G2 X186.628 Y158.034 I5.932 J-.822 E.022
G1 X196.959 Y168.365 E.51249
G3 X196.291 Y168.194 I.891 J-4.868 E.02422
G1 X186.806 Y158.709 E.47051
G2 X187.02 Y159.421 I6.896 J-1.69 E.02608
G1 X195.573 Y167.974 E.42428
G3 X194.784 Y167.682 I2.389 J-7.673 E.02952
G1 X187.331 Y160.228 E.36976
G2 X187.739 Y161.134 I8.932 J-3.484 E.03487
G1 X193.866 Y167.261 E.30393
G3 X192.746 Y166.638 I5.382 J-10.997 E.04497
G1 X188.362 Y162.254 E.21747
G1 X188.368 Y162.265 E.00044
G2 X190.416 Y164.806 I11.52 J-7.19 E.11475
G1 X191.788 Y166.177 E.06804
; stop printing object 圆柱体 id:2235774478336 copy 0
; printing object 圆柱体 id:2235774478336 copy 0
G1 E-.9 F2400
G1 Z31.42 F7200
G1 X155.569 Y140.986 Z31.42
G1 Z31.02
G1 E.9 F2400
M205 X3 Y3
;TYPE:Inner wall
;WIDTH:0.45
G1 X156.466 Y141.049 E.03575
G3 X155 Y140.972 I-1.467 J13.95 E3.44592
G1 X155.488 Y140.981 E.0194
G1 X155.529 Y140.984 E.00165
M205 X7 Y7
G1 X155.281 Y140.579 F7200
M205 X3 Y3
G1 F2400
G1 X155.502 Y140.582 E.00879
G3 X155 Y140.574 I-.503 J14.416 E3.58393
G1 X155.241 Y140.578 E.00958
M205 X7 Y7
G1 X155.125 Y140.177 F7200
M205 X3 Y3
G1 F2400
G1 X155.516 Y140.184 E.01555
G3 X155 Y140.175 I-.517 J14.815 E3.68294
G1 X155.085 Y140.177 E.00337
M204 T500
G1 X154.667 Y139.731 F7200
;TYPE:Outer wall
G1 F1800
G1 X155 Y139.725 E.01324
G1 X155.531 Y139.734 E.02113
G3 X154.467 Y139.734 I-.532 J15.265 E3.77355
M73 P99 R1
G1 X154.627 Y139.732 E.00637
M204 T1000
M205 X7 Y7
G1 E-.9 F2400
G1 Z31.42 F7200
G1 X163.22 Y143.83 Z31.42
G1 Z31.02
G1 E.9 F2400
;TYPE:Top surface
;WIDTH:0.403051
G1 F2100
G1 X164.897 Y145.507 E.08319
G3 X166.637 Y147.745 I-10.114 J9.663 E.09961
G1 X162.254 Y143.362 E.21743
G2 X161.134 Y142.739 I-6.502 J10.374 E.04497
G1 X167.267 Y148.872 E.30423
G3 X167.679 Y149.781 I-8.47 J4.388 E.03504
G1 X160.228 Y142.33 E.36961
G2 X159.421 Y142.02 I-3.365 J7.55 E.03036
G1 X167.972 Y150.571 E.42419
G3 X168.204 Y151.301 I-6.848 J2.585 E.02688
G1 X158.709 Y141.806 E.47103
G2 X158.034 Y141.628 I-2.035 J6.352 E.0245
G1 X168.365 Y151.959 E.5125
G1 X168.5 Y152.59 E.02264
G1 X157.409 Y141.5 E.55018
G2 X156.829 Y141.417 I-1.081 J5.495 E.02056
G1 X168.591 Y153.179 E.58351
G3 X168.651 Y153.736 I-5.279 J.843 E.01964
G1 X156.264 Y141.349 E.61445
G1 X155.73 Y141.312 E.01879
G1 X168.688 Y154.27 E.64282
G3 X168.706 Y154.785 I-3.672 J.383 E.01808
G1 X155.215 Y141.294 E.66923
G1 X154.718 Y141.294 E.01744
G1 X168.706 Y155.282 E.69389
G3 X168.686 Y155.76 I-3.426 J.098 E.01678
G1 X154.236 Y141.309 E.71684
G2 X153.772 Y141.343 I.252 J6.654 E.0163
M73 P99 R0
G1 X168.653 Y156.224 E.73822
G3 X168.609 Y156.677 I-4.347 J-.198 E.01596
G1 X153.327 Y141.395 E.7581
G1 X152.891 Y141.456 E.01544
G1 X168.548 Y157.113 E.77671
G3 X168.473 Y157.535 I-4.065 J-.508 E.01504
G1 X152.462 Y141.525 E.79424
G2 X152.051 Y141.61 I.61 J3.97 E.01475
G1 X168.386 Y157.945 E.81033
G3 X168.297 Y158.354 I-3.946 J-.644 E.01467
G1 X151.653 Y141.709 E.82567
G1 X151.255 Y141.809 E.01439
G1 X168.192 Y158.746 E.8402
G3 X168.071 Y159.122 I-3.645 J-.959 E.01388
G1 X150.872 Y141.924 E.85319
G2 X150.503 Y142.052 I1.039 J3.591 E.01371
G1 X167.949 Y159.498 E.86545
G3 X167.817 Y159.863 I-2.676 J-.763 E.01363
G1 X150.139 Y142.184 E.87698
G2 X149.778 Y142.321 I1.121 J3.513 E.01354
G1 X167.674 Y160.217 E.88778
G1 X167.531 Y160.571 E.0134
G1 X149.429 Y142.469 E.898
G1 X149.095 Y142.631 E.01304
G1 X167.373 Y160.91 E.90676
G3 X167.209 Y161.243 I-4.838 J-2.194 E.01301
G1 X148.76 Y142.794 E.91516
G2 X148.434 Y142.965 I1.056 J2.417 E.01293
G1 X167.035 Y161.566 E.92274
G1 X166.853 Y161.881 E.01277
G1 X148.119 Y143.147 E.92934
G1 X147.804 Y143.329 E.01277
G1 X166.671 Y162.196 E.93595
G3 X166.478 Y162.501 I-3.002 J-1.684 E.01265
G1 X147.503 Y143.525 E.94134
G1 X147.206 Y143.726 E.01256
G1 X166.277 Y162.796 E.94605
G1 X166.067 Y163.084 E.01249
G1 X146.91 Y143.927 E.95034
G1 X146.626 Y144.141 E.01245
G1 X165.858 Y163.372 E.95402
G3 X165.636 Y163.647 I-2.075 J-1.454 E.01241
G1 X146.35 Y144.361 E.95672
G2 X146.08 Y144.589 I2.038 J2.684 E.01238
G1 X165.409 Y163.917 E.95883
G3 X165.181 Y164.187 I-2.688 J-2.033 E.01238
G1 X145.819 Y144.824 E.96053
G1 X145.557 Y145.06 E.01235
G1 X164.942 Y164.444 E.96161
G3 X164.693 Y164.693 I-2.493 J-2.25 E.01234
G1 X145.307 Y145.307 E.96166
G1 X145.063 Y145.56 E.01233
G1 X164.44 Y164.937 E.96123
G1 X164.187 Y165.181 E.01233
G1 X144.819 Y145.813 E.9608
G2 X144.587 Y146.078 I2.414 J2.343 E.01236
G1 X163.922 Y165.413 E.95914
G3 X163.648 Y165.636 I-2.266 J-2.501 E.0124
G1 X144.361 Y146.35 E.95675
G2 X144.142 Y146.628 I2.543 J2.229 E.01242
G1 X163.369 Y165.854 E.95378
G1 X163.089 Y166.072 E.01242
G1 X143.933 Y146.916 E.95031
G1 X143.723 Y147.204 E.01249
G1 X162.794 Y166.275 E.94605
G1 X162.497 Y166.475 E.01256
G1 X143.524 Y147.502 E.9412
G1 X143.333 Y147.808 E.01266
G1 X162.198 Y166.672 E.93581
G1 X161.887 Y166.859 E.01271
G1 X143.142 Y148.114 E.92989
G2 X142.967 Y148.436 I2.222 J1.409 E.01288
G1 X161.564 Y167.032 E.9225
G1 X161.239 Y167.205 E.01289
G1 X142.795 Y148.761 E.91496
G2 X142.627 Y149.09 I3.055 J1.772 E.01296
G1 X160.91 Y167.373 E.907
G3 X160.571 Y167.531 I-1.675 J-3.161 E.01314
G1 X142.469 Y149.429 E.89798
G1 X142.326 Y149.783 E.0134
G1 X160.217 Y167.674 E.88752
G1 X159.863 Y167.817 E.0134
G1 X142.183 Y150.137 E.87705
G2 X142.048 Y150.499 I3.387 J1.47 E.01356
G1 X159.498 Y167.949 E.86564
G1 X159.122 Y168.071 E.01384
G1 X141.925 Y150.874 E.8531
G1 X141.814 Y151.261 E.0141
G1 X158.746 Y168.192 E.83992
G1 X158.354 Y168.297 E.01424
G1 X141.704 Y151.647 E.82596
G2 X141.609 Y152.049 I3.79 J1.107 E.0145
G1 X157.945 Y168.386 E.81041
G1 X157.535 Y168.473 E.0147
G1 X141.53 Y152.467 E.79399
G1 X141.455 Y152.89 E.01505
G1 X157.113 Y168.548 E.77676
G3 X156.673 Y168.605 I-.764 J-4.171 E.01558
G1 X141.391 Y153.323 E.7581
G2 X141.347 Y153.776 I4.304 J.651 E.01596
G1 X156.223 Y168.652 E.73799
G3 X155.764 Y168.691 I-.593 J-4.349 E.01616
G1 X141.314 Y154.24 E.71684
G2 X141.294 Y154.718 I3.406 J.379 E.01678
G1 X155.282 Y168.706 E.69389
G1 X154.785 Y168.706 E.01744
G1 X141.294 Y155.215 E.66922
G2 X141.312 Y155.73 I3.689 J.132 E.01808
G1 X154.27 Y168.688 E.64282
G1 X153.736 Y168.651 E.0188
G1 X141.349 Y156.264 E.61445
G2 X141.409 Y156.821 I5.337 J-.287 E.01964
G1 X153.179 Y168.591 E.58391
G3 X152.59 Y168.5 I2.638 J-18.855 E.02091
G1 X141.51 Y157.419 E.54968
G2 X141.628 Y158.034 I5.932 J-.822 E.022
G1 X151.959 Y168.365 E.51249
G3 X151.291 Y168.194 I.891 J-4.868 E.02422
G1 X141.806 Y158.709 E.47051
G2 X142.02 Y159.421 I6.896 J-1.69 E.02608
G1 X150.573 Y167.974 E.42428
G3 X149.784 Y167.682 I2.389 J-7.673 E.02952
G1 X142.331 Y160.228 E.36976
G2 X142.739 Y161.134 I8.932 J-3.484 E.03487
G1 X148.866 Y167.261 E.30393
G3 X147.746 Y166.638 I5.382 J-10.997 E.04497
G1 X143.362 Y162.254 E.21747
G1 X143.368 Y162.265 E.00044
G2 X145.416 Y164.806 I11.52 J-7.19 E.11475
G1 X146.788 Y166.177 E.06804
; stop printing object 圆柱体 id:2235774478336 copy 0
G1 E-.9 F2400
M106 S0
;TYPE:Custom
; filament end gcode 
; filament end gcode 
G1 E-1.0 F2100 ; retract
G92 E0.0
G1 Z61.02 E-5.0 F720 ; move print head up & retract filament
G4 ; wait
M104 S0 ; turn off temperature
M140 S0 ; turn off heatbed
M107 ; turn off fan
M84 ; disable motors
M73 P100 R0
; EXECUTABLE_BLOCK_END

; filament used [mm] = 8597.40, 0.00
; filament used [cm3] = 20.68, 0.00
; filament used [g] = 25.64, 0.00
; total filament used [g] = 25.64
; total filament cost = 0.00
; total layers count = 129
; estimated printing time (normal mode) = 1h 54m 38s
; estimated first layer printing time (normal mode) = 14s

; CONFIG_BLOCK_START
; accel_to_decel_enable = 1
; accel_to_decel_factor = 50%
; activate_air_filtration = 0,0
; activate_air_filtration_during_print = 1,1
; activate_air_filtration_on_completion = 1,1
; activate_chamber_temp_control = 0,0
; adaptive_bed_mesh_margin = 0
; adaptive_pressure_advance = 0,0
; adaptive_pressure_advance_bridges = 0,0
; adaptive_pressure_advance_model = "0,0,0\n0,0,0";"0,0,0\n0,0,0"
; adaptive_pressure_advance_overhangs = 0,0
; additional_cooling_fan_speed = 70,70
; additional_fan_full_speed_layer = 0,0
; align_infill_direction_to_model = 0
; alternate_extra_wall = 0
; auxiliary_fan = 0
; bbl_calib_mark_logo = 1
; bbl_use_printhost = 0
; bed_custom_model = 
; bed_custom_texture = 
; bed_exclude_area = 0x0
; bed_mesh_max = 99999,99999
; bed_mesh_min = -99999,-99999
; bed_mesh_probe_distance = 50,50
; bed_temperature_formula = by_highest_temp
; before_layer_change_gcode = ;BEFORE_LAYER_CHANGE\n;[layer_z]\nG92 E0\n
; best_object_pos = 0.5,0.5
; bottom_shell_layers = 3
; bottom_shell_thickness = 0
; bottom_solid_infill_flow_ratio = 1
; bottom_surface_density = 100%
; bottom_surface_filament_id = 0
; bottom_surface_pattern = monotonic
; bridge_acceleration = 50%
; bridge_angle = 0
; bridge_density = 100%
; bridge_flow = 0.95
; bridge_line_width = 100%
; bridge_no_support = 0
; bridge_speed = 30
; brim_ears_detection_length = 1
; brim_ears_max_angle = 125
; brim_flow_ratio = 1
; brim_object_gap = 0.1
; brim_type = auto_brim
; brim_use_efc_outline = 0
; brim_width = 8
; calib_flowrate_topinfill_special_order = 0
; chamber_minimal_temperature = 0,0
; chamber_temperature = 0,0
; change_extrusion_role_gcode = 
; change_filament_gcode = ;Printer_change_nozzle\nT[next_extruder]\nG1 X[x_after_toolchange] Y[y_after_toolchange] F{travel_speed*60}\nG1 Z[layer_z] F180\n\n
; close_additional_fan_first_x_layers = 1,1
; close_fan_the_first_x_layers = 1,1
; combine_brims = 0
; complete_print_exhaust_fan_speed = 80,80
; continuous_print_max_join_distance = 10
; continuous_print_mode = 1
; cool_plate_temp = 60,60
; cool_plate_temp_initial_layer = 60,60
; cooling_tube_length = 0
; cooling_tube_retraction = 0
; counterbore_hole_bridging = none
; curr_bed_type = High Temp Plate
; default_acceleration = 500
; default_bed_type = 
; default_filament_colour = ;
; default_filament_profile = IEMAI3D-PLA-1.75;IEMAI3D-PLA-1.75
; default_jerk = 3
; default_junction_deviation = 0
; default_nozzle_volume_type = Standard,Standard
; default_print_profile = 0.24mm Single For HT@IEMAI3D
; deretraction_speed = 0,0
; detect_narrow_internal_solid_infill = 1
; detect_overhang_wall = 1
; detect_thin_wall = 0
; different_settings_to_system = bottom_surface_pattern;brim_type;continuous_print_max_join_distance;continuous_print_mode;detect_thin_wall;elefant_foot_compensation;enable_arc_fitting;enable_support;ensure_vertical_shell_thickness;only_one_wall_first_layer;precise_z_height;skirt_loops;slowdown_for_curled_perimeters;sparse_infill_pattern;staggered_inner_seams;top_surface_pattern;wall_loops;;;
; disable_m73 = 0
; dont_filter_internal_bridges = disabled
; dont_slow_down_outer_wall = 0,0
; draft_shield = disabled
; during_print_exhaust_fan_speed = 60,60
; elefant_foot_compensation = 0.15
; elefant_foot_compensation_layers = 1
; elefant_foot_layers_density = 100%
; emit_machine_limits_to_gcode = 0
; enable_arc_fitting = 1
; enable_extra_bridge_layer = disabled
; enable_filament_ramming = 0
; enable_long_retraction_when_cut = 0
; enable_overhang_bridge_fan = 1,1
; enable_overhang_speed = 1
; enable_power_loss_recovery = printer_configuration
; enable_pressure_advance = 0,0
; enable_prime_tower = 0
; enable_support = 0
; enable_tower_interface_cooldown_during_tower = 0
; enable_tower_interface_features = 0
; enable_wrapping_detection = 0
; enforce_support_layers = 0
; eng_plate_temp = 60,60
; eng_plate_temp_initial_layer = 60,60
; ensure_vertical_shell_thickness = ensure_all
; exclude_object = 0
; extra_loading_move = 0
; extra_perimeters_on_overhangs = 0
; extra_solid_infills = 
; extruder_ams_count = 1#0|4#1;1#0|4#1
; extruder_clearance_height_to_lid = 140
; extruder_clearance_height_to_rod = 36
; extruder_clearance_radius = 65
; extruder_colour = #26A69A;#26A69A
; extruder_offset = 0x0,0x0
; extruder_printable_area = 
; extruder_printable_height = 0,0
; extruder_type = Direct Drive,Direct Drive
; extruder_variant_list = "Direct Drive Standard";"Direct Drive Standard"
; extrusion_rate_smoothing_external_perimeter_only = 0
; fan_cooling_layer_time = 100,100
; fan_kickstart = 0
; fan_max_speed = 100,100
; fan_min_speed = 100,100
; fan_speedup_overhangs = 1
; fan_speedup_time = 0
; filament_adaptive_volumetric_speed = 0,0
; filament_adhesiveness_category = 0,0
; filament_change_extrusion_role_gcode = ;
; filament_change_length = 10,10
; filament_colour = #26A69A;#26A69A
; filament_colour_type = 1;1
; filament_cooling_before_tower = 10,10
; filament_cooling_final_speed = 3.4,3.4
; filament_cooling_initial_speed = 2.2,2.2
; filament_cooling_moves = 4,4
; filament_cost = 0,0
; filament_density = 1.24,1.24
; filament_diameter = 1.75,1.75
; filament_end_gcode = "; filament end gcode \n";"; filament end gcode \n"
; filament_extruder_variant = "Direct Drive Standard";"Direct Drive Standard"
; filament_flow_ratio = 1,1
; filament_flush_temp = 0,0
; filament_flush_volumetric_speed = 0,0
; filament_ids = YMF013;YMF013
; filament_is_support = 0,0
; filament_loading_speed = 28,28
; filament_loading_speed_start = 3,3
; filament_map = 1,2
; filament_map_mode = Auto For Flush
; filament_max_volumetric_speed = 20,20
; filament_minimal_purge_on_wipe_tower = 15,15
; filament_multi_colour = #26A69A;#26A69A
; filament_multitool_ramming = 0,0
; filament_multitool_ramming_flow = 10,10
; filament_multitool_ramming_volume = 10,10
; filament_notes = ;
; filament_printable = 3,3
; filament_ramming_parameters = "120 100 6.6 6.8 7.2 7.6 7.9 8.2 8.7 9.4 9.9 10.0| 0.05 6.6 0.45 6.8 0.95 7.8 1.45 8.3 1.95 9.7 2.45 10 2.95 7.6 3.45 7.6 3.95 7.6 4.45 7.6 4.95 7.6";"120 100 6.6 6.8 7.2 7.6 7.9 8.2 8.7 9.4 9.9 10.0| 0.05 6.6 0.45 6.8 0.95 7.8 1.45 8.3 1.95 9.7 2.45 10 2.95 7.6 3.45 7.6 3.95 7.6 4.45 7.6 4.95 7.6"
; filament_retract_when_changing_layer = 0,0
; filament_self_index = 1,2
; filament_settings_id = IEMAI3D-PLA-1.75;IEMAI3D-PLA-1.75
; filament_shrink = 100%,100%
; filament_shrinkage_compensation_z = 100%,100%
; filament_soluble = 0,0
; filament_stamping_distance = 0,0
; filament_stamping_loading_speed = 0,0
; filament_start_gcode = "; filament start gcode\n";"; filament start gcode\n"
; filament_toolchange_delay = 0,0
; filament_tower_interface_pre_extrusion_dist = 10,10
; filament_tower_interface_pre_extrusion_length = 0,0
; filament_tower_interface_print_temp = -1,-1
; filament_tower_interface_purge_volume = 20,20
; filament_tower_ironing_area = 4,4
; filament_type = General;General
; filament_unloading_speed = 90,90
; filament_unloading_speed_start = 100,100
; filament_vendor = IEMAI3D;IEMAI3D
; file_start_gcode = 
; filename_format = {input_filename_base}_{filament_type[initial_tool]}_{print_time}.gcode
; fill_multiline = 1
; filter_out_gap_fill = 0
; first_layer_flow_ratio = 1
; first_layer_print_sequence = 0
; first_x_layer_fan_speed = 0,0
; flashforge_serial_number = 
; flush_into_infill = 0
; flush_into_objects = 0
; flush_into_support = 0
; flush_multiplier = 0.3,1
; flush_volumes_matrix = 0,84,84,0,0,280,280,0
; flush_volumes_vector = 140,140,140,140
; full_fan_speed_layer = 0,0
; fuzzy_skin = disabled_fuzzy
; fuzzy_skin_first_layer = 0
; fuzzy_skin_layers_between_ripple_offset = 1
; fuzzy_skin_mode = displacement
; fuzzy_skin_noise_type = classic
; fuzzy_skin_octaves = 4
; fuzzy_skin_persistence = 0.5
; fuzzy_skin_point_distance = 0.3
; fuzzy_skin_ripple_offset = 50%
; fuzzy_skin_ripples_per_layer = 15
; fuzzy_skin_scale = 1
; fuzzy_skin_thickness = 0.2
; gap_fill_flow_ratio = 1
; gap_fill_target = nowhere
; gap_infill_speed = 20
; gcode_add_line_number = 0
; gcode_comments = 0
; gcode_flavor = marlin2
; gcode_label_objects = 1
; grab_length = 0
; gyroid_optimized = 0
; has_scarf_joint_seam = 0
; head_wrap_detect_zone = 
; high_current_on_filament_swap = 0
; hole_to_polyhole = 0
; hole_to_polyhole_threshold = 0.01
; hole_to_polyhole_twisted = 1
; host_type = octoprint
; hot_plate_temp = 50,50
; hot_plate_temp_initial_layer = 50,50
; idle_temperature = 140,140
; independent_support_layer_height = 1
; infill_anchor = 400%
; infill_anchor_max = 20
; infill_combination = 0
; infill_combination_max_layer_height = 100%
; infill_direction = 45
; infill_jerk = 7
; infill_lock_depth = 1
; infill_overhang_angle = 60
; infill_shift_step = 0.4
; infill_wall_overlap = 10%
; inherits_group = ;;;
; initial_layer_acceleration = 500
; initial_layer_infill_speed = 25
; initial_layer_jerk = 7
; initial_layer_line_width = 110%
; initial_layer_min_bead_width = 85%
; initial_layer_print_height = 0.3
; initial_layer_speed = 25
; initial_layer_travel_acceleration = 100%
; initial_layer_travel_jerk = 100%
; initial_layer_travel_speed = 100%
; inner_wall_acceleration = 500
; inner_wall_filament_id = 0
; inner_wall_flow_ratio = 1
; inner_wall_jerk = 3
; inner_wall_line_width = 0
; inner_wall_speed = 40
; input_shaping_damp_x = 0.1
; input_shaping_damp_y = 0.1
; input_shaping_emit = 0
; input_shaping_freq_x = 0
; input_shaping_freq_y = 0
; input_shaping_type = Default
; interface_shells = 0
; interlocking_beam = 0
; interlocking_beam_layer_count = 2
; interlocking_beam_width = 0.8
; interlocking_boundary_avoidance = 2
; interlocking_depth = 2
; interlocking_orientation = 22.5
; internal_bridge_angle = 0
; internal_bridge_density = 100%
; internal_bridge_fan_speed = -1,-1
; internal_bridge_flow = 1
; internal_bridge_speed = 150%
; internal_solid_filament_id = 0
; internal_solid_infill_acceleration = 100%
; internal_solid_infill_flow_ratio = 1
; internal_solid_infill_line_width = 0
; internal_solid_infill_pattern = monotonic
; internal_solid_infill_speed = 35
; ironing_angle = 0
; ironing_angle_fixed = 0
; ironing_expansion = 0
; ironing_fan_speed = -1,-1
; ironing_flow = 10%
; ironing_inset = 0
; ironing_pattern = rectilinear
; ironing_spacing = 0.15
; ironing_speed = 30
; ironing_type = no ironing
; is_infill_first = 0
; lateral_lattice_angle_1 = -45
; lateral_lattice_angle_2 = 45
; layer_change_gcode = ;AFTER_LAYER_CHANGE\n;[layer_z]
; layer_height = 0.24
; lightning_overhang_angle = 45
; lightning_prune_angle = 45
; lightning_straightening_angle = 45
; line_width = 0
; long_retractions_when_cut = 0,0
; long_retractions_when_ec = 0,0
; machine_end_gcode = G1 E-1.0 F2100 ; retract\nG92 E0.0\nG1{if max_layer_z < max_print_height} Z{z_offset+min(max_layer_z+30, max_print_height)}{endif} E-5.0 F720 ; move print head up & retract filament\nG4 ; wait\nM104 S0 ; turn off temperature\nM140 S0 ; turn off heatbed\nM107 ; turn off fan\nM84 ; disable motors
; machine_load_filament_time = 0
; machine_max_acceleration_e = 500,500,500,500
; machine_max_acceleration_extruding = 500,500,500,500
; machine_max_acceleration_retracting = 500,500,500,500
; machine_max_acceleration_travel = 1000,0,1000,1000
; machine_max_acceleration_x = 500,500,500,500
; machine_max_acceleration_y = 500,500,500,500
; machine_max_acceleration_z = 500,500,500,500
; machine_max_jerk_e = 5,5,5,5
; machine_max_jerk_x = 8,8,8,8
; machine_max_jerk_y = 8,8,8,8
; machine_max_jerk_z = 0.4,0.4,0.4,0.4
; machine_max_junction_deviation = 0.01
; machine_max_speed_e = 60,60,60,60
; machine_max_speed_x = 500,500,500,500
; machine_max_speed_y = 500,500,500,500
; machine_max_speed_z = 3,3,3,3
; machine_min_extruding_rate = 0
; machine_min_travel_rate = 0
; machine_pause_gcode = M601
; machine_start_gcode = G90 ; use absolute coordinates\nM83 ; extruder relative mode\nM204 S[machine_max_acceleration_extruding] T[machine_max_acceleration_retracting]\nT[initial_extruder]\nM104 S[first_layer_temperature] ; set extruder temp\nM140 S[first_layer_bed_temperature] ; set bed temp\nG28 ; home all\nG1 Y1.0 Z0.3 F1000 ; move print head up\nM190 S[first_layer_bed_temperature] ; wait for bed temp\nM109 S[first_layer_temperature] ; wait for extruder temp\nG92 E0.0\n; initial load\nG1 Y205.0 E19 F1000\nG92 E0.0\n
; machine_tool_change_time = 0
; machine_unload_filament_time = 0
; make_overhang_printable = 0
; make_overhang_printable_angle = 55
; make_overhang_printable_hole_size = 0
; manual_filament_change = 0
; master_extruder_id = 1
; max_bridge_length = 10
; max_layer_height = 0.36,0.36
; max_resonance_avoidance_speed = 120
; max_travel_detour_distance = 0
; max_volumetric_extrusion_rate_slope = 0
; max_volumetric_extrusion_rate_slope_segment_length = 3
; min_bead_width = 85%
; min_feature_size = 25%
; min_layer_height = 0.08,0.08
; min_length_factor = 0.5
; min_resonance_avoidance_speed = 70
; min_skirt_length = 4
; min_width_top_surface = 300%
; minimum_sparse_infill_area = 15
; mmu_segmented_region_interlocking_depth = 0
; mmu_segmented_region_max_width = 0
; notes = 
; nozzle_diameter = 0.4,0.4
; nozzle_flush_dataset = 0,0
; nozzle_height = 4
; nozzle_hrc = 0
; nozzle_temperature = 180,180
; nozzle_temperature_initial_layer = 180,180
; nozzle_temperature_range_high = 230,230
; nozzle_temperature_range_low = 180,180
; nozzle_type = brass,brass
; nozzle_volume = 0,0
; nozzle_volume_type = Standard,Standard
; only_one_wall_first_layer = 1
; only_one_wall_top = 0
; ooze_prevention = 0
; other_layers_print_sequence = 0
; other_layers_print_sequence_nums = 0
; outer_wall_acceleration = 500
; outer_wall_filament_id = 0
; outer_wall_flow_ratio = 1
; outer_wall_jerk = 3
; outer_wall_line_width = 0
; outer_wall_speed = 30
; overhang_1_4_speed = 0
; overhang_2_4_speed = 50
; overhang_3_4_speed = 30
; overhang_4_4_speed = 10
; overhang_fan_speed = 100,100
; overhang_fan_threshold = 50%,50%
; overhang_flow_ratio = 1
; overhang_reverse = 0
; overhang_reverse_internal_only = 0
; overhang_reverse_threshold = 50%
; parallel_printheads_bed_exclude_areas = 
; parallel_printheads_count = 1
; parking_pos_retraction = 0
; part_cooling_fan_min_pwm = 0
; pellet_flow_coefficient = 0.4157,0.4157
; pellet_modded_printer = 0
; physical_extruder_map = 0
; post_process = 
; precise_outer_wall = 1
; precise_z_height = 0
; preferred_orientation = 0
; preheat_steps = 1
; preheat_time = 30
; pressure_advance = 0.02,0.02
; prime_tower_brim_width = 3
; prime_tower_enable_framework = 0
; prime_tower_flat_ironing = 0
; prime_tower_infill_gap = 150%
; prime_tower_skip_points = 1
; prime_tower_width = 40
; prime_volume = 120
; print_compatible_printers = "MAGIC-HT-MAX 0.4 nozzle - Dual";"MAGIC-HT-PRO 0.4 Nozzle - Dual";"MAGIC-HT-L 0.4 Nozzle - Dual";"MAGIC-HT-M 0.4 Nozzle"
; print_extruder_id = 1,1
; print_extruder_variant = "Direct Drive Standard";"Direct Drive Standard"
; print_flow_ratio = 1
; print_order = default
; print_sequence = by layer
; print_settings_id = 0.24mm Single For HT@IEMAI3D
; printable_area = 0x0,310x0,310x310,0x310
; printable_height = 480
; printer_agent = 
; printer_extruder_id = 1,2
; printer_extruder_variant = "Direct Drive Standard";"Direct Drive Standard"
; printer_model = MAGIC-HT-L
; printer_notes = 
; printer_settings_id = MAGIC-HT-L 0.4 Nozzle - Dual
; printer_structure = corexy
; printer_technology = FFF
; printer_variant = 0.4
; printhost_authorization_type = key
; printhost_ssl_ignore_revoke = 0
; printing_by_object_gcode = 
; process_change_extrusion_role_gcode = 
; purge_in_prime_tower = 0
; raft_contact_distance = 0.08
; raft_expansion = 1.5
; raft_first_layer_density = 90%
; raft_first_layer_expansion = 2
; raft_layers = 0
; reduce_crossing_wall = 0
; reduce_fan_stop_start_freq = 1,1
; reduce_infill_retraction = 1
; relative_bridge_angle = 0
; required_nozzle_HRC = 0,0
; resolution = 0.012
; resonance_avoidance = 0
; retract_before_wipe = 90%,90%
; retract_length_toolchange = 1,1
; retract_lift_above = 0,0
; retract_lift_below = 0,0
; retract_lift_enforce = All Surfaces,All Surfaces
; retract_restart_extra = 0,0
; retract_restart_extra_toolchange = 0,0
; retract_when_changing_layer = 0,0
; retraction_distances_when_cut = 18,18
; retraction_distances_when_ec = 10,10
; retraction_length = 0.9,0.9
; retraction_minimum_travel = 1,1
; retraction_speed = 40,40
; role_based_wipe_speed = 1
; scan_first_layer = 0
; scarf_angle_threshold = 155
; scarf_joint_flow_ratio = 1
; scarf_joint_speed = 100%
; scarf_overhang_threshold = 40%
; seam_gap = 10%
; seam_position = aligned
; seam_slope_conditional = 0
; seam_slope_entire_loop = 0
; seam_slope_inner_walls = 0
; seam_slope_min_length = 20
; seam_slope_start_height = 0
; seam_slope_steps = 10
; seam_slope_type = none
; set_other_flow_ratios = 0
; silent_mode = 0
; single_extruder_multi_material = 0
; single_extruder_multi_material_priming = 0
; single_loop_draft_shield = 0
; skeleton_infill_density = 25%
; skeleton_infill_line_width = 100%
; skin_infill_density = 25%
; skin_infill_depth = 2
; skin_infill_line_width = 100%
; skirt_distance = 2
; skirt_height = 1
; skirt_loops = 0
; skirt_speed = 30
; skirt_start_angle = -135
; skirt_type = combined
; slice_closing_radius = 0.049
; slicing_mode = regular
; slow_down_for_layer_cooling = 1,1
; slow_down_layer_time = 8,8
; slow_down_layers = 1
; slow_down_min_speed = 10,10
; slowdown_for_curled_perimeters = 0
; small_area_infill_flow_compensation = 0
; small_area_infill_flow_compensation_model = 0,0;"\n0.2,0.4444";"\n0.4,0.6145";"\n0.6,0.7059";"\n0.8,0.7619";"\n1.5,0.8571";"\n2,0.8889";"\n3,0.9231";"\n5,0.9520";"\n10,1"
; small_perimeter_speed = 50%
; small_perimeter_threshold = 0
; solid_infill_direction = 45
; solid_infill_rotate_template = 
; sparse_infill_acceleration = 100%
; sparse_infill_density = 25%
; sparse_infill_filament_id = 0
; sparse_infill_flow_ratio = 1
; sparse_infill_line_width = 0
; sparse_infill_pattern = alignedrectilinear
; sparse_infill_rotate_template = 
; sparse_infill_speed = 40
; spiral_finishing_flow_ratio = 0
; spiral_mode = 0
; spiral_mode_max_xy_smoothing = 200%
; spiral_mode_smooth = 0
; spiral_starting_flow_ratio = 0
; staggered_inner_seams = 1
; standby_temperature_delta = -5
; start_end_points = 30x-3,54x245
; supertack_plate_temp = 35,35
; supertack_plate_temp_initial_layer = 35,35
; support_air_filtration = 1
; support_angle = 0
; support_base_pattern = honeycomb
; support_base_pattern_spacing = 1.5
; support_bottom_interface_spacing = 0
; support_bottom_z_distance = 0.2
; support_chamber_temp_control = 1
; support_critical_regions_only = 0
; support_expansion = 0
; support_filament = 1
; support_flow_ratio = 1
; support_interface_bottom_layers = 0
; support_interface_filament = 1
; support_interface_flow_ratio = 1
; support_interface_loop_pattern = 0
; support_interface_not_for_body = 1
; support_interface_pattern = grid
; support_interface_spacing = 0.15
; support_interface_speed = 35
; support_interface_top_layers = 3
; support_ironing = 0
; support_ironing_flow = 10%
; support_ironing_pattern = rectilinear
; support_ironing_spacing = 0.1
; support_line_width = 0
; support_material_interface_fan_speed = -1,-1
; support_multi_bed_types = 0
; support_object_first_layer_gap = 0.2
; support_object_skip_flush = 0
; support_object_xy_distance = 0.5
; support_on_build_plate_only = 0
; support_parallel_printheads = 0
; support_remove_small_overhang = 1
; support_speed = 50
; support_style = default
; support_threshold_angle = 40
; support_threshold_overlap = 50%
; support_top_z_distance = 0.2
; support_type = tree(auto)
; symmetric_infill_y_axis = 0
; temperature_vitrification = 60,60
; template_custom_gcode = 
; textured_cool_plate_temp = 40,40
; textured_cool_plate_temp_initial_layer = 40,40
; textured_plate_temp = 60,60
; textured_plate_temp_initial_layer = 60,60
; thick_bridges = 0
; thick_internal_bridges = 1
; thumbnails = 162x162/PNG
; thumbnails_format = PNG
; time_cost = 0
; time_lapse_gcode = 
; timelapse_type = 0
; tool_change_on_wipe_tower = 0
; top_bottom_infill_wall_overlap = 15%
; top_shell_layers = 4
; top_shell_thickness = 0.8
; top_solid_infill_flow_ratio = 1
; top_surface_acceleration = 500
; top_surface_density = 100%
; top_surface_filament_id = 0
; top_surface_jerk = 7
; top_surface_line_width = 0
; top_surface_pattern = monotonic
; top_surface_speed = 35
; travel_acceleration = 1000
; travel_jerk = 7
; travel_slope = 3,3
; travel_speed = 120
; travel_speed_z = 0
; tree_support_angle_slow = 25
; tree_support_auto_brim = 1
; tree_support_branch_angle = 45
; tree_support_branch_angle_organic = 40
; tree_support_branch_diameter = 5
; tree_support_branch_diameter_angle = 5
; tree_support_branch_diameter_organic = 5
; tree_support_branch_distance = 5
; tree_support_branch_distance_organic = 2
; tree_support_brim_width = 3
; tree_support_tip_diameter = 1.6
; tree_support_top_rate = 30%
; tree_support_wall_count = 0
; upward_compatible_machine = 
; use_3mf = 0
; use_firmware_retraction = 0
; use_relative_e_distances = 1
; volumetric_speed_coefficients = ;
; wall_direction = ccw
; wall_distribution_count = 1
; wall_generator = classic
; wall_loops = 4
; wall_maximum_deviation = 0.025
; wall_maximum_resolution = 0.5
; wall_sequence = inner wall/outer wall
; wall_transition_angle = 25
; wall_transition_filter_deviation = 25%
; wall_transition_length = 100%
; wipe = 0,0
; wipe_before_external_loop = 0
; wipe_distance = 1,1
; wipe_on_loops = 0
; wipe_speed = 80%
; wipe_tower_bridging = 10
; wipe_tower_cone_angle = 30
; wipe_tower_extra_flow = 100%
; wipe_tower_extra_rib_length = 0
; wipe_tower_extra_spacing = 300%
; wipe_tower_filament = 0
; wipe_tower_fillet_wall = 1
; wipe_tower_max_purge_speed = 90
; wipe_tower_no_sparse_layers = 0
; wipe_tower_rib_width = 8
; wipe_tower_rotation_angle = 0
; wipe_tower_type = type2
; wipe_tower_wall_type = rib
; wipe_tower_x = 165.000
; wipe_tower_x = 165
; wipe_tower_y = 250.000
; wipe_tower_y = 250
; wiping_volumes_extruders = 70,70,70,70,70,70,70,70,70,70
; wrapping_detection_gcode = 
; wrapping_detection_layers = 20
; wrapping_exclude_area = 
; xy_contour_compensation = 0
; xy_hole_compensation = 0
; z_hop = 0.4,0.4
; z_hop_types = Normal Lift,Normal Lift
; z_offset = 0
; zaa_dont_alternate_fill_direction = 0
; zaa_enabled = 0
; zaa_min_z = 0.05
; zaa_minimize_perimeter_height = 35
; first_layer_bed_temperature = 50
; bed_shape = 0x0,310x0,310x310,0x310
; first_layer_temperature = 180
; first_layer_height = 0.300
; CONFIG_BLOCK_END


