; HEADER_BLOCK_START
; generated by OrcaSlicer 2.4.2 on 2026-09-15 at 13:43:13
; total layer number: 75
; filament_density: 1.24
; filament_diameter: 1.75
; max_z_height: 15.00
; filament: 1
; HEADER_BLOCK_END

; external perimeters extrusion width = 0.42mm
; perimeters extrusion width = 0.45mm
; infill extrusion width = 0.45mm
; solid infill extrusion width = 0.42mm
; top infill extrusion width = 0.42mm
; first layer extrusion width = 0.50mm

; EXECUTABLE_BLOCK_START
EXCLUDE_OBJECT_DEFINE NAME=HexagonalPrism.stl_id_0_copy_0 CENTER=130,130 POLYGON=[[118.222,130],[124.111,119.8],[135.889,119.8],[141.778,130],[135.889,140.2],[124.111,140.2],[118.222,130]]
M73 P0 R12
;TYPE:Custom
M140 S0
M104 S0 
START_PRINT EXTRUDER_TEMP=220 BED_TEMP=55
T0
M104 S220
M204 S2000
G1 Z3 F600
M83
G1 Y150 F12000
M73 P13 R10
G1 X0 F12000
G1 Z0.2 F600
G1 X0 Y150 F6000
G1 E0.8 F300
G1 X0 Y0 E9 F3600
G1 X150 Y0 E9 F3600
M73 P14 R10
G92 E0
G1 Z1 F600
G90
G21
M83 ; use relative distances for extrusion
; filament start gcode

M104 S220

M106 S0
;LAYER_CHANGE
;Z:0.2
;HEIGHT:0.2
;BEFORE_LAYER_CHANGE
;0.2
G92 E0

G1 Z.2 F30000

;AFTER_LAYER_CHANGE
;0.2
;_SET_FAN_SPEED_CHANGING_LAYER
SET_VELOCITY_LIMIT ACCEL=2000 ACCEL_TO_DECEL=1000
SET_VELOCITY_LIMIT SQUARE_CORNER_VELOCITY=8
; printing object HexagonalPrism.stl id:0 copy 0
SET_VELOCITY_LIMIT ACCEL=6000 ACCEL_TO_DECEL=3000 SQUARE_CORNER_VELOCITY=12
G1 E-.8 F2400
G1 Z.6 F30000
EXCLUDE_OBJECT_START NAME=HexagonalPrism.stl_id_0_copy_0
G1 X136.03 Y120.844
G1 Z.2
G1 Z.2
G1 E.8 F2400
SET_VELOCITY_LIMIT ACCEL=2000 ACCEL_TO_DECEL=1000 SQUARE_CORNER_VELOCITY=8
;TYPE:Outer wall
;WIDTH:0.5
G1 F3600
G1 X141.316 Y130 E.39377
G1 X135.658 Y139.8 E.42148
G1 X124.342 Y139.8 E.42148
G1 X118.684 Y130 E.42148
G1 X124.342 Y120.2 E.42148
G1 X135.658 Y120.2 E.42148
G1 X136.03 Y120.844 E.02771
;TYPE:Inner wall
G1 X135.597 Y121.094 E.01862
G1 X140.739 Y130 E.38302
G1 X135.369 Y139.3 E.39998
G1 X124.631 Y139.3 E.39998
G1 X119.261 Y130 E.39998
G1 X124.631 Y120.7 E.39998
M73 P15 R10
G1 X135.369 Y120.7 E.39998
G1 X135.597 Y121.094 E.01696
G1 X135.201 Y121.323 E.01702
G1 X140.211 Y130 E.37319
G1 X135.105 Y138.843 E.38032
G1 X124.895 Y138.843 E.38032
G1 X119.789 Y130 E.38032
G1 X124.895 Y121.157 E.38032
G1 X135.105 Y121.157 E.38032
G1 X135.201 Y121.323 E.00713
G1 X134.842 Y121.614 E.01724
G1 X134.079 Y121.614 E.02841
G1 X133.868 Y121.157 E.01874
;TYPE:Bottom surface
;WIDTH:0.506517
G1 X133.851 Y121.166 E.00073
G1 X133.833 Y121.175 E.00076
G1 X133.816 Y121.185 E.00076
G1 X133.799 Y121.196 E.00076
G1 X133.782 Y121.207 E.00076
G1 X133.766 Y121.22 E.00076
G1 X133.751 Y121.232 E.00076
G1 X133.736 Y121.246 E.00076
G1 X133.722 Y121.26 E.00076
G1 X133.708 Y121.274 E.00076
G1 X133.695 Y121.289 E.00076
G1 X133.682 Y121.305 E.00076
G1 X133.67 Y121.321 E.00076
G1 X133.658 Y121.337 E.00076
G1 X133.648 Y121.354 E.00076
G1 X133.638 Y121.372 E.00076
G1 X133.628 Y121.39 E.00076
G1 X133.62 Y121.408 E.00076
G1 X133.612 Y121.426 E.00076
G1 X133.605 Y121.445 E.00076
G1 X133.599 Y121.464 E.00076
G1 X133.593 Y121.483 E.00076
G1 X133.588 Y121.503 E.00076
G1 X133.584 Y121.522 E.00076
G1 X133.581 Y121.542 E.00076
G1 X133.578 Y121.562 E.00076
G1 X133.577 Y121.582 E.00076
G1 X133.576 Y121.602 E.00076
G1 X133.576 Y121.622 E.00076
G1 X133.576 Y121.642 E.00076
G1 X133.578 Y121.662 E.00076
G1 X133.58 Y121.682 E.00076
G1 X133.583 Y121.702 E.00076
G1 X133.587 Y121.722 E.00076
G1 X133.592 Y121.741 E.00076
G1 X133.597 Y121.76 E.00076
G1 X133.604 Y121.78 E.00076
G1 X133.61 Y121.798 E.00076
G1 X133.618 Y121.817 E.00076
G1 X133.627 Y121.835 E.00076
G1 X133.636 Y121.853 E.00076
G1 X133.646 Y121.87 E.00076
G1 X133.656 Y121.887 E.00076
G1 X133.667 Y121.904 E.00076
G1 X133.679 Y121.92 E.00076
G1 X133.692 Y121.936 E.00076
G1 X133.705 Y121.951 E.00076
G1 X133.719 Y121.966 E.00076
G1 X133.733 Y121.98 E.00076
G1 X133.748 Y121.993 E.00076
G1 X133.763 Y122.006 E.00076
G1 X133.779 Y122.018 E.00076
G1 X133.795 Y122.03 E.00076
G1 X133.812 Y122.041 E.00076
G1 X133.83 Y122.051 E.00076
G1 X133.847 Y122.061 E.00076
G1 X133.865 Y122.07 E.00076
G1 X133.883 Y122.078 E.00076
G1 X133.902 Y122.085 E.00076
G1 X133.921 Y122.092 E.00076
G1 X133.94 Y122.098 E.00076
G1 X133.96 Y122.103 E.00076
G1 X133.979 Y122.107 E.00076
G1 X133.999 Y122.111 E.00076
G1 X134.019 Y122.114 E.00076
G1 X134.039 Y122.116 E.00076
G1 X134.059 Y122.117 E.00076
G1 X134.079 Y122.117 E.00076
G1 X134.842 Y122.117 E.02881
G1 X134.858 Y122.117 E.0006
G1 X134.878 Y122.116 E.00076
G1 X134.898 Y122.114 E.00076
G1 X134.899 Y122.114 E.00005
G1 X135.009 Y122.224 E.00588
G1 X135.261 Y122.039 E.01182
;TYPE:Gap infill
;WIDTH:0.207356
G1 X135.203 Y121.964 E.00127
G1 X135.213 Y121.954 E.00018
G1 X135.218 Y121.948 E.00011
;TYPE:Bottom surface
;WIDTH:0.506517
G1 X135.009 Y122.224 E.01309
G1 X135.115 Y122.33 E.00565
G1 X135.386 Y122.202 E.01135
;TYPE:Gap infill
;WIDTH:0.163522
G1 X135.261 Y122.039 E.00202
;TYPE:Bottom surface
;WIDTH:0.506517
G1 X135.115 Y122.33 E.01231
G1 X135.259 Y122.474 E.00771
G1 X135.512 Y122.366 E.0104
;TYPE:Gap infill
;WIDTH:0.119688
G1 X135.386 Y122.202 E.00129
;TYPE:Bottom surface
;WIDTH:0.506517
G1 X135.259 Y122.474 E.01135
G1 X135.759 Y122.974 E.0267
G1 X136.654 Y124.525 E.06767
G1 X136.887 Y124.926 E.01751
;TYPE:Gap infill
;WIDTH:0.246067
G1 X136.748 Y124.745 E.00377
;TYPE:Bottom surface
;WIDTH:0.506517
G1 X136.654 Y124.525 E.00904
G1 X134.246 Y122.117 E.12864
G1 X134.079 Y122.117 E.00633
G1 X134.059 Y122.117 E.00076
G1 X134.039 Y122.116 E.00076
G1 X134.019 Y122.114 E.00076
G1 X133.999 Y122.111 E.00076
G1 X133.979 Y122.107 E.00076
G1 X133.96 Y122.103 E.00076
G1 X133.94 Y122.098 E.00076
G1 X133.921 Y122.092 E.00076
G1 X133.902 Y122.085 E.00076
G1 X133.883 Y122.078 E.00076
G1 X133.865 Y122.07 E.00076
G1 X133.847 Y122.061 E.00076
G1 X133.83 Y122.051 E.00076
G1 X133.812 Y122.041 E.00076
G1 X133.795 Y122.03 E.00076
G1 X133.779 Y122.018 E.00076
G1 X133.763 Y122.006 E.00076
G1 X133.748 Y121.993 E.00076
G1 X133.733 Y121.98 E.00076
G1 X133.719 Y121.966 E.00076
G1 X133.705 Y121.951 E.00076
G1 X133.692 Y121.936 E.00076
G1 X133.679 Y121.92 E.00076
G1 X133.667 Y121.904 E.00076
G1 X133.656 Y121.887 E.00076
G1 X133.646 Y121.87 E.00076
G1 X133.636 Y121.853 E.00076
G1 X133.627 Y121.835 E.00076
G1 X133.618 Y121.817 E.00076
G1 X133.61 Y121.798 E.00076
G1 X133.604 Y121.78 E.00076
G1 X133.597 Y121.76 E.00076
G1 X133.592 Y121.741 E.00076
G1 X133.587 Y121.722 E.00076
G1 X133.583 Y121.702 E.00076
G1 X133.58 Y121.682 E.00076
G1 X133.578 Y121.662 E.00076
G1 X133.576 Y121.642 E.00076
G1 X133.576 Y121.622 E.00076
G1 X133.576 Y121.602 E.00076
G1 X133.577 Y121.582 E.00076
G1 X133.578 Y121.562 E.00076
G1 X133.581 Y121.542 E.00076
G1 X133.584 Y121.522 E.00076
G1 X133.588 Y121.503 E.00076
G1 X133.591 Y121.491 E.00047
G1 X133.589 Y121.5 E.00037
G1 X132.973 Y121.5 E.02325
G1 X136.723 Y125.25 E.20033
G1 X137.026 Y125.107 E.01265
;TYPE:Gap infill
;WIDTH:0.221351
G1 X136.887 Y124.926 E.00331
;TYPE:Bottom surface
;WIDTH:0.506517
G1 X136.723 Y125.25 E.01371
G1 X136.883 Y125.409 E.00853
G1 X137.164 Y125.287 E.01159
;TYPE:Gap infill
;WIDTH:0.171919
G1 X137.026 Y125.107 E.00239
;TYPE:Bottom surface
;WIDTH:0.506517
G1 X136.883 Y125.409 E.01265
G1 X137.042 Y125.569 E.00853
G1 X137.303 Y125.468 E.01056
;TYPE:Gap infill
;WIDTH:0.122487
G1 X137.164 Y125.287 E.00148
;TYPE:Bottom surface
;WIDTH:0.506517
G1 X137.042 Y125.569 E.01159
G1 X137.55 Y126.076 E.02711
G1 X138.445 Y127.628 E.06767
G1 X138.678 Y128.028 E.01751
;TYPE:Gap infill
;WIDTH:0.246066
G1 X138.54 Y127.848 E.00377
;TYPE:Bottom surface
;WIDTH:0.506517
G1 X138.445 Y127.628 E.00904
G1 X132.318 Y121.5 E.32738
G1 X131.662 Y121.5 E.02477
G1 X138.514 Y128.352 E.36608
G1 X138.817 Y128.209 E.01265
;TYPE:Gap infill
;WIDTH:0.22135
G1 X138.678 Y128.028 E.00331
;TYPE:Bottom surface
;WIDTH:0.506517
G1 X138.514 Y128.352 E.01371
G1 X138.674 Y128.512 E.00853
G1 X138.956 Y128.39 E.01159
;TYPE:Gap infill
;WIDTH:0.171918
G1 X138.817 Y128.209 E.00239
;TYPE:Bottom surface
;WIDTH:0.506517
G1 X138.674 Y128.512 E.01265
G1 X138.834 Y128.671 E.00853
G1 X139.094 Y128.57 E.01056
;TYPE:Gap infill
;WIDTH:0.122487
G1 X138.956 Y128.39 E.00148
;TYPE:Bottom surface
;WIDTH:0.506517
G1 X138.834 Y128.671 E.01159
G1 X139.341 Y129.179 E.02711
G1 X139.815 Y130 E.03582
G1 X139.702 Y130.196 E.00853
G1 X131.006 Y121.5 E.46457
G1 X130.351 Y121.5 E.02477
G1 X139.462 Y130.611 E.48678
G1 X139.222 Y131.027 E.01813
G1 X129.695 Y121.5 E.50898
G1 X129.04 Y121.5 E.02477
G1 X138.982 Y131.443 E.53119
G1 X138.742 Y131.858 E.01813
G1 X128.384 Y121.5 E.5534
G1 X127.728 Y121.5 E.02477
G1 X138.502 Y132.274 E.5756
G1 X138.262 Y132.69 E.01813
G1 X127.073 Y121.5 E.59781
G1 X126.417 Y121.5 E.02477
G1 X138.022 Y133.105 E.62001
G1 X137.782 Y133.521 E.01813
G1 X125.761 Y121.5 E.64222
G1 X125.106 Y121.5 E.02477
G1 X137.542 Y133.936 E.66443
G1 X137.302 Y134.352 E.01813
G1 X124.857 Y121.907 E.66488
G1 X124.617 Y122.323 E.01813
G1 X137.062 Y134.768 E.66488
G1 X136.822 Y135.183 E.01813
G1 X124.377 Y122.738 E.66488
G1 X124.137 Y123.154 E.01813
G1 X136.582 Y135.599 E.66488
G1 X136.342 Y136.015 E.01813
M73 P16 R10
G1 X123.897 Y123.57 E.66488
G1 X123.657 Y123.985 E.01813
G1 X136.103 Y136.43 E.66488
G1 X135.863 Y136.846 E.01813
G1 X123.418 Y124.401 E.66488
G1 X123.178 Y124.817 E.01813
G1 X135.623 Y137.262 E.66488
G1 X135.383 Y137.677 E.01813
G1 X122.938 Y125.232 E.66488
G1 X122.698 Y125.648 E.01813
G1 X135.143 Y138.093 E.66488
G1 X134.908 Y138.5 E.01776
G1 X122.458 Y126.064 E.66478
G1 X122.218 Y126.479 E.01813
G1 X134.238 Y138.5 E.64222
G1 X133.583 Y138.5 E.02477
G1 X121.978 Y126.895 E.62001
G1 X121.738 Y127.311 E.01813
G1 X132.927 Y138.5 E.5978
G1 X132.272 Y138.5 E.02477
G1 X121.498 Y127.726 E.5756
G1 X121.258 Y128.142 E.01813
G1 X131.616 Y138.5 E.55339
G1 X130.96 Y138.5 E.02477
G1 X121.018 Y128.557 E.53119
G1 X120.778 Y128.973 E.01813
G1 X130.305 Y138.5 E.50898
G1 X129.649 Y138.5 E.02477
G1 X120.538 Y129.389 E.48677
G1 X120.298 Y129.804 E.01813
G1 X120.336 Y129.842 E.00203
G1 X120.197 Y130.122 E.01179
;TYPE:Gap infill
;WIDTH:0.171801
G1 X120.075 Y129.962 E.00211
;TYPE:Bottom surface
;WIDTH:0.506517
G1 X120.336 Y129.842 E.01085
G1 X120.477 Y129.984 E.00754
G1 X120.32 Y130.282 E.01274
;TYPE:Gap infill
;WIDTH:0.192417
G1 X120.197 Y130.122 E.00245
;TYPE:Bottom surface
;WIDTH:0.506517
G1 X120.477 Y129.984 E.01179
G1 X120.618 Y130.125 E.00754
G1 X120.442 Y130.442 E.01369
;TYPE:Gap infill
;WIDTH:0.23365
G1 X120.32 Y130.282 E.00313
;TYPE:Bottom surface
;WIDTH:0.506517
G1 X120.618 Y130.125 E.01274
G1 X128.993 Y138.5 E.44745
G1 X128.338 Y138.5 E.02477
G1 X120.659 Y130.821 E.41024
G1 X120.565 Y130.601 E.00904
;TYPE:Gap infill
;WIDTH:0.274882
G1 X120.442 Y130.442 E.00381
;TYPE:Bottom surface
;WIDTH:0.506517
G1 X120.659 Y130.821 E.01652
G1 X121.555 Y132.373 E.06767
G1 X122.062 Y132.88 E.02711
G1 X121.94 Y133.162 E.01159
;TYPE:Gap infill
;WIDTH:0.147202
G1 X121.802 Y132.981 E.00194
;TYPE:Bottom surface
;WIDTH:0.506517
G1 X122.062 Y132.88 E.01056
G1 X122.222 Y133.04 E.00853
G1 X122.079 Y133.342 E.01265
;TYPE:Gap infill
;WIDTH:0.171918
G1 X121.94 Y133.162 E.00239
;TYPE:Bottom surface
;WIDTH:0.506517
G1 X122.222 Y133.04 E.01159
G1 X122.382 Y133.199 E.00853
G1 X122.218 Y133.523 E.01371
;TYPE:Gap infill
;WIDTH:0.22135
G1 X122.079 Y133.342 E.00331
;TYPE:Bottom surface
;WIDTH:0.506517
G1 X122.382 Y133.199 E.01265
G1 X127.682 Y138.5 E.28319
G1 X127.027 Y138.5 E.02477
G1 X122.45 Y133.924 E.24449
G1 X122.356 Y133.704 E.00904
;TYPE:Gap infill
;WIDTH:0.270782
G1 X122.218 Y133.523 E.00423
;TYPE:Bottom surface
;WIDTH:0.506517
G1 X122.45 Y133.924 E.01751
G1 X123.346 Y135.475 E.06767
G1 X123.832 Y135.961 E.02597
G1 X123.694 Y136.216 E.01094
;TYPE:Gap infill
;WIDTH:0.129892
G1 X123.593 Y136.083 E.00118
;TYPE:Bottom surface
;WIDTH:0.506517
G1 X123.832 Y135.961 E.01015
G1 X126.371 Y138.5 E.13564
G1 X125.715 Y138.5 E.02477
G1 X125.463 Y138.247 E.0135
G1 X125.24 Y138.614 E.01621
;TYPE:Gap infill
;WIDTH:0.338786
G1 X125.115 Y138.451 E.00496
;TYPE:Bottom surface
;WIDTH:0.506517
G1 X125.463 Y138.247 E.01523
G1 X125.318 Y138.103 E.00771
G1 X125.115 Y138.451 E.01523
;TYPE:Gap infill
;WIDTH:0.294965
G1 X124.99 Y138.288 E.00423
;TYPE:Bottom surface
;WIDTH:0.506517
G1 X125.318 Y138.103 E.01425
G1 X125.174 Y137.959 E.00771
G1 X124.99 Y138.288 E.01425
;TYPE:Gap infill
;WIDTH:0.251144
G1 X124.864 Y138.125 E.00349
;TYPE:Bottom surface
;WIDTH:0.506517
G1 X125.174 Y137.959 E.01327
G1 X125.03 Y137.815 E.00771
G1 X124.864 Y138.125 E.01327
;TYPE:Gap infill
;WIDTH:0.207323
G1 X124.739 Y137.961 E.00276
;TYPE:Bottom surface
;WIDTH:0.506517
G1 X125.03 Y137.815 E.01231
G1 X124.886 Y137.67 E.00771
G1 X124.739 Y137.961 E.01231
;TYPE:Gap infill
;WIDTH:0.163502
G1 X124.614 Y137.798 E.00202
;TYPE:Bottom surface
;WIDTH:0.506517
G1 X124.886 Y137.67 E.01135
G1 X124.741 Y137.526 E.00771
G1 X124.614 Y137.798 E.01135
;TYPE:Gap infill
;WIDTH:0.141592
G1 X124.488 Y137.635 E.00165
;TYPE:Bottom surface
;WIDTH:0.506517
G1 X124.741 Y137.526 E.0104
G1 X123.68 Y136.464 E.05672
G1 X123.796 Y136.348 E.00621
;TYPE:Gap infill
;WIDTH:0.145952
G1 X123.694 Y136.216 E.0014
;TYPE:Bottom surface
;WIDTH:0.506517
G1 X123.68 Y136.464 E.00941
; stop printing object HexagonalPrism.stl id:0 copy 0
M106 S255
;LAYER_CHANGE
;Z:0.4
;HEIGHT:0.2
;BEFORE_LAYER_CHANGE
;0.4
G92 E0

EXCLUDE_OBJECT_END NAME=HexagonalPrism.stl_id_0_copy_0
G1 Z.4 F30000

;don't support timelapse gcode in spiral_mode and by object sequence for I3 structure printer
;time lapse begin
M5001 G92 E0
M5001 G17
M5001 G2 Z0.8 I0.86 J0.86 P1 F20000 ; spiral lift a little
M5001 G1 X0 Y180 F24000 ; move to safe pos
M5001 P15
M5001 M400 P300
M5001 G92 E0
;time lapse end

;AFTER_LAYER_CHANGE
;0.4
;_SET_FAN_SPEED_CHANGING_LAYER
SET_VELOCITY_LIMIT ACCEL=6000 ACCEL_TO_DECEL=3000
SET_VELOCITY_LIMIT SQUARE_CORNER_VELOCITY=12
M140 S55 ; set bed temperature
; printing object HexagonalPrism.stl id:0 copy 0
EXCLUDE_OBJECT_START NAME=HexagonalPrism.stl_id_0_copy_0
SET_VELOCITY_LIMIT SQUARE_CORNER_VELOCITY=8
;TYPE:Inner wall
;WIDTH:0.45
G1 F7354
G1 X123.649 Y136.482 E.00116
G1 X124.953 Y138.741 E.08653
G1 X135.047 Y138.741 E.33481
G1 X135.726 Y137.563 E.0451
G1 X136.155 Y137.634 E.01443
SET_VELOCITY_LIMIT ACCEL=4800 ACCEL_TO_DECEL=2400 SQUARE_CORNER_VELOCITY=12
;TYPE:Internal solid infill
;WIDTH:0.419999
G1 X136.158 Y137.618 E.00049
G1 X136.16 Y137.6 E.00057
G1 X136.161 Y137.581 E.00057
G1 X136.161 Y137.563 E.00057
G1 X136.161 Y137.544 E.00057
G1 X136.16 Y137.525 E.00057
G1 X136.158 Y137.507 E.00057
G1 X136.155 Y137.488 E.00057
G1 X136.151 Y137.47 E.00057
G1 X136.147 Y137.452 E.00057
G1 X136.142 Y137.434 E.00057
G1 X136.136 Y137.416 E.00057
G1 X136.129 Y137.399 E.00057
G1 X136.122 Y137.382 E.00057
G1 X136.113 Y137.365 E.00057
G1 X136.105 Y137.349 E.00057
G1 X136.095 Y137.332 E.00057
G1 X136.085 Y137.317 E.00057
G1 X136.074 Y137.302 E.00057
G1 X136.062 Y137.287 E.00057
G1 X136.05 Y137.273 E.00057
G1 X136.037 Y137.259 E.00057
G1 X136.024 Y137.246 E.00057
G1 X136.01 Y137.234 E.00057
G1 X135.996 Y137.222 E.00057
G1 X135.981 Y137.211 E.00057
G1 X135.966 Y137.2 E.00057
G1 X135.95 Y137.19 E.00057
G1 X135.934 Y137.181 E.00057
G1 X135.917 Y137.172 E.00057
G1 X135.9 Y137.165 E.00057
G1 X135.883 Y137.158 E.00057
G1 X135.865 Y137.151 E.00057
G1 X135.847 Y137.146 E.00057
G1 X135.829 Y137.141 E.00057
G1 X135.811 Y137.137 E.00057
G1 X135.793 Y137.133 E.00057
G1 X135.774 Y137.131 E.00057
G1 X135.756 Y137.129 E.00057
G1 X135.737 Y137.129 E.00057
G1 X135.719 Y137.128 E.00057
G1 X135.7 Y137.129 E.00057
G1 X135.681 Y137.131 E.00057
G1 X135.663 Y137.133 E.00057
G1 X135.644 Y137.136 E.00057
G1 X135.626 Y137.14 E.00057
G1 X135.608 Y137.145 E.00057
G1 X135.59 Y137.15 E.00057
G1 X135.573 Y137.156 E.00057
G1 X135.555 Y137.163 E.00057
G1 X135.538 Y137.171 E.00057
G1 X135.522 Y137.179 E.00057
G1 X135.505 Y137.189 E.00057
G1 X135.49 Y137.198 E.00057
G1 X135.474 Y137.209 E.00057
G1 X135.459 Y137.22 E.00057
G1 X135.445 Y137.232 E.00057
G1 X135.431 Y137.244 E.00057
G1 X135.417 Y137.257 E.00057
G1 X135.405 Y137.271 E.00057
G1 X135.392 Y137.285 E.00057
G1 X135.381 Y137.299 E.00057
G1 X135.37 Y137.314 E.00057
G1 X135.359 Y137.33 E.00057
G1 X135.35 Y137.346 E.00057
G1 X134.795 Y138.306 E.03406
G1 X134.296 Y138.306 E.01535
G1 X134.795 Y138.306 E.01535
G1 X135.35 Y137.346 E.03406
G1 X135.359 Y137.33 E.00057
G1 X135.37 Y137.314 E.00057
G1 X135.381 Y137.299 E.00057
G1 X135.392 Y137.285 E.00057
G1 X135.405 Y137.271 E.00057
G1 X135.417 Y137.257 E.00057
G1 X135.431 Y137.244 E.00057
G1 X135.445 Y137.232 E.00057
G1 X135.459 Y137.22 E.00057
G1 X135.474 Y137.209 E.00057
G1 X135.49 Y137.198 E.00057
G1 X135.505 Y137.189 E.00057
G1 X135.522 Y137.179 E.00057
G1 X135.538 Y137.171 E.00057
G1 X135.555 Y137.163 E.00057
G1 X135.573 Y137.156 E.00057
G1 X135.59 Y137.15 E.00057
G1 X135.608 Y137.145 E.00057
G1 X135.626 Y137.14 E.00057
G1 X135.644 Y137.136 E.00057
G1 X135.663 Y137.133 E.00057
G1 X135.681 Y137.131 E.00057
G1 X135.7 Y137.129 E.00057
G1 X135.719 Y137.128 E.00057
G1 X135.737 Y137.129 E.00057
G1 X135.756 Y137.129 E.00057
G1 X135.774 Y137.131 E.00057
G1 X135.793 Y137.133 E.00057
G1 X135.811 Y137.137 E.00057
G1 X135.829 Y137.141 E.00057
G1 X135.847 Y137.146 E.00057
G1 X135.865 Y137.151 E.00057
G1 X135.883 Y137.158 E.00057
G1 X135.9 Y137.165 E.00057
G1 X135.917 Y137.172 E.00057
G1 X135.934 Y137.181 E.00057
G1 X135.95 Y137.19 E.00057
G1 X135.966 Y137.2 E.00057
G1 X135.968 Y137.202 E.00008
G1 X136.253 Y136.916 E.01239
G1 X136.981 Y135.655 E.04477
G1 X134.33 Y138.306 E.11521
G1 X133.763 Y138.306 E.01744
G1 X133.229 Y138.306 E.01639
G1 X133.797 Y138.306 E.01744
G1 X136.918 Y135.185 E.13562
G1 X137.182 Y135.296 E.0088
SET_VELOCITY_LIMIT ACCEL=6000 ACCEL_TO_DECEL=3000
;TYPE:Gap infill
;WIDTH:0.181971
G1 X137.049 Y135.469 E.00247
SET_VELOCITY_LIMIT ACCEL=4800 ACCEL_TO_DECEL=2400
;TYPE:Internal solid infill
;WIDTH:0.419999
G1 X136.918 Y135.185 E.00962
G1 X137.071 Y135.032 E.00665
G1 X137.315 Y135.123 E.008
SET_VELOCITY_LIMIT ACCEL=6000 ACCEL_TO_DECEL=3000
;TYPE:Gap infill
;WIDTH:0.158521
G1 X137.182 Y135.296 E.00206
SET_VELOCITY_LIMIT ACCEL=4800 ACCEL_TO_DECEL=2400
;TYPE:Internal solid infill
;WIDTH:0.419999
G1 X137.071 Y135.032 E.0088
G1 X137.224 Y134.879 E.00665
G1 X137.448 Y134.95 E.00721
SET_VELOCITY_LIMIT ACCEL=6000 ACCEL_TO_DECEL=3000
;TYPE:Gap infill
;WIDTH:0.11162
G1 X137.315 Y135.123 E.00122
SET_VELOCITY_LIMIT ACCEL=4800 ACCEL_TO_DECEL=2400
;TYPE:Internal solid infill
;WIDTH:0.419999
G1 X137.224 Y134.879 E.008
G1 X137.71 Y134.393 E.02112
G1 X138.438 Y133.131 E.04477
G1 X133.264 Y138.306 E.22486
G1 X132.696 Y138.306 E.01744
G1 X132.163 Y138.306 E.01639
G1 X132.73 Y138.306 E.01744
G1 X138.375 Y132.661 E.24528
M73 P17 R10
G1 X138.639 Y132.772 E.0088
SET_VELOCITY_LIMIT ACCEL=6000 ACCEL_TO_DECEL=3000
;TYPE:Gap infill
;WIDTH:0.181971
G1 X138.506 Y132.946 E.00247
SET_VELOCITY_LIMIT ACCEL=4800 ACCEL_TO_DECEL=2400
;TYPE:Internal solid infill
;WIDTH:0.419999
G1 X138.375 Y132.661 E.00962
G1 X138.528 Y132.508 E.00665
G1 X138.772 Y132.599 E.008
SET_VELOCITY_LIMIT ACCEL=6000 ACCEL_TO_DECEL=3000
;TYPE:Gap infill
;WIDTH:0.158521
G1 X138.639 Y132.772 E.00206
SET_VELOCITY_LIMIT ACCEL=4800 ACCEL_TO_DECEL=2400
;TYPE:Internal solid infill
;WIDTH:0.419999
G1 X138.528 Y132.508 E.0088
G1 X138.681 Y132.355 E.00665
G1 X138.905 Y132.426 E.00721
SET_VELOCITY_LIMIT ACCEL=6000 ACCEL_TO_DECEL=3000
;TYPE:Gap infill
;WIDTH:0.11162
G1 X138.772 Y132.599 E.00122
SET_VELOCITY_LIMIT ACCEL=4800 ACCEL_TO_DECEL=2400
;TYPE:Internal solid infill
;WIDTH:0.419999
G1 X138.681 Y132.355 E.008
G1 X139.167 Y131.869 E.02112
G1 X139.895 Y130.608 E.04477
G1 X140.079 Y130.271 E.01178
SET_VELOCITY_LIMIT ACCEL=6000 ACCEL_TO_DECEL=3000
;TYPE:Gap infill
;WIDTH:0.190673
G1 X139.963 Y130.422 E.00229
SET_VELOCITY_LIMIT ACCEL=4800 ACCEL_TO_DECEL=2400
;TYPE:Internal solid infill
;WIDTH:0.419999
G1 X139.895 Y130.608 E.00607
G1 X132.197 Y138.306 E.33452
G1 X131.63 Y138.306 E.01744
G1 X131.096 Y138.306 E.01639
G1 X131.664 Y138.306 E.01744
G1 X139.955 Y130.014 E.3603
G1 X140.195 Y130.12 E.00804
SET_VELOCITY_LIMIT ACCEL=6000 ACCEL_TO_DECEL=3000
;TYPE:Gap infill
;WIDTH:0.171572
G1 X140.079 Y130.271 E.00199
SET_VELOCITY_LIMIT ACCEL=4800 ACCEL_TO_DECEL=2400
;TYPE:Internal solid infill
;WIDTH:0.419999
G1 X139.955 Y130.014 E.00875
G1 X140.089 Y129.881 E.00579
G1 X140.31 Y129.969 E.00733
SET_VELOCITY_LIMIT ACCEL=6000 ACCEL_TO_DECEL=3000
;TYPE:Gap infill
;WIDTH:0.133371
G1 X140.195 Y130.12 E.0014
SET_VELOCITY_LIMIT ACCEL=4800 ACCEL_TO_DECEL=2400
;TYPE:Internal solid infill
;WIDTH:0.419999
G1 X140.089 Y129.881 E.00804
G1 X140.145 Y129.825 E.00245
G1 X139.95 Y129.487 E.012
G1 X131.131 Y138.306 E.38323
G1 X130.563 Y138.306 E.01744
G1 X130.03 Y138.306 E.01639
G1 X130.597 Y138.306 E.01744
G1 X139.755 Y129.149 E.39793
G1 X139.559 Y128.811 E.012
G1 X130.064 Y138.306 E.41262
G1 X129.497 Y138.306 E.01744
G1 X128.963 Y138.306 E.01639
G1 X129.531 Y138.306 E.01744
G1 X139.364 Y128.472 E.42731
G1 X139.169 Y128.134 E.012
G1 X128.998 Y138.306 E.442
G1 X128.43 Y138.306 E.01744
G1 X127.897 Y138.306 E.01639
G1 X128.464 Y138.306 E.01744
G1 X138.974 Y127.796 E.45669
G1 X138.779 Y127.458 E.012
G1 X127.931 Y138.306 E.47138
G1 X127.363 Y138.306 E.01744
G1 X126.83 Y138.306 E.01639
G1 X127.398 Y138.306 E.01744
G1 X138.583 Y127.12 E.48607
G1 X138.388 Y126.782 E.012
G1 X126.865 Y138.306 E.50076
G1 X126.297 Y138.306 E.01744
G1 X125.764 Y138.306 E.01639
G1 X126.331 Y138.306 E.01744
G1 X138.193 Y126.444 E.51546
G1 X137.998 Y126.106 E.012
G1 X125.798 Y138.306 E.53015
G1 X125.23 Y138.306 E.01744
G1 X125.205 Y138.306 E.00079
G1 X125.265 Y138.306 E.00185
G1 X137.803 Y125.768 E.54484
G1 X137.608 Y125.43 E.012
G1 X125.031 Y138.006 E.54649
G1 X125.107 Y138.138 E.00467
G1 X124.912 Y137.799 E.012
G1 X124.836 Y137.668 E.00467
G1 X137.412 Y125.092 E.54649
G1 X137.217 Y124.754 E.012
G1 X124.641 Y137.33 E.54649
G1 X124.717 Y137.461 E.00467
G1 X124.522 Y137.123 E.012
G1 X124.446 Y136.992 E.00467
G1 X137.022 Y124.415 E.54649
G1 X136.827 Y124.077 E.012
G1 X124.251 Y136.654 E.54649
G1 X124.327 Y136.785 E.00467
G1 X124.026 Y136.264 E.01848
G1 X124.014 Y136.244 E.00072
G1 X124.003 Y136.229 E.00057
G1 X123.992 Y136.214 E.00057
G1 X123.98 Y136.2 E.00057
G1 X123.968 Y136.186 E.00057
G1 X123.955 Y136.172 E.00057
G1 X123.941 Y136.159 E.00057
G1 X123.927 Y136.147 E.00057
G1 X123.913 Y136.136 E.00057
G1 X123.898 Y136.125 E.00057
G1 X123.882 Y136.114 E.00057
G1 X123.866 Y136.105 E.00057
G1 X123.85 Y136.096 E.00057
G1 X123.833 Y136.088 E.00057
G1 X123.816 Y136.08 E.00057
G1 X123.798 Y136.073 E.00057
G1 X123.781 Y136.067 E.00057
G1 X123.763 Y136.062 E.00057
G1 X123.745 Y136.058 E.00057
G1 X123.727 Y136.054 E.00057
G1 X123.708 Y136.051 E.00057
G1 X123.69 Y136.049 E.00057
G1 X123.671 Y136.047 E.00057
G1 X123.652 Y136.047 E.00057
G1 X123.634 Y136.047 E.00057
G1 X123.615 Y136.048 E.00057
G1 X123.596 Y136.05 E.00057
G1 X123.578 Y136.053 E.00057
G1 X123.56 Y136.056 E.00057
G1 X123.542 Y136.06 E.00057
G1 X123.524 Y136.065 E.00057
G1 X123.506 Y136.071 E.00057
G1 X123.488 Y136.078 E.00057
G1 X123.471 Y136.085 E.00057
G1 X123.454 Y136.093 E.00057
G1 X123.438 Y136.102 E.00057
G1 X123.422 Y136.111 E.00057
G1 X123.406 Y136.121 E.00057
G1 X123.391 Y136.132 E.00057
G1 X123.376 Y136.143 E.00057
G1 X123.362 Y136.155 E.00057
G1 X123.348 Y136.168 E.00057
G1 X123.335 Y136.181 E.00057
G1 X123.322 Y136.195 E.00057
G1 X123.31 Y136.209 E.00057
G1 X123.299 Y136.224 E.00057
G1 X123.288 Y136.239 E.00057
G1 X123.278 Y136.255 E.00057
G1 X123.269 Y136.271 E.00057
G1 X123.26 Y136.288 E.00057
G1 X123.252 Y136.305 E.00057
G1 X123.245 Y136.322 E.00057
G1 X123.238 Y136.339 E.00057
G1 X123.233 Y136.357 E.00057
G1 X123.228 Y136.375 E.00057
G1 X123.223 Y136.393 E.00057
G1 X123.22 Y136.411 E.00057
G1 X123.217 Y136.43 E.00057
G1 X123.216 Y136.449 E.00057
G1 X123.215 Y136.467 E.00057
G1 X123.214 Y136.486 E.00057
G1 X123.215 Y136.504 E.00057
G1 X123.216 Y136.523 E.00057
G1 X123.218 Y136.542 E.00057
G1 X123.22 Y136.553 E.00035
G1 X123.218 Y136.542 E.00035
G1 X123.216 Y136.523 E.00057
G1 X123.215 Y136.504 E.00057
G1 X123.214 Y136.486 E.00057
G1 X123.215 Y136.467 E.00057
G1 X123.216 Y136.449 E.00057
G1 X123.217 Y136.43 E.00057
G1 X123.22 Y136.411 E.00057
G1 X123.223 Y136.393 E.00057
G1 X123.228 Y136.375 E.00057
G1 X123.233 Y136.357 E.00057
G1 X123.238 Y136.339 E.00057
G1 X123.245 Y136.322 E.00057
G1 X123.252 Y136.305 E.00057
G1 X123.26 Y136.288 E.00057
G1 X123.269 Y136.271 E.00057
G1 X123.278 Y136.255 E.00057
G1 X123.288 Y136.239 E.00057
G1 X123.299 Y136.224 E.00057
G1 X123.31 Y136.209 E.00057
G1 X123.322 Y136.195 E.00057
G1 X123.335 Y136.181 E.00057
G1 X123.348 Y136.168 E.00057
G1 X123.362 Y136.155 E.00057
G1 X123.376 Y136.143 E.00057
G1 X123.391 Y136.132 E.00057
G1 X123.406 Y136.121 E.00057
G1 X123.422 Y136.111 E.00057
G1 X123.438 Y136.102 E.00057
G1 X123.454 Y136.093 E.00057
G1 X123.471 Y136.085 E.00057
G1 X123.488 Y136.078 E.00057
G1 X123.506 Y136.071 E.00057
G1 X123.524 Y136.065 E.00057
G1 X123.542 Y136.06 E.00057
G1 X123.56 Y136.056 E.00057
G1 X123.578 Y136.053 E.00057
G1 X123.596 Y136.05 E.00057
G1 X123.615 Y136.048 E.00057
G1 X123.634 Y136.047 E.00057
G1 X123.652 Y136.047 E.00057
G1 X123.671 Y136.047 E.00057
G1 X123.69 Y136.049 E.00057
G1 X123.708 Y136.051 E.00057
G1 X123.727 Y136.054 E.00057
G1 X123.745 Y136.058 E.00057
G1 X123.763 Y136.062 E.00057
G1 X123.781 Y136.067 E.00057
G1 X123.798 Y136.073 E.00057
G1 X123.816 Y136.08 E.00057
G1 X123.833 Y136.088 E.00057
G1 X123.85 Y136.096 E.00057
G1 X123.866 Y136.105 E.00057
G1 X123.882 Y136.114 E.00057
G1 X123.898 Y136.125 E.00057
G1 X123.913 Y136.136 E.00057
G1 X123.927 Y136.147 E.00057
G1 X123.941 Y136.159 E.00057
G1 X123.955 Y136.172 E.00057
G1 X123.968 Y136.186 E.00057
G1 X123.98 Y136.2 E.00057
G1 X123.992 Y136.214 E.00057
G1 X124.003 Y136.229 E.00057
G1 X124.014 Y136.244 E.00057
G1 X124.026 Y136.264 E.00072
G1 X124.055 Y136.315 E.00181
G1 X136.632 Y123.739 E.54649
G1 X136.436 Y123.401 E.012
G1 X123.773 Y136.065 E.5503
G1 X123.763 Y136.062 E.00032
G1 X123.745 Y136.058 E.00057
G1 X123.727 Y136.054 E.00057
G1 X123.708 Y136.051 E.00057
G1 X123.69 Y136.049 E.00057
G1 X123.671 Y136.047 E.00057
G1 X123.652 Y136.047 E.00057
G1 X123.634 Y136.047 E.00057
G1 X123.615 Y136.048 E.00057
G1 X123.596 Y136.05 E.00057
G1 X123.578 Y136.053 E.00057
G1 X123.56 Y136.056 E.00057
G1 X123.542 Y136.06 E.00057
G1 X123.524 Y136.065 E.00057
G1 X123.506 Y136.071 E.00057
G1 X123.488 Y136.078 E.00057
G1 X123.471 Y136.085 E.00057
G1 X123.454 Y136.093 E.00057
G1 X123.438 Y136.102 E.00057
G1 X123.422 Y136.111 E.00057
G1 X123.406 Y136.121 E.00057
G1 X123.391 Y136.132 E.00057
G1 X123.376 Y136.143 E.00057
G1 X123.362 Y136.155 E.00057
G1 X123.348 Y136.168 E.00057
G1 X123.335 Y136.181 E.00057
G1 X123.322 Y136.195 E.00057
G1 X123.31 Y136.209 E.00057
G1 X123.299 Y136.224 E.00057
G1 X123.288 Y136.239 E.00057
G1 X123.278 Y136.255 E.00057
G1 X123.269 Y136.271 E.00057
G1 X123.26 Y136.288 E.00057
G1 X123.252 Y136.305 E.00057
G1 X123.249 Y136.311 E.0002
G1 X123.252 Y136.305 E.0002
G1 X123.26 Y136.288 E.00057
G1 X123.269 Y136.271 E.00057
G1 X123.278 Y136.255 E.00057
G1 X123.288 Y136.239 E.00057
G1 X123.299 Y136.224 E.00057
G1 X123.31 Y136.209 E.00057
G1 X123.322 Y136.195 E.00057
G1 X123.327 Y136.189 E.00023
G1 X123.25 Y136.055 E.00478
G1 X136.241 Y123.063 E.56455
G1 X136.046 Y122.725 E.012
G1 X123.054 Y135.717 E.56455
G1 X122.859 Y135.379 E.012
G1 X135.851 Y122.387 E.56455
G1 X135.656 Y122.049 E.012
G1 X122.664 Y135.041 E.56455
G1 X122.469 Y134.703 E.012
G1 X135.46 Y121.711 E.56455
G1 X135.265 Y121.373 E.012
G1 X122.274 Y134.364 E.56455
G1 X122.078 Y134.026 E.012
G1 X134.978 Y121.127 E.56056
G1 X134.445 Y121.127 E.01639
G1 X121.883 Y133.688 E.54587
G1 X121.688 Y133.35 E.012
G1 X133.912 Y121.127 E.53118
G1 X133.378 Y121.127 E.01639
G1 X121.493 Y133.012 E.51648
G1 X121.298 Y132.674 E.012
G1 X132.845 Y121.127 E.50179
G1 X132.312 Y121.127 E.01639
G1 X121.102 Y132.336 E.4871
G1 X120.907 Y131.998 E.012
G1 X131.779 Y121.127 E.47241
G1 X131.245 Y121.127 E.01639
G1 X120.712 Y131.66 E.45772
G1 X120.517 Y131.322 E.012
G1 X130.712 Y121.127 E.44303
G1 X130.179 Y121.127 E.01639
G1 X120.322 Y130.984 E.42834
G1 X120.127 Y130.646 E.012
G1 X129.646 Y121.127 E.41365
G1 X129.112 Y121.127 E.01639
G1 X119.931 Y130.307 E.39896
G1 X119.754 Y130 E.01091
G1 X119.82 Y129.886 E.00405
G1 X120.306 Y129.4 E.02112
G1 X120.215 Y129.156 E.008
SET_VELOCITY_LIMIT ACCEL=6000 ACCEL_TO_DECEL=3000
;TYPE:Gap infill
;WIDTH:0.13507
G1 X120.082 Y129.329 E.00164
SET_VELOCITY_LIMIT ACCEL=4800 ACCEL_TO_DECEL=2400
;TYPE:Internal solid infill
;WIDTH:0.419999
G1 X120.306 Y129.4 E.00721
G1 X120.459 Y129.247 E.00665
G1 X120.348 Y128.983 E.0088
SET_VELOCITY_LIMIT ACCEL=6000 ACCEL_TO_DECEL=3000
;TYPE:Gap infill
;WIDTH:0.158521
G1 X120.215 Y129.156 E.00206
SET_VELOCITY_LIMIT ACCEL=4800 ACCEL_TO_DECEL=2400
;TYPE:Internal solid infill
;WIDTH:0.419999
G1 X120.459 Y129.247 E.008
G1 X120.612 Y129.094 E.00665
G1 X120.481 Y128.81 E.00962
SET_VELOCITY_LIMIT ACCEL=6000 ACCEL_TO_DECEL=3000
;TYPE:Gap infill
;WIDTH:0.205422
G1 X120.348 Y128.983 E.00289
SET_VELOCITY_LIMIT ACCEL=4800 ACCEL_TO_DECEL=2400
;TYPE:Internal solid infill
;WIDTH:0.419999
G1 X120.612 Y129.094 E.0088
G1 X128.579 Y121.127 E.34622
G1 X128.046 Y121.127 E.01639
G1 X120.548 Y128.624 E.3258
G1 X121.277 Y127.362 E.04477
M73 P18 R10
G1 X121.763 Y126.876 E.02112
G1 X121.672 Y126.632 E.008
SET_VELOCITY_LIMIT ACCEL=6000 ACCEL_TO_DECEL=3000
;TYPE:Gap infill
;WIDTH:0.13507
G1 X121.539 Y126.806 E.00164
SET_VELOCITY_LIMIT ACCEL=4800 ACCEL_TO_DECEL=2400
;TYPE:Internal solid infill
;WIDTH:0.419999
G1 X121.763 Y126.876 E.00721
G1 X121.916 Y126.723 E.00665
G1 X121.805 Y126.459 E.0088
SET_VELOCITY_LIMIT ACCEL=6000 ACCEL_TO_DECEL=3000
;TYPE:Gap infill
;WIDTH:0.158521
G1 X121.672 Y126.632 E.00206
SET_VELOCITY_LIMIT ACCEL=4800 ACCEL_TO_DECEL=2400
;TYPE:Internal solid infill
;WIDTH:0.419999
G1 X121.916 Y126.723 E.008
G1 X122.069 Y126.57 E.00665
G1 X121.937 Y126.286 E.00962
SET_VELOCITY_LIMIT ACCEL=6000 ACCEL_TO_DECEL=3000
;TYPE:Gap infill
;WIDTH:0.205422
G1 X121.805 Y126.459 E.00289
SET_VELOCITY_LIMIT ACCEL=4800 ACCEL_TO_DECEL=2400
;TYPE:Internal solid infill
;WIDTH:0.419999
G1 X122.069 Y126.57 E.0088
G1 X127.512 Y121.127 E.23656
G1 X126.979 Y121.127 E.01639
G1 X122.005 Y126.101 E.21614
G1 X122.734 Y124.839 E.04477
G1 X123.22 Y124.353 E.02112
G1 X123.129 Y124.109 E.008
SET_VELOCITY_LIMIT ACCEL=6000 ACCEL_TO_DECEL=3000
;TYPE:Gap infill
;WIDTH:0.135071
G1 X122.996 Y124.282 E.00164
SET_VELOCITY_LIMIT ACCEL=4800 ACCEL_TO_DECEL=2400
;TYPE:Internal solid infill
;WIDTH:0.419999
G1 X123.22 Y124.353 E.00721
G1 X123.373 Y124.2 E.00665
G1 X123.262 Y123.936 E.0088
SET_VELOCITY_LIMIT ACCEL=6000 ACCEL_TO_DECEL=3000
;TYPE:Gap infill
;WIDTH:0.158522
G1 X123.129 Y124.109 E.00206
SET_VELOCITY_LIMIT ACCEL=4800 ACCEL_TO_DECEL=2400
;TYPE:Internal solid infill
;WIDTH:0.419999
G1 X123.373 Y124.2 E.008
G1 X123.526 Y124.047 E.00665
G1 X123.394 Y123.763 E.00962
SET_VELOCITY_LIMIT ACCEL=6000 ACCEL_TO_DECEL=3000
;TYPE:Gap infill
;WIDTH:0.205423
G1 X123.262 Y123.936 E.00289
SET_VELOCITY_LIMIT ACCEL=4800 ACCEL_TO_DECEL=2400
;TYPE:Internal solid infill
;WIDTH:0.419999
G1 X123.526 Y124.047 E.0088
G1 X126.446 Y121.127 E.1269
G1 X125.913 Y121.127 E.01639
G1 X123.462 Y123.577 E.10649
G1 X124.191 Y122.315 E.04477
G1 X124.678 Y121.828 E.02117
G1 X124.588 Y121.583 E.00803
SET_VELOCITY_LIMIT ACCEL=6000 ACCEL_TO_DECEL=3000
;TYPE:Gap infill
;WIDTH:0.134965
G1 X124.453 Y121.759 E.00166
SET_VELOCITY_LIMIT ACCEL=4800 ACCEL_TO_DECEL=2400
;TYPE:Internal solid infill
;WIDTH:0.419999
G1 X124.678 Y121.828 E.00723
G1 X124.833 Y121.673 E.00675
G1 X124.723 Y121.407 E.00884
SET_VELOCITY_LIMIT ACCEL=6000 ACCEL_TO_DECEL=3000
;TYPE:Gap infill
;WIDTH:0.158363
G1 X124.588 Y121.583 E.00208
SET_VELOCITY_LIMIT ACCEL=4800 ACCEL_TO_DECEL=2400
;TYPE:Internal solid infill
;WIDTH:0.419999
G1 X124.833 Y121.673 E.00803
G1 X124.988 Y121.518 E.00675
G1 X124.857 Y121.231 E.00967
SET_VELOCITY_LIMIT ACCEL=6000 ACCEL_TO_DECEL=3000
;TYPE:Gap infill
;WIDTH:0.205158
G1 X124.723 Y121.407 E.00293
SET_VELOCITY_LIMIT ACCEL=4800 ACCEL_TO_DECEL=2400
;TYPE:Internal solid infill
;WIDTH:0.419999
G1 X124.988 Y121.518 E.00884
G1 X125.144 Y121.362 E.00675
G1 X124.992 Y121.056 E.01051
SET_VELOCITY_LIMIT ACCEL=6000 ACCEL_TO_DECEL=3000
;TYPE:Gap infill
;WIDTH:0.251954
G1 X124.857 Y121.231 E.00377
SET_VELOCITY_LIMIT ACCEL=4800 ACCEL_TO_DECEL=2400
;TYPE:Internal solid infill
;WIDTH:0.419999
G1 X125.144 Y121.362 E.00967
G1 X125.549 Y120.957 E.01762
SET_VELOCITY_LIMIT ACCEL=6000 ACCEL_TO_DECEL=3000 SQUARE_CORNER_VELOCITY=8
;TYPE:Inner wall
;WIDTH:0.45
G1 X125.549 Y120.852 E.00348
G1 X135.282 Y120.852 E.32285
G1 X140.563 Y130 E.3504
G1 X135.282 Y139.148 E.3504
G1 X124.718 Y139.148 E.3504
G1 X119.437 Y130 E.3504
G1 X124.718 Y120.852 E.3504
G1 X125.549 Y120.852 E.02755
G1 X125.549 Y120.445 E.0135
G1 X135.517 Y120.445 E.33064
G1 X141.033 Y130 E.36599
G1 X135.517 Y139.555 E.36599
G1 X124.483 Y139.555 E.36599
G1 X118.967 Y130 E.36599
G1 X124.483 Y120.445 E.36599
G1 X125.549 Y120.445 E.03535
SET_VELOCITY_LIMIT ACCEL=5000 ACCEL_TO_DECEL=2500
;TYPE:Outer wall
;WIDTH:0.42
G1 X125.549 Y120.01 E.01337
G1 X135.768 Y120.01 E.31399
G1 X141.478 Y129.901 E.35094
G1 X141.535 Y130 E.00351
G1 X135.768 Y139.99 E.35445
G1 X124.232 Y139.99 E.35445
G1 X118.465 Y130 E.35445
G1 X124.232 Y120.01 E.35445
G1 X125.549 Y120.01 E.04046
; stop printing object HexagonalPrism.stl id:0 copy 0
;LAYER_CHANGE
;Z:0.6
;HEIGHT:0.2
;BEFORE_LAYER_CHANGE
;0.6
G92 E0

EXCLUDE_OBJECT_END NAME=HexagonalPrism.stl_id_0_copy_0
G1 Z.6 F30000

;don't support timelapse gcode in spiral_mode and by object sequence for I3 structure printer
;time lapse begin
M5001 G92 E0
M5001 G17
M5001 G2 Z1 I0.86 J0.86 P1 F20000 ; spiral lift a little
M5001 G1 X0 Y180 F24000 ; move to safe pos
M5001 P15
M5001 M400 P300
M5001 G92 E0
;time lapse end

;AFTER_LAYER_CHANGE
;0.6
;_SET_FAN_SPEED_CHANGING_LAYER
; printing object HexagonalPrism.stl id:0 copy 0
EXCLUDE_OBJECT_START NAME=HexagonalPrism.stl_id_0_copy_0
G1 F7369
G1 X135.768 Y120.01 E.31399
G1 X141.4 Y129.765 E.34611
G1 X141.535 Y130 E.00834
G1 X135.768 Y139.99 E.35445
G1 X124.232 Y139.99 E.35445
G1 X118.465 Y130 E.35445
G1 X124.232 Y120.01 E.35445
G1 X125.549 Y120.01 E.04046
SET_VELOCITY_LIMIT ACCEL=6000 ACCEL_TO_DECEL=3000
;TYPE:Inner wall
;WIDTH:0.45
G1 X125.549 Y120.445 E.01443
G1 X135.517 Y120.445 E.33064
G1 X141.033 Y130 E.36599
G1 X135.517 Y139.555 E.36599
G1 X124.483 Y139.555 E.36599
G1 X118.967 Y130 E.36599
G1 X124.483 Y120.445 E.36599
G1 X125.549 Y120.445 E.03535
G1 X125.549 Y120.852 E.0135
G1 X135.282 Y120.852 E.32285
G1 X140.563 Y130 E.3504
G1 X135.282 Y139.148 E.3504
G1 X124.718 Y139.148 E.3504
G1 X119.437 Y130 E.3504
G1 X124.718 Y120.852 E.3504
G1 X125.549 Y120.852 E.02755
G1 X125.549 Y121.259 E.0135
G1 X135.047 Y121.259 E.31505
G1 X135.726 Y122.437 E.0451
G1 X136.155 Y122.366 E.01443
SET_VELOCITY_LIMIT ACCEL=4800 ACCEL_TO_DECEL=2400 SQUARE_CORNER_VELOCITY=12
;TYPE:Internal solid infill
;WIDTH:0.419999
G1 X136.157 Y122.377 E.00035
G1 X136.159 Y122.395 E.00057
G1 X136.161 Y122.414 E.00057
G1 X136.161 Y122.433 E.00057
G1 X136.161 Y122.451 E.00057
G1 X136.16 Y122.47 E.00057
G1 X136.158 Y122.489 E.00057
G1 X136.156 Y122.507 E.00057
G1 X136.152 Y122.525 E.00057
G1 X136.148 Y122.544 E.00057
G1 X136.143 Y122.562 E.00057
G1 X136.137 Y122.579 E.00057
G1 X136.131 Y122.597 E.00057
G1 X136.124 Y122.614 E.00057
G1 X136.116 Y122.631 E.00057
G1 X136.107 Y122.647 E.00057
G1 X136.098 Y122.663 E.00057
G1 X136.087 Y122.679 E.00057
G1 X136.077 Y122.694 E.00057
G1 X136.065 Y122.709 E.00057
G1 X136.053 Y122.723 E.00057
G1 X136.041 Y122.737 E.00057
G1 X136.028 Y122.75 E.00057
G1 X136.014 Y122.763 E.00057
G1 X136 Y122.775 E.00057
G1 X135.985 Y122.787 E.00057
G1 X135.97 Y122.797 E.00057
G1 X135.954 Y122.807 E.00057
G1 X135.938 Y122.817 E.00057
G1 X135.921 Y122.825 E.00057
G1 X135.904 Y122.833 E.00057
G1 X135.887 Y122.841 E.00057
G1 X135.87 Y122.847 E.00057
G1 X135.852 Y122.853 E.00057
G1 X135.834 Y122.858 E.00057
G1 X135.816 Y122.862 E.00057
G1 X135.798 Y122.866 E.00057
G1 X135.779 Y122.868 E.00057
G1 X135.761 Y122.87 E.00057
G1 X135.742 Y122.871 E.00057
G1 X135.723 Y122.872 E.00057
G1 X135.705 Y122.871 E.00057
G1 X135.686 Y122.87 E.00057
G1 X135.668 Y122.868 E.00057
G1 X135.649 Y122.865 E.00057
G1 X135.631 Y122.861 E.00057
G1 X135.613 Y122.857 E.00057
G1 X135.595 Y122.851 E.00057
G1 X135.577 Y122.845 E.00057
G1 X135.56 Y122.838 E.00057
G1 X135.543 Y122.831 E.00057
G1 X135.526 Y122.823 E.00057
G1 X135.51 Y122.814 E.00057
G1 X135.494 Y122.804 E.00057
G1 X135.478 Y122.794 E.00057
G1 X135.463 Y122.783 E.00057
G1 X135.448 Y122.771 E.00057
G1 X135.434 Y122.759 E.00057
G1 X135.421 Y122.746 E.00057
G1 X135.408 Y122.733 E.00057
G1 X135.395 Y122.719 E.00057
G1 X135.384 Y122.704 E.00057
G1 X135.372 Y122.69 E.00057
G1 X135.362 Y122.674 E.00057
G1 X135.35 Y122.654 E.00072
G1 X134.795 Y121.694 E.03406
G1 X134.296 Y121.694 E.01535
G1 X134.795 Y121.694 E.01535
G1 X135.35 Y122.654 E.03406
G1 X135.362 Y122.674 E.00072
G1 X135.372 Y122.69 E.00057
G1 X135.384 Y122.704 E.00057
G1 X135.395 Y122.719 E.00057
G1 X135.408 Y122.733 E.00057
G1 X135.421 Y122.746 E.00057
G1 X135.434 Y122.759 E.00057
G1 X135.448 Y122.771 E.00057
G1 X135.463 Y122.783 E.00057
G1 X135.478 Y122.794 E.00057
G1 X135.494 Y122.804 E.00057
G1 X135.51 Y122.814 E.00057
G1 X135.526 Y122.823 E.00057
G1 X135.543 Y122.831 E.00057
G1 X135.56 Y122.838 E.00057
G1 X135.577 Y122.845 E.00057
G1 X135.595 Y122.851 E.00057
G1 X135.613 Y122.857 E.00057
G1 X135.631 Y122.861 E.00057
G1 X135.649 Y122.865 E.00057
G1 X135.668 Y122.868 E.00057
G1 X135.686 Y122.87 E.00057
G1 X135.705 Y122.871 E.00057
G1 X135.723 Y122.872 E.00057
G1 X135.742 Y122.871 E.00057
G1 X135.761 Y122.87 E.00057
G1 X135.779 Y122.868 E.00057
G1 X135.798 Y122.866 E.00057
G1 X135.816 Y122.862 E.00057
G1 X135.834 Y122.858 E.00057
G1 X135.852 Y122.853 E.00057
G1 X135.87 Y122.847 E.00057
G1 X135.887 Y122.841 E.00057
G1 X135.904 Y122.833 E.00057
G1 X135.921 Y122.825 E.00057
G1 X135.938 Y122.817 E.00057
G1 X135.954 Y122.807 E.00057
G1 X135.968 Y122.798 E.00051
G1 X136.253 Y123.084 E.01239
G1 X136.981 Y124.345 E.04477
G1 X134.33 Y121.694 E.11521
G1 X133.763 Y121.694 E.01744
G1 X133.229 Y121.694 E.01639
G1 X133.797 Y121.694 E.01744
G1 X136.918 Y124.815 E.13562
G1 X137.182 Y124.704 E.0088
SET_VELOCITY_LIMIT ACCEL=6000 ACCEL_TO_DECEL=3000
;TYPE:Gap infill
;WIDTH:0.181971
G1 X137.049 Y124.531 E.00247
SET_VELOCITY_LIMIT ACCEL=4800 ACCEL_TO_DECEL=2400
;TYPE:Internal solid infill
;WIDTH:0.419999
G1 X136.918 Y124.815 E.00962
G1 X137.071 Y124.968 E.00665
G1 X137.315 Y124.877 E.008
SET_VELOCITY_LIMIT ACCEL=6000 ACCEL_TO_DECEL=3000
;TYPE:Gap infill
;WIDTH:0.158521
G1 X137.182 Y124.704 E.00206
SET_VELOCITY_LIMIT ACCEL=4800 ACCEL_TO_DECEL=2400
;TYPE:Internal solid infill
;WIDTH:0.419999
G1 X137.071 Y124.968 E.0088
G1 X137.224 Y125.121 E.00665
G1 X137.448 Y125.05 E.00721
SET_VELOCITY_LIMIT ACCEL=6000 ACCEL_TO_DECEL=3000
;TYPE:Gap infill
;WIDTH:0.11162
G1 X137.315 Y124.877 E.00122
SET_VELOCITY_LIMIT ACCEL=4800 ACCEL_TO_DECEL=2400
;TYPE:Internal solid infill
;WIDTH:0.419999
G1 X137.224 Y125.121 E.008
G1 X137.71 Y125.607 E.02112
G1 X138.438 Y126.869 E.04477
G1 X138.61 Y127.19 E.01121
SET_VELOCITY_LIMIT ACCEL=6000 ACCEL_TO_DECEL=3000
;TYPE:Gap infill
;WIDTH:0.192253
G1 X138.506 Y127.055 E.00208
SET_VELOCITY_LIMIT ACCEL=4800 ACCEL_TO_DECEL=2400
;TYPE:Internal solid infill
;WIDTH:0.419999
G1 X138.438 Y126.869 E.00607
G1 X133.264 Y121.694 E.22486
G1 X132.696 Y121.694 E.01744
G1 X132.163 Y121.694 E.01639
G1 X132.73 Y121.694 E.01744
G1 X138.479 Y127.442 E.24978
G1 X138.715 Y127.326 E.00808
SET_VELOCITY_LIMIT ACCEL=6000 ACCEL_TO_DECEL=3000
;TYPE:Gap infill
;WIDTH:0.173944
G1 X138.61 Y127.19 E.00183
SET_VELOCITY_LIMIT ACCEL=4800 ACCEL_TO_DECEL=2400
;TYPE:Internal solid infill
;WIDTH:0.419999
G1 X138.479 Y127.442 E.00874
G1 X138.599 Y127.562 E.00522
G1 X138.819 Y127.462 E.00744
SET_VELOCITY_LIMIT ACCEL=6000 ACCEL_TO_DECEL=3000
;TYPE:Gap infill
;WIDTH:0.137325
G1 X138.715 Y127.326 E.00132
SET_VELOCITY_LIMIT ACCEL=4800 ACCEL_TO_DECEL=2400
;TYPE:Internal solid infill
;WIDTH:0.419999
G1 X138.599 Y127.562 E.00808
G1 X138.708 Y127.672 E.00475
G1 X138.905 Y127.574 E.00675
SET_VELOCITY_LIMIT ACCEL=6000 ACCEL_TO_DECEL=3000
;TYPE:Gap infill
;WIDTH:0.103592
G1 X138.819 Y127.462 E.0007
SET_VELOCITY_LIMIT ACCEL=4800 ACCEL_TO_DECEL=2400
;TYPE:Internal solid infill
;WIDTH:0.419999
G1 X138.708 Y127.672 E.00729
G1 X139.167 Y128.131 E.01994
G1 X139.895 Y129.392 E.04477
G1 X140.079 Y129.729 E.01178
SET_VELOCITY_LIMIT ACCEL=6000 ACCEL_TO_DECEL=3000
;TYPE:Gap infill
;WIDTH:0.190673
G1 X139.963 Y129.578 E.00229
SET_VELOCITY_LIMIT ACCEL=4800 ACCEL_TO_DECEL=2400
;TYPE:Internal solid infill
;WIDTH:0.419999
G1 X139.895 Y129.392 E.00607
G1 X132.197 Y121.694 E.33452
G1 X131.63 Y121.694 E.01744
G1 X131.096 Y121.694 E.01639
G1 X131.664 Y121.694 E.01744
G1 X139.955 Y129.986 E.3603
G1 X140.195 Y129.88 E.00804
SET_VELOCITY_LIMIT ACCEL=6000 ACCEL_TO_DECEL=3000
;TYPE:Gap infill
;WIDTH:0.171573
G1 X140.079 Y129.729 E.00199
SET_VELOCITY_LIMIT ACCEL=4800 ACCEL_TO_DECEL=2400
;TYPE:Internal solid infill
;WIDTH:0.419999
G1 X139.955 Y129.986 E.00875
G1 X140.089 Y130.119 E.00579
G1 X140.31 Y130.031 E.00733
SET_VELOCITY_LIMIT ACCEL=6000 ACCEL_TO_DECEL=3000
;TYPE:Gap infill
;WIDTH:0.133374
G1 X140.195 Y129.88 E.0014
SET_VELOCITY_LIMIT ACCEL=4800 ACCEL_TO_DECEL=2400
;TYPE:Internal solid infill
;WIDTH:0.419999
G1 X140.089 Y130.119 E.00804
G1 X140.145 Y130.175 E.00245
G1 X139.95 Y130.513 E.012
G1 X131.131 Y121.694 E.38323
G1 X130.563 Y121.694 E.01744
G1 X130.03 Y121.694 E.01639
G1 X130.597 Y121.694 E.01744
G1 X139.755 Y130.851 E.39793
G1 X139.559 Y131.189 E.012
G1 X130.064 Y121.694 E.41262
G1 X129.497 Y121.694 E.01744
G1 X128.963 Y121.694 E.01639
G1 X129.531 Y121.694 E.01744
G1 X139.364 Y131.528 E.42731
G1 X139.169 Y131.866 E.012
G1 X128.998 Y121.694 E.442
G1 X128.43 Y121.694 E.01744
G1 X127.897 Y121.694 E.01639
G1 X128.464 Y121.694 E.01744
G1 X138.974 Y132.204 E.45669
G1 X138.779 Y132.542 E.012
G1 X127.931 Y121.694 E.47138
G1 X127.363 Y121.694 E.01744
M73 P19 R10
G1 X126.83 Y121.694 E.01639
G1 X127.398 Y121.694 E.01744
G1 X138.583 Y132.88 E.48607
G1 X138.388 Y133.218 E.012
G1 X126.865 Y121.694 E.50076
G1 X126.297 Y121.694 E.01744
G1 X125.549 Y121.694 E.02298
G1 X125.53 Y121.694 E.00057
G1 X125.512 Y121.693 E.00057
G1 X125.493 Y121.691 E.00057
G1 X125.475 Y121.688 E.00057
G1 X125.456 Y121.684 E.00057
G1 X125.438 Y121.68 E.00057
G1 X125.42 Y121.675 E.00057
G1 X125.403 Y121.669 E.00057
G1 X125.385 Y121.662 E.00057
G1 X125.368 Y121.655 E.00057
G1 X125.351 Y121.647 E.00057
G1 X125.335 Y121.638 E.00057
G1 X125.319 Y121.628 E.00057
G1 X125.303 Y121.618 E.00057
G1 X125.288 Y121.607 E.00057
G1 X125.273 Y121.596 E.00057
G1 X125.259 Y121.584 E.00057
G1 X125.246 Y121.571 E.00057
G1 X125.233 Y121.558 E.00057
G1 X125.22 Y121.544 E.00057
G1 X125.208 Y121.529 E.00057
G1 X125.197 Y121.514 E.00057
G1 X125.186 Y121.499 E.00057
G1 X125.176 Y121.483 E.00057
G1 X125.167 Y121.467 E.00057
G1 X125.158 Y121.451 E.00057
G1 X125.151 Y121.434 E.00057
G1 X125.143 Y121.416 E.00057
G1 X125.137 Y121.399 E.00057
G1 X125.131 Y121.381 E.00057
G1 X125.127 Y121.363 E.00057
G1 X125.123 Y121.345 E.00057
G1 X125.119 Y121.327 E.00057
G1 X125.117 Y121.308 E.00057
G1 X125.115 Y121.29 E.00057
G1 X125.114 Y121.271 E.00057
G1 X125.114 Y121.252 E.00057
G1 X125.115 Y121.234 E.00057
G1 X125.116 Y121.215 E.00057
G1 X125.119 Y121.196 E.00057
G1 X125.122 Y121.178 E.00057
G1 X125.126 Y121.16 E.00057
G1 X125.13 Y121.142 E.00057
G1 X125.136 Y121.124 E.00057
G1 X125.142 Y121.106 E.00057
G1 X125.149 Y121.089 E.00057
G1 X125.156 Y121.072 E.00057
G1 X125.165 Y121.055 E.00057
G1 X125.174 Y121.039 E.00057
G1 X125.184 Y121.023 E.00057
G1 X125.194 Y121.008 E.00057
G1 X125.205 Y120.993 E.00057
G1 X125.217 Y120.978 E.00057
G1 X125.229 Y120.964 E.00057
G1 X125.242 Y120.951 E.00057
G1 X125.256 Y120.938 E.00057
G1 X125.27 Y120.926 E.00057
G1 X125.284 Y120.914 E.00057
G1 X125.299 Y120.903 E.00057
G1 X125.315 Y120.893 E.00057
G1 X125.331 Y120.883 E.00057
G1 X125.347 Y120.874 E.00057
G1 X125.364 Y120.866 E.00057
G1 X125.381 Y120.858 E.00057
G1 X125.396 Y120.852 E.00049
G1 X125.381 Y120.858 E.00049
G1 X125.364 Y120.866 E.00057
G1 X125.347 Y120.874 E.00057
G1 X125.331 Y120.883 E.00057
G1 X125.315 Y120.893 E.00057
G1 X125.299 Y120.903 E.00057
G1 X125.284 Y120.914 E.00057
G1 X125.27 Y120.926 E.00057
G1 X125.256 Y120.938 E.00057
G1 X125.242 Y120.951 E.00057
G1 X125.229 Y120.964 E.00057
G1 X125.217 Y120.978 E.00057
G1 X125.205 Y120.993 E.00057
G1 X125.194 Y121.008 E.00057
G1 X125.184 Y121.023 E.00057
G1 X125.174 Y121.039 E.00057
G1 X125.165 Y121.055 E.00057
G1 X125.156 Y121.072 E.00057
G1 X125.149 Y121.089 E.00057
G1 X125.142 Y121.106 E.00057
G1 X125.136 Y121.124 E.00057
G1 X125.13 Y121.142 E.00057
G1 X125.126 Y121.16 E.00057
G1 X125.122 Y121.178 E.00057
G1 X125.119 Y121.196 E.00057
G1 X125.116 Y121.215 E.00057
G1 X125.115 Y121.234 E.00057
G1 X125.114 Y121.252 E.00057
G1 X125.114 Y121.271 E.00057
G1 X125.115 Y121.29 E.00057
G1 X125.117 Y121.308 E.00057
G1 X125.119 Y121.327 E.00057
G1 X125.123 Y121.345 E.00057
G1 X125.127 Y121.363 E.00057
G1 X125.131 Y121.381 E.00057
G1 X125.137 Y121.399 E.00057
G1 X125.143 Y121.416 E.00057
G1 X125.151 Y121.434 E.00057
G1 X125.158 Y121.451 E.00057
G1 X125.167 Y121.467 E.00057
G1 X125.176 Y121.483 E.00057
G1 X125.186 Y121.499 E.00057
G1 X125.197 Y121.514 E.00057
G1 X125.208 Y121.529 E.00057
G1 X125.22 Y121.544 E.00057
G1 X125.233 Y121.558 E.00057
G1 X125.246 Y121.571 E.00057
G1 X125.259 Y121.584 E.00057
G1 X125.273 Y121.596 E.00057
G1 X125.288 Y121.607 E.00057
G1 X125.303 Y121.618 E.00057
G1 X125.319 Y121.628 E.00057
G1 X125.335 Y121.638 E.00057
G1 X125.351 Y121.647 E.00057
G1 X125.368 Y121.655 E.00057
G1 X125.385 Y121.662 E.00057
G1 X125.403 Y121.669 E.00057
G1 X125.42 Y121.675 E.00057
G1 X125.438 Y121.68 E.00057
G1 X125.456 Y121.684 E.00057
G1 X125.475 Y121.688 E.00057
G1 X125.493 Y121.691 E.00057
G1 X125.512 Y121.693 E.00057
G1 X125.53 Y121.694 E.00057
G1 X125.549 Y121.694 E.00057
G1 X126.331 Y121.694 E.02403
G1 X138.193 Y133.556 E.51546
G1 X137.998 Y133.894 E.012
G1 X125.798 Y121.694 E.53015
G1 X125.549 Y121.694 E.00765
G1 X125.53 Y121.694 E.00057
G1 X125.512 Y121.693 E.00057
G1 X125.493 Y121.691 E.00057
G1 X125.475 Y121.688 E.00057
G1 X125.456 Y121.684 E.00057
G1 X125.438 Y121.68 E.00057
G1 X125.42 Y121.675 E.00057
G1 X125.403 Y121.669 E.00057
G1 X125.385 Y121.662 E.00057
G1 X125.368 Y121.655 E.00057
G1 X125.351 Y121.647 E.00057
G1 X125.335 Y121.638 E.00057
G1 X125.319 Y121.628 E.00057
G1 X125.303 Y121.618 E.00057
G1 X125.288 Y121.607 E.00057
G1 X125.273 Y121.596 E.00057
G1 X125.259 Y121.584 E.00057
G1 X125.246 Y121.571 E.00057
G1 X125.233 Y121.558 E.00057
G1 X125.22 Y121.544 E.00057
G1 X125.208 Y121.529 E.00057
G1 X125.197 Y121.514 E.00057
G1 X125.186 Y121.499 E.00057
G1 X125.176 Y121.483 E.00057
G1 X125.167 Y121.467 E.00057
G1 X125.158 Y121.451 E.00057
G1 X125.151 Y121.434 E.00057
G1 X125.143 Y121.416 E.00057
G1 X125.137 Y121.399 E.00057
G1 X125.131 Y121.381 E.00057
G1 X125.127 Y121.363 E.00057
G1 X125.123 Y121.345 E.00057
G1 X125.119 Y121.327 E.00057
G1 X125.117 Y121.308 E.00057
G1 X125.115 Y121.29 E.00057
G1 X125.114 Y121.271 E.00057
G1 X125.114 Y121.252 E.00057
G1 X125.115 Y121.234 E.00057
G1 X125.116 Y121.215 E.00057
G1 X125.119 Y121.196 E.00057
G1 X125.122 Y121.178 E.00057
G1 X125.126 Y121.16 E.00057
G1 X125.13 Y121.142 E.00057
G1 X125.136 Y121.124 E.00057
G1 X125.142 Y121.106 E.00057
G1 X125.147 Y121.093 E.00043
G1 X125.142 Y121.106 E.00043
G1 X125.136 Y121.124 E.00057
G1 X125.135 Y121.127 E.00008
G1 X124.877 Y121.127 E.00792
G1 X124.811 Y121.241 E.00404
G1 X137.803 Y134.232 E.56455
G1 X137.608 Y134.57 E.012
G1 X124.616 Y121.579 E.56455
G1 X124.421 Y121.917 E.012
G1 X137.412 Y134.908 E.56455
G1 X137.217 Y135.246 E.012
G1 X124.226 Y122.255 E.56455
G1 X124.03 Y122.593 E.012
G1 X137.022 Y135.585 E.56455
G1 X136.827 Y135.923 E.012
G1 X123.835 Y122.931 E.56455
G1 X123.64 Y123.269 E.012
G1 X136.632 Y136.261 E.56455
G1 X136.436 Y136.599 E.012
G1 X123.445 Y123.607 E.56455
G1 X123.25 Y123.945 E.012
G1 X136.241 Y136.937 E.56455
G1 X136.046 Y137.275 E.012
G1 X123.054 Y124.283 E.56455
G1 X122.859 Y124.621 E.012
G1 X135.851 Y137.613 E.56455
G1 X135.656 Y137.951 E.012
G1 X122.664 Y124.959 E.56455
G1 X122.469 Y125.297 E.012
G1 X135.46 Y138.289 E.56455
G1 X135.265 Y138.627 E.012
G1 X122.274 Y125.636 E.56455
G1 X122.078 Y125.974 E.012
G1 X134.978 Y138.873 E.56056
G1 X134.445 Y138.873 E.01639
G1 X121.883 Y126.312 E.54587
G1 X121.688 Y126.65 E.012
G1 X133.912 Y138.873 E.53118
G1 X133.378 Y138.873 E.01639
G1 X121.493 Y126.988 E.51648
G1 X121.298 Y127.326 E.012
G1 X132.845 Y138.873 E.50179
G1 X132.312 Y138.873 E.01639
G1 X121.102 Y127.664 E.4871
G1 X120.907 Y128.002 E.012
G1 X131.779 Y138.873 E.47241
G1 X131.245 Y138.873 E.01639
G1 X120.712 Y128.34 E.45772
G1 X120.517 Y128.678 E.012
G1 X130.712 Y138.873 E.44303
G1 X130.179 Y138.873 E.01639
G1 X120.322 Y129.016 E.42834
G1 X120.127 Y129.354 E.012
G1 X129.646 Y138.873 E.41365
G1 X129.112 Y138.873 E.01639
G1 X119.931 Y129.693 E.39896
G1 X119.754 Y130 E.01091
G1 X119.82 Y130.114 E.00405
G1 X120.306 Y130.6 E.02112
G1 X120.215 Y130.844 E.008
SET_VELOCITY_LIMIT ACCEL=6000 ACCEL_TO_DECEL=3000
;TYPE:Gap infill
;WIDTH:0.13507
G1 X120.082 Y130.671 E.00164
SET_VELOCITY_LIMIT ACCEL=4800 ACCEL_TO_DECEL=2400
;TYPE:Internal solid infill
;WIDTH:0.419999
G1 X120.306 Y130.6 E.00721
G1 X120.459 Y130.753 E.00665
G1 X120.348 Y131.017 E.0088
SET_VELOCITY_LIMIT ACCEL=6000 ACCEL_TO_DECEL=3000
;TYPE:Gap infill
;WIDTH:0.158521
G1 X120.215 Y130.844 E.00206
SET_VELOCITY_LIMIT ACCEL=4800 ACCEL_TO_DECEL=2400
;TYPE:Internal solid infill
;WIDTH:0.419999
G1 X120.459 Y130.753 E.008
G1 X120.612 Y130.906 E.00665
G1 X120.481 Y131.19 E.00962
SET_VELOCITY_LIMIT ACCEL=6000 ACCEL_TO_DECEL=3000
;TYPE:Gap infill
;WIDTH:0.205422
G1 X120.348 Y131.017 E.00289
SET_VELOCITY_LIMIT ACCEL=4800 ACCEL_TO_DECEL=2400
;TYPE:Internal solid infill
;WIDTH:0.419999
G1 X120.612 Y130.906 E.0088
G1 X128.579 Y138.873 E.34622
G1 X128.046 Y138.873 E.01639
G1 X120.548 Y131.376 E.3258
G1 X121.277 Y132.638 E.04477
G1 X121.763 Y133.124 E.02112
G1 X121.672 Y133.368 E.008
SET_VELOCITY_LIMIT ACCEL=6000 ACCEL_TO_DECEL=3000
;TYPE:Gap infill
;WIDTH:0.13507
G1 X121.539 Y133.194 E.00164
SET_VELOCITY_LIMIT ACCEL=4800 ACCEL_TO_DECEL=2400
;TYPE:Internal solid infill
;WIDTH:0.419999
G1 X121.763 Y133.124 E.00721
G1 X121.916 Y133.277 E.00665
G1 X121.805 Y133.541 E.0088
SET_VELOCITY_LIMIT ACCEL=6000 ACCEL_TO_DECEL=3000
;TYPE:Gap infill
;WIDTH:0.158521
G1 X121.672 Y133.368 E.00206
SET_VELOCITY_LIMIT ACCEL=4800 ACCEL_TO_DECEL=2400
;TYPE:Internal solid infill
;WIDTH:0.419999
G1 X121.916 Y133.277 E.008
G1 X122.069 Y133.43 E.00665
G1 X121.937 Y133.714 E.00962
SET_VELOCITY_LIMIT ACCEL=6000 ACCEL_TO_DECEL=3000
;TYPE:Gap infill
;WIDTH:0.205422
G1 X121.805 Y133.541 E.00289
SET_VELOCITY_LIMIT ACCEL=4800 ACCEL_TO_DECEL=2400
;TYPE:Internal solid infill
;WIDTH:0.419999
G1 X122.069 Y133.43 E.0088
G1 X127.512 Y138.873 E.23656
G1 X126.979 Y138.873 E.01639
G1 X122.005 Y133.899 E.21614
G1 X122.734 Y135.161 E.04477
G1 X123.22 Y135.647 E.02112
G1 X123.129 Y135.891 E.008
SET_VELOCITY_LIMIT ACCEL=6000 ACCEL_TO_DECEL=3000
;TYPE:Gap infill
;WIDTH:0.13507
G1 X122.996 Y135.718 E.00164
SET_VELOCITY_LIMIT ACCEL=4800 ACCEL_TO_DECEL=2400
;TYPE:Internal solid infill
;WIDTH:0.419999
G1 X123.22 Y135.647 E.00721
G1 X123.373 Y135.8 E.00665
G1 X123.262 Y136.064 E.0088
SET_VELOCITY_LIMIT ACCEL=6000 ACCEL_TO_DECEL=3000
;TYPE:Gap infill
;WIDTH:0.158521
G1 X123.129 Y135.891 E.00206
SET_VELOCITY_LIMIT ACCEL=4800 ACCEL_TO_DECEL=2400
;TYPE:Internal solid infill
;WIDTH:0.419999
G1 X123.373 Y135.8 E.008
G1 X123.526 Y135.953 E.00665
G1 X123.394 Y136.237 E.00962
SET_VELOCITY_LIMIT ACCEL=6000 ACCEL_TO_DECEL=3000
;TYPE:Gap infill
;WIDTH:0.205422
G1 X123.262 Y136.064 E.00289
SET_VELOCITY_LIMIT ACCEL=4800 ACCEL_TO_DECEL=2400
;TYPE:Internal solid infill
;WIDTH:0.419999
G1 X123.526 Y135.953 E.0088
G1 X126.446 Y138.873 E.1269
G1 X125.913 Y138.873 E.01639
G1 X123.462 Y136.423 E.10649
G1 X124.191 Y137.685 E.04477
G1 X124.678 Y138.172 E.02117
G1 X124.588 Y138.417 E.00803
SET_VELOCITY_LIMIT ACCEL=6000 ACCEL_TO_DECEL=3000
;TYPE:Gap infill
;WIDTH:0.134965
G1 X124.453 Y138.241 E.00166
SET_VELOCITY_LIMIT ACCEL=4800 ACCEL_TO_DECEL=2400
;TYPE:Internal solid infill
;WIDTH:0.419999
G1 X124.678 Y138.172 E.00723
G1 X124.833 Y138.327 E.00675
G1 X124.723 Y138.593 E.00884
SET_VELOCITY_LIMIT ACCEL=6000 ACCEL_TO_DECEL=3000
;TYPE:Gap infill
;WIDTH:0.158362
G1 X124.588 Y138.417 E.00208
SET_VELOCITY_LIMIT ACCEL=4800 ACCEL_TO_DECEL=2400
;TYPE:Internal solid infill
;WIDTH:0.419999
G1 X124.833 Y138.327 E.00803
G1 X124.988 Y138.482 E.00675
G1 X124.857 Y138.769 E.00967
SET_VELOCITY_LIMIT ACCEL=6000 ACCEL_TO_DECEL=3000
;TYPE:Gap infill
;WIDTH:0.205158
G1 X124.723 Y138.593 E.00293
SET_VELOCITY_LIMIT ACCEL=4800 ACCEL_TO_DECEL=2400
;TYPE:Internal solid infill
;WIDTH:0.419999
G1 X124.988 Y138.482 E.00884
G1 X125.144 Y138.638 E.00675
G1 X124.992 Y138.944 E.01051
SET_VELOCITY_LIMIT ACCEL=6000 ACCEL_TO_DECEL=3000
;TYPE:Gap infill
;WIDTH:0.251953
G1 X124.857 Y138.769 E.00377
SET_VELOCITY_LIMIT ACCEL=4800 ACCEL_TO_DECEL=2400
;TYPE:Internal solid infill
;WIDTH:0.419999
G1 X125.144 Y138.638 E.00967
G1 X125.549 Y139.043 E.01762
; stop printing object HexagonalPrism.stl id:0 copy 0
;LAYER_CHANGE
;Z:0.8
;HEIGHT:0.2
;BEFORE_LAYER_CHANGE
;0.8
G92 E0

EXCLUDE_OBJECT_END NAME=HexagonalPrism.stl_id_0_copy_0
G1 Z.8 F30000

;don't support timelapse gcode in spiral_mode and by object sequence for I3 structure printer
;time lapse begin
M5001 G92 E0
M5001 G17
M5001 G2 Z1.2 I0.86 J0.86 P1 F20000 ; spiral lift a little
M5001 G1 X0 Y180 F24000 ; move to safe pos
M5001 P15
M5001 M400 P300
M5001 G92 E0
;time lapse end

;AFTER_LAYER_CHANGE
;0.8
;_SET_FAN_SPEED_CHANGING_LAYER
; printing object HexagonalPrism.stl id:0 copy 0
SET_VELOCITY_LIMIT ACCEL=6000 ACCEL_TO_DECEL=3000
EXCLUDE_OBJECT_START NAME=HexagonalPrism.stl_id_0_copy_0
SET_VELOCITY_LIMIT SQUARE_CORNER_VELOCITY=8
;TYPE:Inner wall
;WIDTH:0.45
G1 F2487
G1 X125.549 Y138.741 E.01003
G1 X124.953 Y138.741 E.01976
G1 X121.287 Y132.39 E.24327
G1 X120.838 Y132.427 E.01492
SET_VELOCITY_LIMIT SQUARE_CORNER_VELOCITY=12
;TYPE:Sparse infill
G1 X120.837 Y132.417 E.00036
G1 X120.837 Y132.398 E.00063
G1 X120.837 Y132.379 E.00063
G1 X120.838 Y132.36 E.00063
G1 X120.839 Y132.341 E.00063
G1 X120.842 Y132.322 E.00063
G1 X120.845 Y132.303 E.00063
G1 X120.849 Y132.285 E.00063
G1 X120.854 Y132.266 E.00063
G1 X120.859 Y132.248 E.00063
G1 X120.866 Y132.23 E.00063
G1 X120.873 Y132.213 E.00063
G1 X120.881 Y132.195 E.00063
G1 X120.889 Y132.179 E.00063
G1 X120.898 Y132.162 E.00063
G1 X120.908 Y132.146 E.00063
G1 X120.919 Y132.13 E.00063
G1 X120.93 Y132.115 E.00063
G1 X120.942 Y132.1 E.00063
G1 X120.955 Y132.086 E.00063
G1 X120.968 Y132.072 E.00063
G1 X120.981 Y132.059 E.00063
G1 X120.996 Y132.046 E.00063
G1 X121.01 Y132.034 E.00063
G1 X121.026 Y132.023 E.00063
G1 X121.041 Y132.012 E.00063
G1 X121.057 Y132.002 E.00063
G1 X121.074 Y131.993 E.00063
G1 X121.091 Y131.984 E.00063
G1 X121.108 Y131.977 E.00063
G1 X121.126 Y131.969 E.00063
G1 X121.144 Y131.963 E.00063
G1 X121.162 Y131.957 E.00063
G1 X121.18 Y131.952 E.00063
G1 X121.199 Y131.948 E.00063
G1 X121.217 Y131.945 E.00063
G1 X121.236 Y131.942 E.00063
G1 X121.255 Y131.941 E.00063
G1 X121.274 Y131.94 E.00063
G1 X121.293 Y131.94 E.00063
G1 X121.312 Y131.94 E.00063
G1 X121.331 Y131.942 E.00063
G1 X121.35 Y131.944 E.00063
G1 X121.368 Y131.947 E.00063
G1 X121.387 Y131.951 E.00063
G1 X121.405 Y131.956 E.00063
G1 X121.423 Y131.961 E.00063
G1 X121.441 Y131.967 E.00063
G1 X121.459 Y131.974 E.00063
G1 X121.476 Y131.982 E.00063
G1 X121.493 Y131.99 E.00063
G1 X121.51 Y131.999 E.00063
G1 X121.526 Y132.009 E.00063
G1 X121.542 Y132.019 E.00063
G1 X121.558 Y132.03 E.00063
G1 X121.573 Y132.042 E.00063
G1 X121.587 Y132.054 E.00063
G1 X121.601 Y132.067 E.00063
G1 X121.614 Y132.081 E.00063
G1 X121.627 Y132.095 E.00063
G1 X121.639 Y132.11 E.00063
G1 X121.65 Y132.125 E.00063
G1 X121.661 Y132.14 E.00063
G1 X121.671 Y132.156 E.00063
G1 X121.676 Y132.165 E.00032
G1 X123.077 Y134.591 E.09295
G1 X127.345 Y138.858 E.20018
G1 X131.183 Y138.858 E.12731
G1 X120.706 Y128.382 E.4915
G1 X122.11 Y125.948 E.0932
M73 P20 R10
G1 X135.02 Y138.858 E.60564
G1 X135.114 Y138.858 E.00312
G1 X136.485 Y136.485 E.09092
G1 X123.515 Y123.515 E.60844
G1 X124.886 Y121.142 E.09092
G1 X124.98 Y121.142 E.00312
G1 X137.89 Y134.052 E.60564
G1 X139.294 Y131.618 E.0932
G1 X128.818 Y121.142 E.49149
G1 X132.655 Y121.142 E.12731
G1 X138.974 Y127.46 E.29641
SET_VELOCITY_LIMIT SQUARE_CORNER_VELOCITY=8
;TYPE:Inner wall
G1 X139.066 Y127.407 E.00353
G1 X140.563 Y130 E.09933
G1 X135.282 Y139.148 E.3504
G1 X124.718 Y139.148 E.3504
G1 X119.437 Y130 E.3504
G1 X124.718 Y120.852 E.3504
G1 X135.282 Y120.852 E.3504
G1 X139.066 Y127.407 E.25107
G1 X139.418 Y127.203 E.0135
G1 X140.945 Y129.846 E.10124
G1 X141.033 Y130 E.00588
G1 X135.517 Y139.555 E.36599
G1 X124.483 Y139.555 E.36599
G1 X118.967 Y130 E.36599
G1 X124.483 Y120.445 E.36599
G1 X135.517 Y120.445 E.36599
G1 X139.418 Y127.203 E.25887
SET_VELOCITY_LIMIT ACCEL=5000 ACCEL_TO_DECEL=2500
;TYPE:Outer wall
;WIDTH:0.42
G1 X139.795 Y126.986 E.01337
G1 X141.321 Y129.629 E.09378
G1 X141.535 Y130 E.01316
G1 X135.768 Y139.99 E.35445
G1 X124.232 Y139.99 E.35445
G1 X118.465 Y130 E.35445
G1 X124.232 Y120.01 E.35445
G1 X135.768 Y120.01 E.35445
G1 X139.795 Y126.986 E.24751
; stop printing object HexagonalPrism.stl id:0 copy 0
;LAYER_CHANGE
;Z:1
;HEIGHT:0.2
;BEFORE_LAYER_CHANGE
;1
G92 E0

EXCLUDE_OBJECT_END NAME=HexagonalPrism.stl_id_0_copy_0
G1 Z1 F30000

;don't support timelapse gcode in spiral_mode and by object sequence for I3 structure printer
;time lapse begin
M5001 G92 E0
M5001 G17
M5001 G2 Z1.4 I0.86 J0.86 P1 F20000 ; spiral lift a little
M5001 G1 X0 Y180 F24000 ; move to safe pos
M5001 P15
M5001 M400 P300
M5001 G92 E0
;time lapse end

;AFTER_LAYER_CHANGE
;1
;_SET_FAN_SPEED_CHANGING_LAYER
; printing object HexagonalPrism.stl id:0 copy 0
EXCLUDE_OBJECT_START NAME=HexagonalPrism.stl_id_0_copy_0
G1 F9000
G1 F2410
G1 X141.243 Y129.493 E.08896
G1 X141.535 Y130 E.01799
G1 X135.768 Y139.99 E.35445
G1 X124.232 Y139.99 E.35445
M73 P21 R10
G1 X118.465 Y130 E.35445
G1 X124.232 Y120.01 E.35445
G1 X135.768 Y120.01 E.35445
G1 X139.795 Y126.986 E.24751
SET_VELOCITY_LIMIT ACCEL=6000 ACCEL_TO_DECEL=3000
;TYPE:Inner wall
;WIDTH:0.45
G1 X139.418 Y127.203 E.01443
G1 X140.866 Y129.711 E.09604
G1 X141.033 Y130 E.01109
G1 X135.517 Y139.555 E.36599
G1 X124.483 Y139.555 E.36599
G1 X118.967 Y130 E.36599
G1 X124.483 Y120.445 E.36599
G1 X135.517 Y120.445 E.36599
G1 X139.418 Y127.203 E.25887
G1 X139.066 Y127.407 E.0135
G1 X140.513 Y129.914 E.09604
G1 X140.563 Y130 E.00329
G1 X135.282 Y139.148 E.3504
G1 X124.718 Y139.148 E.3504
M73 P21 R9
G1 X119.437 Y130 E.3504
G1 X124.718 Y120.852 E.3504
G1 X135.282 Y120.852 E.3504
G1 X139.066 Y127.407 E.25107
G1 X138.974 Y127.46 E.00353
SET_VELOCITY_LIMIT SQUARE_CORNER_VELOCITY=12
;TYPE:Sparse infill
G1 X132.655 Y121.142 E.29641
G1 X128.818 Y121.142 E.12731
G1 X139.294 Y131.618 E.49149
G1 X137.89 Y134.052 E.0932
G1 X124.98 Y121.142 E.60564
G1 X124.886 Y121.142 E.00312
G1 X123.515 Y123.515 E.09092
G1 X136.485 Y136.485 E.60844
G1 X135.114 Y138.858 E.09092
G1 X135.02 Y138.858 E.00312
G1 X122.11 Y125.948 E.60564
G1 X120.706 Y128.382 E.0932
G1 X131.183 Y138.858 E.4915
G1 X127.345 Y138.858 E.12731
G1 X121.026 Y132.54 E.29641
M73 P22 R9
; stop printing object HexagonalPrism.stl id:0 copy 0
;LAYER_CHANGE
;Z:1.2
;HEIGHT:0.2
;BEFORE_LAYER_CHANGE
;1.2
G92 E0

EXCLUDE_OBJECT_END NAME=HexagonalPrism.stl_id_0_copy_0
G1 Z1.2 F30000

;don't support timelapse gcode in spiral_mode and by object sequence for I3 structure printer
;time lapse begin
M5001 G92 E0
M5001 G17
M5001 G2 Z1.6 I0.86 J0.86 P1 F20000 ; spiral lift a little
M5001 G1 X0 Y180 F24000 ; move to safe pos
M5001 P15
M5001 M400 P300
M5001 G92 E0
;time lapse end

;AFTER_LAYER_CHANGE
;1.2
;_SET_FAN_SPEED_CHANGING_LAYER
; printing object HexagonalPrism.stl id:0 copy 0
EXCLUDE_OBJECT_START NAME=HexagonalPrism.stl_id_0_copy_0
G1 F2412
G1 X127.345 Y138.858 E.29641
G1 X131.183 Y138.858 E.12731
G1 X120.706 Y128.382 E.4915
G1 X122.11 Y125.948 E.0932
G1 X135.02 Y138.858 E.60564
G1 X135.114 Y138.858 E.00312
G1 X136.485 Y136.485 E.09092
G1 X123.515 Y123.515 E.60844
G1 X124.886 Y121.142 E.09092
G1 X124.98 Y121.142 E.00312
G1 X137.89 Y134.052 E.60564
G1 X139.294 Y131.618 E.0932
G1 X128.818 Y121.142 E.49149
G1 X132.655 Y121.142 E.12731
G1 X138.974 Y127.46 E.29641
SET_VELOCITY_LIMIT SQUARE_CORNER_VELOCITY=8
;TYPE:Inner wall
G1 X139.066 Y127.407 E.00353
G1 X140.435 Y129.778 E.09083
G1 X140.563 Y130 E.0085
G1 X135.282 Y139.148 E.3504
G1 X124.718 Y139.148 E.3504
G1 X120.934 Y132.593 E.25107
G1 X119.437 Y130 E.09933
G1 X124.718 Y120.852 E.3504
G1 X135.282 Y120.852 E.3504
G1 X139.066 Y127.407 E.25107
G1 X139.418 Y127.203 E.0135
G1 X140.788 Y129.575 E.09083
G1 X141.033 Y130 E.0163
G1 X135.517 Y139.555 E.36599
G1 X124.483 Y139.555 E.36599
G1 X120.582 Y132.797 E.25887
G1 X118.967 Y130 E.10712
G1 X124.483 Y120.445 E.36599
G1 X135.517 Y120.445 E.36599
G1 X139.418 Y127.203 E.25887
SET_VELOCITY_LIMIT ACCEL=5000 ACCEL_TO_DECEL=2500
;TYPE:Outer wall
;WIDTH:0.42
G1 X139.795 Y126.986 E.01337
G1 X141.164 Y129.357 E.08413
G1 X141.535 Y130 E.02281
G1 X135.768 Y139.99 E.35445
G1 X124.232 Y139.99 E.35445
G1 X120.205 Y133.014 E.24751
G1 X118.465 Y130 E.10695
G1 X124.232 Y120.01 E.35445
M73 P23 R9
G1 X135.768 Y120.01 E.35445
G1 X139.795 Y126.986 E.24751
; stop printing object HexagonalPrism.stl id:0 copy 0
;LAYER_CHANGE
;Z:1.4
;HEIGHT:0.2
;BEFORE_LAYER_CHANGE
;1.4
G92 E0

EXCLUDE_OBJECT_END NAME=HexagonalPrism.stl_id_0_copy_0
G1 Z1.4 F30000

;don't support timelapse gcode in spiral_mode and by object sequence for I3 structure printer
;time lapse begin
M5001 G92 E0
M5001 G17
M5001 G2 Z1.8 I0.86 J0.86 P1 F20000 ; spiral lift a little
M5001 G1 X0 Y180 F24000 ; move to safe pos
M5001 P15
M5001 M400 P300
M5001 G92 E0
;time lapse end

;AFTER_LAYER_CHANGE
;1.4
;_SET_FAN_SPEED_CHANGING_LAYER
; printing object HexagonalPrism.stl id:0 copy 0
EXCLUDE_OBJECT_START NAME=HexagonalPrism.stl_id_0_copy_0
G1 F9000
G1 F2410
G1 X141.086 Y129.221 E.07931
G1 X141.535 Y130 E.02764
G1 X135.768 Y139.99 E.35445
G1 X124.232 Y139.99 E.35445
G1 X118.465 Y130 E.35445
G1 X124.232 Y120.01 E.35445
G1 X135.768 Y120.01 E.35445
G1 X139.795 Y126.986 E.24751
SET_VELOCITY_LIMIT ACCEL=6000 ACCEL_TO_DECEL=3000
;TYPE:Inner wall
;WIDTH:0.45
G1 X139.418 Y127.203 E.01443
G1 X140.709 Y129.439 E.08562
G1 X141.033 Y130 E.02151
G1 X135.517 Y139.555 E.36599
G1 X124.483 Y139.555 E.36599
G1 X118.967 Y130 E.36599
G1 X124.483 Y120.445 E.36599
G1 X135.517 Y120.445 E.36599
G1 X139.418 Y127.203 E.25887
G1 X139.066 Y127.407 E.0135
G1 X140.356 Y129.642 E.08562
G1 X140.563 Y130 E.01371
G1 X135.282 Y139.148 E.3504
G1 X124.718 Y139.148 E.3504
G1 X119.437 Y130 E.3504
G1 X124.718 Y120.852 E.3504
G1 X135.282 Y120.852 E.3504
G1 X139.066 Y127.407 E.25107
G1 X138.974 Y127.46 E.00353
SET_VELOCITY_LIMIT SQUARE_CORNER_VELOCITY=12
;TYPE:Sparse infill
G1 X132.655 Y121.142 E.29641
G1 X128.818 Y121.142 E.12731
G1 X139.294 Y131.618 E.49149
G1 X137.89 Y134.052 E.0932
G1 X124.98 Y121.142 E.60564
G1 X124.886 Y121.142 E.00312
G1 X123.515 Y123.515 E.09092
G1 X136.485 Y136.485 E.60844
G1 X135.114 Y138.858 E.09092
M73 P24 R9
G1 X135.02 Y138.858 E.00312
G1 X122.11 Y125.948 E.60564
G1 X120.706 Y128.382 E.0932
G1 X131.183 Y138.858 E.4915
G1 X127.345 Y138.858 E.12731
G1 X121.026 Y132.54 E.29641
; stop printing object HexagonalPrism.stl id:0 copy 0
;LAYER_CHANGE
;Z:1.6
;HEIGHT:0.2
;BEFORE_LAYER_CHANGE
;1.6
G92 E0

EXCLUDE_OBJECT_END NAME=HexagonalPrism.stl_id_0_copy_0
G1 Z1.6 F30000

;don't support timelapse gcode in spiral_mode and by object sequence for I3 structure printer
;time lapse begin
M5001 G92 E0
M5001 G17
M5001 G2 Z2 I0.86 J0.86 P1 F20000 ; spiral lift a little
M5001 G1 X0 Y180 F24000 ; move to safe pos
M5001 P15
M5001 M400 P300
M5001 G92 E0
;time lapse end

;AFTER_LAYER_CHANGE
;1.6
;_SET_FAN_SPEED_CHANGING_LAYER
; printing object HexagonalPrism.stl id:0 copy 0
EXCLUDE_OBJECT_START NAME=HexagonalPrism.stl_id_0_copy_0
G1 F2412
G1 X127.345 Y138.858 E.29641
G1 X131.183 Y138.858 E.12731
G1 X120.706 Y128.382 E.4915
G1 X122.11 Y125.948 E.0932
G1 X135.02 Y138.858 E.60564
G1 X135.114 Y138.858 E.00312
G1 X136.485 Y136.485 E.09092
G1 X123.515 Y123.515 E.60844
G1 X124.886 Y121.142 E.09092
G1 X124.98 Y121.142 E.00312
G1 X137.89 Y134.052 E.60564
G1 X139.294 Y131.618 E.0932
G1 X128.818 Y121.142 E.49149
G1 X132.655 Y121.142 E.12731
G1 X138.974 Y127.46 E.29641
SET_VELOCITY_LIMIT SQUARE_CORNER_VELOCITY=8
;TYPE:Inner wall
G1 X139.066 Y127.407 E.00353
G1 X140.278 Y129.506 E.08041
G1 X140.563 Y130 E.01892
G1 X135.282 Y139.148 E.3504
G1 X124.718 Y139.148 E.3504
G1 X120.934 Y132.593 E.25107
G1 X119.437 Y130 E.09933
G1 X124.718 Y120.852 E.3504
G1 X135.282 Y120.852 E.3504
G1 X139.066 Y127.407 E.25107
G1 X139.418 Y127.203 E.0135
G1 X140.63 Y129.303 E.08041
G1 X141.033 Y130 E.02672
G1 X135.517 Y139.555 E.36599
G1 X124.483 Y139.555 E.36599
G1 X120.582 Y132.797 E.25887
G1 X118.967 Y130 E.10712
G1 X124.483 Y120.445 E.36599
G1 X135.517 Y120.445 E.36599
G1 X139.418 Y127.203 E.25887
SET_VELOCITY_LIMIT ACCEL=5000 ACCEL_TO_DECEL=2500
;TYPE:Outer wall
;WIDTH:0.42
G1 X139.795 Y126.986 E.01337
M73 P25 R9
G1 X141.007 Y129.085 E.07448
G1 X141.535 Y130 E.03246
G1 X135.768 Y139.99 E.35445
G1 X124.232 Y139.99 E.35445
G1 X120.205 Y133.014 E.24751
G1 X118.465 Y130 E.10695
G1 X124.232 Y120.01 E.35445
G1 X135.768 Y120.01 E.35445
G1 X139.795 Y126.986 E.24751
; stop printing object HexagonalPrism.stl id:0 copy 0
;LAYER_CHANGE
;Z:1.8
;HEIGHT:0.2
;BEFORE_LAYER_CHANGE
;1.8
G92 E0

EXCLUDE_OBJECT_END NAME=HexagonalPrism.stl_id_0_copy_0
G1 Z1.8 F30000

;don't support timelapse gcode in spiral_mode and by object sequence for I3 structure printer
;time lapse begin
M5001 G92 E0
M5001 G17
M5001 G2 Z2.2 I0.86 J0.86 P1 F20000 ; spiral lift a little
M5001 G1 X0 Y180 F24000 ; move to safe pos
M5001 P15
M5001 M400 P300
M5001 G92 E0
;time lapse end

;AFTER_LAYER_CHANGE
;1.8
;_SET_FAN_SPEED_CHANGING_LAYER
; printing object HexagonalPrism.stl id:0 copy 0
EXCLUDE_OBJECT_START NAME=HexagonalPrism.stl_id_0_copy_0
G1 F9000
G1 F2410
G1 X140.929 Y128.949 E.06966
G1 X141.535 Y130 E.03729
G1 X135.768 Y139.99 E.35445
G1 X124.232 Y139.99 E.35445
G1 X118.465 Y130 E.35445
G1 X124.232 Y120.01 E.35445
G1 X135.768 Y120.01 E.35445
G1 X139.795 Y126.986 E.24751
SET_VELOCITY_LIMIT ACCEL=6000 ACCEL_TO_DECEL=3000
;TYPE:Inner wall
;WIDTH:0.45
G1 X139.418 Y127.203 E.01443
G1 X140.552 Y129.167 E.0752
G1 X141.033 Y130 E.03193
G1 X135.517 Y139.555 E.36599
G1 X124.483 Y139.555 E.36599
G1 X118.967 Y130 E.36599
G1 X124.483 Y120.445 E.36599
G1 X135.517 Y120.445 E.36599
G1 X139.418 Y127.203 E.25887
G1 X139.066 Y127.407 E.0135
G1 X140.199 Y129.37 E.0752
G1 X140.563 Y130 E.02413
G1 X135.282 Y139.148 E.3504
G1 X124.718 Y139.148 E.3504
G1 X119.437 Y130 E.3504
G1 X124.718 Y120.852 E.3504
G1 X135.282 Y120.852 E.3504
G1 X139.066 Y127.407 E.25107
G1 X138.974 Y127.46 E.00353
SET_VELOCITY_LIMIT SQUARE_CORNER_VELOCITY=12
;TYPE:Sparse infill
G1 X132.655 Y121.142 E.29641
G1 X128.818 Y121.142 E.12731
G1 X139.294 Y131.618 E.49149
G1 X137.89 Y134.052 E.0932
M73 P26 R9
G1 X124.98 Y121.142 E.60564
G1 X124.886 Y121.142 E.00312
G1 X123.515 Y123.515 E.09092
G1 X136.485 Y136.485 E.60844
G1 X135.114 Y138.858 E.09092
G1 X135.02 Y138.858 E.00312
G1 X122.11 Y125.948 E.60564
G1 X120.706 Y128.382 E.0932
G1 X131.183 Y138.858 E.4915
G1 X127.345 Y138.858 E.12731
G1 X121.026 Y132.54 E.29641
; stop printing object HexagonalPrism.stl id:0 copy 0
;LAYER_CHANGE
;Z:2
;HEIGHT:0.2
;BEFORE_LAYER_CHANGE
;2
G92 E0

EXCLUDE_OBJECT_END NAME=HexagonalPrism.stl_id_0_copy_0
G1 Z2 F30000

;don't support timelapse gcode in spiral_mode and by object sequence for I3 structure printer
;time lapse begin
M5001 G92 E0
M5001 G17
M5001 G2 Z2.4 I0.86 J0.86 P1 F20000 ; spiral lift a little
M5001 G1 X0 Y180 F24000 ; move to safe pos
M5001 P15
M5001 M400 P300
M5001 G92 E0
;time lapse end

;AFTER_LAYER_CHANGE
;2
;_SET_FAN_SPEED_CHANGING_LAYER
; printing object HexagonalPrism.stl id:0 copy 0
EXCLUDE_OBJECT_START NAME=HexagonalPrism.stl_id_0_copy_0
G1 F2412
G1 X127.345 Y138.858 E.29641
G1 X131.183 Y138.858 E.12731
G1 X120.706 Y128.382 E.4915
G1 X122.11 Y125.948 E.0932
G1 X135.02 Y138.858 E.60564
G1 X135.114 Y138.858 E.00312
G1 X136.485 Y136.485 E.09092
G1 X123.515 Y123.515 E.60844
G1 X124.886 Y121.142 E.09092
G1 X124.98 Y121.142 E.00312
G1 X137.89 Y134.052 E.60564
G1 X139.294 Y131.618 E.0932
G1 X128.818 Y121.142 E.49149
G1 X132.655 Y121.142 E.12731
G1 X138.974 Y127.46 E.29641
SET_VELOCITY_LIMIT SQUARE_CORNER_VELOCITY=8
;TYPE:Inner wall
G1 X139.066 Y127.407 E.00353
G1 X140.121 Y129.234 E.06999
G1 X140.563 Y130 E.02934
G1 X135.282 Y139.148 E.3504
G1 X124.718 Y139.148 E.3504
G1 X120.934 Y132.593 E.25107
G1 X119.437 Y130 E.09933
G1 X124.718 Y120.852 E.3504
G1 X135.282 Y120.852 E.3504
G1 X139.066 Y127.407 E.25107
G1 X139.418 Y127.203 E.0135
G1 X140.473 Y129.03 E.06999
G1 X141.033 Y130 E.03714
G1 X135.517 Y139.555 E.36599
G1 X124.483 Y139.555 E.36599
G1 X120.582 Y132.797 E.25887
M73 P27 R9
G1 X118.967 Y130 E.10712
G1 X124.483 Y120.445 E.36599
G1 X135.517 Y120.445 E.36599
G1 X139.418 Y127.203 E.25887
SET_VELOCITY_LIMIT ACCEL=5000 ACCEL_TO_DECEL=2500
;TYPE:Outer wall
;WIDTH:0.42
G1 X139.795 Y126.986 E.01337
G1 X140.85 Y128.813 E.06483
G1 X141.535 Y130 E.04212
G1 X135.768 Y139.99 E.35445
G1 X124.232 Y139.99 E.35445
G1 X120.205 Y133.014 E.24751
G1 X118.465 Y130 E.10695
G1 X124.232 Y120.01 E.35445
G1 X135.768 Y120.01 E.35445
G1 X139.795 Y126.986 E.24751
; stop printing object HexagonalPrism.stl id:0 copy 0
;LAYER_CHANGE
;Z:2.2
;HEIGHT:0.2
;BEFORE_LAYER_CHANGE
;2.2
G92 E0

EXCLUDE_OBJECT_END NAME=HexagonalPrism.stl_id_0_copy_0
G1 Z2.2 F30000

;don't support timelapse gcode in spiral_mode and by object sequence for I3 structure printer
;time lapse begin
M5001 G92 E0
M5001 G17
M5001 G2 Z2.6 I0.86 J0.86 P1 F20000 ; spiral lift a little
M5001 G1 X0 Y180 F24000 ; move to safe pos
M5001 P15
M5001 M400 P300
M5001 G92 E0
;time lapse end

;AFTER_LAYER_CHANGE
;2.2
;_SET_FAN_SPEED_CHANGING_LAYER
; printing object HexagonalPrism.stl id:0 copy 0
EXCLUDE_OBJECT_START NAME=HexagonalPrism.stl_id_0_copy_0
G1 F9000
G1 F2410
G1 X140.772 Y128.677 E.06001
G1 X141.535 Y130 E.04694
G1 X135.768 Y139.99 E.35445
G1 X124.232 Y139.99 E.35445
G1 X118.465 Y130 E.35445
G1 X124.232 Y120.01 E.35445
G1 X135.768 Y120.01 E.35445
G1 X139.795 Y126.986 E.24751
SET_VELOCITY_LIMIT ACCEL=6000 ACCEL_TO_DECEL=3000
;TYPE:Inner wall
;WIDTH:0.45
G1 X139.418 Y127.203 E.01443
G1 X140.395 Y128.895 E.06478
G1 X141.033 Y130 E.04234
G1 X135.517 Y139.555 E.36599
G1 X124.483 Y139.555 E.36599
G1 X118.967 Y130 E.36599
G1 X124.483 Y120.445 E.36599
G1 X135.517 Y120.445 E.36599
G1 X139.418 Y127.203 E.25887
G1 X139.066 Y127.407 E.0135
G1 X140.042 Y129.098 E.06478
G1 X140.563 Y130 E.03455
G1 X135.282 Y139.148 E.3504
G1 X124.718 Y139.148 E.3504
G1 X119.437 Y130 E.3504
G1 X124.718 Y120.852 E.3504
G1 X135.282 Y120.852 E.3504
G1 X139.066 Y127.407 E.25107
M73 P28 R9
G1 X138.974 Y127.46 E.00353
SET_VELOCITY_LIMIT SQUARE_CORNER_VELOCITY=12
;TYPE:Sparse infill
G1 X132.655 Y121.142 E.29641
G1 X128.818 Y121.142 E.12731
G1 X139.294 Y131.618 E.49149
G1 X137.89 Y134.052 E.0932
G1 X124.98 Y121.142 E.60564
G1 X124.886 Y121.142 E.00312
G1 X123.515 Y123.515 E.09092
G1 X136.485 Y136.485 E.60844
G1 X135.114 Y138.858 E.09092
G1 X135.02 Y138.858 E.00312
G1 X122.11 Y125.948 E.60564
G1 X120.706 Y128.382 E.0932
G1 X131.183 Y138.858 E.4915
G1 X127.345 Y138.858 E.12731
G1 X121.026 Y132.54 E.29641
; stop printing object HexagonalPrism.stl id:0 copy 0
;LAYER_CHANGE
;Z:2.4
;HEIGHT:0.2
;BEFORE_LAYER_CHANGE
;2.4
G92 E0

EXCLUDE_OBJECT_END NAME=HexagonalPrism.stl_id_0_copy_0
G1 Z2.4 F30000

;don't support timelapse gcode in spiral_mode and by object sequence for I3 structure printer
;time lapse begin
M5001 G92 E0
M5001 G17
M5001 G2 Z2.8 I0.86 J0.86 P1 F20000 ; spiral lift a little
M5001 G1 X0 Y180 F24000 ; move to safe pos
M5001 P15
M5001 M400 P300
M5001 G92 E0
;time lapse end

;AFTER_LAYER_CHANGE
;2.4
;_SET_FAN_SPEED_CHANGING_LAYER
; printing object HexagonalPrism.stl id:0 copy 0
EXCLUDE_OBJECT_START NAME=HexagonalPrism.stl_id_0_copy_0
G1 F2412
G1 X127.345 Y138.858 E.29641
G1 X131.183 Y138.858 E.12731
G1 X120.706 Y128.382 E.4915
G1 X122.11 Y125.948 E.0932
G1 X135.02 Y138.858 E.60564
G1 X135.114 Y138.858 E.00312
G1 X136.485 Y136.485 E.09092
G1 X123.515 Y123.515 E.60844
G1 X124.886 Y121.142 E.09092
G1 X124.98 Y121.142 E.00312
G1 X137.89 Y134.052 E.60564
G1 X139.294 Y131.618 E.0932
G1 X128.818 Y121.142 E.49149
G1 X132.655 Y121.142 E.12731
G1 X138.974 Y127.46 E.29641
SET_VELOCITY_LIMIT SQUARE_CORNER_VELOCITY=8
;TYPE:Inner wall
G1 X139.066 Y127.407 E.00353
G1 X139.964 Y128.962 E.05957
G1 X140.563 Y130 E.03976
G1 X135.282 Y139.148 E.3504
G1 X124.718 Y139.148 E.3504
G1 X120.934 Y132.593 E.25107
G1 X119.437 Y130 E.09933
G1 X124.718 Y120.852 E.3504
G1 X135.282 Y120.852 E.3504
M73 P29 R9
G1 X139.066 Y127.407 E.25107
G1 X139.418 Y127.203 E.0135
G1 X140.316 Y128.759 E.05957
G1 X141.033 Y130 E.04755
G1 X135.517 Y139.555 E.36599
G1 X124.483 Y139.555 E.36599
G1 X120.582 Y132.797 E.25887
G1 X118.967 Y130 E.10712
G1 X124.483 Y120.445 E.36599
G1 X135.517 Y120.445 E.36599
G1 X139.418 Y127.203 E.25887
SET_VELOCITY_LIMIT ACCEL=5000 ACCEL_TO_DECEL=2500
;TYPE:Outer wall
;WIDTH:0.42
G1 X139.795 Y126.986 E.01337
G1 X140.693 Y128.541 E.05518
G1 X141.535 Y130 E.05177
G1 X135.768 Y139.99 E.35445
G1 X124.232 Y139.99 E.35445
M73 P29 R8
G1 X120.205 Y133.014 E.24751
G1 X118.465 Y130 E.10695
G1 X124.232 Y120.01 E.35445
G1 X135.768 Y120.01 E.35445
G1 X139.795 Y126.986 E.24751
; stop printing object HexagonalPrism.stl id:0 copy 0
;LAYER_CHANGE
;Z:2.6
;HEIGHT:0.2
;BEFORE_LAYER_CHANGE
;2.6
G92 E0

EXCLUDE_OBJECT_END NAME=HexagonalPrism.stl_id_0_copy_0
G1 Z2.6 F30000

;don't support timelapse gcode in spiral_mode and by object sequence for I3 structure printer
;time lapse begin
M5001 G92 E0
M5001 G17
M5001 G2 Z3 I0.86 J0.86 P1 F20000 ; spiral lift a little
M5001 G1 X0 Y180 F24000 ; move to safe pos
M5001 P15
M5001 M400 P300
M5001 G92 E0
;time lapse end

;AFTER_LAYER_CHANGE
;2.6
;_SET_FAN_SPEED_CHANGING_LAYER
; printing object HexagonalPrism.stl id:0 copy 0
EXCLUDE_OBJECT_START NAME=HexagonalPrism.stl_id_0_copy_0
G1 F9000
G1 F2410
G1 X140.615 Y128.405 E.05035
G1 X141.535 Y130 E.05659
G1 X135.768 Y139.99 E.35445
G1 X124.232 Y139.99 E.35445
G1 X118.465 Y130 E.35445
G1 X124.232 Y120.01 E.35445
G1 X135.768 Y120.01 E.35445
G1 X139.795 Y126.986 E.24751
SET_VELOCITY_LIMIT ACCEL=6000 ACCEL_TO_DECEL=3000
;TYPE:Inner wall
;WIDTH:0.45
G1 X139.418 Y127.203 E.01443
G1 X140.238 Y128.623 E.05436
G1 X141.033 Y130 E.05276
G1 X135.517 Y139.555 E.36599
G1 X124.483 Y139.555 E.36599
G1 X118.967 Y130 E.36599
G1 X124.483 Y120.445 E.36599
G1 X135.517 Y120.445 E.36599
G1 X139.418 Y127.203 E.25887
G1 X139.066 Y127.407 E.0135
G1 X139.885 Y128.826 E.05436
G1 X140.563 Y130 E.04497
G1 X135.282 Y139.148 E.3504
G1 X124.718 Y139.148 E.3504
M73 P30 R8
G1 X119.437 Y130 E.3504
G1 X124.718 Y120.852 E.3504
G1 X135.282 Y120.852 E.3504
G1 X139.066 Y127.407 E.25107
G1 X138.974 Y127.46 E.00353
SET_VELOCITY_LIMIT SQUARE_CORNER_VELOCITY=12
;TYPE:Sparse infill
G1 X132.655 Y121.142 E.29641
G1 X128.818 Y121.142 E.12731
G1 X139.294 Y131.618 E.49149
G1 X137.89 Y134.052 E.0932
G1 X124.98 Y121.142 E.60564
G1 X124.886 Y121.142 E.00312
G1 X123.515 Y123.515 E.09092
G1 X136.485 Y136.485 E.60844
G1 X135.114 Y138.858 E.09092
G1 X135.02 Y138.858 E.00312
G1 X122.11 Y125.948 E.60564
G1 X120.706 Y128.382 E.0932
G1 X131.183 Y138.858 E.4915
G1 X127.345 Y138.858 E.12731
G1 X121.026 Y132.54 E.29641
; stop printing object HexagonalPrism.stl id:0 copy 0
;LAYER_CHANGE
;Z:2.8
;HEIGHT:0.2
;BEFORE_LAYER_CHANGE
;2.8
G92 E0

EXCLUDE_OBJECT_END NAME=HexagonalPrism.stl_id_0_copy_0
G1 Z2.8 F30000

;don't support timelapse gcode in spiral_mode and by object sequence for I3 structure printer
;time lapse begin
M5001 G92 E0
M5001 G17
M5001 G2 Z3.2 I0.86 J0.86 P1 F20000 ; spiral lift a little
M5001 G1 X0 Y180 F24000 ; move to safe pos
M5001 P15
M5001 M400 P300
M5001 G92 E0
;time lapse end

;AFTER_LAYER_CHANGE
;2.8
;_SET_FAN_SPEED_CHANGING_LAYER
; printing object HexagonalPrism.stl id:0 copy 0
EXCLUDE_OBJECT_START NAME=HexagonalPrism.stl_id_0_copy_0
G1 F2412
G1 X127.345 Y138.858 E.29641
G1 X131.183 Y138.858 E.12731
G1 X120.706 Y128.382 E.4915
G1 X122.11 Y125.948 E.0932
G1 X135.02 Y138.858 E.60564
G1 X135.114 Y138.858 E.00312
G1 X136.485 Y136.485 E.09092
G1 X123.515 Y123.515 E.60844
G1 X124.886 Y121.142 E.09092
G1 X124.98 Y121.142 E.00312
G1 X137.89 Y134.052 E.60564
G1 X139.294 Y131.618 E.0932
G1 X128.818 Y121.142 E.49149
G1 X132.655 Y121.142 E.12731
G1 X138.974 Y127.46 E.29641
SET_VELOCITY_LIMIT SQUARE_CORNER_VELOCITY=8
;TYPE:Inner wall
G1 X139.066 Y127.407 E.00353
G1 X139.807 Y128.69 E.04915
M73 P31 R8
G1 X140.563 Y130 E.05018
G1 X135.282 Y139.148 E.3504
G1 X124.718 Y139.148 E.3504
G1 X120.934 Y132.593 E.25107
G1 X119.437 Y130 E.09933
G1 X124.718 Y120.852 E.3504
G1 X135.282 Y120.852 E.3504
G1 X139.066 Y127.407 E.25107
G1 X139.418 Y127.203 E.0135
G1 X140.159 Y128.487 E.04915
G1 X141.033 Y130 E.05797
G1 X135.517 Y139.555 E.36599
G1 X124.483 Y139.555 E.36599
G1 X120.582 Y132.797 E.25887
G1 X118.967 Y130 E.10712
G1 X124.483 Y120.445 E.36599
G1 X135.517 Y120.445 E.36599
G1 X139.418 Y127.203 E.25887
SET_VELOCITY_LIMIT ACCEL=5000 ACCEL_TO_DECEL=2500
;TYPE:Outer wall
;WIDTH:0.42
G1 X139.795 Y126.986 E.01337
G1 X140.536 Y128.269 E.04553
G1 X141.535 Y130 E.06142
G1 X135.768 Y139.99 E.35445
G1 X124.232 Y139.99 E.35445
G1 X120.205 Y133.014 E.24751
G1 X118.465 Y130 E.10695
G1 X124.232 Y120.01 E.35445
G1 X135.768 Y120.01 E.35445
G1 X139.795 Y126.986 E.24751
; stop printing object HexagonalPrism.stl id:0 copy 0
;LAYER_CHANGE
;Z:3
;HEIGHT:0.2
;BEFORE_LAYER_CHANGE
;3
G92 E0

EXCLUDE_OBJECT_END NAME=HexagonalPrism.stl_id_0_copy_0
G1 Z3 F30000

;don't support timelapse gcode in spiral_mode and by object sequence for I3 structure printer
;time lapse begin
M5001 G92 E0
M5001 G17
M5001 G2 Z3.4 I0.86 J0.86 P1 F20000 ; spiral lift a little
M5001 G1 X0 Y180 F24000 ; move to safe pos
M5001 P15
M5001 M400 P300
M5001 G92 E0
;time lapse end

;AFTER_LAYER_CHANGE
;3
;_SET_FAN_SPEED_CHANGING_LAYER
; printing object HexagonalPrism.stl id:0 copy 0
EXCLUDE_OBJECT_START NAME=HexagonalPrism.stl_id_0_copy_0
G1 F9000
G1 F2410
G1 X140.458 Y128.133 E.0407
G1 X141.535 Y130 E.06624
G1 X135.768 Y139.99 E.35445
G1 X124.232 Y139.99 E.35445
G1 X118.465 Y130 E.35445
G1 X124.232 Y120.01 E.35445
G1 X135.768 Y120.01 E.35445
G1 X139.795 Y126.986 E.24751
SET_VELOCITY_LIMIT ACCEL=6000 ACCEL_TO_DECEL=3000
;TYPE:Inner wall
;WIDTH:0.45
G1 X139.418 Y127.203 E.01443
G1 X140.081 Y128.351 E.04394
G1 X141.033 Y130 E.06318
G1 X135.517 Y139.555 E.36599
G1 X124.483 Y139.555 E.36599
G1 X118.967 Y130 E.36599
G1 X124.483 Y120.445 E.36599
M73 P32 R8
G1 X135.517 Y120.445 E.36599
G1 X139.418 Y127.203 E.25887
G1 X139.066 Y127.407 E.0135
G1 X139.728 Y128.554 E.04394
G1 X140.563 Y130 E.05539
G1 X135.282 Y139.148 E.3504
G1 X124.718 Y139.148 E.3504
G1 X119.437 Y130 E.3504
G1 X124.718 Y120.852 E.3504
G1 X135.282 Y120.852 E.3504
G1 X139.066 Y127.407 E.25107
G1 X138.974 Y127.46 E.00353
SET_VELOCITY_LIMIT SQUARE_CORNER_VELOCITY=12
;TYPE:Sparse infill
G1 X132.655 Y121.142 E.29641
G1 X128.818 Y121.142 E.12731
G1 X139.294 Y131.618 E.49149
G1 X137.89 Y134.052 E.0932
G1 X124.98 Y121.142 E.60564
G1 X124.886 Y121.142 E.00312
G1 X123.515 Y123.515 E.09092
G1 X136.485 Y136.485 E.60844
G1 X135.114 Y138.858 E.09092
G1 X135.02 Y138.858 E.00312
G1 X122.11 Y125.948 E.60564
G1 X120.706 Y128.382 E.0932
G1 X131.183 Y138.858 E.4915
G1 X127.345 Y138.858 E.12731
G1 X121.026 Y132.54 E.29641
; stop printing object HexagonalPrism.stl id:0 copy 0
;LAYER_CHANGE
;Z:3.2
;HEIGHT:0.2
;BEFORE_LAYER_CHANGE
;3.2
G92 E0

EXCLUDE_OBJECT_END NAME=HexagonalPrism.stl_id_0_copy_0
G1 Z3.2 F30000

;don't support timelapse gcode in spiral_mode and by object sequence for I3 structure printer
;time lapse begin
M5001 G92 E0
M5001 G17
M5001 G2 Z3.6 I0.86 J0.86 P1 F20000 ; spiral lift a little
M5001 G1 X0 Y180 F24000 ; move to safe pos
M5001 P15
M5001 M400 P300
M5001 G92 E0
;time lapse end

;AFTER_LAYER_CHANGE
;3.2
;_SET_FAN_SPEED_CHANGING_LAYER
; printing object HexagonalPrism.stl id:0 copy 0
EXCLUDE_OBJECT_START NAME=HexagonalPrism.stl_id_0_copy_0
G1 F2412
G1 X127.345 Y138.858 E.29641
G1 X131.183 Y138.858 E.12731
G1 X120.706 Y128.382 E.4915
G1 X122.11 Y125.948 E.0932
G1 X135.02 Y138.858 E.60564
G1 X135.114 Y138.858 E.00312
G1 X136.485 Y136.485 E.09092
G1 X123.515 Y123.515 E.60844
G1 X124.886 Y121.142 E.09092
G1 X124.98 Y121.142 E.00312
G1 X137.89 Y134.052 E.60564
G1 X139.294 Y131.618 E.0932
M73 P33 R8
G1 X128.818 Y121.142 E.49149
G1 X132.655 Y121.142 E.12731
G1 X138.974 Y127.46 E.29641
SET_VELOCITY_LIMIT SQUARE_CORNER_VELOCITY=8
;TYPE:Inner wall
G1 X139.066 Y127.407 E.00353
G1 X139.65 Y128.418 E.03873
G1 X140.563 Y130 E.06059
G1 X135.282 Y139.148 E.3504
G1 X124.718 Y139.148 E.3504
G1 X120.934 Y132.593 E.25107
G1 X119.437 Y130 E.09933
G1 X124.718 Y120.852 E.3504
G1 X135.282 Y120.852 E.3504
G1 X139.066 Y127.407 E.25107
G1 X139.418 Y127.203 E.0135
G1 X140.002 Y128.214 E.03873
G1 X141.033 Y130 E.06839
G1 X135.517 Y139.555 E.36599
G1 X124.483 Y139.555 E.36599
G1 X120.582 Y132.797 E.25887
G1 X118.967 Y130 E.10712
G1 X124.483 Y120.445 E.36599
G1 X135.517 Y120.445 E.36599
G1 X139.418 Y127.203 E.25887
SET_VELOCITY_LIMIT ACCEL=5000 ACCEL_TO_DECEL=2500
;TYPE:Outer wall
;WIDTH:0.42
G1 X139.795 Y126.986 E.01337
G1 X140.379 Y127.997 E.03588
G1 X141.535 Y130 E.07107
G1 X135.768 Y139.99 E.35445
G1 X124.232 Y139.99 E.35445
G1 X120.205 Y133.014 E.24751
G1 X118.465 Y130 E.10695
G1 X124.232 Y120.01 E.35445
G1 X135.768 Y120.01 E.35445
G1 X139.795 Y126.986 E.24751
; stop printing object HexagonalPrism.stl id:0 copy 0
;LAYER_CHANGE
;Z:3.4
;HEIGHT:0.2
;BEFORE_LAYER_CHANGE
;3.4
G92 E0

EXCLUDE_OBJECT_END NAME=HexagonalPrism.stl_id_0_copy_0
G1 Z3.4 F30000

;don't support timelapse gcode in spiral_mode and by object sequence for I3 structure printer
;time lapse begin
M5001 G92 E0
M5001 G17
M5001 G2 Z3.8 I0.86 J0.86 P1 F20000 ; spiral lift a little
M5001 G1 X0 Y180 F24000 ; move to safe pos
M5001 P15
M5001 M400 P300
M5001 G92 E0
;time lapse end

;AFTER_LAYER_CHANGE
;3.4
;_SET_FAN_SPEED_CHANGING_LAYER
; printing object HexagonalPrism.stl id:0 copy 0
EXCLUDE_OBJECT_START NAME=HexagonalPrism.stl_id_0_copy_0
G1 F9000
G1 F2410
G1 X140.301 Y127.861 E.03105
G1 X141.535 Y130 E.07589
G1 X135.768 Y139.99 E.35445
G1 X124.232 Y139.99 E.35445
G1 X118.465 Y130 E.35445
G1 X124.232 Y120.01 E.35445
G1 X135.768 Y120.01 E.35445
G1 X139.795 Y126.986 E.24751
M73 P34 R8
SET_VELOCITY_LIMIT ACCEL=6000 ACCEL_TO_DECEL=3000
;TYPE:Inner wall
;WIDTH:0.45
G1 X139.418 Y127.203 E.01443
G1 X139.924 Y128.078 E.03352
G1 X141.033 Y130 E.0736
G1 X135.517 Y139.555 E.36599
G1 X124.483 Y139.555 E.36599
G1 X118.967 Y130 E.36599
G1 X124.483 Y120.445 E.36599
G1 X135.517 Y120.445 E.36599
G1 X139.418 Y127.203 E.25887
G1 X139.066 Y127.407 E.0135
G1 X139.571 Y128.282 E.03352
G1 X140.563 Y130 E.0658
G1 X135.282 Y139.148 E.3504
G1 X124.718 Y139.148 E.3504
G1 X119.437 Y130 E.3504
G1 X124.718 Y120.852 E.3504
G1 X135.282 Y120.852 E.3504
G1 X139.066 Y127.407 E.25107
G1 X138.974 Y127.46 E.00353
SET_VELOCITY_LIMIT SQUARE_CORNER_VELOCITY=12
;TYPE:Sparse infill
G1 X132.655 Y121.142 E.29641
G1 X128.818 Y121.142 E.12731
G1 X139.294 Y131.618 E.49149
G1 X137.89 Y134.052 E.0932
G1 X124.98 Y121.142 E.60564
G1 X124.886 Y121.142 E.00312
G1 X123.515 Y123.515 E.09092
G1 X136.485 Y136.485 E.60844
G1 X135.114 Y138.858 E.09092
G1 X135.02 Y138.858 E.00312
G1 X122.11 Y125.948 E.60564
G1 X120.706 Y128.382 E.0932
G1 X131.183 Y138.858 E.4915
G1 X127.345 Y138.858 E.12731
G1 X121.026 Y132.54 E.29641
; stop printing object HexagonalPrism.stl id:0 copy 0
;LAYER_CHANGE
;Z:3.6
;HEIGHT:0.2
;BEFORE_LAYER_CHANGE
;3.6
G92 E0

EXCLUDE_OBJECT_END NAME=HexagonalPrism.stl_id_0_copy_0
G1 Z3.6 F30000

;don't support timelapse gcode in spiral_mode and by object sequence for I3 structure printer
;time lapse begin
M5001 G92 E0
M5001 G17
M5001 G2 Z4 I0.86 J0.86 P1 F20000 ; spiral lift a little
M5001 G1 X0 Y180 F24000 ; move to safe pos
M5001 P15
M5001 M400 P300
M5001 G92 E0
;time lapse end

;AFTER_LAYER_CHANGE
;3.6
;_SET_FAN_SPEED_CHANGING_LAYER
; printing object HexagonalPrism.stl id:0 copy 0
EXCLUDE_OBJECT_START NAME=HexagonalPrism.stl_id_0_copy_0
G1 F2412
G1 X127.345 Y138.858 E.29641
G1 X131.183 Y138.858 E.12731
G1 X120.706 Y128.382 E.4915
G1 X122.11 Y125.948 E.0932
G1 X135.02 Y138.858 E.60564
G1 X135.114 Y138.858 E.00312
M73 P35 R8
G1 X136.485 Y136.485 E.09092
G1 X123.515 Y123.515 E.60844
G1 X124.886 Y121.142 E.09092
G1 X124.98 Y121.142 E.00312
G1 X137.89 Y134.052 E.60564
G1 X139.294 Y131.618 E.0932
G1 X128.818 Y121.142 E.49149
G1 X132.655 Y121.142 E.12731
G1 X138.974 Y127.46 E.29641
SET_VELOCITY_LIMIT SQUARE_CORNER_VELOCITY=8
;TYPE:Inner wall
G1 X139.066 Y127.407 E.00353
G1 X139.493 Y128.146 E.02831
G1 X140.563 Y130 E.07101
G1 X135.282 Y139.148 E.3504
G1 X124.718 Y139.148 E.3504
G1 X120.934 Y132.593 E.25107
G1 X119.437 Y130 E.09933
G1 X124.718 Y120.852 E.3504
G1 X135.282 Y120.852 E.3504
G1 X139.066 Y127.407 E.25107
G1 X139.418 Y127.203 E.0135
G1 X139.845 Y127.943 E.02831
G1 X141.033 Y130 E.07881
G1 X135.517 Y139.555 E.36599
G1 X124.483 Y139.555 E.36599
G1 X120.582 Y132.797 E.25887
G1 X118.967 Y130 E.10712
G1 X124.483 Y120.445 E.36599
G1 X135.517 Y120.445 E.36599
G1 X139.418 Y127.203 E.25887
SET_VELOCITY_LIMIT ACCEL=5000 ACCEL_TO_DECEL=2500
;TYPE:Outer wall
;WIDTH:0.42
G1 X139.795 Y126.986 E.01337
G1 X140.222 Y127.725 E.02623
G1 X141.535 Y130 E.08072
G1 X135.768 Y139.99 E.35445
G1 X124.232 Y139.99 E.35445
G1 X120.205 Y133.014 E.24751
G1 X118.465 Y130 E.10695
G1 X124.232 Y120.01 E.35445
G1 X135.768 Y120.01 E.35445
G1 X139.795 Y126.986 E.24751
; stop printing object HexagonalPrism.stl id:0 copy 0
;LAYER_CHANGE
;Z:3.8
;HEIGHT:0.2
;BEFORE_LAYER_CHANGE
;3.8
G92 E0

EXCLUDE_OBJECT_END NAME=HexagonalPrism.stl_id_0_copy_0
G1 Z3.8 F30000

;don't support timelapse gcode in spiral_mode and by object sequence for I3 structure printer
;time lapse begin
M5001 G92 E0
M5001 G17
M5001 G2 Z4.2 I0.86 J0.86 P1 F20000 ; spiral lift a little
M5001 G1 X0 Y180 F24000 ; move to safe pos
M5001 P15
M5001 M400 P300
M5001 G92 E0
;time lapse end

;AFTER_LAYER_CHANGE
;3.8
;_SET_FAN_SPEED_CHANGING_LAYER
; printing object HexagonalPrism.stl id:0 copy 0
EXCLUDE_OBJECT_START NAME=HexagonalPrism.stl_id_0_copy_0
G1 F9000
G1 F2410
G1 X140.143 Y127.589 E.0214
G1 X141.535 Y130 E.08554
G1 X135.768 Y139.99 E.35445
G1 X124.232 Y139.99 E.35445
G1 X118.465 Y130 E.35445
M73 P36 R8
G1 X124.232 Y120.01 E.35445
G1 X135.768 Y120.01 E.35445
G1 X139.795 Y126.986 E.24751
SET_VELOCITY_LIMIT ACCEL=6000 ACCEL_TO_DECEL=3000
;TYPE:Inner wall
;WIDTH:0.45
G1 X139.418 Y127.203 E.01443
G1 X139.767 Y127.807 E.02311
G1 X141.033 Y130 E.08402
G1 X135.517 Y139.555 E.36599
G1 X124.483 Y139.555 E.36599
G1 X118.967 Y130 E.36599
G1 X124.483 Y120.445 E.36599
G1 X135.517 Y120.445 E.36599
G1 X139.418 Y127.203 E.25887
G1 X139.066 Y127.407 E.0135
G1 X139.414 Y128.01 E.02311
G1 X140.563 Y130 E.07622
G1 X135.282 Y139.148 E.3504
G1 X124.718 Y139.148 E.3504
G1 X119.437 Y130 E.3504
G1 X124.718 Y120.852 E.3504
G1 X135.282 Y120.852 E.3504
G1 X139.066 Y127.407 E.25107
G1 X138.974 Y127.46 E.00353
SET_VELOCITY_LIMIT SQUARE_CORNER_VELOCITY=12
;TYPE:Sparse infill
G1 X132.655 Y121.142 E.29641
G1 X128.818 Y121.142 E.12731
G1 X139.294 Y131.618 E.49149
G1 X137.89 Y134.052 E.0932
G1 X124.98 Y121.142 E.60564
G1 X124.886 Y121.142 E.00312
G1 X123.515 Y123.515 E.09092
G1 X136.485 Y136.485 E.60844
G1 X135.114 Y138.858 E.09092
G1 X135.02 Y138.858 E.00312
G1 X122.11 Y125.948 E.60564
G1 X120.706 Y128.382 E.0932
G1 X131.183 Y138.858 E.4915
G1 X127.345 Y138.858 E.12731
G1 X121.026 Y132.54 E.29641
; stop printing object HexagonalPrism.stl id:0 copy 0
;LAYER_CHANGE
;Z:4
;HEIGHT:0.2
;BEFORE_LAYER_CHANGE
;4
G92 E0

EXCLUDE_OBJECT_END NAME=HexagonalPrism.stl_id_0_copy_0
G1 Z4 F30000
M73 P37 R8

;don't support timelapse gcode in spiral_mode and by object sequence for I3 structure printer
;time lapse begin
M5001 G92 E0
M5001 G17
M5001 G2 Z4.4 I0.86 J0.86 P1 F20000 ; spiral lift a little
M5001 G1 X0 Y180 F24000 ; move to safe pos
M5001 P15
M5001 M400 P300
M5001 G92 E0
;time lapse end

;AFTER_LAYER_CHANGE
;4
;_SET_FAN_SPEED_CHANGING_LAYER
; printing object HexagonalPrism.stl id:0 copy 0
EXCLUDE_OBJECT_START NAME=HexagonalPrism.stl_id_0_copy_0
G1 F2412
G1 X127.345 Y138.858 E.29641
G1 X131.183 Y138.858 E.12731
G1 X120.706 Y128.382 E.4915
G1 X122.11 Y125.948 E.0932
G1 X135.02 Y138.858 E.60564
G1 X135.114 Y138.858 E.00312
G1 X136.485 Y136.485 E.09092
G1 X123.515 Y123.515 E.60844
M73 P37 R7
G1 X124.886 Y121.142 E.09092
G1 X124.98 Y121.142 E.00312
G1 X137.89 Y134.052 E.60564
G1 X139.294 Y131.618 E.0932
G1 X128.818 Y121.142 E.49149
G1 X132.655 Y121.142 E.12731
G1 X138.974 Y127.46 E.29641
SET_VELOCITY_LIMIT SQUARE_CORNER_VELOCITY=8
;TYPE:Inner wall
G1 X139.066 Y127.407 E.00353
G1 X139.336 Y127.874 E.0179
G1 X140.563 Y130 E.08143
G1 X135.282 Y139.148 E.3504
G1 X124.718 Y139.148 E.3504
G1 X120.934 Y132.593 E.25107
G1 X119.437 Y130 E.09933
G1 X124.718 Y120.852 E.3504
G1 X135.282 Y120.852 E.3504
G1 X139.066 Y127.407 E.25107
G1 X139.418 Y127.203 E.0135
G1 X139.688 Y127.671 E.0179
G1 X141.033 Y130 E.08923
G1 X135.517 Y139.555 E.36599
G1 X124.483 Y139.555 E.36599
G1 X120.582 Y132.797 E.25887
G1 X118.967 Y130 E.10712
G1 X124.483 Y120.445 E.36599
G1 X135.517 Y120.445 E.36599
G1 X139.418 Y127.203 E.25887
SET_VELOCITY_LIMIT ACCEL=5000 ACCEL_TO_DECEL=2500
;TYPE:Outer wall
;WIDTH:0.42
G1 X139.795 Y126.986 E.01337
G1 X140.065 Y127.453 E.01658
G1 X141.535 Y130 E.09037
G1 X135.768 Y139.99 E.35445
G1 X124.232 Y139.99 E.35445
G1 X120.205 Y133.014 E.24751
G1 X118.465 Y130 E.10695
G1 X124.232 Y120.01 E.35445
G1 X135.768 Y120.01 E.35445
M73 P38 R7
G1 X139.795 Y126.986 E.24751
; stop printing object HexagonalPrism.stl id:0 copy 0
;LAYER_CHANGE
;Z:4.2
;HEIGHT:0.2
;BEFORE_LAYER_CHANGE
;4.2
G92 E0

EXCLUDE_OBJECT_END NAME=HexagonalPrism.stl_id_0_copy_0
G1 Z4.2 F30000

;don't support timelapse gcode in spiral_mode and by object sequence for I3 structure printer
;time lapse begin
M5001 G92 E0
M5001 G17
M5001 G2 Z4.6 I0.86 J0.86 P1 F20000 ; spiral lift a little
M5001 G1 X0 Y180 F24000 ; move to safe pos
M5001 P15
M5001 M400 P300
M5001 G92 E0
;time lapse end

;AFTER_LAYER_CHANGE
;4.2
;_SET_FAN_SPEED_CHANGING_LAYER
; printing object HexagonalPrism.stl id:0 copy 0
EXCLUDE_OBJECT_START NAME=HexagonalPrism.stl_id_0_copy_0
G1 F9000
G1 F2410
G1 X139.986 Y127.317 E.01175
G1 X141.535 Y130 E.09519
G1 X135.768 Y139.99 E.35445
G1 X124.232 Y139.99 E.35445
G1 X118.465 Y130 E.35445
G1 X124.232 Y120.01 E.35445
G1 X135.768 Y120.01 E.35445
G1 X139.795 Y126.986 E.24751
SET_VELOCITY_LIMIT ACCEL=6000 ACCEL_TO_DECEL=3000
;TYPE:Inner wall
;WIDTH:0.45
G1 X139.418 Y127.203 E.01443
G1 X139.61 Y127.535 E.01269
G1 X141.033 Y130 E.09444
G1 X135.517 Y139.555 E.36599
G1 X124.483 Y139.555 E.36599
G1 X118.967 Y130 E.36599
G1 X124.483 Y120.445 E.36599
G1 X135.517 Y120.445 E.36599
G1 X139.418 Y127.203 E.25887
G1 X139.066 Y127.407 E.0135
G1 X139.257 Y127.738 E.01269
G1 X140.563 Y130 E.08664
G1 X135.282 Y139.148 E.3504
G1 X124.718 Y139.148 E.3504
G1 X119.437 Y130 E.3504
G1 X124.718 Y120.852 E.3504
G1 X135.282 Y120.852 E.3504
G1 X139.066 Y127.407 E.25107
G1 X138.974 Y127.46 E.00353
SET_VELOCITY_LIMIT SQUARE_CORNER_VELOCITY=12
;TYPE:Sparse infill
G1 X132.655 Y121.142 E.29641
G1 X128.818 Y121.142 E.12731
G1 X139.294 Y131.618 E.49149
G1 X137.89 Y134.052 E.0932
G1 X124.98 Y121.142 E.60564
G1 X124.886 Y121.142 E.00312
G1 X123.515 Y123.515 E.09092
G1 X136.485 Y136.485 E.60844
G1 X135.114 Y138.858 E.09092
G1 X135.02 Y138.858 E.00312
G1 X122.11 Y125.948 E.60564
G1 X120.706 Y128.382 E.0932
M73 P39 R7
G1 X131.183 Y138.858 E.4915
G1 X127.345 Y138.858 E.12731
G1 X121.026 Y132.54 E.29641
; stop printing object HexagonalPrism.stl id:0 copy 0
;LAYER_CHANGE
;Z:4.4
;HEIGHT:0.2
;BEFORE_LAYER_CHANGE
;4.4
G92 E0

EXCLUDE_OBJECT_END NAME=HexagonalPrism.stl_id_0_copy_0
G1 Z4.4 F30000

;don't support timelapse gcode in spiral_mode and by object sequence for I3 structure printer
;time lapse begin
M5001 G92 E0
M5001 G17
M5001 G2 Z4.8 I0.86 J0.86 P1 F20000 ; spiral lift a little
M5001 G1 X0 Y180 F24000 ; move to safe pos
M5001 P15
M5001 M400 P300
M5001 G92 E0
;time lapse end

;AFTER_LAYER_CHANGE
;4.4
;_SET_FAN_SPEED_CHANGING_LAYER
; printing object HexagonalPrism.stl id:0 copy 0
EXCLUDE_OBJECT_START NAME=HexagonalPrism.stl_id_0_copy_0
G1 F2412
G1 X127.345 Y138.858 E.29641
G1 X131.183 Y138.858 E.12731
G1 X120.706 Y128.382 E.4915
G1 X122.11 Y125.948 E.0932
G1 X135.02 Y138.858 E.60564
G1 X135.114 Y138.858 E.00312
G1 X136.485 Y136.485 E.09092
G1 X123.515 Y123.515 E.60844
G1 X124.886 Y121.142 E.09092
G1 X124.98 Y121.142 E.00312
G1 X137.89 Y134.052 E.60564
G1 X139.294 Y131.618 E.0932
G1 X128.818 Y121.142 E.49149
G1 X132.655 Y121.142 E.12731
G1 X138.974 Y127.46 E.29641
SET_VELOCITY_LIMIT SQUARE_CORNER_VELOCITY=8
;TYPE:Inner wall
G1 X139.066 Y127.407 E.00353
G1 X139.179 Y127.602 E.00748
G1 X140.563 Y130 E.09185
G1 X135.282 Y139.148 E.3504
G1 X124.718 Y139.148 E.3504
G1 X120.934 Y132.593 E.25107
G1 X119.437 Y130 E.09933
G1 X124.718 Y120.852 E.3504
G1 X135.282 Y120.852 E.3504
G1 X139.066 Y127.407 E.25107
G1 X139.418 Y127.203 E.0135
G1 X139.531 Y127.399 E.00748
G1 X141.033 Y130 E.09965
G1 X135.517 Y139.555 E.36599
G1 X124.483 Y139.555 E.36599
G1 X120.582 Y132.797 E.25887
G1 X118.967 Y130 E.10712
G1 X124.483 Y120.445 E.36599
G1 X135.517 Y120.445 E.36599
G1 X139.418 Y127.203 E.25887
SET_VELOCITY_LIMIT ACCEL=5000 ACCEL_TO_DECEL=2500
;TYPE:Outer wall
;WIDTH:0.42
G1 X139.795 Y126.986 E.01337
G1 X139.908 Y127.181 E.00693
G1 X141.535 Y130 E.10002
G1 X135.768 Y139.99 E.35445
M73 P40 R7
G1 X124.232 Y139.99 E.35445
G1 X120.205 Y133.014 E.24751
G1 X118.465 Y130 E.10695
G1 X124.232 Y120.01 E.35445
G1 X135.768 Y120.01 E.35445
G1 X139.795 Y126.986 E.24751
; stop printing object HexagonalPrism.stl id:0 copy 0
;LAYER_CHANGE
;Z:4.6
;HEIGHT:0.2
;BEFORE_LAYER_CHANGE
;4.6
G92 E0

EXCLUDE_OBJECT_END NAME=HexagonalPrism.stl_id_0_copy_0
G1 Z4.6 F30000

;don't support timelapse gcode in spiral_mode and by object sequence for I3 structure printer
;time lapse begin
M5001 G92 E0
M5001 G17
M5001 G2 Z5 I0.86 J0.86 P1 F20000 ; spiral lift a little
M5001 G1 X0 Y180 F24000 ; move to safe pos
M5001 P15
M5001 M400 P300
M5001 G92 E0
;time lapse end

;AFTER_LAYER_CHANGE
;4.6
;_SET_FAN_SPEED_CHANGING_LAYER
; printing object HexagonalPrism.stl id:0 copy 0
EXCLUDE_OBJECT_START NAME=HexagonalPrism.stl_id_0_copy_0
G1 F9000
G1 F2410
G1 X139.829 Y127.045 E.0021
G1 X141.535 Y130 E.10485
G1 X135.768 Y139.99 E.35445
G1 X124.232 Y139.99 E.35445
G1 X118.465 Y130 E.35445
G1 X124.232 Y120.01 E.35445
G1 X135.768 Y120.01 E.35445
G1 X139.795 Y126.986 E.24751
SET_VELOCITY_LIMIT ACCEL=6000 ACCEL_TO_DECEL=3000
;TYPE:Inner wall
;WIDTH:0.45
G1 X139.418 Y127.203 E.01443
G1 X139.453 Y127.263 E.00227
G1 X141.033 Y130 E.10486
G1 X135.517 Y139.555 E.36599
G1 X124.483 Y139.555 E.36599
G1 X118.967 Y130 E.36599
G1 X124.483 Y120.445 E.36599
G1 X135.517 Y120.445 E.36599
G1 X139.418 Y127.203 E.25887
G1 X139.066 Y127.407 E.0135
G1 X139.1 Y127.466 E.00227
G1 X140.563 Y130 E.09706
G1 X135.282 Y139.148 E.3504
G1 X124.718 Y139.148 E.3504
G1 X119.437 Y130 E.3504
G1 X124.718 Y120.852 E.3504
G1 X135.282 Y120.852 E.3504
G1 X139.066 Y127.407 E.25107
G1 X138.974 Y127.46 E.00353
SET_VELOCITY_LIMIT SQUARE_CORNER_VELOCITY=12
;TYPE:Sparse infill
G1 X132.655 Y121.142 E.29641
G1 X128.818 Y121.142 E.12731
G1 X139.294 Y131.618 E.49149
G1 X137.89 Y134.052 E.0932
G1 X124.98 Y121.142 E.60564
G1 X124.886 Y121.142 E.00312
M73 P41 R7
G1 X123.515 Y123.515 E.09092
G1 X136.485 Y136.485 E.60844
G1 X135.114 Y138.858 E.09092
G1 X135.02 Y138.858 E.00312
G1 X122.11 Y125.948 E.60564
G1 X120.706 Y128.382 E.0932
G1 X131.183 Y138.858 E.4915
G1 X127.345 Y138.858 E.12731
G1 X121.026 Y132.54 E.29641
; stop printing object HexagonalPrism.stl id:0 copy 0
;LAYER_CHANGE
;Z:4.8
;HEIGHT:0.2
;BEFORE_LAYER_CHANGE
;4.8
G92 E0

EXCLUDE_OBJECT_END NAME=HexagonalPrism.stl_id_0_copy_0
G1 Z4.8 F30000

;don't support timelapse gcode in spiral_mode and by object sequence for I3 structure printer
;time lapse begin
M5001 G92 E0
M5001 G17
M5001 G2 Z5.2 I0.86 J0.86 P1 F20000 ; spiral lift a little
M5001 G1 X0 Y180 F24000 ; move to safe pos
M5001 P15
M5001 M400 P300
M5001 G92 E0
;time lapse end

;AFTER_LAYER_CHANGE
;4.8
;_SET_FAN_SPEED_CHANGING_LAYER
; printing object HexagonalPrism.stl id:0 copy 0
EXCLUDE_OBJECT_START NAME=HexagonalPrism.stl_id_0_copy_0
G1 F2408
G1 X127.345 Y138.858 E.29641
G1 X131.183 Y138.858 E.12731
G1 X120.706 Y128.382 E.4915
G1 X122.11 Y125.948 E.0932
G1 X135.02 Y138.858 E.60564
G1 X135.114 Y138.858 E.00312
G1 X136.485 Y136.485 E.09092
G1 X123.515 Y123.515 E.60844
G1 X124.886 Y121.142 E.09092
G1 X124.98 Y121.142 E.00312
G1 X137.89 Y134.052 E.60564
G1 X139.294 Y131.618 E.0932
G1 X128.818 Y121.142 E.49149
G1 X132.655 Y121.142 E.12731
G1 X138.974 Y127.46 E.29641
SET_VELOCITY_LIMIT SQUARE_CORNER_VELOCITY=8
;TYPE:Inner wall
G1 X139.066 Y127.407 E.00353
G1 X140.563 Y130 E.09933
G1 X135.282 Y139.148 E.3504
G1 X124.718 Y139.148 E.3504
G1 X120.934 Y132.593 E.25107
G1 X119.437 Y130 E.09933
G1 X124.718 Y120.852 E.3504
G1 X135.282 Y120.852 E.3504
G1 X139.022 Y127.33 E.24813
G1 X139.066 Y127.407 E.00294
G1 X139.418 Y127.203 E.0135
G1 X141.033 Y130 E.10712
G1 X135.517 Y139.555 E.36599
G1 X124.483 Y139.555 E.36599
G1 X120.582 Y132.797 E.25887
G1 X118.967 Y130 E.10712
M73 P42 R7
G1 X124.483 Y120.445 E.36599
G1 X135.517 Y120.445 E.36599
G1 X139.374 Y127.127 E.25593
G1 X139.418 Y127.203 E.00294
SET_VELOCITY_LIMIT ACCEL=5000 ACCEL_TO_DECEL=2500
;TYPE:Outer wall
;WIDTH:0.42
G1 X139.795 Y126.986 E.01337
G1 X141.535 Y130 E.10695
G1 X135.768 Y139.99 E.35445
G1 X124.232 Y139.99 E.35445
G1 X120.205 Y133.014 E.24751
G1 X118.465 Y130 E.10695
G1 X124.232 Y120.01 E.35445
G1 X135.768 Y120.01 E.35445
G1 X139.751 Y126.909 E.24478
G1 X139.795 Y126.986 E.00272
; stop printing object HexagonalPrism.stl id:0 copy 0
;LAYER_CHANGE
;Z:5
;HEIGHT:0.2
;BEFORE_LAYER_CHANGE
;5
G92 E0

EXCLUDE_OBJECT_END NAME=HexagonalPrism.stl_id_0_copy_0
G1 Z5 F30000

;don't support timelapse gcode in spiral_mode and by object sequence for I3 structure printer
;time lapse begin
M5001 G92 E0
M5001 G17
M5001 G2 Z5.4 I0.86 J0.86 P1 F20000 ; spiral lift a little
M5001 G1 X0 Y180 F24000 ; move to safe pos
M5001 P15
M5001 M400 P300
M5001 G92 E0
;time lapse end

;AFTER_LAYER_CHANGE
;5
;_SET_FAN_SPEED_CHANGING_LAYER
; printing object HexagonalPrism.stl id:0 copy 0
EXCLUDE_OBJECT_START NAME=HexagonalPrism.stl_id_0_copy_0
G1 F9000
G1 F2406
G1 X141.535 Y130 E.10695
G1 X135.768 Y139.99 E.35445
G1 X124.232 Y139.99 E.35445
G1 X118.465 Y130 E.35445
G1 X124.232 Y120.01 E.35445
G1 X135.768 Y120.01 E.35445
G1 X139.672 Y126.773 E.23996
G1 X139.795 Y126.986 E.00755
SET_VELOCITY_LIMIT ACCEL=6000 ACCEL_TO_DECEL=3000
;TYPE:Inner wall
;WIDTH:0.45
G1 X139.418 Y127.203 E.01443
G1 X141.033 Y130 E.10712
G1 X135.517 Y139.555 E.36599
G1 X124.483 Y139.555 E.36599
G1 X118.967 Y130 E.36599
G1 X124.483 Y120.445 E.36599
G1 X135.517 Y120.445 E.36599
G1 X139.296 Y126.991 E.25072
G1 X139.418 Y127.203 E.00815
G1 X139.066 Y127.407 E.0135
G1 X140.563 Y130 E.09933
G1 X135.282 Y139.148 E.3504
G1 X124.718 Y139.148 E.3504
G1 X119.437 Y130 E.3504
G1 X124.718 Y120.852 E.3504
G1 X135.282 Y120.852 E.3504
G1 X138.943 Y127.194 E.24292
M73 P43 R7
G1 X139.066 Y127.407 E.00815
G1 X138.974 Y127.46 E.00353
SET_VELOCITY_LIMIT SQUARE_CORNER_VELOCITY=12
;TYPE:Sparse infill
G1 X132.655 Y121.142 E.29641
G1 X128.818 Y121.142 E.12731
G1 X139.294 Y131.618 E.49149
G1 X137.89 Y134.052 E.0932
G1 X124.98 Y121.142 E.60564
G1 X124.886 Y121.142 E.00312
G1 X123.515 Y123.515 E.09092
G1 X136.485 Y136.485 E.60844
G1 X135.114 Y138.858 E.09092
G1 X135.02 Y138.858 E.00312
G1 X122.11 Y125.948 E.60564
G1 X120.706 Y128.382 E.0932
G1 X131.183 Y138.858 E.4915
G1 X127.345 Y138.858 E.12731
G1 X121.026 Y132.54 E.29641
; stop printing object HexagonalPrism.stl id:0 copy 0
;LAYER_CHANGE
;Z:5.2
;HEIGHT:0.2
;BEFORE_LAYER_CHANGE
;5.2
G92 E0

EXCLUDE_OBJECT_END NAME=HexagonalPrism.stl_id_0_copy_0
G1 Z5.2 F30000

;don't support timelapse gcode in spiral_mode and by object sequence for I3 structure printer
;time lapse begin
M5001 G92 E0
M5001 G17
M5001 G2 Z5.6 I0.86 J0.86 P1 F20000 ; spiral lift a little
M5001 G1 X0 Y180 F24000 ; move to safe pos
M5001 P15
M5001 M400 P300
M5001 G92 E0
;time lapse end

;AFTER_LAYER_CHANGE
;5.2
;_SET_FAN_SPEED_CHANGING_LAYER
; printing object HexagonalPrism.stl id:0 copy 0
EXCLUDE_OBJECT_START NAME=HexagonalPrism.stl_id_0_copy_0
G1 F2408
G1 X127.345 Y138.858 E.29641
G1 X131.183 Y138.858 E.12731
G1 X120.706 Y128.382 E.4915
G1 X122.11 Y125.948 E.0932
G1 X135.02 Y138.858 E.60564
G1 X135.114 Y138.858 E.00312
G1 X136.485 Y136.485 E.09092
G1 X123.515 Y123.515 E.60844
G1 X124.886 Y121.142 E.09092
G1 X124.98 Y121.142 E.00312
G1 X137.89 Y134.052 E.60564
G1 X139.294 Y131.618 E.0932
G1 X128.818 Y121.142 E.49149
G1 X132.655 Y121.142 E.12731
G1 X138.974 Y127.46 E.29641
SET_VELOCITY_LIMIT SQUARE_CORNER_VELOCITY=8
;TYPE:Inner wall
G1 X139.066 Y127.407 E.00353
G1 X140.563 Y130 E.09933
G1 X135.282 Y139.148 E.3504
G1 X124.718 Y139.148 E.3504
G1 X120.934 Y132.593 E.25107
G1 X119.437 Y130 E.09933
G1 X124.718 Y120.852 E.3504
G1 X135.282 Y120.852 E.3504
G1 X138.865 Y127.058 E.23771
M73 P44 R7
G1 X139.066 Y127.407 E.01336
G1 X139.418 Y127.203 E.0135
G1 X141.033 Y130 E.10712
G1 X135.517 Y139.555 E.36599
G1 X124.483 Y139.555 E.36599
G1 X120.582 Y132.797 E.25887
G1 X118.967 Y130 E.10712
G1 X124.483 Y120.445 E.36599
G1 X135.517 Y120.445 E.36599
G1 X139.217 Y126.855 E.24551
G1 X139.418 Y127.203 E.01336
SET_VELOCITY_LIMIT ACCEL=5000 ACCEL_TO_DECEL=2500
;TYPE:Outer wall
;WIDTH:0.42
G1 X139.795 Y126.986 E.01337
G1 X141.535 Y130 E.10695
G1 X135.768 Y139.99 E.35445
G1 X124.232 Y139.99 E.35445
G1 X120.205 Y133.014 E.24751
G1 X118.465 Y130 E.10695
G1 X124.232 Y120.01 E.35445
G1 X135.768 Y120.01 E.35445
G1 X139.594 Y126.637 E.23513
G1 X139.795 Y126.986 E.01238
; stop printing object HexagonalPrism.stl id:0 copy 0
;LAYER_CHANGE
;Z:5.4
;HEIGHT:0.2
;BEFORE_LAYER_CHANGE
;5.4
G92 E0

EXCLUDE_OBJECT_END NAME=HexagonalPrism.stl_id_0_copy_0
G1 Z5.4 F30000

;don't support timelapse gcode in spiral_mode and by object sequence for I3 structure printer
;time lapse begin
M5001 G92 E0
M5001 G17
M5001 G2 Z5.8 I0.86 J0.86 P1 F20000 ; spiral lift a little
M5001 G1 X0 Y180 F24000 ; move to safe pos
M5001 P15
M5001 M400 P300
M5001 G92 E0
;time lapse end

;AFTER_LAYER_CHANGE
;5.4
;_SET_FAN_SPEED_CHANGING_LAYER
; printing object HexagonalPrism.stl id:0 copy 0
EXCLUDE_OBJECT_START NAME=HexagonalPrism.stl_id_0_copy_0
G1 F9000
G1 F2406
G1 X141.535 Y130 E.10695
G1 X135.768 Y139.99 E.35445
G1 X124.232 Y139.99 E.35445
G1 X118.465 Y130 E.35445
G1 X124.232 Y120.01 E.35445
G1 X135.768 Y120.01 E.35445
G1 X139.515 Y126.501 E.23031
G1 X139.795 Y126.986 E.0172
SET_VELOCITY_LIMIT ACCEL=6000 ACCEL_TO_DECEL=3000
;TYPE:Inner wall
;WIDTH:0.45
G1 X139.418 Y127.203 E.01443
G1 X141.033 Y130 E.10712
G1 X135.517 Y139.555 E.36599
G1 X124.483 Y139.555 E.36599
G1 X118.967 Y130 E.36599
G1 X124.483 Y120.445 E.36599
G1 X135.517 Y120.445 E.36599
G1 X139.139 Y126.719 E.2403
G1 X139.418 Y127.203 E.01857
G1 X139.066 Y127.407 E.0135
G1 X140.563 Y130 E.09933
G1 X135.282 Y139.148 E.3504
G1 X124.718 Y139.148 E.3504
M73 P45 R7
G1 X119.437 Y130 E.3504
M73 P45 R6
G1 X124.718 Y120.852 E.3504
G1 X135.282 Y120.852 E.3504
G1 X138.786 Y126.922 E.2325
G1 X139.066 Y127.407 E.01857
G1 X138.974 Y127.46 E.00353
SET_VELOCITY_LIMIT SQUARE_CORNER_VELOCITY=12
;TYPE:Sparse infill
G1 X132.655 Y121.142 E.29641
G1 X128.818 Y121.142 E.12731
G1 X139.294 Y131.618 E.49149
G1 X137.89 Y134.052 E.0932
G1 X124.98 Y121.142 E.60564
G1 X124.886 Y121.142 E.00312
G1 X123.515 Y123.515 E.09092
G1 X136.485 Y136.485 E.60844
G1 X135.114 Y138.858 E.09092
G1 X135.02 Y138.858 E.00312
G1 X122.11 Y125.948 E.60564
G1 X120.706 Y128.382 E.0932
G1 X131.183 Y138.858 E.4915
G1 X127.345 Y138.858 E.12731
G1 X121.026 Y132.54 E.29641
; stop printing object HexagonalPrism.stl id:0 copy 0
;LAYER_CHANGE
;Z:5.6
;HEIGHT:0.2
;BEFORE_LAYER_CHANGE
;5.6
G92 E0

EXCLUDE_OBJECT_END NAME=HexagonalPrism.stl_id_0_copy_0
G1 Z5.6 F30000

;don't support timelapse gcode in spiral_mode and by object sequence for I3 structure printer
;time lapse begin
M5001 G92 E0
M5001 G17
M5001 G2 Z6 I0.86 J0.86 P1 F20000 ; spiral lift a little
M5001 G1 X0 Y180 F24000 ; move to safe pos
M5001 P15
M5001 M400 P300
M5001 G92 E0
;time lapse end

;AFTER_LAYER_CHANGE
;5.6
;_SET_FAN_SPEED_CHANGING_LAYER
; printing object HexagonalPrism.stl id:0 copy 0
EXCLUDE_OBJECT_START NAME=HexagonalPrism.stl_id_0_copy_0
G1 F2408
G1 X127.345 Y138.858 E.29641
G1 X131.183 Y138.858 E.12731
G1 X120.706 Y128.382 E.4915
G1 X122.11 Y125.948 E.0932
G1 X135.02 Y138.858 E.60564
G1 X135.114 Y138.858 E.00312
G1 X136.485 Y136.485 E.09092
G1 X123.515 Y123.515 E.60844
G1 X124.886 Y121.142 E.09092
G1 X124.98 Y121.142 E.00312
G1 X137.89 Y134.052 E.60564
G1 X139.294 Y131.618 E.0932
G1 X128.818 Y121.142 E.49149
G1 X132.655 Y121.142 E.12731
G1 X138.974 Y127.46 E.29641
SET_VELOCITY_LIMIT SQUARE_CORNER_VELOCITY=8
;TYPE:Inner wall
G1 X139.066 Y127.407 E.00353
G1 X140.563 Y130 E.09933
G1 X135.282 Y139.148 E.3504
G1 X124.718 Y139.148 E.3504
M73 P46 R6
G1 X120.934 Y132.593 E.25107
G1 X119.437 Y130 E.09933
G1 X124.718 Y120.852 E.3504
G1 X135.282 Y120.852 E.3504
G1 X138.708 Y126.786 E.22729
G1 X139.066 Y127.407 E.02378
G1 X139.418 Y127.203 E.0135
G1 X141.033 Y130 E.10712
G1 X135.517 Y139.555 E.36599
G1 X124.483 Y139.555 E.36599
G1 X120.582 Y132.797 E.25887
G1 X118.967 Y130 E.10712
G1 X124.483 Y120.445 E.36599
G1 X135.517 Y120.445 E.36599
G1 X139.06 Y126.583 E.23509
G1 X139.418 Y127.203 E.02378
SET_VELOCITY_LIMIT ACCEL=5000 ACCEL_TO_DECEL=2500
;TYPE:Outer wall
;WIDTH:0.42
G1 X139.795 Y126.986 E.01337
G1 X141.535 Y130 E.10695
G1 X135.768 Y139.99 E.35445
G1 X124.232 Y139.99 E.35445
G1 X120.205 Y133.014 E.24751
G1 X118.465 Y130 E.10695
G1 X124.232 Y120.01 E.35445
G1 X135.768 Y120.01 E.35445
G1 X139.437 Y126.365 E.22548
G1 X139.795 Y126.986 E.02203
; stop printing object HexagonalPrism.stl id:0 copy 0
;LAYER_CHANGE
;Z:5.8
;HEIGHT:0.2
;BEFORE_LAYER_CHANGE
;5.8
G92 E0

EXCLUDE_OBJECT_END NAME=HexagonalPrism.stl_id_0_copy_0
G1 Z5.8 F30000

;don't support timelapse gcode in spiral_mode and by object sequence for I3 structure printer
;time lapse begin
M5001 G92 E0
M5001 G17
M5001 G2 Z6.2 I0.86 J0.86 P1 F20000 ; spiral lift a little
M5001 G1 X0 Y180 F24000 ; move to safe pos
M5001 P15
M5001 M400 P300
M5001 G92 E0
;time lapse end

;AFTER_LAYER_CHANGE
;5.8
;_SET_FAN_SPEED_CHANGING_LAYER
; printing object HexagonalPrism.stl id:0 copy 0
EXCLUDE_OBJECT_START NAME=HexagonalPrism.stl_id_0_copy_0
G1 F9000
G1 F2406
G1 X141.535 Y130 E.10695
G1 X135.768 Y139.99 E.35445
G1 X124.232 Y139.99 E.35445
G1 X118.465 Y130 E.35445
G1 X124.232 Y120.01 E.35445
G1 X135.768 Y120.01 E.35445
G1 X139.358 Y126.229 E.22065
G1 X139.795 Y126.986 E.02685
SET_VELOCITY_LIMIT ACCEL=6000 ACCEL_TO_DECEL=3000
;TYPE:Inner wall
;WIDTH:0.45
G1 X139.418 Y127.203 E.01443
G1 X141.033 Y130 E.10712
G1 X135.517 Y139.555 E.36599
G1 X124.483 Y139.555 E.36599
G1 X118.967 Y130 E.36599
G1 X124.483 Y120.445 E.36599
M73 P47 R6
G1 X135.517 Y120.445 E.36599
G1 X138.982 Y126.447 E.22988
G1 X139.418 Y127.203 E.02899
G1 X139.066 Y127.407 E.0135
G1 X140.563 Y130 E.09933
G1 X135.282 Y139.148 E.3504
G1 X124.718 Y139.148 E.3504
G1 X119.437 Y130 E.3504
G1 X124.718 Y120.852 E.3504
G1 X135.282 Y120.852 E.3504
G1 X138.629 Y126.65 E.22208
G1 X139.066 Y127.407 E.02899
G1 X138.974 Y127.46 E.00353
SET_VELOCITY_LIMIT SQUARE_CORNER_VELOCITY=12
;TYPE:Sparse infill
G1 X132.655 Y121.142 E.29641
G1 X128.818 Y121.142 E.12731
G1 X139.294 Y131.618 E.49149
G1 X137.89 Y134.052 E.0932
G1 X124.98 Y121.142 E.60564
G1 X124.886 Y121.142 E.00312
G1 X123.515 Y123.515 E.09092
G1 X136.485 Y136.485 E.60844
G1 X135.114 Y138.858 E.09092
G1 X135.02 Y138.858 E.00312
G1 X122.11 Y125.948 E.60564
G1 X120.706 Y128.382 E.0932
G1 X131.183 Y138.858 E.4915
G1 X127.345 Y138.858 E.12731
G1 X121.026 Y132.54 E.29641
; stop printing object HexagonalPrism.stl id:0 copy 0
;LAYER_CHANGE
;Z:6
;HEIGHT:0.2
;BEFORE_LAYER_CHANGE
;6
G92 E0

EXCLUDE_OBJECT_END NAME=HexagonalPrism.stl_id_0_copy_0
G1 Z6 F30000

;don't support timelapse gcode in spiral_mode and by object sequence for I3 structure printer
;time lapse begin
M5001 G92 E0
M5001 G17
M5001 G2 Z6.4 I0.86 J0.86 P1 F20000 ; spiral lift a little
M5001 G1 X0 Y180 F24000 ; move to safe pos
M5001 P15
M5001 M400 P300
M5001 G92 E0
;time lapse end

;AFTER_LAYER_CHANGE
;6
;_SET_FAN_SPEED_CHANGING_LAYER
; printing object HexagonalPrism.stl id:0 copy 0
EXCLUDE_OBJECT_START NAME=HexagonalPrism.stl_id_0_copy_0
G1 F2409
G1 X127.345 Y138.858 E.29641
G1 X131.183 Y138.858 E.12731
G1 X120.706 Y128.382 E.4915
G1 X122.11 Y125.948 E.0932
G1 X135.02 Y138.858 E.60564
G1 X135.114 Y138.858 E.00312
G1 X136.485 Y136.485 E.09092
G1 X123.515 Y123.515 E.60844
G1 X124.886 Y121.142 E.09092
G1 X124.98 Y121.142 E.00312
G1 X137.89 Y134.052 E.60564
G1 X139.294 Y131.618 E.0932
M73 P48 R6
G1 X128.818 Y121.142 E.49149
G1 X132.655 Y121.142 E.12731
G1 X138.974 Y127.46 E.29641
SET_VELOCITY_LIMIT SQUARE_CORNER_VELOCITY=8
;TYPE:Inner wall
G1 X139.066 Y127.407 E.00353
G1 X140.563 Y130 E.09933
G1 X135.282 Y139.148 E.3504
G1 X124.718 Y139.148 E.3504
G1 X120.934 Y132.593 E.25107
G1 X119.437 Y130 E.09933
G1 X124.718 Y120.852 E.3504
G1 X135.282 Y120.852 E.3504
G1 X138.55 Y126.514 E.21687
G1 X139.066 Y127.407 E.0342
G1 X139.418 Y127.203 E.0135
G1 X141.033 Y130 E.10712
G1 X135.517 Y139.555 E.36599
G1 X124.483 Y139.555 E.36599
G1 X120.582 Y132.797 E.25887
G1 X118.967 Y130 E.10712
G1 X124.483 Y120.445 E.36599
G1 X135.517 Y120.445 E.36599
G1 X138.903 Y126.311 E.22467
G1 X139.418 Y127.203 E.0342
SET_VELOCITY_LIMIT ACCEL=5000 ACCEL_TO_DECEL=2500
;TYPE:Outer wall
;WIDTH:0.42
G1 X139.795 Y126.986 E.01337
G1 X141.535 Y130 E.10695
G1 X135.768 Y139.99 E.35445
G1 X124.232 Y139.99 E.35445
G1 X120.205 Y133.014 E.24751
G1 X118.465 Y130 E.10695
G1 X124.232 Y120.01 E.35445
G1 X135.768 Y120.01 E.35445
G1 X139.28 Y126.093 E.21583
G1 X139.795 Y126.986 E.03168
; stop printing object HexagonalPrism.stl id:0 copy 0
;LAYER_CHANGE
;Z:6.2
;HEIGHT:0.2
;BEFORE_LAYER_CHANGE
;6.2
G92 E0

EXCLUDE_OBJECT_END NAME=HexagonalPrism.stl_id_0_copy_0
G1 Z6.2 F30000

;don't support timelapse gcode in spiral_mode and by object sequence for I3 structure printer
;time lapse begin
M5001 G92 E0
M5001 G17
M5001 G2 Z6.6 I0.86 J0.86 P1 F20000 ; spiral lift a little
M5001 G1 X0 Y180 F24000 ; move to safe pos
M5001 P15
M5001 M400 P300
M5001 G92 E0
;time lapse end

;AFTER_LAYER_CHANGE
;6.2
;_SET_FAN_SPEED_CHANGING_LAYER
; printing object HexagonalPrism.stl id:0 copy 0
EXCLUDE_OBJECT_START NAME=HexagonalPrism.stl_id_0_copy_0
G1 F9000
G1 F2406
G1 X141.535 Y130 E.10695
G1 X135.768 Y139.99 E.35445
G1 X124.232 Y139.99 E.35445
G1 X118.465 Y130 E.35445
G1 X124.232 Y120.01 E.35445
G1 X135.768 Y120.01 E.35445
G1 X139.201 Y125.957 E.211
M73 P49 R6
G1 X139.795 Y126.986 E.0365
SET_VELOCITY_LIMIT ACCEL=6000 ACCEL_TO_DECEL=3000
;TYPE:Inner wall
;WIDTH:0.45
G1 X139.418 Y127.203 E.01443
G1 X141.033 Y130 E.10712
G1 X135.517 Y139.555 E.36599
G1 X124.483 Y139.555 E.36599
G1 X118.967 Y130 E.36599
G1 X124.483 Y120.445 E.36599
G1 X135.517 Y120.445 E.36599
G1 X138.825 Y126.175 E.21946
G1 X139.418 Y127.203 E.03941
G1 X139.066 Y127.407 E.0135
G1 X140.563 Y130 E.09933
G1 X135.282 Y139.148 E.3504
G1 X124.718 Y139.148 E.3504
G1 X119.437 Y130 E.3504
G1 X124.718 Y120.852 E.3504
G1 X135.282 Y120.852 E.3504
G1 X138.472 Y126.378 E.21166
G1 X139.066 Y127.407 E.03941
G1 X138.974 Y127.46 E.00353
SET_VELOCITY_LIMIT SQUARE_CORNER_VELOCITY=12
;TYPE:Sparse infill
G1 X132.655 Y121.142 E.29641
G1 X128.818 Y121.142 E.12731
G1 X139.294 Y131.618 E.49149
G1 X137.89 Y134.052 E.0932
G1 X124.98 Y121.142 E.60564
G1 X124.886 Y121.142 E.00312
G1 X123.515 Y123.515 E.09092
G1 X136.485 Y136.485 E.60844
G1 X135.114 Y138.858 E.09092
G1 X135.02 Y138.858 E.00312
G1 X122.11 Y125.948 E.60564
G1 X120.706 Y128.382 E.0932
G1 X131.183 Y138.858 E.4915
G1 X127.345 Y138.858 E.12731
G1 X121.026 Y132.54 E.29641
; stop printing object HexagonalPrism.stl id:0 copy 0
;LAYER_CHANGE
;Z:6.4
;HEIGHT:0.2
;BEFORE_LAYER_CHANGE
;6.4
G92 E0

EXCLUDE_OBJECT_END NAME=HexagonalPrism.stl_id_0_copy_0
G1 Z6.4 F30000

;don't support timelapse gcode in spiral_mode and by object sequence for I3 structure printer
;time lapse begin
M5001 G92 E0
M5001 G17
M5001 G2 Z6.8 I0.86 J0.86 P1 F20000 ; spiral lift a little
M5001 G1 X0 Y180 F24000 ; move to safe pos
M5001 P15
M5001 M400 P300
M5001 G92 E0
;time lapse end

;AFTER_LAYER_CHANGE
;6.4
;_SET_FAN_SPEED_CHANGING_LAYER
; printing object HexagonalPrism.stl id:0 copy 0
EXCLUDE_OBJECT_START NAME=HexagonalPrism.stl_id_0_copy_0
G1 F2409
G1 X127.345 Y138.858 E.29641
G1 X131.183 Y138.858 E.12731
G1 X120.706 Y128.382 E.4915
G1 X122.11 Y125.948 E.0932
G1 X135.02 Y138.858 E.60564
G1 X135.114 Y138.858 E.00312
M73 P50 R6
G1 X136.485 Y136.485 E.09092
G1 X123.515 Y123.515 E.60844
G1 X124.886 Y121.142 E.09092
G1 X124.98 Y121.142 E.00312
G1 X137.89 Y134.052 E.60564
G1 X139.294 Y131.618 E.0932
G1 X128.818 Y121.142 E.49149
G1 X132.655 Y121.142 E.12731
G1 X138.974 Y127.46 E.29641
SET_VELOCITY_LIMIT SQUARE_CORNER_VELOCITY=8
;TYPE:Inner wall
G1 X139.066 Y127.407 E.00353
G1 X140.563 Y130 E.09933
G1 X135.282 Y139.148 E.3504
G1 X124.718 Y139.148 E.3504
G1 X120.934 Y132.593 E.25107
G1 X119.437 Y130 E.09933
G1 X124.718 Y120.852 E.3504
G1 X135.282 Y120.852 E.3504
G1 X138.393 Y126.242 E.20645
G1 X139.066 Y127.407 E.04462
G1 X139.418 Y127.203 E.0135
G1 X141.033 Y130 E.10712
G1 X135.517 Y139.555 E.36599
G1 X124.483 Y139.555 E.36599
G1 X120.582 Y132.797 E.25887
G1 X118.967 Y130 E.10712
G1 X124.483 Y120.445 E.36599
G1 X135.517 Y120.445 E.36599
G1 X138.746 Y126.039 E.21425
G1 X139.418 Y127.203 E.04462
SET_VELOCITY_LIMIT ACCEL=5000 ACCEL_TO_DECEL=2500
;TYPE:Outer wall
;WIDTH:0.42
G1 X139.795 Y126.986 E.01337
G1 X141.535 Y130 E.10695
G1 X135.768 Y139.99 E.35445
G1 X124.232 Y139.99 E.35445
G1 X120.205 Y133.014 E.24751
G1 X118.465 Y130 E.10695
G1 X124.232 Y120.01 E.35445
G1 X135.768 Y120.01 E.35445
G1 X139.123 Y125.821 E.20618
G1 X139.795 Y126.986 E.04133
; stop printing object HexagonalPrism.stl id:0 copy 0
;LAYER_CHANGE
;Z:6.6
;HEIGHT:0.2
;BEFORE_LAYER_CHANGE
;6.6
G92 E0

EXCLUDE_OBJECT_END NAME=HexagonalPrism.stl_id_0_copy_0
G1 Z6.6 F30000

;don't support timelapse gcode in spiral_mode and by object sequence for I3 structure printer
;time lapse begin
M5001 G92 E0
M5001 G17
M5001 G2 Z7 I0.86 J0.86 P1 F20000 ; spiral lift a little
M5001 G1 X0 Y180 F24000 ; move to safe pos
M5001 P15
M5001 M400 P300
M5001 G92 E0
;time lapse end

;AFTER_LAYER_CHANGE
;6.6
;_SET_FAN_SPEED_CHANGING_LAYER
; printing object HexagonalPrism.stl id:0 copy 0
EXCLUDE_OBJECT_START NAME=HexagonalPrism.stl_id_0_copy_0
G1 F9000
G1 F2407
G1 X141.535 Y130 E.10695
G1 X135.768 Y139.99 E.35445
G1 X124.232 Y139.99 E.35445
G1 X118.465 Y130 E.35445
M73 P51 R6
G1 X124.232 Y120.01 E.35445
G1 X135.768 Y120.01 E.35445
G1 X139.044 Y125.685 E.20135
G1 X139.795 Y126.986 E.04615
SET_VELOCITY_LIMIT ACCEL=6000 ACCEL_TO_DECEL=3000
;TYPE:Inner wall
;WIDTH:0.45
G1 X139.418 Y127.203 E.01443
G1 X141.033 Y130 E.10712
G1 X135.517 Y139.555 E.36599
G1 X124.483 Y139.555 E.36599
G1 X118.967 Y130 E.36599
G1 X124.483 Y120.445 E.36599
G1 X135.517 Y120.445 E.36599
G1 X138.667 Y125.903 E.20904
G1 X139.418 Y127.203 E.04982
G1 X139.066 Y127.407 E.0135
G1 X140.563 Y130 E.09933
G1 X135.282 Y139.148 E.3504
G1 X124.718 Y139.148 E.3504
G1 X119.437 Y130 E.3504
G1 X124.718 Y120.852 E.3504
G1 X135.282 Y120.852 E.3504
G1 X138.315 Y126.106 E.20125
G1 X139.066 Y127.407 E.04982
G1 X138.974 Y127.46 E.00353
SET_VELOCITY_LIMIT SQUARE_CORNER_VELOCITY=12
;TYPE:Sparse infill
G1 X132.655 Y121.142 E.29641
G1 X128.818 Y121.142 E.12731
G1 X139.294 Y131.618 E.49149
G1 X137.89 Y134.052 E.0932
G1 X124.98 Y121.142 E.60564
G1 X124.886 Y121.142 E.00312
G1 X123.515 Y123.515 E.09092
G1 X136.485 Y136.485 E.60844
G1 X135.114 Y138.858 E.09092
G1 X135.02 Y138.858 E.00312
G1 X122.11 Y125.948 E.60564
G1 X120.706 Y128.382 E.0932
G1 X131.183 Y138.858 E.4915
G1 X127.345 Y138.858 E.12731
G1 X121.026 Y132.54 E.29641
; stop printing object HexagonalPrism.stl id:0 copy 0
;LAYER_CHANGE
;Z:6.8
;HEIGHT:0.2
;BEFORE_LAYER_CHANGE
;6.8
G92 E0

EXCLUDE_OBJECT_END NAME=HexagonalPrism.stl_id_0_copy_0
G1 Z6.8 F30000
M73 P52 R6

;don't support timelapse gcode in spiral_mode and by object sequence for I3 structure printer
;time lapse begin
M5001 G92 E0
M5001 G17
M5001 G2 Z7.2 I0.86 J0.86 P1 F20000 ; spiral lift a little
M5001 G1 X0 Y180 F24000 ; move to safe pos
M5001 P15
M5001 M400 P300
M5001 G92 E0
;time lapse end

;AFTER_LAYER_CHANGE
;6.8
;_SET_FAN_SPEED_CHANGING_LAYER
; printing object HexagonalPrism.stl id:0 copy 0
EXCLUDE_OBJECT_START NAME=HexagonalPrism.stl_id_0_copy_0
G1 F2409
G1 X127.345 Y138.858 E.29641
G1 X131.183 Y138.858 E.12731
G1 X120.706 Y128.382 E.4915
G1 X122.11 Y125.948 E.0932
G1 X135.02 Y138.858 E.60564
G1 X135.114 Y138.858 E.00312
G1 X136.485 Y136.485 E.09092
G1 X123.515 Y123.515 E.60844
G1 X124.886 Y121.142 E.09092
G1 X124.98 Y121.142 E.00312
G1 X137.89 Y134.052 E.60564
G1 X139.294 Y131.618 E.0932
G1 X128.818 Y121.142 E.49149
G1 X132.655 Y121.142 E.12731
G1 X138.974 Y127.46 E.29641
SET_VELOCITY_LIMIT SQUARE_CORNER_VELOCITY=8
;TYPE:Inner wall
G1 X139.066 Y127.407 E.00353
G1 X140.563 Y130 E.09933
G1 X135.282 Y139.148 E.3504
G1 X124.718 Y139.148 E.3504
G1 X120.934 Y132.593 E.25107
G1 X119.437 Y130 E.09933
G1 X124.718 Y120.852 E.3504
G1 X135.282 Y120.852 E.3504
G1 X138.236 Y125.97 E.19604
G1 X139.066 Y127.407 E.05503
G1 X139.418 Y127.203 E.0135
G1 X141.033 Y130 E.10712
G1 X135.517 Y139.555 E.36599
G1 X124.483 Y139.555 E.36599
G1 X120.582 Y132.797 E.25887
G1 X118.967 Y130 E.10712
G1 X124.483 Y120.445 E.36599
G1 X135.517 Y120.445 E.36599
G1 X138.589 Y125.767 E.20383
G1 X139.418 Y127.203 E.05503
SET_VELOCITY_LIMIT ACCEL=5000 ACCEL_TO_DECEL=2500
;TYPE:Outer wall
;WIDTH:0.42
G1 X139.795 Y126.986 E.01337
G1 X141.535 Y130 E.10695
G1 X135.768 Y139.99 E.35445
G1 X124.232 Y139.99 E.35445
G1 X120.205 Y133.014 E.24751
M73 P52 R5
G1 X118.465 Y130 E.10695
G1 X124.232 Y120.01 E.35445
G1 X135.768 Y120.01 E.35445
M73 P53 R5
G1 X138.966 Y125.549 E.19653
G1 X139.795 Y126.986 E.05098
; stop printing object HexagonalPrism.stl id:0 copy 0
;LAYER_CHANGE
;Z:7
;HEIGHT:0.2
;BEFORE_LAYER_CHANGE
;7
G92 E0

EXCLUDE_OBJECT_END NAME=HexagonalPrism.stl_id_0_copy_0
G1 Z7 F30000

;don't support timelapse gcode in spiral_mode and by object sequence for I3 structure printer
;time lapse begin
M5001 G92 E0
M5001 G17
M5001 G2 Z7.4 I0.86 J0.86 P1 F20000 ; spiral lift a little
M5001 G1 X0 Y180 F24000 ; move to safe pos
M5001 P15
M5001 M400 P300
M5001 G92 E0
;time lapse end

;AFTER_LAYER_CHANGE
;7
;_SET_FAN_SPEED_CHANGING_LAYER
; printing object HexagonalPrism.stl id:0 copy 0
EXCLUDE_OBJECT_START NAME=HexagonalPrism.stl_id_0_copy_0
G1 F9000
G1 F2407
G1 X141.535 Y130 E.10695
G1 X135.768 Y139.99 E.35445
G1 X124.232 Y139.99 E.35445
G1 X118.465 Y130 E.35445
G1 X124.232 Y120.01 E.35445
G1 X135.768 Y120.01 E.35445
G1 X138.887 Y125.413 E.1917
G1 X139.795 Y126.986 E.0558
SET_VELOCITY_LIMIT ACCEL=6000 ACCEL_TO_DECEL=3000
;TYPE:Inner wall
;WIDTH:0.45
G1 X139.418 Y127.203 E.01443
G1 X141.033 Y130 E.10712
G1 X135.517 Y139.555 E.36599
G1 X124.483 Y139.555 E.36599
G1 X118.967 Y130 E.36599
G1 X124.483 Y120.445 E.36599
G1 X135.517 Y120.445 E.36599
G1 X138.51 Y125.631 E.19862
G1 X139.418 Y127.203 E.06024
G1 X139.066 Y127.407 E.0135
G1 X140.563 Y130 E.09933
G1 X135.282 Y139.148 E.3504
G1 X124.718 Y139.148 E.3504
G1 X119.437 Y130 E.3504
G1 X124.718 Y120.852 E.3504
G1 X135.282 Y120.852 E.3504
G1 X138.158 Y125.834 E.19083
G1 X139.066 Y127.407 E.06024
G1 X138.974 Y127.46 E.00353
SET_VELOCITY_LIMIT SQUARE_CORNER_VELOCITY=12
;TYPE:Sparse infill
G1 X132.655 Y121.142 E.29641
G1 X128.818 Y121.142 E.12731
G1 X139.294 Y131.618 E.49149
G1 X137.89 Y134.052 E.0932
G1 X124.98 Y121.142 E.60564
G1 X124.886 Y121.142 E.00312
G1 X123.515 Y123.515 E.09092
G1 X136.485 Y136.485 E.60844
G1 X135.114 Y138.858 E.09092
G1 X135.02 Y138.858 E.00312
G1 X122.11 Y125.948 E.60564
G1 X120.706 Y128.382 E.0932
M73 P54 R5
G1 X131.183 Y138.858 E.4915
G1 X127.345 Y138.858 E.12731
G1 X121.026 Y132.54 E.29641
; stop printing object HexagonalPrism.stl id:0 copy 0
;LAYER_CHANGE
;Z:7.2
;HEIGHT:0.2
;BEFORE_LAYER_CHANGE
;7.2
G92 E0

EXCLUDE_OBJECT_END NAME=HexagonalPrism.stl_id_0_copy_0
G1 Z7.2 F30000

;don't support timelapse gcode in spiral_mode and by object sequence for I3 structure printer
;time lapse begin
M5001 G92 E0
M5001 G17
M5001 G2 Z7.6 I0.86 J0.86 P1 F20000 ; spiral lift a little
M5001 G1 X0 Y180 F24000 ; move to safe pos
M5001 P15
M5001 M400 P300
M5001 G92 E0
;time lapse end

;AFTER_LAYER_CHANGE
;7.2
;_SET_FAN_SPEED_CHANGING_LAYER
; printing object HexagonalPrism.stl id:0 copy 0
EXCLUDE_OBJECT_START NAME=HexagonalPrism.stl_id_0_copy_0
G1 F2409
G1 X127.345 Y138.858 E.29641
G1 X131.183 Y138.858 E.12731
G1 X120.706 Y128.382 E.4915
G1 X122.11 Y125.948 E.0932
G1 X135.02 Y138.858 E.60564
G1 X135.114 Y138.858 E.00312
G1 X136.485 Y136.485 E.09092
G1 X123.515 Y123.515 E.60844
G1 X124.886 Y121.142 E.09092
G1 X124.98 Y121.142 E.00312
G1 X137.89 Y134.052 E.60564
G1 X139.294 Y131.618 E.0932
G1 X128.818 Y121.142 E.49149
G1 X132.655 Y121.142 E.12731
G1 X138.974 Y127.46 E.29641
SET_VELOCITY_LIMIT SQUARE_CORNER_VELOCITY=8
;TYPE:Inner wall
G1 X139.066 Y127.407 E.00353
G1 X140.563 Y130 E.09933
G1 X135.282 Y139.148 E.3504
G1 X124.718 Y139.148 E.3504
G1 X120.934 Y132.593 E.25107
G1 X119.437 Y130 E.09933
G1 X124.718 Y120.852 E.3504
G1 X135.282 Y120.852 E.3504
G1 X138.079 Y125.698 E.18562
G1 X139.066 Y127.407 E.06545
G1 X139.418 Y127.203 E.0135
G1 X141.033 Y130 E.10712
G1 X135.517 Y139.555 E.36599
G1 X124.483 Y139.555 E.36599
G1 X120.582 Y132.797 E.25887
G1 X118.967 Y130 E.10712
G1 X124.483 Y120.445 E.36599
G1 X135.517 Y120.445 E.36599
G1 X138.432 Y125.495 E.19341
G1 X139.418 Y127.203 E.06545
SET_VELOCITY_LIMIT ACCEL=5000 ACCEL_TO_DECEL=2500
;TYPE:Outer wall
;WIDTH:0.42
G1 X139.795 Y126.986 E.01337
G1 X141.535 Y130 E.10695
G1 X135.768 Y139.99 E.35445
M73 P55 R5
G1 X124.232 Y139.99 E.35445
G1 X120.205 Y133.014 E.24751
G1 X118.465 Y130 E.10695
G1 X124.232 Y120.01 E.35445
G1 X135.768 Y120.01 E.35445
G1 X138.809 Y125.277 E.18688
G1 X139.795 Y126.986 E.06063
; stop printing object HexagonalPrism.stl id:0 copy 0
;LAYER_CHANGE
;Z:7.4
;HEIGHT:0.2
;BEFORE_LAYER_CHANGE
;7.4
G92 E0

EXCLUDE_OBJECT_END NAME=HexagonalPrism.stl_id_0_copy_0
G1 Z7.4 F30000

;don't support timelapse gcode in spiral_mode and by object sequence for I3 structure printer
;time lapse begin
M5001 G92 E0
M5001 G17
M5001 G2 Z7.8 I0.86 J0.86 P1 F20000 ; spiral lift a little
M5001 G1 X0 Y180 F24000 ; move to safe pos
M5001 P15
M5001 M400 P300
M5001 G92 E0
;time lapse end

;AFTER_LAYER_CHANGE
;7.4
;_SET_FAN_SPEED_CHANGING_LAYER
; printing object HexagonalPrism.stl id:0 copy 0
EXCLUDE_OBJECT_START NAME=HexagonalPrism.stl_id_0_copy_0
G1 F9000
G1 F2407
G1 X141.535 Y130 E.10695
G1 X135.768 Y139.99 E.35445
G1 X124.232 Y139.99 E.35445
G1 X118.465 Y130 E.35445
G1 X124.232 Y120.01 E.35445
G1 X135.768 Y120.01 E.35445
G1 X138.73 Y125.141 E.18205
G1 X139.795 Y126.986 E.06545
SET_VELOCITY_LIMIT ACCEL=6000 ACCEL_TO_DECEL=3000
;TYPE:Inner wall
;WIDTH:0.45
G1 X139.418 Y127.203 E.01443
G1 X141.033 Y130 E.10712
G1 X135.517 Y139.555 E.36599
G1 X124.483 Y139.555 E.36599
G1 X118.967 Y130 E.36599
G1 X124.483 Y120.445 E.36599
G1 X135.517 Y120.445 E.36599
G1 X138.353 Y125.359 E.1882
G1 X139.418 Y127.203 E.07066
G1 X139.066 Y127.407 E.0135
G1 X140.563 Y130 E.09933
G1 X135.282 Y139.148 E.3504
G1 X124.718 Y139.148 E.3504
G1 X119.437 Y130 E.3504
G1 X124.718 Y120.852 E.3504
G1 X135.282 Y120.852 E.3504
G1 X138.001 Y125.562 E.18041
G1 X139.066 Y127.407 E.07066
G1 X138.974 Y127.46 E.00353
SET_VELOCITY_LIMIT SQUARE_CORNER_VELOCITY=12
;TYPE:Sparse infill
G1 X132.655 Y121.142 E.29641
G1 X128.818 Y121.142 E.12731
G1 X139.294 Y131.618 E.49149
G1 X137.89 Y134.052 E.0932
G1 X124.98 Y121.142 E.60564
G1 X124.886 Y121.142 E.00312
M73 P56 R5
G1 X123.515 Y123.515 E.09092
G1 X136.485 Y136.485 E.60844
G1 X135.114 Y138.858 E.09092
G1 X135.02 Y138.858 E.00312
G1 X122.11 Y125.948 E.60564
G1 X120.706 Y128.382 E.0932
G1 X131.183 Y138.858 E.4915
G1 X127.345 Y138.858 E.12731
G1 X121.026 Y132.54 E.29641
; stop printing object HexagonalPrism.stl id:0 copy 0
;LAYER_CHANGE
;Z:7.6
;HEIGHT:0.2
;BEFORE_LAYER_CHANGE
;7.6
G92 E0

EXCLUDE_OBJECT_END NAME=HexagonalPrism.stl_id_0_copy_0
G1 Z7.6 F30000

;don't support timelapse gcode in spiral_mode and by object sequence for I3 structure printer
;time lapse begin
M5001 G92 E0
M5001 G17
M5001 G2 Z8 I0.86 J0.86 P1 F20000 ; spiral lift a little
M5001 G1 X0 Y180 F24000 ; move to safe pos
M5001 P15
M5001 M400 P300
M5001 G92 E0
;time lapse end

;AFTER_LAYER_CHANGE
;7.6
;_SET_FAN_SPEED_CHANGING_LAYER
; printing object HexagonalPrism.stl id:0 copy 0
EXCLUDE_OBJECT_START NAME=HexagonalPrism.stl_id_0_copy_0
G1 F2409
G1 X127.345 Y138.858 E.29641
G1 X131.183 Y138.858 E.12731
G1 X120.706 Y128.382 E.4915
G1 X122.11 Y125.948 E.0932
G1 X135.02 Y138.858 E.60564
G1 X135.114 Y138.858 E.00312
G1 X136.485 Y136.485 E.09092
G1 X123.515 Y123.515 E.60844
G1 X124.886 Y121.142 E.09092
G1 X124.98 Y121.142 E.00312
G1 X137.89 Y134.052 E.60564
G1 X139.294 Y131.618 E.0932
G1 X128.818 Y121.142 E.49149
G1 X132.655 Y121.142 E.12731
G1 X138.974 Y127.46 E.29641
SET_VELOCITY_LIMIT SQUARE_CORNER_VELOCITY=8
;TYPE:Inner wall
G1 X139.066 Y127.407 E.00353
G1 X140.563 Y130 E.09933
G1 X135.282 Y139.148 E.3504
G1 X124.718 Y139.148 E.3504
G1 X120.934 Y132.593 E.25107
G1 X119.437 Y130 E.09933
G1 X124.718 Y120.852 E.3504
G1 X135.282 Y120.852 E.3504
G1 X137.922 Y125.426 E.1752
G1 X139.066 Y127.407 E.07587
G1 X139.418 Y127.203 E.0135
G1 X141.033 Y130 E.10712
G1 X135.517 Y139.555 E.36599
G1 X124.483 Y139.555 E.36599
G1 X120.582 Y132.797 E.25887
G1 X118.967 Y130 E.10712
M73 P57 R5
G1 X124.483 Y120.445 E.36599
G1 X135.517 Y120.445 E.36599
G1 X138.275 Y125.223 E.183
G1 X139.418 Y127.203 E.07587
SET_VELOCITY_LIMIT ACCEL=5000 ACCEL_TO_DECEL=2500
;TYPE:Outer wall
;WIDTH:0.42
G1 X139.795 Y126.986 E.01337
G1 X141.535 Y130 E.10695
G1 X135.768 Y139.99 E.35445
G1 X124.232 Y139.99 E.35445
G1 X120.205 Y133.014 E.24751
G1 X118.465 Y130 E.10695
G1 X124.232 Y120.01 E.35445
G1 X135.768 Y120.01 E.35445
G1 X138.652 Y125.005 E.17723
G1 X139.795 Y126.986 E.07028
; stop printing object HexagonalPrism.stl id:0 copy 0
;LAYER_CHANGE
;Z:7.8
;HEIGHT:0.2
;BEFORE_LAYER_CHANGE
;7.8
G92 E0

EXCLUDE_OBJECT_END NAME=HexagonalPrism.stl_id_0_copy_0
G1 Z7.8 F30000

;don't support timelapse gcode in spiral_mode and by object sequence for I3 structure printer
;time lapse begin
M5001 G92 E0
M5001 G17
M5001 G2 Z8.2 I0.86 J0.86 P1 F20000 ; spiral lift a little
M5001 G1 X0 Y180 F24000 ; move to safe pos
M5001 P15
M5001 M400 P300
M5001 G92 E0
;time lapse end

;AFTER_LAYER_CHANGE
;7.8
;_SET_FAN_SPEED_CHANGING_LAYER
; printing object HexagonalPrism.stl id:0 copy 0
EXCLUDE_OBJECT_START NAME=HexagonalPrism.stl_id_0_copy_0
G1 F9000
G1 F2407
G1 X141.535 Y130 E.10695
G1 X135.768 Y139.99 E.35445
G1 X124.232 Y139.99 E.35445
G1 X118.465 Y130 E.35445
G1 X124.232 Y120.01 E.35445
G1 X135.768 Y120.01 E.35445
G1 X138.573 Y124.869 E.1724
G1 X139.795 Y126.986 E.07511
SET_VELOCITY_LIMIT ACCEL=6000 ACCEL_TO_DECEL=3000
;TYPE:Inner wall
;WIDTH:0.45
G1 X139.418 Y127.203 E.01443
G1 X141.033 Y130 E.10712
G1 X135.517 Y139.555 E.36599
G1 X124.483 Y139.555 E.36599
G1 X118.967 Y130 E.36599
G1 X124.483 Y120.445 E.36599
G1 X135.517 Y120.445 E.36599
G1 X138.196 Y125.087 E.17779
G1 X139.418 Y127.203 E.08108
G1 X139.066 Y127.407 E.0135
G1 X140.563 Y130 E.09933
G1 X135.282 Y139.148 E.3504
G1 X124.718 Y139.148 E.3504
G1 X119.437 Y130 E.3504
G1 X124.718 Y120.852 E.3504
G1 X135.282 Y120.852 E.3504
G1 X137.844 Y125.29 E.16999
M73 P58 R5
G1 X139.066 Y127.407 E.08108
G1 X138.974 Y127.46 E.00353
SET_VELOCITY_LIMIT SQUARE_CORNER_VELOCITY=12
;TYPE:Sparse infill
G1 X132.655 Y121.142 E.29641
G1 X128.818 Y121.142 E.12731
G1 X139.294 Y131.618 E.49149
G1 X137.89 Y134.052 E.0932
G1 X124.98 Y121.142 E.60564
G1 X124.886 Y121.142 E.00312
G1 X123.515 Y123.515 E.09092
G1 X136.485 Y136.485 E.60844
G1 X135.114 Y138.858 E.09092
G1 X135.02 Y138.858 E.00312
G1 X122.11 Y125.948 E.60564
G1 X120.706 Y128.382 E.0932
G1 X131.183 Y138.858 E.4915
G1 X127.345 Y138.858 E.12731
G1 X121.026 Y132.54 E.29641
; stop printing object HexagonalPrism.stl id:0 copy 0
;LAYER_CHANGE
;Z:8
;HEIGHT:0.2
;BEFORE_LAYER_CHANGE
;8
G92 E0

EXCLUDE_OBJECT_END NAME=HexagonalPrism.stl_id_0_copy_0
G1 Z8 F30000

;don't support timelapse gcode in spiral_mode and by object sequence for I3 structure printer
;time lapse begin
M5001 G92 E0
M5001 G17
M5001 G2 Z8.4 I0.86 J0.86 P1 F20000 ; spiral lift a little
M5001 G1 X0 Y180 F24000 ; move to safe pos
M5001 P15
M5001 M400 P300
M5001 G92 E0
;time lapse end

;AFTER_LAYER_CHANGE
;8
;_SET_FAN_SPEED_CHANGING_LAYER
; printing object HexagonalPrism.stl id:0 copy 0
EXCLUDE_OBJECT_START NAME=HexagonalPrism.stl_id_0_copy_0
G1 F2409
G1 X127.345 Y138.858 E.29641
G1 X131.183 Y138.858 E.12731
G1 X120.706 Y128.382 E.4915
G1 X122.11 Y125.948 E.0932
G1 X135.02 Y138.858 E.60564
G1 X135.114 Y138.858 E.00312
G1 X136.485 Y136.485 E.09092
G1 X123.515 Y123.515 E.60844
G1 X124.886 Y121.142 E.09092
G1 X124.98 Y121.142 E.00312
G1 X137.89 Y134.052 E.60564
G1 X139.294 Y131.618 E.0932
G1 X128.818 Y121.142 E.49149
G1 X132.655 Y121.142 E.12731
G1 X138.974 Y127.46 E.29641
SET_VELOCITY_LIMIT SQUARE_CORNER_VELOCITY=8
;TYPE:Inner wall
G1 X139.066 Y127.407 E.00353
G1 X140.563 Y130 E.09933
G1 X135.282 Y139.148 E.3504
G1 X124.718 Y139.148 E.3504
G1 X120.934 Y132.593 E.25107
G1 X119.437 Y130 E.09933
G1 X124.718 Y120.852 E.3504
G1 X135.282 Y120.852 E.3504
G1 X137.765 Y125.154 E.16478
M73 P59 R5
G1 X139.066 Y127.407 E.08629
G1 X139.418 Y127.203 E.0135
G1 X141.033 Y130 E.10712
G1 X135.517 Y139.555 E.36599
G1 X124.483 Y139.555 E.36599
G1 X120.582 Y132.797 E.25887
G1 X118.967 Y130 E.10712
G1 X124.483 Y120.445 E.36599
G1 X135.517 Y120.445 E.36599
G1 X138.118 Y124.951 E.17258
G1 X139.418 Y127.203 E.08629
SET_VELOCITY_LIMIT ACCEL=5000 ACCEL_TO_DECEL=2500
;TYPE:Outer wall
;WIDTH:0.42
G1 X139.795 Y126.986 E.01337
G1 X141.535 Y130 E.10695
G1 X135.768 Y139.99 E.35445
G1 X124.232 Y139.99 E.35445
G1 X120.205 Y133.014 E.24751
G1 X118.465 Y130 E.10695
G1 X124.232 Y120.01 E.35445
G1 X135.768 Y120.01 E.35445
G1 X138.495 Y124.733 E.16758
G1 X139.795 Y126.986 E.07993
; stop printing object HexagonalPrism.stl id:0 copy 0
;LAYER_CHANGE
;Z:8.2
;HEIGHT:0.2
;BEFORE_LAYER_CHANGE
;8.2
G92 E0

EXCLUDE_OBJECT_END NAME=HexagonalPrism.stl_id_0_copy_0
G1 Z8.2 F30000

;don't support timelapse gcode in spiral_mode and by object sequence for I3 structure printer
;time lapse begin
M5001 G92 E0
M5001 G17
M5001 G2 Z8.6 I0.86 J0.86 P1 F20000 ; spiral lift a little
M5001 G1 X0 Y180 F24000 ; move to safe pos
M5001 P15
M5001 M400 P300
M5001 G92 E0
;time lapse end

;AFTER_LAYER_CHANGE
;8.2
;_SET_FAN_SPEED_CHANGING_LAYER
; printing object HexagonalPrism.stl id:0 copy 0
EXCLUDE_OBJECT_START NAME=HexagonalPrism.stl_id_0_copy_0
G1 F9000
G1 F2407
G1 X141.535 Y130 E.10695
G1 X135.768 Y139.99 E.35445
G1 X124.232 Y139.99 E.35445
G1 X118.465 Y130 E.35445
G1 X124.232 Y120.01 E.35445
G1 X135.768 Y120.01 E.35445
G1 X138.416 Y124.597 E.16275
G1 X139.795 Y126.986 E.08476
SET_VELOCITY_LIMIT ACCEL=6000 ACCEL_TO_DECEL=3000
;TYPE:Inner wall
;WIDTH:0.45
G1 X139.418 Y127.203 E.01443
G1 X141.033 Y130 E.10712
G1 X135.517 Y139.555 E.36599
G1 X124.483 Y139.555 E.36599
G1 X118.967 Y130 E.36599
G1 X124.483 Y120.445 E.36599
G1 X135.517 Y120.445 E.36599
G1 X138.039 Y124.815 E.16737
G1 X139.418 Y127.203 E.0915
G1 X139.066 Y127.407 E.0135
G1 X140.563 Y130 E.09933
G1 X135.282 Y139.148 E.3504
G1 X124.718 Y139.148 E.3504
M73 P60 R5
G1 X119.437 Y130 E.3504
G1 X124.718 Y120.852 E.3504
G1 X135.282 Y120.852 E.3504
G1 X137.687 Y125.018 E.15957
G1 X139.066 Y127.407 E.0915
G1 X138.974 Y127.46 E.00353
SET_VELOCITY_LIMIT SQUARE_CORNER_VELOCITY=12
;TYPE:Sparse infill
G1 X132.655 Y121.142 E.29641
G1 X128.818 Y121.142 E.12731
G1 X139.294 Y131.618 E.49149
G1 X137.89 Y134.052 E.0932
G1 X124.98 Y121.142 E.60564
G1 X124.886 Y121.142 E.00312
G1 X123.515 Y123.515 E.09092
G1 X136.485 Y136.485 E.60844
G1 X135.114 Y138.858 E.09092
G1 X135.02 Y138.858 E.00312
G1 X122.11 Y125.948 E.60564
G1 X120.706 Y128.382 E.0932
G1 X131.183 Y138.858 E.4915
G1 X127.345 Y138.858 E.12731
G1 X121.026 Y132.54 E.29641
; stop printing object HexagonalPrism.stl id:0 copy 0
;LAYER_CHANGE
;Z:8.4
;HEIGHT:0.2
;BEFORE_LAYER_CHANGE
;8.4
G92 E0

EXCLUDE_OBJECT_END NAME=HexagonalPrism.stl_id_0_copy_0
G1 Z8.4 F30000

;don't support timelapse gcode in spiral_mode and by object sequence for I3 structure printer
;time lapse begin
M5001 G92 E0
M5001 G17
M5001 G2 Z8.8 I0.86 J0.86 P1 F20000 ; spiral lift a little
M5001 G1 X0 Y180 F24000 ; move to safe pos
M5001 P15
M5001 M400 P300
M5001 G92 E0
;time lapse end

;AFTER_LAYER_CHANGE
;8.4
;_SET_FAN_SPEED_CHANGING_LAYER
; printing object HexagonalPrism.stl id:0 copy 0
EXCLUDE_OBJECT_START NAME=HexagonalPrism.stl_id_0_copy_0
G1 F2409
G1 X127.345 Y138.858 E.29641
G1 X131.183 Y138.858 E.12731
G1 X120.706 Y128.382 E.4915
G1 X122.11 Y125.948 E.0932
G1 X135.02 Y138.858 E.60564
G1 X135.114 Y138.858 E.00312
G1 X136.485 Y136.485 E.09092
G1 X123.515 Y123.515 E.60844
G1 X124.886 Y121.142 E.09092
M73 P60 R4
G1 X124.98 Y121.142 E.00312
G1 X137.89 Y134.052 E.60564
G1 X139.294 Y131.618 E.0932
G1 X128.818 Y121.142 E.49149
G1 X132.655 Y121.142 E.12731
G1 X138.974 Y127.46 E.29641
SET_VELOCITY_LIMIT SQUARE_CORNER_VELOCITY=8
;TYPE:Inner wall
G1 X139.066 Y127.407 E.00353
G1 X140.563 Y130 E.09933
G1 X135.282 Y139.148 E.3504
G1 X124.718 Y139.148 E.3504
M73 P61 R4
G1 X120.934 Y132.593 E.25107
G1 X119.437 Y130 E.09933
G1 X124.718 Y120.852 E.3504
G1 X135.282 Y120.852 E.3504
G1 X137.608 Y124.882 E.15436
G1 X139.066 Y127.407 E.09671
G1 X139.418 Y127.203 E.0135
G1 X141.033 Y130 E.10712
G1 X135.517 Y139.555 E.36599
G1 X124.483 Y139.555 E.36599
G1 X120.582 Y132.797 E.25887
G1 X118.967 Y130 E.10712
G1 X124.483 Y120.445 E.36599
G1 X135.517 Y120.445 E.36599
G1 X137.961 Y124.679 E.16216
G1 X139.418 Y127.203 E.09671
SET_VELOCITY_LIMIT ACCEL=5000 ACCEL_TO_DECEL=2500
;TYPE:Outer wall
;WIDTH:0.42
G1 X139.795 Y126.986 E.01337
G1 X141.535 Y130 E.10695
G1 X135.768 Y139.99 E.35445
G1 X124.232 Y139.99 E.35445
G1 X120.205 Y133.014 E.24751
G1 X118.465 Y130 E.10695
G1 X124.232 Y120.01 E.35445
G1 X135.768 Y120.01 E.35445
G1 X138.338 Y124.461 E.15792
G1 X139.795 Y126.986 E.08958
; stop printing object HexagonalPrism.stl id:0 copy 0
;LAYER_CHANGE
;Z:8.6
;HEIGHT:0.200001
;BEFORE_LAYER_CHANGE
;8.6
G92 E0

EXCLUDE_OBJECT_END NAME=HexagonalPrism.stl_id_0_copy_0
G1 Z8.6 F30000

;don't support timelapse gcode in spiral_mode and by object sequence for I3 structure printer
;time lapse begin
M5001 G92 E0
M5001 G17
M5001 G2 Z9 I0.86 J0.86 P1 F20000 ; spiral lift a little
M5001 G1 X0 Y180 F24000 ; move to safe pos
M5001 P15
M5001 M400 P300
M5001 G92 E0
;time lapse end

;AFTER_LAYER_CHANGE
;8.6
;_SET_FAN_SPEED_CHANGING_LAYER
; printing object HexagonalPrism.stl id:0 copy 0
EXCLUDE_OBJECT_START NAME=HexagonalPrism.stl_id_0_copy_0
G1 F2407
G1 X141.535 Y130 E.10695
G1 X135.768 Y139.99 E.35445
G1 X124.232 Y139.99 E.35445
G1 X118.465 Y130 E.35445
G1 X124.232 Y120.01 E.35445
G1 X135.768 Y120.01 E.35445
G1 X138.259 Y124.325 E.1531
G1 X139.795 Y126.986 E.09441
SET_VELOCITY_LIMIT ACCEL=6000 ACCEL_TO_DECEL=3000
;TYPE:Inner wall
;WIDTH:0.45
G1 X139.418 Y127.203 E.01443
G1 X141.033 Y130 E.10712
G1 X135.517 Y139.555 E.36599
G1 X124.483 Y139.555 E.36599
G1 X118.967 Y130 E.36599
G1 X124.483 Y120.445 E.36599
M73 P62 R4
G1 X135.517 Y120.445 E.36599
G1 X137.882 Y124.543 E.15695
G1 X139.418 Y127.203 E.10192
G1 X139.066 Y127.407 E.0135
G1 X140.563 Y130 E.09933
G1 X135.282 Y139.148 E.3504
G1 X124.718 Y139.148 E.3504
G1 X119.437 Y130 E.3504
G1 X124.718 Y120.852 E.3504
G1 X135.282 Y120.852 E.3504
G1 X137.53 Y124.746 E.14915
G1 X139.066 Y127.407 E.10192
G1 X138.974 Y127.46 E.00353
SET_VELOCITY_LIMIT SQUARE_CORNER_VELOCITY=12
;TYPE:Sparse infill
G1 X132.655 Y121.142 E.29641
G1 X128.818 Y121.142 E.12731
G1 X139.294 Y131.618 E.49149
G1 X137.89 Y134.052 E.0932
G1 X124.98 Y121.142 E.60564
G1 X124.886 Y121.142 E.00312
G1 X123.515 Y123.515 E.09092
G1 X136.485 Y136.485 E.60844
G1 X135.114 Y138.858 E.09092
G1 X135.02 Y138.858 E.00312
G1 X122.11 Y125.948 E.60564
G1 X120.706 Y128.382 E.0932
G1 X131.183 Y138.858 E.4915
G1 X127.345 Y138.858 E.12731
G1 X121.026 Y132.54 E.29641
; stop printing object HexagonalPrism.stl id:0 copy 0
;LAYER_CHANGE
;Z:8.8
;HEIGHT:0.2
;BEFORE_LAYER_CHANGE
;8.8
G92 E0

EXCLUDE_OBJECT_END NAME=HexagonalPrism.stl_id_0_copy_0
G1 Z8.8 F30000

;don't support timelapse gcode in spiral_mode and by object sequence for I3 structure printer
;time lapse begin
M5001 G92 E0
M5001 G17
M5001 G2 Z9.2 I0.86 J0.86 P1 F20000 ; spiral lift a little
M5001 G1 X0 Y180 F24000 ; move to safe pos
M5001 P15
M5001 M400 P300
M5001 G92 E0
;time lapse end

;AFTER_LAYER_CHANGE
;8.8
;_SET_FAN_SPEED_CHANGING_LAYER
; printing object HexagonalPrism.stl id:0 copy 0
EXCLUDE_OBJECT_START NAME=HexagonalPrism.stl_id_0_copy_0
G1 F2410
G1 X127.345 Y138.858 E.29641
G1 X131.183 Y138.858 E.12731
G1 X120.706 Y128.382 E.4915
G1 X122.11 Y125.948 E.0932
G1 X135.02 Y138.858 E.60564
G1 X135.114 Y138.858 E.00312
G1 X136.485 Y136.485 E.09092
G1 X123.515 Y123.515 E.60844
G1 X124.886 Y121.142 E.09092
G1 X124.98 Y121.142 E.00312
G1 X137.89 Y134.052 E.60564
G1 X139.294 Y131.618 E.0932
M73 P63 R4
G1 X128.818 Y121.142 E.49149
G1 X132.655 Y121.142 E.12731
G1 X138.974 Y127.46 E.29641
SET_VELOCITY_LIMIT SQUARE_CORNER_VELOCITY=8
;TYPE:Inner wall
G1 X139.066 Y127.407 E.00353
G1 X140.563 Y130 E.09933
G1 X135.282 Y139.148 E.3504
G1 X124.718 Y139.148 E.3504
G1 X120.934 Y132.593 E.25107
G1 X119.437 Y130 E.09933
G1 X124.718 Y120.852 E.3504
G1 X135.282 Y120.852 E.3504
G1 X137.451 Y124.61 E.14394
G1 X139.066 Y127.407 E.10713
G1 X139.418 Y127.203 E.0135
G1 X141.033 Y130 E.10712
G1 X135.517 Y139.555 E.36599
G1 X124.483 Y139.555 E.36599
G1 X120.582 Y132.797 E.25887
G1 X118.967 Y130 E.10712
G1 X124.483 Y120.445 E.36599
G1 X135.517 Y120.445 E.36599
G1 X137.804 Y124.407 E.15174
G1 X139.418 Y127.203 E.10713
SET_VELOCITY_LIMIT ACCEL=5000 ACCEL_TO_DECEL=2500
;TYPE:Outer wall
;WIDTH:0.42
G1 X139.795 Y126.986 E.01337
G1 X141.535 Y130 E.10695
G1 X135.768 Y139.99 E.35445
G1 X124.232 Y139.99 E.35445
G1 X120.205 Y133.014 E.24751
G1 X118.465 Y130 E.10695
G1 X124.232 Y120.01 E.35445
G1 X135.768 Y120.01 E.35445
G1 X138.18 Y124.189 E.14827
G1 X139.795 Y126.986 E.09923
; stop printing object HexagonalPrism.stl id:0 copy 0
;LAYER_CHANGE
;Z:9
;HEIGHT:0.2
;BEFORE_LAYER_CHANGE
;9
G92 E0

EXCLUDE_OBJECT_END NAME=HexagonalPrism.stl_id_0_copy_0
G1 Z9 F30000

;don't support timelapse gcode in spiral_mode and by object sequence for I3 structure printer
;time lapse begin
M5001 G92 E0
M5001 G17
M5001 G2 Z9.4 I0.86 J0.86 P1 F20000 ; spiral lift a little
M5001 G1 X0 Y180 F24000 ; move to safe pos
M5001 P15
M5001 M400 P300
M5001 G92 E0
;time lapse end

;AFTER_LAYER_CHANGE
;9
;_SET_FAN_SPEED_CHANGING_LAYER
; printing object HexagonalPrism.stl id:0 copy 0
EXCLUDE_OBJECT_START NAME=HexagonalPrism.stl_id_0_copy_0
G1 F9000
G1 F2407
G1 X141.535 Y130 E.10695
G1 X135.768 Y139.99 E.35445
G1 X124.232 Y139.99 E.35445
G1 X118.465 Y130 E.35445
G1 X124.232 Y120.01 E.35445
G1 X135.768 Y120.01 E.35445
G1 X138.102 Y124.053 E.14345
G1 X139.795 Y126.986 E.10406
M73 P64 R4
SET_VELOCITY_LIMIT ACCEL=6000 ACCEL_TO_DECEL=3000
;TYPE:Inner wall
;WIDTH:0.45
G1 X139.418 Y127.203 E.01443
G1 X141.033 Y130 E.10712
G1 X135.517 Y139.555 E.36599
G1 X124.483 Y139.555 E.36599
G1 X118.967 Y130 E.36599
G1 X124.483 Y120.445 E.36599
G1 X135.517 Y120.445 E.36599
G1 X137.725 Y124.271 E.14653
G1 X139.418 Y127.203 E.11234
G1 X139.066 Y127.407 E.0135
G1 X140.563 Y130 E.09933
G1 X135.282 Y139.148 E.3504
G1 X124.718 Y139.148 E.3504
G1 X119.437 Y130 E.3504
G1 X124.718 Y120.852 E.3504
G1 X135.282 Y120.852 E.3504
G1 X137.373 Y124.474 E.13873
G1 X139.066 Y127.407 E.11234
G1 X138.974 Y127.46 E.00353
SET_VELOCITY_LIMIT SQUARE_CORNER_VELOCITY=12
;TYPE:Sparse infill
G1 X132.655 Y121.142 E.29641
G1 X128.818 Y121.142 E.12731
G1 X139.294 Y131.618 E.49149
G1 X137.89 Y134.052 E.0932
G1 X124.98 Y121.142 E.60564
G1 X124.886 Y121.142 E.00312
G1 X123.515 Y123.515 E.09092
G1 X136.485 Y136.485 E.60844
G1 X135.114 Y138.858 E.09092
G1 X135.02 Y138.858 E.00312
G1 X122.11 Y125.948 E.60564
G1 X120.706 Y128.382 E.0932
G1 X131.183 Y138.858 E.4915
G1 X127.345 Y138.858 E.12731
G1 X121.026 Y132.54 E.29641
; stop printing object HexagonalPrism.stl id:0 copy 0
;LAYER_CHANGE
;Z:9.2
;HEIGHT:0.2
;BEFORE_LAYER_CHANGE
;9.2
G92 E0

EXCLUDE_OBJECT_END NAME=HexagonalPrism.stl_id_0_copy_0
G1 Z9.2 F30000

;don't support timelapse gcode in spiral_mode and by object sequence for I3 structure printer
;time lapse begin
M5001 G92 E0
M5001 G17
M5001 G2 Z9.6 I0.86 J0.86 P1 F20000 ; spiral lift a little
M5001 G1 X0 Y180 F24000 ; move to safe pos
M5001 P15
M5001 M400 P300
M5001 G92 E0
;time lapse end

;AFTER_LAYER_CHANGE
;9.2
;_SET_FAN_SPEED_CHANGING_LAYER
; printing object HexagonalPrism.stl id:0 copy 0
EXCLUDE_OBJECT_START NAME=HexagonalPrism.stl_id_0_copy_0
G1 F2410
G1 X127.345 Y138.858 E.29641
G1 X131.183 Y138.858 E.12731
G1 X120.706 Y128.382 E.4915
G1 X122.11 Y125.948 E.0932
G1 X135.02 Y138.858 E.60564
G1 X135.114 Y138.858 E.00312
M73 P65 R4
G1 X136.485 Y136.485 E.09092
G1 X123.515 Y123.515 E.60844
G1 X124.886 Y121.142 E.09092
G1 X124.98 Y121.142 E.00312
G1 X137.89 Y134.052 E.60564
G1 X139.294 Y131.618 E.0932
G1 X128.818 Y121.142 E.49149
G1 X132.655 Y121.142 E.12731
G1 X138.974 Y127.46 E.29641
SET_VELOCITY_LIMIT SQUARE_CORNER_VELOCITY=8
;TYPE:Inner wall
G1 X139.066 Y127.407 E.00353
G1 X140.563 Y130 E.09933
G1 X135.282 Y139.148 E.3504
G1 X124.718 Y139.148 E.3504
G1 X120.934 Y132.593 E.25107
G1 X119.437 Y130 E.09933
G1 X124.718 Y120.852 E.3504
G1 X135.282 Y120.852 E.3504
G1 X137.294 Y124.338 E.13352
G1 X139.066 Y127.407 E.11755
G1 X139.418 Y127.203 E.0135
G1 X141.033 Y130 E.10712
G1 X135.517 Y139.555 E.36599
G1 X124.483 Y139.555 E.36599
G1 X120.582 Y132.797 E.25887
G1 X118.967 Y130 E.10712
G1 X124.483 Y120.445 E.36599
G1 X135.517 Y120.445 E.36599
G1 X137.647 Y124.135 E.14132
G1 X139.418 Y127.203 E.11755
SET_VELOCITY_LIMIT ACCEL=5000 ACCEL_TO_DECEL=2500
;TYPE:Outer wall
;WIDTH:0.42
G1 X139.795 Y126.986 E.01337
G1 X141.535 Y130 E.10695
G1 X135.768 Y139.99 E.35445
G1 X124.232 Y139.99 E.35445
G1 X120.205 Y133.014 E.24751
G1 X118.465 Y130 E.10695
G1 X124.232 Y120.01 E.35445
G1 X135.768 Y120.01 E.35445
G1 X138.023 Y123.917 E.13862
G1 X139.795 Y126.986 E.10888
; stop printing object HexagonalPrism.stl id:0 copy 0
;LAYER_CHANGE
;Z:9.4
;HEIGHT:0.2
;BEFORE_LAYER_CHANGE
;9.4
G92 E0

EXCLUDE_OBJECT_END NAME=HexagonalPrism.stl_id_0_copy_0
G1 Z9.4 F30000

;don't support timelapse gcode in spiral_mode and by object sequence for I3 structure printer
;time lapse begin
M5001 G92 E0
M5001 G17
M5001 G2 Z9.8 I0.86 J0.86 P1 F20000 ; spiral lift a little
M5001 G1 X0 Y180 F24000 ; move to safe pos
M5001 P15
M5001 M400 P300
M5001 G92 E0
;time lapse end

;AFTER_LAYER_CHANGE
;9.4
;_SET_FAN_SPEED_CHANGING_LAYER
; printing object HexagonalPrism.stl id:0 copy 0
EXCLUDE_OBJECT_START NAME=HexagonalPrism.stl_id_0_copy_0
G1 F9000
G1 F2408
G1 X141.535 Y130 E.10695
G1 X135.768 Y139.99 E.35445
G1 X124.232 Y139.99 E.35445
G1 X118.465 Y130 E.35445
M73 P66 R4
G1 X124.232 Y120.01 E.35445
G1 X135.768 Y120.01 E.35445
G1 X137.945 Y123.781 E.1338
G1 X139.795 Y126.986 E.11371
SET_VELOCITY_LIMIT ACCEL=6000 ACCEL_TO_DECEL=3000
;TYPE:Inner wall
;WIDTH:0.45
G1 X139.418 Y127.203 E.01443
G1 X141.033 Y130 E.10712
G1 X135.517 Y139.555 E.36599
G1 X124.483 Y139.555 E.36599
G1 X118.967 Y130 E.36599
G1 X124.483 Y120.445 E.36599
G1 X135.517 Y120.445 E.36599
G1 X137.568 Y123.999 E.13611
G1 X139.418 Y127.203 E.12275
G1 X139.066 Y127.407 E.0135
G1 X140.563 Y130 E.09933
G1 X135.282 Y139.148 E.3504
G1 X124.718 Y139.148 E.3504
G1 X119.437 Y130 E.3504
G1 X124.718 Y120.852 E.3504
G1 X135.282 Y120.852 E.3504
G1 X137.216 Y124.202 E.12832
G1 X139.066 Y127.407 E.12275
G1 X138.974 Y127.46 E.00353
SET_VELOCITY_LIMIT SQUARE_CORNER_VELOCITY=12
;TYPE:Sparse infill
G1 X132.655 Y121.142 E.29641
G1 X128.818 Y121.142 E.12731
G1 X139.294 Y131.618 E.49149
G1 X137.89 Y134.052 E.0932
G1 X124.98 Y121.142 E.60564
G1 X124.886 Y121.142 E.00312
G1 X123.515 Y123.515 E.09092
G1 X136.485 Y136.485 E.60844
G1 X135.114 Y138.858 E.09092
G1 X135.02 Y138.858 E.00312
G1 X122.11 Y125.948 E.60564
G1 X120.706 Y128.382 E.0932
G1 X131.183 Y138.858 E.4915
G1 X127.345 Y138.858 E.12731
G1 X121.026 Y132.54 E.29641
; stop printing object HexagonalPrism.stl id:0 copy 0
;LAYER_CHANGE
;Z:9.6
;HEIGHT:0.200001
;BEFORE_LAYER_CHANGE
;9.6
G92 E0

EXCLUDE_OBJECT_END NAME=HexagonalPrism.stl_id_0_copy_0
G1 Z9.6 F30000
M73 P67 R4

;don't support timelapse gcode in spiral_mode and by object sequence for I3 structure printer
;time lapse begin
M5001 G92 E0
M5001 G17
M5001 G2 Z10 I0.86 J0.86 P1 F20000 ; spiral lift a little
M5001 G1 X0 Y180 F24000 ; move to safe pos
M5001 P15
M5001 M400 P300
M5001 G92 E0
;time lapse end

;AFTER_LAYER_CHANGE
;9.6
;_SET_FAN_SPEED_CHANGING_LAYER
; printing object HexagonalPrism.stl id:0 copy 0
EXCLUDE_OBJECT_START NAME=HexagonalPrism.stl_id_0_copy_0
G1 F2410
G1 X127.345 Y138.858 E.29641
G1 X131.183 Y138.858 E.12731
G1 X120.706 Y128.382 E.4915
G1 X122.11 Y125.948 E.0932
G1 X135.02 Y138.858 E.60564
G1 X135.114 Y138.858 E.00312
G1 X136.485 Y136.485 E.09092
G1 X123.515 Y123.515 E.60844
G1 X124.886 Y121.142 E.09092
G1 X124.98 Y121.142 E.00312
G1 X137.89 Y134.052 E.60564
G1 X139.294 Y131.618 E.0932
G1 X128.818 Y121.142 E.49149
G1 X132.655 Y121.142 E.12731
G1 X138.974 Y127.46 E.29641
SET_VELOCITY_LIMIT SQUARE_CORNER_VELOCITY=8
;TYPE:Inner wall
G1 X139.066 Y127.407 E.00353
G1 X140.563 Y130 E.09933
G1 X135.282 Y139.148 E.3504
G1 X124.718 Y139.148 E.3504
G1 X120.934 Y132.593 E.25107
G1 X119.437 Y130 E.09933
G1 X124.718 Y120.852 E.3504
G1 X135.282 Y120.852 E.3504
G1 X137.137 Y124.066 E.12311
G1 X139.066 Y127.407 E.12796
G1 X139.418 Y127.203 E.0135
G1 X141.033 Y130 E.10712
G1 X135.517 Y139.555 E.36599
G1 X124.483 Y139.555 E.36599
G1 X120.582 Y132.797 E.25887
G1 X118.967 Y130 E.10712
G1 X124.483 Y120.445 E.36599
G1 X135.517 Y120.445 E.36599
G1 X137.49 Y123.863 E.1309
G1 X139.418 Y127.203 E.12796
SET_VELOCITY_LIMIT ACCEL=5000 ACCEL_TO_DECEL=2500
;TYPE:Outer wall
;WIDTH:0.42
G1 X139.795 Y126.986 E.01337
G1 X141.535 Y130 E.10695
G1 X135.768 Y139.99 E.35445
G1 X124.232 Y139.99 E.35445
G1 X120.205 Y133.014 E.24751
G1 X118.465 Y130 E.10695
G1 X124.232 Y120.01 E.35445
G1 X135.768 Y120.01 E.35445
M73 P68 R4
G1 X137.866 Y123.645 E.12897
G1 X139.795 Y126.986 E.11853
; stop printing object HexagonalPrism.stl id:0 copy 0
;LAYER_CHANGE
;Z:9.8
;HEIGHT:0.2
;BEFORE_LAYER_CHANGE
;9.8
G92 E0

EXCLUDE_OBJECT_END NAME=HexagonalPrism.stl_id_0_copy_0
G1 Z9.8 F30000

;don't support timelapse gcode in spiral_mode and by object sequence for I3 structure printer
;time lapse begin
M5001 G92 E0
M5001 G17
M5001 G2 Z10.2 I0.86 J0.86 P1 F20000 ; spiral lift a little
M5001 G1 X0 Y180 F24000 ; move to safe pos
M5001 P15
M5001 M400 P300
M5001 G92 E0
;time lapse end

;AFTER_LAYER_CHANGE
;9.8
;_SET_FAN_SPEED_CHANGING_LAYER
; printing object HexagonalPrism.stl id:0 copy 0
EXCLUDE_OBJECT_START NAME=HexagonalPrism.stl_id_0_copy_0
G1 F9000
G1 F2408
G1 X141.535 Y130 E.10695
G1 X135.768 Y139.99 E.35445
G1 X124.232 Y139.99 E.35445
G1 X118.465 Y130 E.35445
G1 X124.232 Y120.01 E.35445
G1 X135.768 Y120.01 E.35445
G1 X137.788 Y123.509 E.12415
G1 X139.795 Y126.986 E.12336
SET_VELOCITY_LIMIT ACCEL=6000 ACCEL_TO_DECEL=3000
;TYPE:Inner wall
;WIDTH:0.45
G1 X139.418 Y127.203 E.01443
G1 X141.033 Y130 E.10712
G1 X135.517 Y139.555 E.36599
G1 X124.483 Y139.555 E.36599
G1 X118.967 Y130 E.36599
G1 X124.483 Y120.445 E.36599
G1 X135.517 Y120.445 E.36599
G1 X137.411 Y123.727 E.12569
G1 X139.418 Y127.203 E.13317
G1 X139.066 Y127.407 E.0135
G1 X140.563 Y130 E.09933
G1 X135.282 Y139.148 E.3504
G1 X124.718 Y139.148 E.3504
G1 X119.437 Y130 E.3504
G1 X124.718 Y120.852 E.3504
M73 P68 R3
G1 X135.282 Y120.852 E.3504
G1 X137.059 Y123.93 E.1179
G1 X139.066 Y127.407 E.13317
G1 X138.974 Y127.46 E.00353
SET_VELOCITY_LIMIT SQUARE_CORNER_VELOCITY=12
;TYPE:Sparse infill
G1 X132.655 Y121.142 E.29641
G1 X128.818 Y121.142 E.12731
G1 X139.294 Y131.618 E.49149
G1 X137.89 Y134.052 E.0932
G1 X124.98 Y121.142 E.60564
G1 X124.886 Y121.142 E.00312
G1 X123.515 Y123.515 E.09092
G1 X136.485 Y136.485 E.60844
G1 X135.114 Y138.858 E.09092
G1 X135.02 Y138.858 E.00312
G1 X122.11 Y125.948 E.60564
G1 X120.706 Y128.382 E.0932
M73 P69 R3
G1 X131.183 Y138.858 E.4915
G1 X127.345 Y138.858 E.12731
G1 X121.026 Y132.54 E.29641
; stop printing object HexagonalPrism.stl id:0 copy 0
;LAYER_CHANGE
;Z:10
;HEIGHT:0.2
;BEFORE_LAYER_CHANGE
;10
G92 E0

EXCLUDE_OBJECT_END NAME=HexagonalPrism.stl_id_0_copy_0
G1 Z10 F30000

;don't support timelapse gcode in spiral_mode and by object sequence for I3 structure printer
;time lapse begin
M5001 G92 E0
M5001 G17
M5001 G2 Z10.4 I0.86 J0.86 P1 F20000 ; spiral lift a little
M5001 G1 X0 Y180 F24000 ; move to safe pos
M5001 P15
M5001 M400 P300
M5001 G92 E0
;time lapse end

;AFTER_LAYER_CHANGE
;10
;_SET_FAN_SPEED_CHANGING_LAYER
; printing object HexagonalPrism.stl id:0 copy 0
EXCLUDE_OBJECT_START NAME=HexagonalPrism.stl_id_0_copy_0
G1 F2410
G1 X127.345 Y138.858 E.29641
G1 X131.183 Y138.858 E.12731
G1 X120.706 Y128.382 E.4915
G1 X122.11 Y125.948 E.0932
G1 X135.02 Y138.858 E.60564
G1 X135.114 Y138.858 E.00312
G1 X136.485 Y136.485 E.09092
G1 X123.515 Y123.515 E.60844
G1 X124.886 Y121.142 E.09092
G1 X124.98 Y121.142 E.00312
G1 X137.89 Y134.052 E.60564
G1 X139.294 Y131.618 E.0932
G1 X128.818 Y121.142 E.49149
G1 X132.655 Y121.142 E.12731
G1 X138.974 Y127.46 E.29641
SET_VELOCITY_LIMIT SQUARE_CORNER_VELOCITY=8
;TYPE:Inner wall
G1 X139.066 Y127.407 E.00353
G1 X140.563 Y130 E.09933
G1 X135.282 Y139.148 E.3504
G1 X124.718 Y139.148 E.3504
G1 X120.934 Y132.593 E.25107
G1 X119.437 Y130 E.09933
G1 X124.718 Y120.852 E.3504
G1 X135.282 Y120.852 E.3504
G1 X136.98 Y123.794 E.11269
G1 X139.066 Y127.407 E.13838
G1 X139.418 Y127.203 E.0135
G1 X141.033 Y130 E.10712
G1 X135.517 Y139.555 E.36599
G1 X124.483 Y139.555 E.36599
G1 X120.582 Y132.797 E.25887
G1 X118.967 Y130 E.10712
G1 X124.483 Y120.445 E.36599
G1 X135.517 Y120.445 E.36599
G1 X137.333 Y123.591 E.12048
G1 X139.418 Y127.203 E.13838
SET_VELOCITY_LIMIT ACCEL=5000 ACCEL_TO_DECEL=2500
;TYPE:Outer wall
;WIDTH:0.42
G1 X139.795 Y126.986 E.01337
G1 X141.535 Y130 E.10695
G1 X135.768 Y139.99 E.35445
G1 X124.232 Y139.99 E.35445
M73 P70 R3
G1 X120.205 Y133.014 E.24751
G1 X118.465 Y130 E.10695
G1 X124.232 Y120.01 E.35445
G1 X135.768 Y120.01 E.35445
G1 X137.709 Y123.373 E.11932
G1 X139.795 Y126.986 E.12818
; stop printing object HexagonalPrism.stl id:0 copy 0
;LAYER_CHANGE
;Z:10.2
;HEIGHT:0.2
;BEFORE_LAYER_CHANGE
;10.2
G92 E0

EXCLUDE_OBJECT_END NAME=HexagonalPrism.stl_id_0_copy_0
G1 Z10.2 F30000

;don't support timelapse gcode in spiral_mode and by object sequence for I3 structure printer
;time lapse begin
M5001 G92 E0
M5001 G17
M5001 G2 Z10.6 I0.86 J0.86 P1 F20000 ; spiral lift a little
M5001 G1 X0 Y180 F24000 ; move to safe pos
M5001 P15
M5001 M400 P300
M5001 G92 E0
;time lapse end

;AFTER_LAYER_CHANGE
;10.2
;_SET_FAN_SPEED_CHANGING_LAYER
; printing object HexagonalPrism.stl id:0 copy 0
EXCLUDE_OBJECT_START NAME=HexagonalPrism.stl_id_0_copy_0
G1 F9000
G1 F2408
G1 X141.535 Y130 E.10695
G1 X135.768 Y139.99 E.35445
G1 X124.232 Y139.99 E.35445
G1 X118.465 Y130 E.35445
G1 X124.232 Y120.01 E.35445
G1 X135.768 Y120.01 E.35445
G1 X137.631 Y123.237 E.1145
G1 X139.795 Y126.986 E.13301
SET_VELOCITY_LIMIT ACCEL=6000 ACCEL_TO_DECEL=3000
;TYPE:Inner wall
;WIDTH:0.45
G1 X139.418 Y127.203 E.01443
G1 X141.033 Y130 E.10712
G1 X135.517 Y139.555 E.36599
G1 X124.483 Y139.555 E.36599
G1 X118.967 Y130 E.36599
G1 X124.483 Y120.445 E.36599
G1 X135.517 Y120.445 E.36599
G1 X137.254 Y123.455 E.11527
G1 X139.418 Y127.203 E.14359
G1 X139.066 Y127.407 E.0135
G1 X140.563 Y130 E.09933
G1 X135.282 Y139.148 E.3504
G1 X124.718 Y139.148 E.3504
G1 X119.437 Y130 E.3504
G1 X124.718 Y120.852 E.3504
G1 X135.282 Y120.852 E.3504
G1 X136.902 Y123.658 E.10748
G1 X139.066 Y127.407 E.14359
G1 X138.974 Y127.46 E.00353
SET_VELOCITY_LIMIT SQUARE_CORNER_VELOCITY=12
;TYPE:Sparse infill
G1 X132.655 Y121.142 E.29641
G1 X128.818 Y121.142 E.12731
G1 X139.294 Y131.618 E.49149
G1 X137.89 Y134.052 E.0932
G1 X124.98 Y121.142 E.60564
G1 X124.886 Y121.142 E.00312
M73 P71 R3
G1 X123.515 Y123.515 E.09092
G1 X136.485 Y136.485 E.60844
G1 X135.114 Y138.858 E.09092
G1 X135.02 Y138.858 E.00312
G1 X122.11 Y125.948 E.60564
G1 X120.706 Y128.382 E.0932
G1 X131.183 Y138.858 E.4915
G1 X127.345 Y138.858 E.12731
G1 X121.026 Y132.54 E.29641
; stop printing object HexagonalPrism.stl id:0 copy 0
;LAYER_CHANGE
;Z:10.4
;HEIGHT:0.2
;BEFORE_LAYER_CHANGE
;10.4
G92 E0

EXCLUDE_OBJECT_END NAME=HexagonalPrism.stl_id_0_copy_0
G1 Z10.4 F30000

;don't support timelapse gcode in spiral_mode and by object sequence for I3 structure printer
;time lapse begin
M5001 G92 E0
M5001 G17
M5001 G2 Z10.8 I0.86 J0.86 P1 F20000 ; spiral lift a little
M5001 G1 X0 Y180 F24000 ; move to safe pos
M5001 P15
M5001 M400 P300
M5001 G92 E0
;time lapse end

;AFTER_LAYER_CHANGE
;10.4
;_SET_FAN_SPEED_CHANGING_LAYER
; printing object HexagonalPrism.stl id:0 copy 0
EXCLUDE_OBJECT_START NAME=HexagonalPrism.stl_id_0_copy_0
G1 F2410
G1 X127.345 Y138.858 E.29641
G1 X131.183 Y138.858 E.12731
G1 X120.706 Y128.382 E.4915
G1 X122.11 Y125.948 E.0932
G1 X135.02 Y138.858 E.60564
G1 X135.114 Y138.858 E.00312
G1 X136.485 Y136.485 E.09092
G1 X123.515 Y123.515 E.60844
G1 X124.886 Y121.142 E.09092
G1 X124.98 Y121.142 E.00312
G1 X137.89 Y134.052 E.60564
G1 X139.294 Y131.618 E.0932
G1 X128.818 Y121.142 E.49149
G1 X132.655 Y121.142 E.12731
G1 X138.974 Y127.46 E.29641
SET_VELOCITY_LIMIT SQUARE_CORNER_VELOCITY=8
;TYPE:Inner wall
G1 X139.066 Y127.407 E.00353
G1 X140.563 Y130 E.09933
G1 X135.282 Y139.148 E.3504
G1 X124.718 Y139.148 E.3504
G1 X120.934 Y132.593 E.25107
G1 X119.437 Y130 E.09933
G1 X124.718 Y120.852 E.3504
G1 X135.282 Y120.852 E.3504
G1 X136.823 Y123.522 E.10227
G1 X139.066 Y127.407 E.1488
G1 X139.418 Y127.203 E.0135
G1 X141.033 Y130 E.10712
G1 X135.517 Y139.555 E.36599
G1 X124.483 Y139.555 E.36599
G1 X120.582 Y132.797 E.25887
G1 X118.967 Y130 E.10712
M73 P72 R3
G1 X124.483 Y120.445 E.36599
G1 X135.517 Y120.445 E.36599
G1 X137.176 Y123.319 E.11007
G1 X139.418 Y127.203 E.1488
SET_VELOCITY_LIMIT ACCEL=5000 ACCEL_TO_DECEL=2500
;TYPE:Outer wall
;WIDTH:0.42
G1 X139.795 Y126.986 E.01337
G1 X141.535 Y130 E.10695
G1 X135.768 Y139.99 E.35445
G1 X124.232 Y139.99 E.35445
G1 X120.205 Y133.014 E.24751
G1 X118.465 Y130 E.10695
G1 X124.232 Y120.01 E.35445
G1 X135.768 Y120.01 E.35445
G1 X137.552 Y123.101 E.10967
G1 X139.795 Y126.986 E.13784
; stop printing object HexagonalPrism.stl id:0 copy 0
;LAYER_CHANGE
;Z:10.6
;HEIGHT:0.200001
;BEFORE_LAYER_CHANGE
;10.6
G92 E0

EXCLUDE_OBJECT_END NAME=HexagonalPrism.stl_id_0_copy_0
G1 Z10.6 F30000

;don't support timelapse gcode in spiral_mode and by object sequence for I3 structure printer
;time lapse begin
M5001 G92 E0
M5001 G17
M5001 G2 Z11 I0.86 J0.86 P1 F20000 ; spiral lift a little
M5001 G1 X0 Y180 F24000 ; move to safe pos
M5001 P15
M5001 M400 P300
M5001 G92 E0
;time lapse end

;AFTER_LAYER_CHANGE
;10.6
;_SET_FAN_SPEED_CHANGING_LAYER
; printing object HexagonalPrism.stl id:0 copy 0
EXCLUDE_OBJECT_START NAME=HexagonalPrism.stl_id_0_copy_0
G1 F2408
G1 X141.535 Y130 E.10695
G1 X135.768 Y139.99 E.35445
G1 X124.232 Y139.99 E.35445
G1 X118.465 Y130 E.35445
G1 X124.232 Y120.01 E.35445
G1 X135.768 Y120.01 E.35445
G1 X137.474 Y122.965 E.10485
G1 X139.795 Y126.986 E.14266
SET_VELOCITY_LIMIT ACCEL=6000 ACCEL_TO_DECEL=3000
;TYPE:Inner wall
;WIDTH:0.45
G1 X139.418 Y127.203 E.01443
G1 X141.033 Y130 E.10712
G1 X135.517 Y139.555 E.36599
G1 X124.483 Y139.555 E.36599
G1 X118.967 Y130 E.36599
G1 X124.483 Y120.445 E.36599
G1 X135.517 Y120.445 E.36599
G1 X137.097 Y123.183 E.10486
G1 X139.418 Y127.203 E.15401
G1 X139.066 Y127.407 E.0135
G1 X140.563 Y130 E.09933
G1 X135.282 Y139.148 E.3504
G1 X124.718 Y139.148 E.3504
G1 X119.437 Y130 E.3504
G1 X124.718 Y120.852 E.3504
G1 X135.282 Y120.852 E.3504
G1 X136.745 Y123.386 E.09706
G1 X139.066 Y127.407 E.15401
M73 P73 R3
G1 X138.974 Y127.46 E.00353
SET_VELOCITY_LIMIT SQUARE_CORNER_VELOCITY=12
;TYPE:Sparse infill
G1 X132.655 Y121.142 E.29641
G1 X128.818 Y121.142 E.12731
G1 X139.294 Y131.618 E.49149
G1 X137.89 Y134.052 E.0932
G1 X124.98 Y121.142 E.60564
G1 X124.886 Y121.142 E.00312
G1 X123.515 Y123.515 E.09092
G1 X136.485 Y136.485 E.60844
G1 X135.114 Y138.858 E.09092
G1 X135.02 Y138.858 E.00312
G1 X122.11 Y125.948 E.60564
G1 X120.706 Y128.382 E.0932
G1 X131.183 Y138.858 E.4915
G1 X127.345 Y138.858 E.12731
G1 X121.026 Y132.54 E.29641
; stop printing object HexagonalPrism.stl id:0 copy 0
;LAYER_CHANGE
;Z:10.8
;HEIGHT:0.2
;BEFORE_LAYER_CHANGE
;10.8
G92 E0

EXCLUDE_OBJECT_END NAME=HexagonalPrism.stl_id_0_copy_0
G1 Z10.8 F30000

;don't support timelapse gcode in spiral_mode and by object sequence for I3 structure printer
;time lapse begin
M5001 G92 E0
M5001 G17
M5001 G2 Z11.2 I0.86 J0.86 P1 F20000 ; spiral lift a little
M5001 G1 X0 Y180 F24000 ; move to safe pos
M5001 P15
M5001 M400 P300
M5001 G92 E0
;time lapse end

;AFTER_LAYER_CHANGE
;10.8
;_SET_FAN_SPEED_CHANGING_LAYER
; printing object HexagonalPrism.stl id:0 copy 0
EXCLUDE_OBJECT_START NAME=HexagonalPrism.stl_id_0_copy_0
G1 F2410
G1 X127.345 Y138.858 E.29641
G1 X131.183 Y138.858 E.12731
G1 X120.706 Y128.382 E.4915
G1 X122.11 Y125.948 E.0932
G1 X135.02 Y138.858 E.60564
G1 X135.114 Y138.858 E.00312
G1 X136.485 Y136.485 E.09092
G1 X123.515 Y123.515 E.60844
G1 X124.886 Y121.142 E.09092
G1 X124.98 Y121.142 E.00312
G1 X137.89 Y134.052 E.60564
G1 X139.294 Y131.618 E.0932
G1 X128.818 Y121.142 E.49149
G1 X132.655 Y121.142 E.12731
G1 X138.974 Y127.46 E.29641
SET_VELOCITY_LIMIT SQUARE_CORNER_VELOCITY=8
;TYPE:Inner wall
G1 X139.066 Y127.407 E.00353
G1 X140.563 Y130 E.09933
G1 X135.282 Y139.148 E.3504
G1 X124.718 Y139.148 E.3504
G1 X120.934 Y132.593 E.25107
G1 X119.437 Y130 E.09933
G1 X124.718 Y120.852 E.3504
G1 X135.282 Y120.852 E.3504
G1 X136.666 Y123.25 E.09185
M73 P74 R3
G1 X139.066 Y127.407 E.15922
G1 X139.418 Y127.203 E.0135
G1 X141.033 Y130 E.10712
G1 X135.517 Y139.555 E.36599
G1 X124.483 Y139.555 E.36599
G1 X120.582 Y132.797 E.25887
G1 X118.967 Y130 E.10712
G1 X124.483 Y120.445 E.36599
G1 X135.517 Y120.445 E.36599
G1 X137.019 Y123.047 E.09965
G1 X139.418 Y127.203 E.15922
SET_VELOCITY_LIMIT ACCEL=5000 ACCEL_TO_DECEL=2500
;TYPE:Outer wall
;WIDTH:0.42
G1 X139.795 Y126.986 E.01337
G1 X141.535 Y130 E.10695
G1 X135.768 Y139.99 E.35445
G1 X124.232 Y139.99 E.35445
G1 X120.205 Y133.014 E.24751
G1 X118.465 Y130 E.10695
G1 X124.232 Y120.01 E.35445
G1 X135.768 Y120.01 E.35445
G1 X137.395 Y122.829 E.10002
G1 X139.795 Y126.986 E.14749
; stop printing object HexagonalPrism.stl id:0 copy 0
;LAYER_CHANGE
;Z:11
;HEIGHT:0.2
;BEFORE_LAYER_CHANGE
;11
G92 E0

EXCLUDE_OBJECT_END NAME=HexagonalPrism.stl_id_0_copy_0
G1 Z11 F30000

;don't support timelapse gcode in spiral_mode and by object sequence for I3 structure printer
;time lapse begin
M5001 G92 E0
M5001 G17
M5001 G2 Z11.4 I0.86 J0.86 P1 F20000 ; spiral lift a little
M5001 G1 X0 Y180 F24000 ; move to safe pos
M5001 P15
M5001 M400 P300
M5001 G92 E0
;time lapse end

;AFTER_LAYER_CHANGE
;11
;_SET_FAN_SPEED_CHANGING_LAYER
; printing object HexagonalPrism.stl id:0 copy 0
EXCLUDE_OBJECT_START NAME=HexagonalPrism.stl_id_0_copy_0
G1 F2408
G1 X141.535 Y130 E.10695
G1 X135.768 Y139.99 E.35445
G1 X124.232 Y139.99 E.35445
G1 X118.465 Y130 E.35445
G1 X124.232 Y120.01 E.35445
G1 X135.768 Y120.01 E.35445
G1 X137.317 Y122.693 E.09519
G1 X139.795 Y126.986 E.15231
SET_VELOCITY_LIMIT ACCEL=6000 ACCEL_TO_DECEL=3000
;TYPE:Inner wall
;WIDTH:0.45
G1 X139.418 Y127.203 E.01443
G1 X141.033 Y130 E.10712
G1 X135.517 Y139.555 E.36599
G1 X124.483 Y139.555 E.36599
G1 X118.967 Y130 E.36599
G1 X124.483 Y120.445 E.36599
G1 X135.517 Y120.445 E.36599
G1 X136.94 Y122.911 E.09444
G1 X139.418 Y127.203 E.16443
G1 X139.066 Y127.407 E.0135
G1 X140.563 Y130 E.09933
G1 X135.282 Y139.148 E.3504
G1 X124.718 Y139.148 E.3504
M73 P75 R3
G1 X119.437 Y130 E.3504
G1 X124.718 Y120.852 E.3504
G1 X135.282 Y120.852 E.3504
G1 X136.587 Y123.114 E.08664
G1 X139.066 Y127.407 E.16443
G1 X138.974 Y127.46 E.00353
SET_VELOCITY_LIMIT SQUARE_CORNER_VELOCITY=12
;TYPE:Sparse infill
G1 X132.655 Y121.142 E.29641
G1 X128.818 Y121.142 E.12731
G1 X139.294 Y131.618 E.49149
G1 X137.89 Y134.052 E.0932
G1 X124.98 Y121.142 E.60564
G1 X124.886 Y121.142 E.00312
G1 X123.515 Y123.515 E.09092
G1 X136.485 Y136.485 E.60844
G1 X135.114 Y138.858 E.09092
G1 X135.02 Y138.858 E.00312
G1 X122.11 Y125.948 E.60564
G1 X120.706 Y128.382 E.0932
G1 X131.183 Y138.858 E.4915
G1 X127.345 Y138.858 E.12731
G1 X121.026 Y132.54 E.29641
; stop printing object HexagonalPrism.stl id:0 copy 0
;LAYER_CHANGE
;Z:11.2
;HEIGHT:0.2
;BEFORE_LAYER_CHANGE
;11.2
G92 E0

EXCLUDE_OBJECT_END NAME=HexagonalPrism.stl_id_0_copy_0
G1 Z11.2 F30000

;don't support timelapse gcode in spiral_mode and by object sequence for I3 structure printer
;time lapse begin
M5001 G92 E0
M5001 G17
M5001 G2 Z11.6 I0.86 J0.86 P1 F20000 ; spiral lift a little
M5001 G1 X0 Y180 F24000 ; move to safe pos
M5001 P15
M5001 M400 P300
M5001 G92 E0
;time lapse end

;AFTER_LAYER_CHANGE
;11.2
;_SET_FAN_SPEED_CHANGING_LAYER
; printing object HexagonalPrism.stl id:0 copy 0
EXCLUDE_OBJECT_START NAME=HexagonalPrism.stl_id_0_copy_0
G1 F2411
G1 X127.345 Y138.858 E.29641
G1 X131.183 Y138.858 E.12731
G1 X120.706 Y128.382 E.4915
G1 X122.11 Y125.948 E.0932
G1 X135.02 Y138.858 E.60564
G1 X135.114 Y138.858 E.00312
G1 X136.485 Y136.485 E.09092
G1 X123.515 Y123.515 E.60844
G1 X124.886 Y121.142 E.09092
G1 X124.98 Y121.142 E.00312
G1 X137.89 Y134.052 E.60564
G1 X139.294 Y131.618 E.0932
G1 X128.818 Y121.142 E.49149
G1 X132.655 Y121.142 E.12731
G1 X138.974 Y127.46 E.29641
SET_VELOCITY_LIMIT SQUARE_CORNER_VELOCITY=8
;TYPE:Inner wall
G1 X139.066 Y127.407 E.00353
G1 X140.563 Y130 E.09933
G1 X135.282 Y139.148 E.3504
G1 X124.718 Y139.148 E.3504
M73 P76 R3
G1 X120.934 Y132.593 E.25107
G1 X119.437 Y130 E.09933
G1 X124.718 Y120.852 E.3504
G1 X135.282 Y120.852 E.3504
G1 X136.509 Y122.978 E.08143
G1 X139.066 Y127.407 E.16964
G1 X139.418 Y127.203 E.0135
G1 X141.033 Y130 E.10712
G1 X135.517 Y139.555 E.36599
G1 X124.483 Y139.555 E.36599
G1 X120.582 Y132.797 E.25887
G1 X118.967 Y130 E.10712
G1 X124.483 Y120.445 E.36599
G1 X135.517 Y120.445 E.36599
G1 X136.862 Y122.775 E.08923
G1 X139.418 Y127.203 E.16964
SET_VELOCITY_LIMIT ACCEL=5000 ACCEL_TO_DECEL=2500
;TYPE:Outer wall
;WIDTH:0.42
G1 X139.795 Y126.986 E.01337
G1 X141.535 Y130 E.10695
G1 X135.768 Y139.99 E.35445
G1 X124.232 Y139.99 E.35445
G1 X120.205 Y133.014 E.24751
M73 P76 R2
G1 X118.465 Y130 E.10695
G1 X124.232 Y120.01 E.35445
G1 X135.768 Y120.01 E.35445
G1 X137.238 Y122.557 E.09037
G1 X139.795 Y126.986 E.15714
; stop printing object HexagonalPrism.stl id:0 copy 0
;LAYER_CHANGE
;Z:11.4
;HEIGHT:0.2
;BEFORE_LAYER_CHANGE
;11.4
G92 E0

EXCLUDE_OBJECT_END NAME=HexagonalPrism.stl_id_0_copy_0
G1 Z11.4 F30000

;don't support timelapse gcode in spiral_mode and by object sequence for I3 structure printer
;time lapse begin
M5001 G92 E0
M5001 G17
M5001 G2 Z11.8 I0.86 J0.86 P1 F20000 ; spiral lift a little
M5001 G1 X0 Y180 F24000 ; move to safe pos
M5001 P15
M5001 M400 P300
M5001 G92 E0
;time lapse end

;AFTER_LAYER_CHANGE
;11.4
;_SET_FAN_SPEED_CHANGING_LAYER
; printing object HexagonalPrism.stl id:0 copy 0
EXCLUDE_OBJECT_START NAME=HexagonalPrism.stl_id_0_copy_0
G1 F9000
G1 F2408
G1 X141.535 Y130 E.10695
G1 X135.768 Y139.99 E.35445
G1 X124.232 Y139.99 E.35445
G1 X118.465 Y130 E.35445
G1 X124.232 Y120.01 E.35445
G1 X135.768 Y120.01 E.35445
G1 X137.16 Y122.421 E.08554
G1 X139.795 Y126.986 E.16196
SET_VELOCITY_LIMIT ACCEL=6000 ACCEL_TO_DECEL=3000
;TYPE:Inner wall
;WIDTH:0.45
G1 X139.418 Y127.203 E.01443
G1 X141.033 Y130 E.10712
G1 X135.517 Y139.555 E.36599
G1 X124.483 Y139.555 E.36599
G1 X118.967 Y130 E.36599
G1 X124.483 Y120.445 E.36599
G1 X135.517 Y120.445 E.36599
M73 P77 R2
G1 X136.783 Y122.639 E.08402
G1 X139.418 Y127.203 E.17485
G1 X139.066 Y127.407 E.0135
G1 X140.563 Y130 E.09933
G1 X135.282 Y139.148 E.3504
G1 X124.718 Y139.148 E.3504
G1 X119.437 Y130 E.3504
G1 X124.718 Y120.852 E.3504
G1 X135.282 Y120.852 E.3504
G1 X136.43 Y122.842 E.07622
G1 X139.066 Y127.407 E.17485
G1 X138.974 Y127.46 E.00353
SET_VELOCITY_LIMIT SQUARE_CORNER_VELOCITY=12
;TYPE:Sparse infill
G1 X132.655 Y121.142 E.29641
G1 X128.818 Y121.142 E.12731
G1 X139.294 Y131.618 E.49149
G1 X137.89 Y134.052 E.0932
G1 X124.98 Y121.142 E.60564
G1 X124.886 Y121.142 E.00312
G1 X123.515 Y123.515 E.09092
G1 X136.485 Y136.485 E.60844
G1 X135.114 Y138.858 E.09092
G1 X135.02 Y138.858 E.00312
G1 X122.11 Y125.948 E.60564
G1 X120.706 Y128.382 E.0932
G1 X131.183 Y138.858 E.4915
G1 X127.345 Y138.858 E.12731
G1 X121.026 Y132.54 E.29641
; stop printing object HexagonalPrism.stl id:0 copy 0
;LAYER_CHANGE
;Z:11.6
;HEIGHT:0.200001
;BEFORE_LAYER_CHANGE
;11.6
G92 E0

EXCLUDE_OBJECT_END NAME=HexagonalPrism.stl_id_0_copy_0
G1 Z11.6 F30000

;don't support timelapse gcode in spiral_mode and by object sequence for I3 structure printer
;time lapse begin
M5001 G92 E0
M5001 G17
M5001 G2 Z12 I0.86 J0.86 P1 F20000 ; spiral lift a little
M5001 G1 X0 Y180 F24000 ; move to safe pos
M5001 P15
M5001 M400 P300
M5001 G92 E0
;time lapse end

;AFTER_LAYER_CHANGE
;11.6
;_SET_FAN_SPEED_CHANGING_LAYER
; printing object HexagonalPrism.stl id:0 copy 0
EXCLUDE_OBJECT_START NAME=HexagonalPrism.stl_id_0_copy_0
G1 F2411
G1 X127.345 Y138.858 E.29641
G1 X131.183 Y138.858 E.12731
G1 X120.706 Y128.382 E.4915
G1 X122.11 Y125.948 E.0932
G1 X135.02 Y138.858 E.60564
G1 X135.114 Y138.858 E.00312
G1 X136.485 Y136.485 E.09092
G1 X123.515 Y123.515 E.60844
G1 X124.886 Y121.142 E.09092
G1 X124.98 Y121.142 E.00312
G1 X137.89 Y134.052 E.60564
G1 X139.294 Y131.618 E.0932
M73 P78 R2
G1 X128.818 Y121.142 E.49149
G1 X132.655 Y121.142 E.12731
G1 X138.974 Y127.46 E.29641
SET_VELOCITY_LIMIT SQUARE_CORNER_VELOCITY=8
;TYPE:Inner wall
G1 X139.066 Y127.407 E.00353
G1 X140.563 Y130 E.09933
G1 X135.282 Y139.148 E.3504
G1 X124.718 Y139.148 E.3504
G1 X120.934 Y132.593 E.25107
G1 X119.437 Y130 E.09933
G1 X124.718 Y120.852 E.3504
G1 X135.282 Y120.852 E.3504
G1 X136.352 Y122.706 E.07101
G1 X139.066 Y127.407 E.18006
G1 X139.418 Y127.203 E.0135
G1 X141.033 Y130 E.10712
G1 X135.517 Y139.555 E.36599
G1 X124.483 Y139.555 E.36599
G1 X120.582 Y132.797 E.25887
G1 X118.967 Y130 E.10712
G1 X124.483 Y120.445 E.36599
G1 X135.517 Y120.445 E.36599
G1 X136.704 Y122.503 E.07881
G1 X139.418 Y127.203 E.18006
SET_VELOCITY_LIMIT ACCEL=5000 ACCEL_TO_DECEL=2500
;TYPE:Outer wall
;WIDTH:0.42
G1 X139.795 Y126.986 E.01337
G1 X141.535 Y130 E.10695
G1 X135.768 Y139.99 E.35445
G1 X124.232 Y139.99 E.35445
G1 X120.205 Y133.014 E.24751
G1 X118.465 Y130 E.10695
G1 X124.232 Y120.01 E.35445
G1 X135.768 Y120.01 E.35445
G1 X137.081 Y122.285 E.08072
G1 X139.795 Y126.986 E.16679
; stop printing object HexagonalPrism.stl id:0 copy 0
;LAYER_CHANGE
;Z:11.8
;HEIGHT:0.2
;BEFORE_LAYER_CHANGE
;11.8
G92 E0

EXCLUDE_OBJECT_END NAME=HexagonalPrism.stl_id_0_copy_0
G1 Z11.8 F30000

;don't support timelapse gcode in spiral_mode and by object sequence for I3 structure printer
;time lapse begin
M5001 G92 E0
M5001 G17
M5001 G2 Z12.2 I0.86 J0.86 P1 F20000 ; spiral lift a little
M5001 G1 X0 Y180 F24000 ; move to safe pos
M5001 P15
M5001 M400 P300
M5001 G92 E0
;time lapse end

;AFTER_LAYER_CHANGE
;11.8
;_SET_FAN_SPEED_CHANGING_LAYER
; printing object HexagonalPrism.stl id:0 copy 0
EXCLUDE_OBJECT_START NAME=HexagonalPrism.stl_id_0_copy_0
G1 F9000
G1 F2408
G1 X141.535 Y130 E.10695
G1 X135.768 Y139.99 E.35445
G1 X124.232 Y139.99 E.35445
G1 X118.465 Y130 E.35445
G1 X124.232 Y120.01 E.35445
G1 X135.768 Y120.01 E.35445
G1 X137.003 Y122.149 E.07589
G1 X139.795 Y126.986 E.17161
SET_VELOCITY_LIMIT ACCEL=6000 ACCEL_TO_DECEL=3000
;TYPE:Inner wall
;WIDTH:0.45
G1 X139.418 Y127.203 E.01443
M73 P79 R2
G1 X141.033 Y130 E.10712
G1 X135.517 Y139.555 E.36599
G1 X124.483 Y139.555 E.36599
G1 X118.967 Y130 E.36599
G1 X124.483 Y120.445 E.36599
G1 X135.517 Y120.445 E.36599
G1 X136.626 Y122.367 E.0736
G1 X139.418 Y127.203 E.18527
G1 X139.066 Y127.407 E.0135
G1 X140.563 Y130 E.09933
G1 X135.282 Y139.148 E.3504
G1 X124.718 Y139.148 E.3504
G1 X119.437 Y130 E.3504
G1 X124.718 Y120.852 E.3504
G1 X135.282 Y120.852 E.3504
G1 X136.273 Y122.57 E.0658
G1 X139.066 Y127.407 E.18527
G1 X138.974 Y127.46 E.00353
SET_VELOCITY_LIMIT SQUARE_CORNER_VELOCITY=12
;TYPE:Sparse infill
G1 X132.655 Y121.142 E.29641
G1 X128.818 Y121.142 E.12731
G1 X139.294 Y131.618 E.49149
G1 X137.89 Y134.052 E.0932
G1 X124.98 Y121.142 E.60564
G1 X124.886 Y121.142 E.00312
G1 X123.515 Y123.515 E.09092
G1 X136.485 Y136.485 E.60844
G1 X135.114 Y138.858 E.09092
G1 X135.02 Y138.858 E.00312
G1 X122.11 Y125.948 E.60564
G1 X120.706 Y128.382 E.0932
G1 X131.183 Y138.858 E.4915
G1 X127.345 Y138.858 E.12731
G1 X121.026 Y132.54 E.29641
; stop printing object HexagonalPrism.stl id:0 copy 0
;LAYER_CHANGE
;Z:12
;HEIGHT:0.2
;BEFORE_LAYER_CHANGE
;12
G92 E0

EXCLUDE_OBJECT_END NAME=HexagonalPrism.stl_id_0_copy_0
G1 Z12 F30000

;don't support timelapse gcode in spiral_mode and by object sequence for I3 structure printer
;time lapse begin
M5001 G92 E0
M5001 G17
M5001 G2 Z12.4 I0.86 J0.86 P1 F20000 ; spiral lift a little
M5001 G1 X0 Y180 F24000 ; move to safe pos
M5001 P15
M5001 M400 P300
M5001 G92 E0
;time lapse end

;AFTER_LAYER_CHANGE
;12
;_SET_FAN_SPEED_CHANGING_LAYER
; printing object HexagonalPrism.stl id:0 copy 0
EXCLUDE_OBJECT_START NAME=HexagonalPrism.stl_id_0_copy_0
G1 F2411
G1 X127.345 Y138.858 E.29641
G1 X131.183 Y138.858 E.12731
G1 X120.706 Y128.382 E.4915
G1 X122.11 Y125.948 E.0932
G1 X135.02 Y138.858 E.60564
G1 X135.114 Y138.858 E.00312
M73 P80 R2
G1 X136.485 Y136.485 E.09092
G1 X123.515 Y123.515 E.60844
G1 X124.886 Y121.142 E.09092
G1 X124.98 Y121.142 E.00312
G1 X137.89 Y134.052 E.60564
G1 X139.294 Y131.618 E.0932
G1 X128.818 Y121.142 E.49149
G1 X132.655 Y121.142 E.12731
G1 X138.974 Y127.46 E.29641
SET_VELOCITY_LIMIT SQUARE_CORNER_VELOCITY=8
;TYPE:Inner wall
G1 X139.066 Y127.407 E.00353
G1 X140.563 Y130 E.09933
G1 X135.282 Y139.148 E.3504
G1 X124.718 Y139.148 E.3504
G1 X120.934 Y132.593 E.25107
G1 X119.437 Y130 E.09933
G1 X124.718 Y120.852 E.3504
G1 X135.282 Y120.852 E.3504
G1 X136.195 Y122.434 E.06059
G1 X139.066 Y127.407 E.19048
G1 X139.418 Y127.203 E.0135
G1 X141.033 Y130 E.10712
G1 X135.517 Y139.555 E.36599
G1 X124.483 Y139.555 E.36599
G1 X120.582 Y132.797 E.25887
G1 X118.967 Y130 E.10712
G1 X124.483 Y120.445 E.36599
G1 X135.517 Y120.445 E.36599
G1 X136.547 Y122.231 E.06839
G1 X139.418 Y127.203 E.19048
SET_VELOCITY_LIMIT ACCEL=5000 ACCEL_TO_DECEL=2500
;TYPE:Outer wall
;WIDTH:0.42
G1 X139.795 Y126.986 E.01337
G1 X141.535 Y130 E.10695
G1 X135.768 Y139.99 E.35445
G1 X124.232 Y139.99 E.35445
G1 X120.205 Y133.014 E.24751
G1 X118.465 Y130 E.10695
G1 X124.232 Y120.01 E.35445
G1 X135.768 Y120.01 E.35445
G1 X136.924 Y122.013 E.07107
G1 X139.795 Y126.986 E.17644
; stop printing object HexagonalPrism.stl id:0 copy 0
;LAYER_CHANGE
;Z:12.2
;HEIGHT:0.2
;BEFORE_LAYER_CHANGE
;12.2
G92 E0

EXCLUDE_OBJECT_END NAME=HexagonalPrism.stl_id_0_copy_0
G1 Z12.2 F30000

;don't support timelapse gcode in spiral_mode and by object sequence for I3 structure printer
;time lapse begin
M5001 G92 E0
M5001 G17
M5001 G2 Z12.6 I0.86 J0.86 P1 F20000 ; spiral lift a little
M5001 G1 X0 Y180 F24000 ; move to safe pos
M5001 P15
M5001 M400 P300
M5001 G92 E0
;time lapse end

;AFTER_LAYER_CHANGE
;12.2
;_SET_FAN_SPEED_CHANGING_LAYER
; printing object HexagonalPrism.stl id:0 copy 0
EXCLUDE_OBJECT_START NAME=HexagonalPrism.stl_id_0_copy_0
G1 F9000
G1 F2409
G1 X141.535 Y130 E.10695
G1 X135.768 Y139.99 E.35445
G1 X124.232 Y139.99 E.35445
G1 X118.465 Y130 E.35445
M73 P81 R2
G1 X124.232 Y120.01 E.35445
G1 X135.768 Y120.01 E.35445
G1 X136.846 Y121.877 E.06624
G1 X139.795 Y126.986 E.18126
SET_VELOCITY_LIMIT ACCEL=6000 ACCEL_TO_DECEL=3000
;TYPE:Inner wall
;WIDTH:0.45
G1 X139.418 Y127.203 E.01443
G1 X141.033 Y130 E.10712
G1 X135.517 Y139.555 E.36599
G1 X124.483 Y139.555 E.36599
G1 X118.967 Y130 E.36599
G1 X124.483 Y120.445 E.36599
G1 X135.517 Y120.445 E.36599
G1 X136.469 Y122.095 E.06318
G1 X139.418 Y127.203 E.19568
G1 X139.066 Y127.407 E.0135
G1 X140.563 Y130 E.09933
G1 X135.282 Y139.148 E.3504
G1 X124.718 Y139.148 E.3504
G1 X119.437 Y130 E.3504
G1 X124.718 Y120.852 E.3504
G1 X135.282 Y120.852 E.3504
G1 X136.116 Y122.298 E.05539
G1 X139.066 Y127.407 E.19568
G1 X138.974 Y127.46 E.00353
SET_VELOCITY_LIMIT SQUARE_CORNER_VELOCITY=12
;TYPE:Sparse infill
G1 X132.655 Y121.142 E.29641
G1 X128.818 Y121.142 E.12731
G1 X139.294 Y131.618 E.49149
G1 X137.89 Y134.052 E.0932
G1 X124.98 Y121.142 E.60564
G1 X124.886 Y121.142 E.00312
G1 X123.515 Y123.515 E.09092
G1 X136.485 Y136.485 E.60844
G1 X135.114 Y138.858 E.09092
G1 X135.02 Y138.858 E.00312
G1 X122.11 Y125.948 E.60564
G1 X120.706 Y128.382 E.0932
G1 X131.183 Y138.858 E.4915
G1 X127.345 Y138.858 E.12731
G1 X121.026 Y132.54 E.29641
; stop printing object HexagonalPrism.stl id:0 copy 0
;LAYER_CHANGE
;Z:12.4
;HEIGHT:0.2
;BEFORE_LAYER_CHANGE
;12.4
G92 E0

EXCLUDE_OBJECT_END NAME=HexagonalPrism.stl_id_0_copy_0
G1 Z12.4 F30000

;don't support timelapse gcode in spiral_mode and by object sequence for I3 structure printer
;time lapse begin
M5001 G92 E0
M5001 G17
M5001 G2 Z12.8 I0.86 J0.86 P1 F20000 ; spiral lift a little
M5001 G1 X0 Y180 F24000 ; move to safe pos
M5001 P15
M5001 M400 P300
M5001 G92 E0
;time lapse end

;AFTER_LAYER_CHANGE
;12.4
;_SET_FAN_SPEED_CHANGING_LAYER
; printing object HexagonalPrism.stl id:0 copy 0
EXCLUDE_OBJECT_START NAME=HexagonalPrism.stl_id_0_copy_0
G1 F2411
G1 X127.345 Y138.858 E.29641
G1 X131.183 Y138.858 E.12731
M73 P82 R2
G1 X120.706 Y128.382 E.4915
G1 X122.11 Y125.948 E.0932
G1 X135.02 Y138.858 E.60564
G1 X135.114 Y138.858 E.00312
G1 X136.485 Y136.485 E.09092
G1 X123.515 Y123.515 E.60844
G1 X124.886 Y121.142 E.09092
G1 X124.98 Y121.142 E.00312
G1 X137.89 Y134.052 E.60564
G1 X139.294 Y131.618 E.0932
G1 X128.818 Y121.142 E.49149
G1 X132.655 Y121.142 E.12731
G1 X138.974 Y127.46 E.29641
SET_VELOCITY_LIMIT SQUARE_CORNER_VELOCITY=8
;TYPE:Inner wall
G1 X139.066 Y127.407 E.00353
G1 X140.563 Y130 E.09933
G1 X135.282 Y139.148 E.3504
G1 X124.718 Y139.148 E.3504
G1 X120.934 Y132.593 E.25107
G1 X119.437 Y130 E.09933
G1 X124.718 Y120.852 E.3504
G1 X135.282 Y120.852 E.3504
G1 X136.038 Y122.162 E.05018
G1 X139.066 Y127.407 E.20089
G1 X139.418 Y127.203 E.0135
G1 X141.033 Y130 E.10712
G1 X135.517 Y139.555 E.36599
G1 X124.483 Y139.555 E.36599
G1 X120.582 Y132.797 E.25887
G1 X118.967 Y130 E.10712
G1 X124.483 Y120.445 E.36599
G1 X135.517 Y120.445 E.36599
G1 X136.39 Y121.959 E.05797
G1 X139.418 Y127.203 E.20089
SET_VELOCITY_LIMIT ACCEL=5000 ACCEL_TO_DECEL=2500
;TYPE:Outer wall
;WIDTH:0.42
G1 X139.795 Y126.986 E.01337
G1 X141.535 Y130 E.10695
G1 X135.768 Y139.99 E.35445
G1 X124.232 Y139.99 E.35445
G1 X120.205 Y133.014 E.24751
G1 X118.465 Y130 E.10695
G1 X124.232 Y120.01 E.35445
G1 X135.768 Y120.01 E.35445
G1 X136.767 Y121.741 E.06142
M73 P83 R2
G1 X139.795 Y126.986 E.18609
; stop printing object HexagonalPrism.stl id:0 copy 0
;LAYER_CHANGE
;Z:12.6
;HEIGHT:0.200001
;BEFORE_LAYER_CHANGE
;12.6
G92 E0

EXCLUDE_OBJECT_END NAME=HexagonalPrism.stl_id_0_copy_0
G1 Z12.6 F30000

;don't support timelapse gcode in spiral_mode and by object sequence for I3 structure printer
;time lapse begin
M5001 G92 E0
M5001 G17
M5001 G2 Z13 I0.86 J0.86 P1 F20000 ; spiral lift a little
M5001 G1 X0 Y180 F24000 ; move to safe pos
M5001 P15
M5001 M400 P300
M5001 G92 E0
;time lapse end

;AFTER_LAYER_CHANGE
;12.6
;_SET_FAN_SPEED_CHANGING_LAYER
; printing object HexagonalPrism.stl id:0 copy 0
EXCLUDE_OBJECT_START NAME=HexagonalPrism.stl_id_0_copy_0
G1 F9000
G1 F2409
G1 X141.535 Y130 E.10695
G1 X135.768 Y139.99 E.35445
G1 X124.232 Y139.99 E.35445
G1 X118.465 Y130 E.35445
G1 X124.232 Y120.01 E.35445
G1 X135.768 Y120.01 E.35445
G1 X136.689 Y121.605 E.05659
G1 X139.795 Y126.986 E.19091
SET_VELOCITY_LIMIT ACCEL=6000 ACCEL_TO_DECEL=3000
;TYPE:Inner wall
;WIDTH:0.45
G1 X139.418 Y127.203 E.01443
G1 X141.033 Y130 E.10712
G1 X135.517 Y139.555 E.36599
G1 X124.483 Y139.555 E.36599
G1 X118.967 Y130 E.36599
G1 X124.483 Y120.445 E.36599
G1 X135.517 Y120.445 E.36599
G1 X136.312 Y121.823 E.05276
G1 X139.418 Y127.203 E.2061
G1 X139.066 Y127.407 E.0135
G1 X140.563 Y130 E.09933
G1 X135.282 Y139.148 E.3504
G1 X124.718 Y139.148 E.3504
G1 X119.437 Y130 E.3504
G1 X124.718 Y120.852 E.3504
G1 X135.282 Y120.852 E.3504
G1 X135.959 Y122.026 E.04497
G1 X139.066 Y127.407 E.2061
G1 X138.974 Y127.46 E.00353
SET_VELOCITY_LIMIT SQUARE_CORNER_VELOCITY=12
;TYPE:Sparse infill
G1 X132.655 Y121.142 E.29641
G1 X128.818 Y121.142 E.12731
G1 X139.294 Y131.618 E.49149
G1 X137.89 Y134.052 E.0932
G1 X124.98 Y121.142 E.60564
G1 X124.886 Y121.142 E.00312
G1 X123.515 Y123.515 E.09092
G1 X136.485 Y136.485 E.60844
G1 X135.114 Y138.858 E.09092
G1 X135.02 Y138.858 E.00312
G1 X122.11 Y125.948 E.60564
G1 X120.706 Y128.382 E.0932
M73 P84 R2
G1 X131.183 Y138.858 E.4915
G1 X127.345 Y138.858 E.12731
G1 X121.026 Y132.54 E.29641
; stop printing object HexagonalPrism.stl id:0 copy 0
;LAYER_CHANGE
;Z:12.8
;HEIGHT:0.2
;BEFORE_LAYER_CHANGE
;12.8
G92 E0

EXCLUDE_OBJECT_END NAME=HexagonalPrism.stl_id_0_copy_0
G1 Z12.8 F30000

;don't support timelapse gcode in spiral_mode and by object sequence for I3 structure printer
;time lapse begin
M5001 G92 E0
M5001 G17
M5001 G2 Z13.2 I0.86 J0.86 P1 F20000 ; spiral lift a little
M5001 G1 X0 Y180 F24000 ; move to safe pos
M5001 P15
M5001 M400 P300
M5001 G92 E0
;time lapse end

;AFTER_LAYER_CHANGE
;12.8
;_SET_FAN_SPEED_CHANGING_LAYER
; printing object HexagonalPrism.stl id:0 copy 0
EXCLUDE_OBJECT_START NAME=HexagonalPrism.stl_id_0_copy_0
G1 F2411
G1 X127.345 Y138.858 E.29641
G1 X131.183 Y138.858 E.12731
G1 X120.706 Y128.382 E.4915
G1 X122.11 Y125.948 E.0932
G1 X135.02 Y138.858 E.60564
G1 X135.114 Y138.858 E.00312
G1 X136.485 Y136.485 E.09092
G1 X123.515 Y123.515 E.60844
G1 X124.886 Y121.142 E.09092
M73 P84 R1
G1 X124.98 Y121.142 E.00312
G1 X137.89 Y134.052 E.60564
G1 X139.294 Y131.618 E.0932
G1 X128.818 Y121.142 E.49149
G1 X132.655 Y121.142 E.12731
G1 X138.974 Y127.46 E.29641
SET_VELOCITY_LIMIT SQUARE_CORNER_VELOCITY=8
;TYPE:Inner wall
G1 X139.066 Y127.407 E.00353
G1 X140.563 Y130 E.09933
G1 X135.282 Y139.148 E.3504
G1 X124.718 Y139.148 E.3504
G1 X120.934 Y132.593 E.25107
G1 X119.437 Y130 E.09933
G1 X124.718 Y120.852 E.3504
G1 X135.282 Y120.852 E.3504
G1 X135.881 Y121.89 E.03976
G1 X139.066 Y127.407 E.21131
G1 X139.418 Y127.203 E.0135
G1 X141.033 Y130 E.10712
G1 X135.517 Y139.555 E.36599
G1 X124.483 Y139.555 E.36599
G1 X120.582 Y132.797 E.25887
G1 X118.967 Y130 E.10712
G1 X124.483 Y120.445 E.36599
G1 X135.517 Y120.445 E.36599
G1 X136.233 Y121.687 E.04755
G1 X139.418 Y127.203 E.21131
SET_VELOCITY_LIMIT ACCEL=5000 ACCEL_TO_DECEL=2500
;TYPE:Outer wall
;WIDTH:0.42
G1 X139.795 Y126.986 E.01337
G1 X141.535 Y130 E.10695
G1 X135.768 Y139.99 E.35445
G1 X124.232 Y139.99 E.35445
M73 P85 R1
G1 X120.205 Y133.014 E.24751
G1 X118.465 Y130 E.10695
G1 X124.232 Y120.01 E.35445
G1 X135.768 Y120.01 E.35445
G1 X136.61 Y121.469 E.05177
G1 X139.795 Y126.986 E.19574
; stop printing object HexagonalPrism.stl id:0 copy 0
;LAYER_CHANGE
;Z:13
;HEIGHT:0.2
;BEFORE_LAYER_CHANGE
;13
G92 E0

EXCLUDE_OBJECT_END NAME=HexagonalPrism.stl_id_0_copy_0
G1 Z13 F30000

;don't support timelapse gcode in spiral_mode and by object sequence for I3 structure printer
;time lapse begin
M5001 G92 E0
M5001 G17
M5001 G2 Z13.4 I0.86 J0.86 P1 F20000 ; spiral lift a little
M5001 G1 X0 Y180 F24000 ; move to safe pos
M5001 P15
M5001 M400 P300
M5001 G92 E0
;time lapse end

;AFTER_LAYER_CHANGE
;13
;_SET_FAN_SPEED_CHANGING_LAYER
; printing object HexagonalPrism.stl id:0 copy 0
EXCLUDE_OBJECT_START NAME=HexagonalPrism.stl_id_0_copy_0
G1 F9000
G1 F2409
G1 X141.535 Y130 E.10695
G1 X135.768 Y139.99 E.35445
G1 X124.232 Y139.99 E.35445
G1 X118.465 Y130 E.35445
G1 X124.232 Y120.01 E.35445
G1 X135.768 Y120.01 E.35445
G1 X136.532 Y121.333 E.04694
G1 X139.795 Y126.986 E.20056
SET_VELOCITY_LIMIT ACCEL=6000 ACCEL_TO_DECEL=3000
;TYPE:Inner wall
;WIDTH:0.45
G1 X139.418 Y127.203 E.01443
G1 X141.033 Y130 E.10712
G1 X135.517 Y139.555 E.36599
G1 X124.483 Y139.555 E.36599
G1 X118.967 Y130 E.36599
G1 X124.483 Y120.445 E.36599
G1 X135.517 Y120.445 E.36599
G1 X136.155 Y121.551 E.04234
G1 X139.418 Y127.203 E.21652
G1 X139.066 Y127.407 E.0135
G1 X140.563 Y130 E.09933
G1 X135.282 Y139.148 E.3504
G1 X124.718 Y139.148 E.3504
G1 X119.437 Y130 E.3504
G1 X124.718 Y120.852 E.3504
G1 X135.282 Y120.852 E.3504
G1 X135.802 Y121.754 E.03455
G1 X139.066 Y127.407 E.21652
G1 X138.974 Y127.46 E.00353
SET_VELOCITY_LIMIT SQUARE_CORNER_VELOCITY=12
;TYPE:Sparse infill
G1 X132.655 Y121.142 E.29641
G1 X128.818 Y121.142 E.12731
G1 X139.294 Y131.618 E.49149
G1 X137.89 Y134.052 E.0932
G1 X124.98 Y121.142 E.60564
G1 X124.886 Y121.142 E.00312
M73 P86 R1
G1 X123.515 Y123.515 E.09092
G1 X136.485 Y136.485 E.60844
G1 X135.114 Y138.858 E.09092
G1 X135.02 Y138.858 E.00312
G1 X122.11 Y125.948 E.60564
G1 X120.706 Y128.382 E.0932
G1 X131.183 Y138.858 E.4915
G1 X127.345 Y138.858 E.12731
G1 X121.026 Y132.54 E.29641
; stop printing object HexagonalPrism.stl id:0 copy 0
;LAYER_CHANGE
;Z:13.2
;HEIGHT:0.2
;BEFORE_LAYER_CHANGE
;13.2
G92 E0

EXCLUDE_OBJECT_END NAME=HexagonalPrism.stl_id_0_copy_0
G1 Z13.2 F30000

;don't support timelapse gcode in spiral_mode and by object sequence for I3 structure printer
;time lapse begin
M5001 G92 E0
M5001 G17
M5001 G2 Z13.6 I0.86 J0.86 P1 F20000 ; spiral lift a little
M5001 G1 X0 Y180 F24000 ; move to safe pos
M5001 P15
M5001 M400 P300
M5001 G92 E0
;time lapse end

;AFTER_LAYER_CHANGE
;13.2
;_SET_FAN_SPEED_CHANGING_LAYER
; printing object HexagonalPrism.stl id:0 copy 0
EXCLUDE_OBJECT_START NAME=HexagonalPrism.stl_id_0_copy_0
G1 F2411
G1 X127.345 Y138.858 E.29641
G1 X131.183 Y138.858 E.12731
G1 X120.706 Y128.382 E.4915
G1 X122.11 Y125.948 E.0932
G1 X135.02 Y138.858 E.60564
G1 X135.114 Y138.858 E.00312
G1 X136.485 Y136.485 E.09092
G1 X123.515 Y123.515 E.60844
G1 X124.886 Y121.142 E.09092
G1 X124.98 Y121.142 E.00312
G1 X137.89 Y134.052 E.60564
G1 X139.294 Y131.618 E.0932
G1 X128.818 Y121.142 E.49149
G1 X132.655 Y121.142 E.12731
G1 X138.974 Y127.46 E.29641
SET_VELOCITY_LIMIT SQUARE_CORNER_VELOCITY=8
;TYPE:Inner wall
G1 X139.066 Y127.407 E.00353
G1 X140.563 Y130 E.09933
G1 X135.282 Y139.148 E.3504
G1 X124.718 Y139.148 E.3504
G1 X120.934 Y132.593 E.25107
G1 X119.437 Y130 E.09933
G1 X124.718 Y120.852 E.3504
G1 X135.282 Y120.852 E.3504
G1 X135.724 Y121.618 E.02934
G1 X139.066 Y127.407 E.22173
G1 X139.418 Y127.203 E.0135
G1 X141.033 Y130 E.10712
G1 X135.517 Y139.555 E.36599
G1 X124.483 Y139.555 E.36599
G1 X120.582 Y132.797 E.25887
G1 X118.967 Y130 E.10712
G1 X124.483 Y120.445 E.36599
M73 P87 R1
G1 X135.517 Y120.445 E.36599
G1 X136.076 Y121.415 E.03714
G1 X139.418 Y127.203 E.22173
SET_VELOCITY_LIMIT ACCEL=5000 ACCEL_TO_DECEL=2500
;TYPE:Outer wall
;WIDTH:0.42
G1 X139.795 Y126.986 E.01337
G1 X141.535 Y130 E.10695
G1 X135.768 Y139.99 E.35445
G1 X124.232 Y139.99 E.35445
G1 X120.205 Y133.014 E.24751
G1 X118.465 Y130 E.10695
G1 X124.232 Y120.01 E.35445
G1 X135.768 Y120.01 E.35445
G1 X136.453 Y121.197 E.04212
G1 X139.795 Y126.986 E.20539
; stop printing object HexagonalPrism.stl id:0 copy 0
;LAYER_CHANGE
;Z:13.4
;HEIGHT:0.2
;BEFORE_LAYER_CHANGE
;13.4
G92 E0

EXCLUDE_OBJECT_END NAME=HexagonalPrism.stl_id_0_copy_0
G1 Z13.4 F30000

;don't support timelapse gcode in spiral_mode and by object sequence for I3 structure printer
;time lapse begin
M5001 G92 E0
M5001 G17
M5001 G2 Z13.8 I0.86 J0.86 P1 F20000 ; spiral lift a little
M5001 G1 X0 Y180 F24000 ; move to safe pos
M5001 P15
M5001 M400 P300
M5001 G92 E0
;time lapse end

;AFTER_LAYER_CHANGE
;13.4
;_SET_FAN_SPEED_CHANGING_LAYER
; printing object HexagonalPrism.stl id:0 copy 0
EXCLUDE_OBJECT_START NAME=HexagonalPrism.stl_id_0_copy_0
G1 F2409
G1 X141.535 Y130 E.10695
G1 X135.768 Y139.99 E.35445
G1 X124.232 Y139.99 E.35445
G1 X118.465 Y130 E.35445
G1 X124.232 Y120.01 E.35445
G1 X135.768 Y120.01 E.35445
G1 X136.375 Y121.061 E.03729
G1 X139.795 Y126.986 E.21022
SET_VELOCITY_LIMIT ACCEL=6000 ACCEL_TO_DECEL=3000
;TYPE:Inner wall
;WIDTH:0.45
G1 X139.418 Y127.203 E.01443
G1 X141.033 Y130 E.10712
G1 X135.517 Y139.555 E.36599
G1 X124.483 Y139.555 E.36599
G1 X118.967 Y130 E.36599
G1 X124.483 Y120.445 E.36599
G1 X135.517 Y120.445 E.36599
G1 X135.998 Y121.279 E.03193
G1 X139.418 Y127.203 E.22694
G1 X139.066 Y127.407 E.0135
G1 X140.563 Y130 E.09933
G1 X135.282 Y139.148 E.3504
G1 X124.718 Y139.148 E.3504
G1 X119.437 Y130 E.3504
G1 X124.718 Y120.852 E.3504
G1 X135.282 Y120.852 E.3504
G1 X135.645 Y121.482 E.02413
G1 X139.066 Y127.407 E.22694
G1 X138.974 Y127.46 E.00353
M73 P88 R1
SET_VELOCITY_LIMIT SQUARE_CORNER_VELOCITY=12
;TYPE:Sparse infill
G1 X132.655 Y121.142 E.29641
G1 X128.818 Y121.142 E.12731
G1 X139.294 Y131.618 E.49149
G1 X137.89 Y134.052 E.0932
G1 X124.98 Y121.142 E.60564
G1 X124.886 Y121.142 E.00312
G1 X123.515 Y123.515 E.09092
G1 X136.485 Y136.485 E.60844
G1 X135.114 Y138.858 E.09092
G1 X135.02 Y138.858 E.00312
G1 X122.11 Y125.948 E.60564
G1 X120.706 Y128.382 E.0932
G1 X131.183 Y138.858 E.4915
G1 X127.345 Y138.858 E.12731
G1 X121.026 Y132.54 E.29641
; stop printing object HexagonalPrism.stl id:0 copy 0
;LAYER_CHANGE
;Z:13.6
;HEIGHT:0.200001
;BEFORE_LAYER_CHANGE
;13.6
G92 E0

EXCLUDE_OBJECT_END NAME=HexagonalPrism.stl_id_0_copy_0
G1 Z13.6 F30000

;don't support timelapse gcode in spiral_mode and by object sequence for I3 structure printer
;time lapse begin
M5001 G92 E0
M5001 G17
M5001 G2 Z14 I0.86 J0.86 P1 F20000 ; spiral lift a little
M5001 G1 X0 Y180 F24000 ; move to safe pos
M5001 P15
M5001 M400 P300
M5001 G92 E0
;time lapse end

;AFTER_LAYER_CHANGE
;13.6
;_SET_FAN_SPEED_CHANGING_LAYER
; printing object HexagonalPrism.stl id:0 copy 0
EXCLUDE_OBJECT_START NAME=HexagonalPrism.stl_id_0_copy_0
G1 F2411
G1 X127.345 Y138.858 E.29641
G1 X131.183 Y138.858 E.12731
G1 X120.706 Y128.382 E.4915
G1 X122.11 Y125.948 E.0932
G1 X135.02 Y138.858 E.60564
G1 X135.114 Y138.858 E.00312
G1 X136.485 Y136.485 E.09092
G1 X123.515 Y123.515 E.60844
G1 X124.886 Y121.142 E.09092
G1 X124.98 Y121.142 E.00312
G1 X137.89 Y134.052 E.60564
G1 X139.294 Y131.618 E.0932
G1 X128.818 Y121.142 E.49149
G1 X132.655 Y121.142 E.12731
G1 X138.974 Y127.46 E.29641
SET_VELOCITY_LIMIT SQUARE_CORNER_VELOCITY=8
;TYPE:Inner wall
G1 X139.066 Y127.407 E.00353
G1 X140.563 Y130 E.09933
G1 X135.282 Y139.148 E.3504
G1 X124.718 Y139.148 E.3504
G1 X120.934 Y132.593 E.25107
G1 X119.437 Y130 E.09933
G1 X124.718 Y120.852 E.3504
G1 X135.282 Y120.852 E.3504
G1 X135.567 Y121.346 E.01892
M73 P89 R1
G1 X139.066 Y127.407 E.23215
G1 X139.418 Y127.203 E.0135
G1 X141.033 Y130 E.10712
G1 X135.517 Y139.555 E.36599
G1 X124.483 Y139.555 E.36599
G1 X120.582 Y132.797 E.25887
G1 X118.967 Y130 E.10712
G1 X124.483 Y120.445 E.36599
G1 X135.517 Y120.445 E.36599
G1 X135.919 Y121.143 E.02672
G1 X139.418 Y127.203 E.23215
SET_VELOCITY_LIMIT ACCEL=5000 ACCEL_TO_DECEL=2500
;TYPE:Outer wall
;WIDTH:0.42
G1 X139.795 Y126.986 E.01337
G1 X141.535 Y130 E.10695
G1 X135.768 Y139.99 E.35445
G1 X124.232 Y139.99 E.35445
G1 X120.205 Y133.014 E.24751
G1 X118.465 Y130 E.10695
G1 X124.232 Y120.01 E.35445
G1 X135.768 Y120.01 E.35445
G1 X136.296 Y120.925 E.03246
G1 X139.795 Y126.986 E.21504
; stop printing object HexagonalPrism.stl id:0 copy 0
;LAYER_CHANGE
;Z:13.8
;HEIGHT:0.2
;BEFORE_LAYER_CHANGE
;13.8
G92 E0

EXCLUDE_OBJECT_END NAME=HexagonalPrism.stl_id_0_copy_0
G1 Z13.8 F30000

;don't support timelapse gcode in spiral_mode and by object sequence for I3 structure printer
;time lapse begin
M5001 G92 E0
M5001 G17
M5001 G2 Z14.2 I0.86 J0.86 P1 F20000 ; spiral lift a little
M5001 G1 X0 Y180 F24000 ; move to safe pos
M5001 P15
M5001 M400 P300
M5001 G92 E0
;time lapse end

;AFTER_LAYER_CHANGE
;13.8
;_SET_FAN_SPEED_CHANGING_LAYER
; printing object HexagonalPrism.stl id:0 copy 0
EXCLUDE_OBJECT_START NAME=HexagonalPrism.stl_id_0_copy_0
G1 F9000
G1 F2409
G1 X141.535 Y130 E.10695
G1 X135.768 Y139.99 E.35445
G1 X124.232 Y139.99 E.35445
G1 X118.465 Y130 E.35445
G1 X124.232 Y120.01 E.35445
G1 X135.768 Y120.01 E.35445
G1 X136.217 Y120.789 E.02764
G1 X139.795 Y126.986 E.21987
SET_VELOCITY_LIMIT ACCEL=6000 ACCEL_TO_DECEL=3000
;TYPE:Inner wall
;WIDTH:0.45
G1 X139.418 Y127.203 E.01443
G1 X141.033 Y130 E.10712
G1 X135.517 Y139.555 E.36599
G1 X124.483 Y139.555 E.36599
G1 X118.967 Y130 E.36599
G1 X124.483 Y120.445 E.36599
G1 X135.517 Y120.445 E.36599
G1 X135.841 Y121.007 E.02151
G1 X139.418 Y127.203 E.23736
G1 X139.066 Y127.407 E.0135
G1 X140.563 Y130 E.09933
G1 X135.282 Y139.148 E.3504
G1 X124.718 Y139.148 E.3504
G1 X119.437 Y130 E.3504
M73 P90 R1
G1 X124.718 Y120.852 E.3504
G1 X135.282 Y120.852 E.3504
G1 X135.488 Y121.21 E.01371
G1 X139.066 Y127.407 E.23736
G1 X138.974 Y127.46 E.00353
SET_VELOCITY_LIMIT SQUARE_CORNER_VELOCITY=12
;TYPE:Sparse infill
G1 X132.655 Y121.142 E.29641
G1 X128.818 Y121.142 E.12731
G1 X139.294 Y131.618 E.49149
G1 X137.89 Y134.052 E.0932
G1 X124.98 Y121.142 E.60564
G1 X124.886 Y121.142 E.00312
G1 X123.515 Y123.515 E.09092
G1 X136.485 Y136.485 E.60844
G1 X135.114 Y138.858 E.09092
G1 X135.02 Y138.858 E.00312
G1 X122.11 Y125.948 E.60564
G1 X120.706 Y128.382 E.0932
G1 X131.183 Y138.858 E.4915
G1 X127.345 Y138.858 E.12731
G1 X121.026 Y132.54 E.29641
; stop printing object HexagonalPrism.stl id:0 copy 0
;LAYER_CHANGE
;Z:14
;HEIGHT:0.2
;BEFORE_LAYER_CHANGE
;14
G92 E0

EXCLUDE_OBJECT_END NAME=HexagonalPrism.stl_id_0_copy_0
G1 Z14 F30000

;don't support timelapse gcode in spiral_mode and by object sequence for I3 structure printer
;time lapse begin
M5001 G92 E0
M5001 G17
M5001 G2 Z14.4 I0.86 J0.86 P1 F20000 ; spiral lift a little
M5001 G1 X0 Y180 F24000 ; move to safe pos
M5001 P15
M5001 M400 P300
M5001 G92 E0
;time lapse end

;AFTER_LAYER_CHANGE
;14
;_SET_FAN_SPEED_CHANGING_LAYER
; printing object HexagonalPrism.stl id:0 copy 0
EXCLUDE_OBJECT_START NAME=HexagonalPrism.stl_id_0_copy_0
SET_VELOCITY_LIMIT ACCEL=4800 ACCEL_TO_DECEL=2400
;TYPE:Internal solid infill
;WIDTH:0.38292
G1 F2822
G1 X121.223 Y132.426 E.0063
G1 X119.859 Y130.065 E.07555
G1 X119.849 Y129.955 E.00305
G1 X124.843 Y121.302 E.27681
G1 X124.873 Y121.25 E.00166
G1 X124.963 Y121.186 E.00305
G1 X135.095 Y121.196 E.28072
G1 X140.141 Y129.935 E.27957
G1 X140.151 Y130.045 E.00305
G1 X135.114 Y138.769 E.2791
G1 X135.014 Y138.815 E.00305
G1 X124.986 Y138.815 E.27785
G1 X124.886 Y138.769 E.00305
G1 X121.223 Y132.426 E.20292
SET_VELOCITY_LIMIT ACCEL=6000 ACCEL_TO_DECEL=3000
;TYPE:Sparse infill
;WIDTH:0.45
G1 X122.056 Y133.57 E.04695
G1 X126.967 Y138.481 E.23039
G1 X130.805 Y138.481 E.12731
G1 X120.982 Y128.658 E.46086
G1 X122.386 Y126.224 E.0932
G1 X134.643 Y138.481 E.575
G1 X134.897 Y138.481 E.0084
G1 X136.209 Y136.209 E.08705
G1 X123.791 Y123.791 E.58254
G1 X125.103 Y121.519 E.08705
G1 X125.357 Y121.519 E.0084
G1 X137.614 Y133.776 E.575
G1 X139.018 Y131.342 E.0932
G1 X129.195 Y121.519 E.46085
G1 X133.033 Y121.519 E.12731
M73 P91 R1
G1 X137.944 Y126.43 E.23039
SET_VELOCITY_LIMIT SQUARE_CORNER_VELOCITY=8
;TYPE:Inner wall
G1 X138.362 Y126.188 E.01603
G1 X140.563 Y130 E.14601
G1 X135.282 Y139.148 E.3504
G1 X124.718 Y139.148 E.3504
G1 X121.638 Y133.812 E.20439
G1 X119.437 Y130 E.14601
G1 X124.718 Y120.852 E.3504
G1 X135.282 Y120.852 E.3504
G1 X135.41 Y121.074 E.0085
G1 X138.362 Y126.188 E.19588
G1 X138.715 Y125.985 E.0135
G1 X141.033 Y130 E.15381
G1 X135.517 Y139.555 E.36599
G1 X124.483 Y139.555 E.36599
G1 X121.285 Y134.015 E.21218
G1 X118.967 Y130 E.15381
G1 X124.483 Y120.445 E.36599
G1 X135.517 Y120.445 E.36599
G1 X135.762 Y120.871 E.0163
G1 X138.715 Y125.985 E.19588
SET_VELOCITY_LIMIT ACCEL=5000 ACCEL_TO_DECEL=2500
;TYPE:Outer wall
;WIDTH:0.42
G1 X139.092 Y125.767 E.01337
G1 X141.535 Y130 E.15019
G1 X135.768 Y139.99 E.35445
G1 X124.232 Y139.99 E.35445
G1 X120.908 Y134.233 E.20426
G1 X118.465 Y130 E.15019
G1 X124.232 Y120.01 E.35445
G1 X135.768 Y120.01 E.35445
G1 X136.139 Y120.653 E.02281
G1 X139.092 Y125.767 E.18145
; stop printing object HexagonalPrism.stl id:0 copy 0
;LAYER_CHANGE
;Z:14.2
;HEIGHT:0.2
;BEFORE_LAYER_CHANGE
;14.2
G92 E0

EXCLUDE_OBJECT_END NAME=HexagonalPrism.stl_id_0_copy_0
G1 Z14.2 F30000

;don't support timelapse gcode in spiral_mode and by object sequence for I3 structure printer
;time lapse begin
M5001 G92 E0
M5001 G17
M5001 G2 Z14.6 I0.86 J0.86 P1 F20000 ; spiral lift a little
M5001 G1 X0 Y180 F24000 ; move to safe pos
M5001 P15
M5001 M400 P300
M5001 G92 E0
;time lapse end

;AFTER_LAYER_CHANGE
;14.2
;_SET_FAN_SPEED_CHANGING_LAYER
; printing object HexagonalPrism.stl id:0 copy 0
EXCLUDE_OBJECT_START NAME=HexagonalPrism.stl_id_0_copy_0
G1 F9000
G1 X141.535 Y130 E.15019
G1 X135.768 Y139.99 E.35445
G1 X124.232 Y139.99 E.35445
G1 X118.465 Y130 E.35445
G1 X124.232 Y120.01 E.35445
G1 X135.768 Y120.01 E.35445
G1 X136.06 Y120.517 E.01799
G1 X139.092 Y125.767 E.18627
SET_VELOCITY_LIMIT ACCEL=6000 ACCEL_TO_DECEL=3000
;TYPE:Inner wall
;WIDTH:0.45
G1 F13535.936
G1 X138.715 Y125.985 E.01443
G1 X141.033 Y130 E.15381
G1 X135.517 Y139.555 E.36599
G1 X124.483 Y139.555 E.36599
G1 X118.967 Y130 E.36599
G1 X124.483 Y120.445 E.36599
G1 X135.517 Y120.445 E.36599
G1 X135.684 Y120.735 E.01109
G1 X138.715 Y125.985 E.20109
G1 X138.362 Y126.188 E.0135
G1 X140.563 Y130 E.14601
G1 X135.282 Y139.148 E.3504
G1 X124.718 Y139.148 E.3504
G1 X119.437 Y130 E.3504
G1 X124.718 Y120.852 E.3504
G1 X135.282 Y120.852 E.3504
G1 X135.331 Y120.938 E.00329
G1 X138.362 Y126.188 E.20109
G1 X138.01 Y126.392 E.0135
G1 X140.093 Y130 E.13821
G1 X136.169 Y136.797 E.26035
G1 X136.47 Y137.089 E.01393
SET_VELOCITY_LIMIT ACCEL=2500 ACCEL_TO_DECEL=1250 SQUARE_CORNER_VELOCITY=12
;TYPE:Internal Bridge
;WIDTH:0.389872
;HEIGHT:0.389872
G1 F3000
G1 X136.466 Y137.094 E.0003
G1 X136.452 Y137.107 E.00089
G1 X136.439 Y137.119 E.00089
G1 X136.424 Y137.13 E.00089
G1 X136.41 Y137.141 E.00089
G1 X136.394 Y137.151 E.00089
G1 X136.379 Y137.161 E.00089
G1 X136.363 Y137.169 E.00089
G1 X136.346 Y137.178 E.00089
G1 X136.329 Y137.185 E.00089
G1 X136.312 Y137.192 E.00089
G1 X136.295 Y137.198 E.00089
G1 X136.277 Y137.203 E.00089
G1 X136.26 Y137.207 E.00089
G1 X136.242 Y137.211 E.00089
G1 X136.224 Y137.213 E.00089
G1 X136.205 Y137.215 E.00089
G1 X136.187 Y137.217 E.00089
G1 X136.169 Y137.217 E.00089
G1 X136.158 Y137.217 E.00053
G1 X134.532 Y138.842 E.11181
G1 X133.91 Y138.842 E.03026
G1 X135.785 Y136.967 E.12896
G1 X135.781 Y136.957 E.00053
G1 X135.774 Y136.94 E.00089
G1 X135.768 Y136.923 E.00089
G1 X135.763 Y136.905 E.00089
G1 X135.759 Y136.888 E.00089
G1 X135.755 Y136.87 E.00089
G1 X135.752 Y136.851 E.00089
G1 X135.75 Y136.833 E.00089
G1 X135.749 Y136.815 E.00089
G1 X135.749 Y136.797 E.00089
G1 X135.749 Y136.778 E.00089
G1 X135.751 Y136.76 E.00089
G1 X135.753 Y136.742 E.00089
G1 X135.755 Y136.724 E.00089
G1 X135.759 Y136.706 E.00089
G1 X135.763 Y136.688 E.00089
G1 X135.768 Y136.67 E.00089
G1 X135.774 Y136.653 E.00089
G1 X135.781 Y136.636 E.00089
G1 X135.788 Y136.619 E.00089
G1 X135.797 Y136.603 E.00089
G1 X135.805 Y136.587 E.00087
G1 X136.286 Y135.755 E.04673
G1 X137.135 Y134.283 E.08267
G1 X136.163 Y135.968 E.09461
G1 X133.288 Y138.842 E.19773
G1 X132.666 Y138.842 E.03026
G1 X137.013 Y134.496 E.29898
G1 X137.985 Y132.811 E.09461
G1 X138.835 Y131.339 E.08267
G1 X137.862 Y133.024 E.09461
G1 X132.044 Y138.842 E.40022
G1 X131.422 Y138.842 E.03026
G1 X138.712 Y131.552 E.50146
G1 X139.608 Y130 E.08717
M73 P92 R1
G1 X139.551 Y129.901 E.00559
G1 X139.608 Y130 E.00559
G1 X139.562 Y130.08 E.0045
G1 X130.8 Y138.842 E.60271
G1 X130.178 Y138.842 E.03026
G1 X139.393 Y129.627 E.63387
G1 X139.323 Y129.506 E.00679
G1 X139.095 Y129.112 E.02215
G1 X139.165 Y129.233 E.00679
G1 X129.556 Y138.842 E.661
G1 X128.934 Y138.842 E.03026
G1 X138.937 Y128.838 E.68813
G1 X138.868 Y128.717 E.00679
G1 X138.64 Y128.323 E.02215
G1 X138.71 Y128.444 E.00679
G1 X128.312 Y138.842 E.71526
G1 X127.69 Y138.842 E.03026
M73 P92 R0
G1 X138.482 Y128.05 E.74239
G1 X138.412 Y127.929 E.00679
G1 X138.185 Y127.534 E.02215
G1 X138.254 Y127.655 E.00679
G1 X127.068 Y138.842 E.76951
G1 X126.445 Y138.842 E.03026
G1 X138.027 Y127.261 E.79664
G1 X137.957 Y127.14 E.00679
G1 X137.646 Y126.602 E.03024
G1 X137.637 Y126.585 E.00089
G1 X137.629 Y126.569 E.00089
G1 X137.622 Y126.552 E.00089
G1 X137.615 Y126.535 E.00089
G1 X137.609 Y126.518 E.00089
G1 X137.604 Y126.5 E.00089
G1 X137.6 Y126.482 E.00089
G1 X137.596 Y126.464 E.00089
G1 X137.593 Y126.446 E.00089
G1 X137.591 Y126.428 E.00089
G1 X137.59 Y126.41 E.00089
G1 X137.59 Y126.392 E.00089
G1 X137.59 Y126.373 E.00089
G1 X137.591 Y126.355 E.00089
G1 X137.593 Y126.337 E.00089
G1 X137.596 Y126.319 E.00089
G1 X137.6 Y126.301 E.00089
G1 X137.604 Y126.283 E.00089
G1 X137.609 Y126.265 E.00089
G1 X137.615 Y126.248 E.00089
G1 X137.622 Y126.231 E.00089
G1 X137.629 Y126.214 E.00089
G1 X137.637 Y126.198 E.00089
G1 X137.646 Y126.181 E.00089
G1 X137.656 Y126.166 E.00089
G1 X137.666 Y126.151 E.00089
G1 X137.677 Y126.136 E.00089
G1 X137.688 Y126.122 E.00089
G1 X137.7 Y126.108 E.00089
G1 X137.713 Y126.095 E.00089
G1 X137.726 Y126.082 E.00089
G1 X137.74 Y126.07 E.00089
G1 X137.754 Y126.058 E.00089
G1 X137.769 Y126.047 E.00089
G1 X137.784 Y126.037 E.00089
G1 X137.8 Y126.028 E.00089
G1 X137.816 Y126.019 E.00089
G1 X137.832 Y126.011 E.00089
G1 X137.849 Y126.004 E.00089
G1 X137.866 Y125.997 E.00089
G1 X137.884 Y125.991 E.00089
G1 X137.901 Y125.986 E.00089
G1 X137.919 Y125.982 E.00089
G1 X137.937 Y125.978 E.00089
G1 X137.955 Y125.975 E.00089
G1 X137.973 Y125.973 E.00089
G1 X137.992 Y125.972 E.00089
G1 X138.01 Y125.972 E.00089
G1 X138.028 Y125.972 E.00089
G1 X138.047 Y125.973 E.00089
G1 X138.065 Y125.975 E.00089
G1 X138.083 Y125.978 E.00089
G1 X138.101 Y125.982 E.00089
G1 X138.119 Y125.986 E.00089
G1 X138.136 Y125.991 E.00089
G1 X138.154 Y125.997 E.00089
G1 X138.171 Y126.004 E.00089
G1 X138.188 Y126.011 E.00089
G1 X138.204 Y126.019 E.00089
G1 X138.22 Y126.028 E.00089
G1 X138.236 Y126.038 E.00089
G1 X138.251 Y126.048 E.00089
G1 X138.266 Y126.059 E.00089
G1 X138.28 Y126.07 E.00089
G1 X138.294 Y126.082 E.00089
G1 X138.307 Y126.095 E.00089
G1 X138.311 Y126.099 E.00028
G1 X138.307 Y126.095 E.00028
G1 X138.294 Y126.082 E.00089
G1 X138.28 Y126.07 E.00089
G1 X138.266 Y126.059 E.00089
G1 X138.251 Y126.048 E.00089
G1 X138.236 Y126.038 E.00089
G1 X138.22 Y126.028 E.00089
G1 X138.204 Y126.019 E.00089
G1 X138.188 Y126.011 E.00089
G1 X138.171 Y126.004 E.00089
G1 X138.154 Y125.997 E.00089
G1 X138.136 Y125.991 E.00089
G1 X138.119 Y125.986 E.00089
G1 X138.101 Y125.982 E.00089
G1 X138.083 Y125.978 E.00089
G1 X138.065 Y125.975 E.00089
G1 X138.047 Y125.973 E.00089
G1 X138.028 Y125.972 E.00089
G1 X138.01 Y125.972 E.00089
G1 X137.992 Y125.972 E.00089
G1 X137.973 Y125.973 E.00089
G1 X137.955 Y125.975 E.00089
G1 X137.937 Y125.978 E.00089
G1 X137.919 Y125.982 E.00089
G1 X137.901 Y125.986 E.00089
G1 X137.884 Y125.991 E.00089
G1 X137.866 Y125.997 E.00089
G1 X137.849 Y126.004 E.00089
G1 X137.832 Y126.011 E.00089
G1 X137.816 Y126.019 E.00089
G1 X137.8 Y126.028 E.00089
G1 X137.784 Y126.037 E.00089
G1 X137.769 Y126.047 E.00089
G1 X137.754 Y126.058 E.00089
G1 X137.74 Y126.07 E.00089
G1 X137.726 Y126.082 E.00089
G1 X137.713 Y126.095 E.00089
G1 X137.7 Y126.108 E.00089
G1 X137.688 Y126.122 E.00089
G1 X137.677 Y126.136 E.00089
G1 X137.666 Y126.151 E.00089
G1 X137.656 Y126.166 E.00089
G1 X137.646 Y126.181 E.00089
G1 X137.637 Y126.198 E.00089
G1 X137.629 Y126.214 E.00089
G1 X137.622 Y126.231 E.00089
G1 X137.615 Y126.248 E.00089
G1 X137.609 Y126.265 E.00089
G1 X137.604 Y126.283 E.00089
G1 X137.6 Y126.301 E.00089
G1 X137.596 Y126.319 E.00089
G1 X137.593 Y126.337 E.00089
G1 X137.591 Y126.355 E.00089
G1 X137.59 Y126.373 E.00089
G1 X137.59 Y126.392 E.00089
G1 X137.59 Y126.41 E.00089
G1 X137.591 Y126.428 E.00089
G1 X137.593 Y126.446 E.00089
G1 X137.596 Y126.464 E.00089
G1 X137.6 Y126.482 E.00089
G1 X137.604 Y126.5 E.00089
G1 X137.609 Y126.518 E.00089
G1 X137.615 Y126.535 E.00089
G1 X137.622 Y126.552 E.00089
G1 X137.629 Y126.569 E.00089
G1 X137.637 Y126.585 E.00089
G1 X137.646 Y126.602 E.00089
G1 X137.799 Y126.866 E.01488
G1 X125.823 Y138.842 E.82377
G1 X125.201 Y138.842 E.03026
G1 X137.594 Y126.45 E.85245
G1 X137.593 Y126.446 E.00016
G1 X137.591 Y126.428 E.00089
G1 X137.59 Y126.41 E.00089
G1 X137.59 Y126.392 E.00089
G1 X137.59 Y126.373 E.00089
G1 X137.591 Y126.355 E.00089
G1 X137.593 Y126.337 E.00089
G1 X137.596 Y126.319 E.00089
G1 X137.6 Y126.301 E.00089
G1 X137.604 Y126.283 E.00089
G1 X137.609 Y126.265 E.00089
G1 X137.615 Y126.248 E.00089
G1 X137.622 Y126.231 E.00089
G1 X137.629 Y126.214 E.00089
G1 X137.637 Y126.198 E.00089
G1 X137.646 Y126.181 E.00089
G1 X137.656 Y126.166 E.00089
G1 X137.666 Y126.151 E.00089
G1 X137.677 Y126.136 E.00089
G1 X137.688 Y126.122 E.00089
G1 X137.7 Y126.108 E.00089
G1 X137.713 Y126.095 E.00089
G1 X137.726 Y126.082 E.00089
G1 X137.74 Y126.07 E.00089
G1 X137.754 Y126.058 E.00089
G1 X137.769 Y126.047 E.00089
G1 X137.784 Y126.037 E.00089
G1 X137.8 Y126.028 E.00089
G1 X137.816 Y126.019 E.00089
G1 X137.832 Y126.011 E.00089
G1 X137.849 Y126.004 E.00089
G1 X137.866 Y125.997 E.00089
G1 X137.884 Y125.991 E.00089
G1 X137.901 Y125.986 E.00089
G1 X137.919 Y125.982 E.00089
G1 X137.931 Y125.979 E.00058
G1 X137.919 Y125.982 E.00058
G1 X137.901 Y125.986 E.00089
G1 X137.894 Y125.988 E.00039
G1 X137.725 Y125.696 E.0164
G1 X124.779 Y138.642 E.8905
G1 X124.552 Y138.247 E.02215
G1 X137.497 Y125.302 E.8905
G1 X137.27 Y124.907 E.02215
G1 X124.324 Y137.853 E.8905
G1 X124.096 Y137.459 E.02215
G1 X137.042 Y124.513 E.8905
G1 X136.814 Y124.119 E.02215
G1 X123.869 Y137.064 E.8905
G1 X123.641 Y136.67 E.02215
G1 X136.587 Y123.724 E.8905
G1 X136.359 Y123.33 E.02215
G1 X123.413 Y136.276 E.8905
G1 X123.186 Y135.881 E.02215
G1 X136.131 Y122.936 E.8905
G1 X135.904 Y122.541 E.02215
G1 X122.958 Y135.487 E.8905
G1 X122.73 Y135.092 E.02215
G1 X135.676 Y122.147 E.8905
G1 X135.448 Y121.752 E.02215
M73 P93 R0
G1 X122.503 Y134.698 E.8905
G1 X122.275 Y134.304 E.02215
G1 X135.221 Y121.358 E.8905
G1 X135.105 Y121.158 E.01124
G1 X134.799 Y121.158 E.01491
G1 X122.047 Y133.909 E.87714
G1 X121.819 Y133.515 E.02215
G1 X134.176 Y121.158 E.85001
G1 X133.554 Y121.158 E.03026
G1 X121.592 Y133.121 E.82288
G1 X121.364 Y132.726 E.02215
G1 X132.932 Y121.158 E.79575
G1 X132.31 Y121.158 E.03026
G1 X121.136 Y132.332 E.76862
G1 X120.909 Y131.937 E.02215
G1 X131.688 Y121.158 E.7415
G1 X131.066 Y121.158 E.03026
G1 X120.681 Y131.543 E.71437
G1 X120.453 Y131.149 E.02215
G1 X130.444 Y121.158 E.68724
G1 X129.822 Y121.158 E.03026
G1 X120.226 Y130.754 E.66011
G1 X119.998 Y130.36 E.02215
G1 X129.2 Y121.158 E.63298
G1 X128.578 Y121.158 E.03026
G1 X119.864 Y129.872 E.59938
G1 X120.714 Y128.4 E.08267
G1 X127.956 Y121.158 E.49814
G1 X127.334 Y121.158 E.03026
G1 X121.564 Y126.928 E.3969
G1 X122.414 Y125.456 E.08267
G1 X126.712 Y121.158 E.29565
G1 X126.09 Y121.158 E.03026
G1 X123.263 Y123.984 E.19441
G1 X124.113 Y122.512 E.08267
G1 X125.665 Y120.96 E.10678
; stop printing object HexagonalPrism.stl id:0 copy 0
;LAYER_CHANGE
;Z:14.4
;HEIGHT:0.2
;BEFORE_LAYER_CHANGE
;14.4
G92 E0

EXCLUDE_OBJECT_END NAME=HexagonalPrism.stl_id_0_copy_0
G1 Z14.4 F30000

;don't support timelapse gcode in spiral_mode and by object sequence for I3 structure printer
;time lapse begin
M5001 G92 E0
M5001 G17
M5001 G2 Z14.8 I0.86 J0.86 P1 F20000 ; spiral lift a little
M5001 G1 X0 Y180 F24000 ; move to safe pos
M5001 P15
M5001 M400 P300
M5001 G92 E0
;time lapse end

;AFTER_LAYER_CHANGE
;14.4
;_SET_FAN_SPEED_CHANGING_LAYER
; printing object HexagonalPrism.stl id:0 copy 0
SET_VELOCITY_LIMIT ACCEL=6000 ACCEL_TO_DECEL=3000
EXCLUDE_OBJECT_START NAME=HexagonalPrism.stl_id_0_copy_0
SET_VELOCITY_LIMIT SQUARE_CORNER_VELOCITY=8
;TYPE:Inner wall
;WIDTH:0.45
G1 F7299
M106 S255
G1 X125.665 Y121.259 E.00992
G1 X125.549 Y121.259 E.00386
G1 X125.396 Y120.852 E.01443
SET_VELOCITY_LIMIT ACCEL=4800 ACCEL_TO_DECEL=2400 SQUARE_CORNER_VELOCITY=12
;TYPE:Internal solid infill
;WIDTH:0.419999
G1 X125.381 Y120.858 E.00049
G1 X125.364 Y120.866 E.00057
G1 X125.347 Y120.874 E.00057
G1 X125.331 Y120.883 E.00057
G1 X125.315 Y120.893 E.00057
G1 X125.299 Y120.903 E.00057
G1 X125.284 Y120.914 E.00057
G1 X125.27 Y120.926 E.00057
G1 X125.256 Y120.938 E.00057
G1 X125.242 Y120.951 E.00057
G1 X125.229 Y120.964 E.00057
G1 X125.217 Y120.978 E.00057
G1 X125.205 Y120.993 E.00057
G1 X125.194 Y121.008 E.00057
G1 X125.184 Y121.023 E.00057
G1 X125.174 Y121.039 E.00057
G1 X125.165 Y121.055 E.00057
G1 X125.156 Y121.072 E.00057
G1 X125.149 Y121.089 E.00057
G1 X125.142 Y121.106 E.00057
G1 X125.136 Y121.124 E.00057
G1 X125.13 Y121.142 E.00057
G1 X125.126 Y121.16 E.00057
G1 X125.122 Y121.178 E.00057
G1 X124.857 Y121.231 E.00828
SET_VELOCITY_LIMIT ACCEL=6000 ACCEL_TO_DECEL=3000
;TYPE:Gap infill
;WIDTH:0.251954
G1 X124.992 Y121.056 E.00377
SET_VELOCITY_LIMIT ACCEL=4800 ACCEL_TO_DECEL=2400
;TYPE:Internal solid infill
;WIDTH:0.419999
G1 X125.122 Y121.178 E.00548
G1 X125.119 Y121.196 E.00057
G1 X125.116 Y121.215 E.00057
G1 X125.115 Y121.234 E.00057
G1 X125.114 Y121.252 E.00057
G1 X125.114 Y121.271 E.00057
G1 X125.115 Y121.29 E.00057
G1 X125.117 Y121.308 E.00057
G1 X125.119 Y121.327 E.00057
G1 X125.123 Y121.345 E.00057
G1 X125.127 Y121.363 E.00057
G1 X125.13 Y121.376 E.0004
G1 X124.988 Y121.518 E.00616
G1 X124.723 Y121.407 E.00884
SET_VELOCITY_LIMIT ACCEL=6000 ACCEL_TO_DECEL=3000
;TYPE:Gap infill
;WIDTH:0.205158
G1 X124.857 Y121.231 E.00293
SET_VELOCITY_LIMIT ACCEL=4800 ACCEL_TO_DECEL=2400
;TYPE:Internal solid infill
;WIDTH:0.419999
G1 X124.988 Y121.518 E.00967
G1 X124.833 Y121.673 E.00675
G1 X124.588 Y121.583 E.00803
SET_VELOCITY_LIMIT ACCEL=6000 ACCEL_TO_DECEL=3000
;TYPE:Gap infill
;WIDTH:0.158363
G1 X124.723 Y121.407 E.00208
SET_VELOCITY_LIMIT ACCEL=4800 ACCEL_TO_DECEL=2400
;TYPE:Internal solid infill
;WIDTH:0.419999
G1 X124.833 Y121.673 E.00884
G1 X124.678 Y121.828 E.00675
G1 X124.453 Y121.759 E.00723
SET_VELOCITY_LIMIT ACCEL=6000 ACCEL_TO_DECEL=3000
;TYPE:Gap infill
;WIDTH:0.134965
G1 X124.588 Y121.583 E.00166
SET_VELOCITY_LIMIT ACCEL=4800 ACCEL_TO_DECEL=2400
;TYPE:Internal solid infill
;WIDTH:0.419999
G1 X124.678 Y121.828 E.00803
G1 X124.191 Y122.315 E.02117
G1 X123.462 Y123.577 E.04477
G1 X125.38 Y121.66 E.08332
G1 X125.385 Y121.662 E.00019
G1 X125.403 Y121.669 E.00057
G1 X125.42 Y121.675 E.00057
G1 X125.438 Y121.68 E.00057
G1 X125.456 Y121.684 E.00057
G1 X125.475 Y121.688 E.00057
G1 X125.493 Y121.691 E.00057
G1 X125.512 Y121.693 E.00057
G1 X125.53 Y121.694 E.00057
G1 X125.549 Y121.694 E.00057
G1 X125.665 Y121.694 E.00358
G1 X125.689 Y121.694 E.00072
G1 X125.707 Y121.692 E.00057
G1 X125.726 Y121.69 E.00057
G1 X125.744 Y121.687 E.00057
G1 X125.763 Y121.683 E.00057
G1 X125.781 Y121.679 E.00057
G1 X125.799 Y121.673 E.00057
G1 X125.816 Y121.667 E.00057
G1 X125.834 Y121.66 E.00057
G1 X125.851 Y121.653 E.00057
G1 X125.867 Y121.644 E.00057
G1 X125.884 Y121.635 E.00057
G1 X125.9 Y121.626 E.00057
G1 X125.915 Y121.615 E.00057
G1 X125.93 Y121.604 E.00057
G1 X125.945 Y121.593 E.00057
G1 X125.959 Y121.58 E.00057
G1 X125.972 Y121.568 E.00057
G1 X125.985 Y121.554 E.00057
G1 X125.998 Y121.54 E.00057
G1 X126.009 Y121.526 E.00057
G1 X126.02 Y121.511 E.00057
G1 X126.031 Y121.495 E.00057
G1 X126.041 Y121.479 E.00057
G1 X126.05 Y121.463 E.00057
G1 X126.058 Y121.446 E.00057
G1 X126.066 Y121.429 E.00057
G1 X126.073 Y121.412 E.00057
G1 X126.079 Y121.394 E.00057
G1 X126.084 Y121.377 E.00057
G1 X126.089 Y121.358 E.00057
G1 X126.093 Y121.34 E.00057
G1 X126.096 Y121.322 E.00057
G1 X126.098 Y121.303 E.00057
G1 X126.1 Y121.285 E.00057
G1 X126.1 Y121.266 E.00057
G1 X126.1 Y121.247 E.00057
G1 X126.099 Y121.229 E.00057
G1 X126.098 Y121.21 E.00057
G1 X126.095 Y121.192 E.00057
G1 X126.092 Y121.173 E.00057
G1 X126.088 Y121.155 E.00057
G1 X126.083 Y121.137 E.00057
G1 X126.077 Y121.119 E.00057
G1 X126.071 Y121.102 E.00057
G1 X126.064 Y121.085 E.00057
G1 X126.056 Y121.068 E.00057
G1 X126.05 Y121.056 E.00042
G1 X126.056 Y121.068 E.00042
G1 X126.064 Y121.085 E.00057
G1 X126.071 Y121.102 E.00057
G1 X126.077 Y121.119 E.00057
G1 X126.08 Y121.127 E.00023
G1 X126.446 Y121.127 E.01126
G1 X123.526 Y124.047 E.1269
G1 X123.262 Y123.936 E.0088
SET_VELOCITY_LIMIT ACCEL=6000 ACCEL_TO_DECEL=3000
;TYPE:Gap infill
;WIDTH:0.205423
G1 X123.394 Y123.763 E.00289
SET_VELOCITY_LIMIT ACCEL=4800 ACCEL_TO_DECEL=2400
;TYPE:Internal solid infill
;WIDTH:0.419999
G1 X123.526 Y124.047 E.00962
G1 X123.373 Y124.2 E.00665
G1 X123.129 Y124.109 E.008
SET_VELOCITY_LIMIT ACCEL=6000 ACCEL_TO_DECEL=3000
;TYPE:Gap infill
;WIDTH:0.158522
G1 X123.262 Y123.936 E.00206
SET_VELOCITY_LIMIT ACCEL=4800 ACCEL_TO_DECEL=2400
;TYPE:Internal solid infill
;WIDTH:0.419999
G1 X123.373 Y124.2 E.0088
G1 X123.22 Y124.353 E.00665
G1 X122.996 Y124.282 E.00721
SET_VELOCITY_LIMIT ACCEL=6000 ACCEL_TO_DECEL=3000
;TYPE:Gap infill
;WIDTH:0.135071
G1 X123.129 Y124.109 E.00164
SET_VELOCITY_LIMIT ACCEL=4800 ACCEL_TO_DECEL=2400
;TYPE:Internal solid infill
;WIDTH:0.419999
G1 X123.22 Y124.353 E.008
G1 X122.734 Y124.839 E.02112
G1 X122.005 Y126.101 E.04477
G1 X126.979 Y121.127 E.21614
G1 X127.512 Y121.127 E.01639
G1 X122.069 Y126.57 E.23656
G1 X121.805 Y126.459 E.0088
SET_VELOCITY_LIMIT ACCEL=6000 ACCEL_TO_DECEL=3000
;TYPE:Gap infill
;WIDTH:0.205422
G1 X121.937 Y126.286 E.00289
SET_VELOCITY_LIMIT ACCEL=4800 ACCEL_TO_DECEL=2400
;TYPE:Internal solid infill
;WIDTH:0.419999
G1 X122.069 Y126.57 E.00962
G1 X121.916 Y126.723 E.00665
G1 X121.672 Y126.632 E.008
SET_VELOCITY_LIMIT ACCEL=6000 ACCEL_TO_DECEL=3000
;TYPE:Gap infill
;WIDTH:0.158521
G1 X121.805 Y126.459 E.00206
SET_VELOCITY_LIMIT ACCEL=4800 ACCEL_TO_DECEL=2400
;TYPE:Internal solid infill
;WIDTH:0.419999
G1 X121.916 Y126.723 E.0088
G1 X121.763 Y126.876 E.00665
G1 X121.539 Y126.806 E.00721
SET_VELOCITY_LIMIT ACCEL=6000 ACCEL_TO_DECEL=3000
;TYPE:Gap infill
;WIDTH:0.13507
G1 X121.672 Y126.632 E.00164
SET_VELOCITY_LIMIT ACCEL=4800 ACCEL_TO_DECEL=2400
;TYPE:Internal solid infill
;WIDTH:0.419999
G1 X121.763 Y126.876 E.008
G1 X121.277 Y127.362 E.02112
G1 X120.548 Y128.624 E.04477
G1 X128.046 Y121.127 E.3258
G1 X128.579 Y121.127 E.01639
G1 X120.612 Y129.094 E.34622
G1 X120.348 Y128.983 E.0088
SET_VELOCITY_LIMIT ACCEL=6000 ACCEL_TO_DECEL=3000
;TYPE:Gap infill
;WIDTH:0.205422
G1 X120.481 Y128.81 E.00289
SET_VELOCITY_LIMIT ACCEL=4800 ACCEL_TO_DECEL=2400
;TYPE:Internal solid infill
;WIDTH:0.419999
G1 X120.612 Y129.094 E.00962
G1 X120.459 Y129.247 E.00665
G1 X120.215 Y129.156 E.008
SET_VELOCITY_LIMIT ACCEL=6000 ACCEL_TO_DECEL=3000
;TYPE:Gap infill
;WIDTH:0.158521
G1 X120.348 Y128.983 E.00206
SET_VELOCITY_LIMIT ACCEL=4800 ACCEL_TO_DECEL=2400
;TYPE:Internal solid infill
;WIDTH:0.419999
G1 X120.459 Y129.247 E.0088
G1 X120.306 Y129.4 E.00665
G1 X120.082 Y129.329 E.00721
SET_VELOCITY_LIMIT ACCEL=6000 ACCEL_TO_DECEL=3000
;TYPE:Gap infill
;WIDTH:0.13507
G1 X120.215 Y129.156 E.00164
SET_VELOCITY_LIMIT ACCEL=4800 ACCEL_TO_DECEL=2400
;TYPE:Internal solid infill
;WIDTH:0.419999
G1 X120.306 Y129.4 E.008
G1 X119.82 Y129.886 E.02112
G1 X119.754 Y130 E.00405
G1 X119.931 Y130.307 E.01091
G1 X129.112 Y121.127 E.39896
G1 X129.646 Y121.127 E.01639
G1 X120.127 Y130.646 E.41365
G1 X120.322 Y130.984 E.012
G1 X130.179 Y121.127 E.42834
G1 X130.712 Y121.127 E.01639
G1 X120.517 Y131.322 E.44303
G1 X120.712 Y131.66 E.012
G1 X131.245 Y121.127 E.45772
G1 X131.779 Y121.127 E.01639
G1 X120.907 Y131.998 E.47241
G1 X121.102 Y132.336 E.012
M73 P94 R0
G1 X132.312 Y121.127 E.4871
G1 X132.845 Y121.127 E.01639
G1 X121.298 Y132.674 E.50179
G1 X121.493 Y133.012 E.012
G1 X133.378 Y121.127 E.51648
G1 X133.912 Y121.127 E.01639
G1 X121.688 Y133.35 E.53118
G1 X121.883 Y133.688 E.012
G1 X134.445 Y121.127 E.54587
G1 X134.978 Y121.127 E.01639
G1 X122.078 Y134.026 E.56056
G1 X122.274 Y134.364 E.012
G1 X135.265 Y121.373 E.56455
G1 X135.46 Y121.711 E.012
G1 X122.469 Y134.703 E.56455
G1 X122.664 Y135.041 E.012
G1 X135.656 Y122.049 E.56455
G1 X135.851 Y122.387 E.012
G1 X122.859 Y135.379 E.56455
G1 X123.054 Y135.717 E.012
G1 X136.046 Y122.725 E.56455
G1 X136.241 Y123.063 E.012
G1 X123.25 Y136.055 E.56455
G1 X123.445 Y136.393 E.012
G1 X136.436 Y123.401 E.56455
G1 X136.632 Y123.739 E.012
G1 X123.64 Y136.731 E.56455
G1 X123.835 Y137.069 E.012
G1 X136.827 Y124.077 E.56455
G1 X137.022 Y124.415 E.012
G1 X124.03 Y137.407 E.56455
G1 X124.226 Y137.745 E.012
G1 X137.217 Y124.754 E.56455
G1 X137.412 Y125.092 E.012
G1 X124.421 Y138.083 E.56455
G1 X124.616 Y138.421 E.012
G1 X137.608 Y125.43 E.56455
G1 X137.803 Y125.768 E.012
G1 X124.811 Y138.759 E.56455
G1 X124.877 Y138.873 E.00405
G1 X125.23 Y138.873 E.01086
G1 X137.998 Y126.106 E.55481
G1 X138.193 Y126.444 E.012
G1 X125.764 Y138.873 E.54012
G1 X126.297 Y138.873 E.01639
G1 X138.388 Y126.782 E.52543
G1 X138.584 Y127.12 E.012
G1 X126.83 Y138.873 E.51074
G1 X127.363 Y138.873 E.01639
G1 X138.779 Y127.458 E.49605
G1 X138.974 Y127.796 E.012
G1 X127.897 Y138.873 E.48136
G1 X128.43 Y138.873 E.01639
G1 X139.169 Y128.134 E.46667
G1 X139.364 Y128.472 E.012
G1 X128.963 Y138.873 E.45197
G1 X129.497 Y138.873 E.01639
G1 X139.559 Y128.811 E.43728
G1 X139.755 Y129.149 E.012
G1 X130.03 Y138.873 E.42259
G1 X130.563 Y138.873 E.01639
G1 X139.95 Y129.487 E.4079
G1 X140.145 Y129.825 E.012
G1 X140.089 Y129.881 E.00245
G1 X140.195 Y130.12 E.00804
SET_VELOCITY_LIMIT ACCEL=6000 ACCEL_TO_DECEL=3000
;TYPE:Gap infill
;WIDTH:0.133372
G1 X140.31 Y129.969 E.0014
SET_VELOCITY_LIMIT ACCEL=4800 ACCEL_TO_DECEL=2400
;TYPE:Internal solid infill
;WIDTH:0.419999
G1 X140.089 Y129.881 E.00733
G1 X139.955 Y130.014 E.00579
G1 X140.079 Y130.271 E.00875
SET_VELOCITY_LIMIT ACCEL=6000 ACCEL_TO_DECEL=3000
;TYPE:Gap infill
;WIDTH:0.171573
G1 X140.195 Y130.12 E.00199
SET_VELOCITY_LIMIT ACCEL=4800 ACCEL_TO_DECEL=2400
;TYPE:Internal solid infill
;WIDTH:0.419999
G1 X139.955 Y130.014 E.00804
G1 X131.096 Y138.873 E.38497
G1 X131.63 Y138.873 E.01639
G1 X139.895 Y130.608 E.35919
G1 X139.963 Y130.422 E.00607
SET_VELOCITY_LIMIT ACCEL=6000 ACCEL_TO_DECEL=3000
;TYPE:Gap infill
;WIDTH:0.190673
G1 X140.079 Y130.271 E.00229
SET_VELOCITY_LIMIT ACCEL=4800 ACCEL_TO_DECEL=2400
;TYPE:Internal solid infill
;WIDTH:0.419999
G1 X139.895 Y130.608 E.01178
G1 X139.167 Y131.869 E.04477
G1 X138.681 Y132.355 E.02112
G1 X138.772 Y132.599 E.008
SET_VELOCITY_LIMIT ACCEL=6000 ACCEL_TO_DECEL=3000
;TYPE:Gap infill
;WIDTH:0.11162
G1 X138.905 Y132.426 E.00122
SET_VELOCITY_LIMIT ACCEL=4800 ACCEL_TO_DECEL=2400
;TYPE:Internal solid infill
;WIDTH:0.419999
G1 X138.681 Y132.355 E.00721
G1 X138.528 Y132.508 E.00665
G1 X138.639 Y132.772 E.0088
SET_VELOCITY_LIMIT ACCEL=6000 ACCEL_TO_DECEL=3000
;TYPE:Gap infill
;WIDTH:0.158521
G1 X138.772 Y132.599 E.00206
SET_VELOCITY_LIMIT ACCEL=4800 ACCEL_TO_DECEL=2400
;TYPE:Internal solid infill
;WIDTH:0.419999
G1 X138.528 Y132.508 E.008
G1 X138.375 Y132.661 E.00665
G1 X138.506 Y132.946 E.00962
SET_VELOCITY_LIMIT ACCEL=6000 ACCEL_TO_DECEL=3000
;TYPE:Gap infill
;WIDTH:0.181971
G1 X138.639 Y132.772 E.00247
SET_VELOCITY_LIMIT ACCEL=4800 ACCEL_TO_DECEL=2400
;TYPE:Internal solid infill
;WIDTH:0.419999
G1 X138.375 Y132.661 E.0088
G1 X132.163 Y138.873 E.26995
G1 X132.696 Y138.873 E.01639
G1 X138.438 Y133.131 E.24953
G1 X137.71 Y134.393 E.04477
G1 X137.224 Y134.879 E.02112
G1 X137.315 Y135.123 E.008
SET_VELOCITY_LIMIT ACCEL=6000 ACCEL_TO_DECEL=3000
;TYPE:Gap infill
;WIDTH:0.11162
G1 X137.448 Y134.95 E.00122
SET_VELOCITY_LIMIT ACCEL=4800 ACCEL_TO_DECEL=2400
;TYPE:Internal solid infill
;WIDTH:0.419999
G1 X137.224 Y134.879 E.00721
G1 X137.071 Y135.032 E.00665
G1 X137.182 Y135.296 E.0088
SET_VELOCITY_LIMIT ACCEL=6000 ACCEL_TO_DECEL=3000
;TYPE:Gap infill
;WIDTH:0.158521
G1 X137.315 Y135.123 E.00206
SET_VELOCITY_LIMIT ACCEL=4800 ACCEL_TO_DECEL=2400
;TYPE:Internal solid infill
;WIDTH:0.419999
G1 X137.071 Y135.032 E.008
G1 X136.918 Y135.185 E.00665
G1 X137.049 Y135.469 E.00962
SET_VELOCITY_LIMIT ACCEL=6000 ACCEL_TO_DECEL=3000
;TYPE:Gap infill
;WIDTH:0.181971
G1 X137.182 Y135.296 E.00247
SET_VELOCITY_LIMIT ACCEL=4800 ACCEL_TO_DECEL=2400
;TYPE:Internal solid infill
;WIDTH:0.419999
G1 X136.918 Y135.185 E.0088
G1 X133.229 Y138.873 E.16029
G1 X133.763 Y138.873 E.01639
G1 X136.981 Y135.655 E.13987
G1 X136.253 Y136.916 E.04477
G1 X134.296 Y138.873 E.08504
G1 X134.829 Y138.873 E.01639
G1 X134.999 Y138.704 E.00737
G1 X135.092 Y138.837 E.00499
;WIDTH:0.38292
G1 X135.043 Y138.809 E.00155
G1 X135.107 Y138.772 E.00204
;WIDTH:0.419999
G1 X134.999 Y138.704 E.00393
G1 X135.988 Y137.715 E.04299
G1 X135.885 Y137.611 E.00449
SET_VELOCITY_LIMIT ACCEL=6000 ACCEL_TO_DECEL=3000
;TYPE:Gap infill
;WIDTH:0.0881692
G1 X135.991 Y137.473 E.00064
SET_VELOCITY_LIMIT ACCEL=4800 ACCEL_TO_DECEL=2400
;TYPE:Internal solid infill
;WIDTH:0.419999
G1 X135.988 Y137.715 E.00742
SET_VELOCITY_LIMIT ACCEL=6000 ACCEL_TO_DECEL=3000 SQUARE_CORNER_VELOCITY=8
;TYPE:Inner wall
;WIDTH:0.45
G1 X136.079 Y137.767 E.00348
G1 X135.282 Y139.148 E.0529
G1 X124.718 Y139.148 E.3504
G1 X119.437 Y130 E.3504
G1 X124.718 Y120.852 E.3504
G1 X135.282 Y120.852 E.3504
G1 X140.563 Y130 E.3504
G1 X136.079 Y137.767 E.2975
G1 X136.431 Y137.97 E.0135
G1 X135.517 Y139.555 E.06069
G1 X124.483 Y139.555 E.36599
G1 X118.967 Y130 E.36599
G1 X124.483 Y120.445 E.36599
M73 P95 R0
G1 X135.517 Y120.445 E.36599
G1 X135.605 Y120.599 E.00588
G1 X141.033 Y130 E.36011
G1 X136.431 Y137.97 E.3053
SET_VELOCITY_LIMIT ACCEL=5000 ACCEL_TO_DECEL=2500
;TYPE:Outer wall
;WIDTH:0.42
G1 X136.808 Y138.188 E.01337
G1 X135.768 Y139.99 E.06394
G1 X124.232 Y139.99 E.35445
G1 X118.465 Y130 E.35445
G1 X124.232 Y120.01 E.35445
G1 X135.768 Y120.01 E.35445
G1 X135.982 Y120.381 E.01316
G1 X141.535 Y130 E.34129
G1 X136.808 Y138.188 E.29051
; stop printing object HexagonalPrism.stl id:0 copy 0
;LAYER_CHANGE
;Z:14.6
;HEIGHT:0.200001
;BEFORE_LAYER_CHANGE
;14.6
G92 E0

EXCLUDE_OBJECT_END NAME=HexagonalPrism.stl_id_0_copy_0
G1 Z14.6 F30000

;don't support timelapse gcode in spiral_mode and by object sequence for I3 structure printer
;time lapse begin
M5001 G92 E0
M5001 G17
M5001 G2 Z15 I0.86 J0.86 P1 F20000 ; spiral lift a little
M5001 G1 X0 Y180 F24000 ; move to safe pos
M5001 P15
M5001 M400 P300
M5001 G92 E0
;time lapse end

;AFTER_LAYER_CHANGE
;14.6
;_SET_FAN_SPEED_CHANGING_LAYER
; printing object HexagonalPrism.stl id:0 copy 0
EXCLUDE_OBJECT_START NAME=HexagonalPrism.stl_id_0_copy_0
G1 F7354
G1 X135.768 Y139.99 E.06394
G1 X124.232 Y139.99 E.35445
G1 X118.465 Y130 E.35445
G1 X124.232 Y120.01 E.35445
G1 X135.768 Y120.01 E.35445
G1 X135.903 Y120.245 E.00834
G1 X141.535 Y130 E.34611
G1 X136.808 Y138.188 E.29051
SET_VELOCITY_LIMIT ACCEL=6000 ACCEL_TO_DECEL=3000
;TYPE:Inner wall
;WIDTH:0.45
G1 X136.431 Y137.97 E.01443
G1 X135.517 Y139.555 E.06069
G1 X124.483 Y139.555 E.36599
G1 X118.967 Y130 E.36599
G1 X124.483 Y120.445 E.36599
G1 X135.517 Y120.445 E.36599
G1 X141.033 Y130 E.36599
G1 X136.431 Y137.97 E.3053
G1 X136.079 Y137.767 E.0135
G1 X135.282 Y139.148 E.0529
G1 X124.718 Y139.148 E.3504
G1 X119.437 Y130 E.3504
G1 X124.718 Y120.852 E.3504
G1 X135.282 Y120.852 E.3504
G1 X140.563 Y130 E.3504
G1 X136.079 Y137.767 E.2975
G1 X135.726 Y137.563 E.0135
G1 X135.047 Y138.741 E.0451
G1 X125.549 Y138.741 E.31505
G1 X125.396 Y139.148 E.01443
SET_VELOCITY_LIMIT ACCEL=4800 ACCEL_TO_DECEL=2400 SQUARE_CORNER_VELOCITY=12
;TYPE:Internal solid infill
;WIDTH:0.419999
G1 X125.385 Y139.144 E.00035
G1 X125.368 Y139.136 E.00057
G1 X125.351 Y139.128 E.00057
G1 X125.335 Y139.12 E.00057
G1 X125.319 Y139.11 E.00057
G1 X125.303 Y139.1 E.00057
G1 X125.288 Y139.089 E.00057
G1 X125.273 Y139.077 E.00057
G1 X125.259 Y139.065 E.00057
G1 X125.246 Y139.053 E.00057
G1 X125.233 Y139.039 E.00057
G1 X125.22 Y139.025 E.00057
G1 X125.208 Y139.011 E.00057
G1 X125.197 Y138.996 E.00057
G1 X125.186 Y138.981 E.00057
G1 X125.176 Y138.965 E.00057
G1 X125.167 Y138.949 E.00057
G1 X125.158 Y138.932 E.00057
G1 X125.151 Y138.915 E.00057
G1 X125.143 Y138.898 E.00057
G1 X125.137 Y138.881 E.00057
G1 X125.132 Y138.863 E.00057
G1 X125.127 Y138.845 E.00057
G1 X125.123 Y138.827 E.00057
G1 X125.122 Y138.821 E.00017
G1 X124.857 Y138.769 E.00828
SET_VELOCITY_LIMIT ACCEL=6000 ACCEL_TO_DECEL=3000
;TYPE:Gap infill
;WIDTH:0.251953
G1 X124.992 Y138.944 E.00377
SET_VELOCITY_LIMIT ACCEL=4800 ACCEL_TO_DECEL=2400
;TYPE:Internal solid infill
;WIDTH:0.419999
G1 X125.122 Y138.821 E.00549
G1 X125.119 Y138.808 E.00041
G1 X125.117 Y138.79 E.00057
G1 X125.115 Y138.771 E.00057
G1 X125.114 Y138.753 E.00057
G1 X125.114 Y138.734 E.00057
G1 X125.115 Y138.715 E.00057
G1 X125.116 Y138.697 E.00057
G1 X125.119 Y138.678 E.00057
G1 X125.122 Y138.66 E.00057
G1 X125.126 Y138.642 E.00057
G1 X125.13 Y138.624 E.00055
G1 X124.988 Y138.482 E.00616
G1 X124.723 Y138.593 E.00884
SET_VELOCITY_LIMIT ACCEL=6000 ACCEL_TO_DECEL=3000
;TYPE:Gap infill
;WIDTH:0.205158
G1 X124.857 Y138.769 E.00293
SET_VELOCITY_LIMIT ACCEL=4800 ACCEL_TO_DECEL=2400
;TYPE:Internal solid infill
;WIDTH:0.419999
G1 X124.988 Y138.482 E.00967
G1 X124.833 Y138.327 E.00675
G1 X124.588 Y138.417 E.00803
SET_VELOCITY_LIMIT ACCEL=6000 ACCEL_TO_DECEL=3000
;TYPE:Gap infill
;WIDTH:0.158362
G1 X124.723 Y138.593 E.00208
SET_VELOCITY_LIMIT ACCEL=4800 ACCEL_TO_DECEL=2400
;TYPE:Internal solid infill
;WIDTH:0.419999
G1 X124.833 Y138.327 E.00884
G1 X124.678 Y138.172 E.00675
G1 X124.453 Y138.241 E.00723
SET_VELOCITY_LIMIT ACCEL=6000 ACCEL_TO_DECEL=3000
;TYPE:Gap infill
;WIDTH:0.134965
G1 X124.588 Y138.417 E.00166
SET_VELOCITY_LIMIT ACCEL=4800 ACCEL_TO_DECEL=2400
;TYPE:Internal solid infill
;WIDTH:0.419999
G1 X124.678 Y138.172 E.00803
G1 X124.191 Y137.685 E.02117
G1 X123.462 Y136.423 E.04477
G1 X125.379 Y138.34 E.08332
G1 X125.381 Y138.34 E.00005
G1 X125.398 Y138.333 E.00057
G1 X125.416 Y138.327 E.00057
G1 X125.434 Y138.321 E.00057
G1 X125.452 Y138.317 E.00057
G1 X125.47 Y138.313 E.00057
G1 X125.489 Y138.31 E.00057
G1 X125.507 Y138.308 E.00057
G1 X125.526 Y138.306 E.00057
G1 X125.549 Y138.306 E.00072
G1 X125.913 Y138.306 E.01117
G1 X126.446 Y138.306 E.01639
G1 X125.878 Y138.306 E.01744
G1 X123.526 Y135.953 E.10224
G1 X123.262 Y136.064 E.0088
SET_VELOCITY_LIMIT ACCEL=6000 ACCEL_TO_DECEL=3000
;TYPE:Gap infill
;WIDTH:0.205422
G1 X123.394 Y136.237 E.00289
SET_VELOCITY_LIMIT ACCEL=4800 ACCEL_TO_DECEL=2400
;TYPE:Internal solid infill
;WIDTH:0.419999
G1 X123.526 Y135.953 E.00962
G1 X123.373 Y135.8 E.00665
G1 X123.129 Y135.891 E.008
SET_VELOCITY_LIMIT ACCEL=6000 ACCEL_TO_DECEL=3000
;TYPE:Gap infill
;WIDTH:0.158521
G1 X123.262 Y136.064 E.00206
SET_VELOCITY_LIMIT ACCEL=4800 ACCEL_TO_DECEL=2400
;TYPE:Internal solid infill
;WIDTH:0.419999
G1 X123.373 Y135.8 E.0088
G1 X123.22 Y135.647 E.00665
G1 X122.996 Y135.718 E.00721
SET_VELOCITY_LIMIT ACCEL=6000 ACCEL_TO_DECEL=3000
;TYPE:Gap infill
;WIDTH:0.13507
G1 X123.129 Y135.891 E.00164
SET_VELOCITY_LIMIT ACCEL=4800 ACCEL_TO_DECEL=2400
;TYPE:Internal solid infill
;WIDTH:0.419999
G1 X123.22 Y135.647 E.008
G1 X122.734 Y135.161 E.02112
G1 X122.005 Y133.899 E.04477
G1 X126.412 Y138.306 E.19148
G1 X126.979 Y138.306 E.01744
G1 X127.512 Y138.306 E.01639
G1 X126.945 Y138.306 E.01744
G1 X122.069 Y133.43 E.21189
G1 X121.805 Y133.541 E.0088
SET_VELOCITY_LIMIT ACCEL=6000 ACCEL_TO_DECEL=3000
;TYPE:Gap infill
;WIDTH:0.205422
G1 X121.937 Y133.714 E.00289
SET_VELOCITY_LIMIT ACCEL=4800 ACCEL_TO_DECEL=2400
;TYPE:Internal solid infill
;WIDTH:0.419999
G1 X122.069 Y133.43 E.00962
G1 X121.916 Y133.277 E.00665
G1 X121.672 Y133.368 E.008
SET_VELOCITY_LIMIT ACCEL=6000 ACCEL_TO_DECEL=3000
;TYPE:Gap infill
;WIDTH:0.158521
G1 X121.805 Y133.541 E.00206
SET_VELOCITY_LIMIT ACCEL=4800 ACCEL_TO_DECEL=2400
;TYPE:Internal solid infill
;WIDTH:0.419999
G1 X121.916 Y133.277 E.0088
G1 X121.763 Y133.124 E.00665
G1 X121.539 Y133.194 E.00721
SET_VELOCITY_LIMIT ACCEL=6000 ACCEL_TO_DECEL=3000
;TYPE:Gap infill
;WIDTH:0.135071
G1 X121.672 Y133.368 E.00164
SET_VELOCITY_LIMIT ACCEL=4800 ACCEL_TO_DECEL=2400
;TYPE:Internal solid infill
;WIDTH:0.419999
G1 X121.763 Y133.124 E.008
G1 X121.277 Y132.638 E.02112
G1 X120.548 Y131.376 E.04477
G1 X127.478 Y138.306 E.30114
G1 X128.046 Y138.306 E.01744
G1 X128.579 Y138.306 E.01639
G1 X128.011 Y138.306 E.01744
G1 X120.612 Y130.906 E.32155
G1 X120.348 Y131.017 E.0088
SET_VELOCITY_LIMIT ACCEL=6000 ACCEL_TO_DECEL=3000
;TYPE:Gap infill
;WIDTH:0.205422
G1 X120.481 Y131.19 E.00289
SET_VELOCITY_LIMIT ACCEL=4800 ACCEL_TO_DECEL=2400
;TYPE:Internal solid infill
;WIDTH:0.419999
G1 X120.612 Y130.906 E.00962
G1 X120.459 Y130.753 E.00665
G1 X120.215 Y130.844 E.008
SET_VELOCITY_LIMIT ACCEL=6000 ACCEL_TO_DECEL=3000
;TYPE:Gap infill
;WIDTH:0.158521
G1 X120.348 Y131.017 E.00206
SET_VELOCITY_LIMIT ACCEL=4800 ACCEL_TO_DECEL=2400
;TYPE:Internal solid infill
;WIDTH:0.419999
G1 X120.459 Y130.753 E.0088
G1 X120.306 Y130.6 E.00665
G1 X120.082 Y130.671 E.00721
SET_VELOCITY_LIMIT ACCEL=6000 ACCEL_TO_DECEL=3000
;TYPE:Gap infill
;WIDTH:0.135071
G1 X120.215 Y130.844 E.00164
SET_VELOCITY_LIMIT ACCEL=4800 ACCEL_TO_DECEL=2400
;TYPE:Internal solid infill
;WIDTH:0.419999
G1 X120.306 Y130.6 E.008
G1 X119.82 Y130.114 E.02112
G1 X119.754 Y130 E.00405
G1 X119.931 Y129.693 E.01091
G1 X128.545 Y138.306 E.37429
G1 X129.112 Y138.306 E.01744
G1 X129.646 Y138.306 E.01639
G1 X129.078 Y138.306 E.01744
G1 X120.127 Y129.354 E.38898
G1 X120.322 Y129.016 E.012
G1 X129.611 Y138.306 E.40367
G1 X130.179 Y138.306 E.01744
G1 X130.712 Y138.306 E.01639
G1 X130.144 Y138.306 E.01744
G1 X120.517 Y128.678 E.41836
G1 X120.712 Y128.34 E.012
G1 X130.678 Y138.306 E.43305
G1 X131.245 Y138.306 E.01744
G1 X131.779 Y138.306 E.01639
G1 X131.211 Y138.306 E.01744
G1 X120.907 Y128.002 E.44775
G1 X121.102 Y127.664 E.012
G1 X131.744 Y138.306 E.46244
G1 X132.312 Y138.306 E.01744
G1 X132.845 Y138.306 E.01639
G1 X132.278 Y138.306 E.01744
G1 X121.298 Y127.326 E.47713
G1 X121.493 Y126.988 E.012
G1 X132.811 Y138.306 E.49182
G1 X133.378 Y138.306 E.01744
G1 X133.912 Y138.306 E.01639
G1 X133.344 Y138.306 E.01744
G1 X121.688 Y126.65 E.50651
G1 X121.883 Y126.312 E.012
G1 X133.877 Y138.306 E.5212
G1 X134.445 Y138.306 E.01744
G1 X134.795 Y138.306 E.01077
G1 X134.411 Y138.306 E.01182
G1 X122.078 Y125.974 E.53589
G1 X122.274 Y125.636 E.012
G1 X134.85 Y138.212 E.54649
G1 X134.795 Y138.306 E.00334
G1 X134.969 Y138.005 E.01066
G1 X135.045 Y137.874 E.00467
G1 X122.469 Y125.297 E.54649
G1 X122.664 Y124.959 E.012
G1 X135.24 Y137.536 E.54649
G1 X135.164 Y137.667 E.00467
G1 X135.35 Y137.346 E.0114
G1 X135.359 Y137.33 E.00057
G1 X135.37 Y137.314 E.00057
G1 X135.381 Y137.299 E.00057
G1 X135.392 Y137.285 E.00057
G1 X135.405 Y137.271 E.00057
G1 X135.417 Y137.257 E.00057
G1 X135.431 Y137.244 E.00057
G1 X135.445 Y137.232 E.00057
G1 X135.459 Y137.22 E.00057
G1 X135.474 Y137.209 E.00057
G1 X135.49 Y137.198 E.00057
G1 X135.505 Y137.189 E.00057
G1 X135.522 Y137.179 E.00057
G1 X135.538 Y137.171 E.00057
G1 X135.555 Y137.163 E.00057
G1 X135.573 Y137.156 E.00057
G1 X135.59 Y137.15 E.00057
G1 X135.608 Y137.145 E.00057
G1 X135.626 Y137.14 E.00057
G1 X135.644 Y137.136 E.00057
G1 X135.663 Y137.133 E.00057
G1 X135.681 Y137.131 E.00057
G1 X135.7 Y137.129 E.00057
G1 X135.719 Y137.128 E.00057
G1 X135.737 Y137.129 E.00057
G1 X135.756 Y137.129 E.00057
G1 X135.774 Y137.131 E.00057
G1 X135.793 Y137.133 E.00057
G1 X135.811 Y137.137 E.00057
G1 X135.829 Y137.141 E.00057
G1 X135.847 Y137.146 E.00057
G1 X135.865 Y137.151 E.00057
G1 X135.883 Y137.158 E.00057
G1 X135.9 Y137.165 E.00057
G1 X135.917 Y137.172 E.00057
G1 X135.934 Y137.181 E.00057
G1 X135.95 Y137.19 E.00057
G1 X135.966 Y137.2 E.00057
G1 X135.981 Y137.211 E.00057
G1 X135.996 Y137.222 E.00057
G1 X136.01 Y137.234 E.00057
G1 X136.024 Y137.246 E.00057
G1 X136.037 Y137.259 E.00057
G1 X136.05 Y137.273 E.00057
G1 X136.062 Y137.287 E.00057
G1 X136.074 Y137.302 E.00057
G1 X136.085 Y137.317 E.00057
G1 X136.095 Y137.332 E.00057
G1 X136.105 Y137.349 E.00057
G1 X136.113 Y137.365 E.00057
G1 X136.122 Y137.382 E.00057
G1 X136.129 Y137.399 E.00057
G1 X136.136 Y137.416 E.00057
G1 X136.142 Y137.434 E.00057
G1 X136.147 Y137.452 E.00057
G1 X136.151 Y137.47 E.00057
G1 X136.155 Y137.488 E.00057
G1 X136.158 Y137.507 E.00057
G1 X136.16 Y137.525 E.00057
G1 X136.161 Y137.544 E.00057
G1 X136.161 Y137.563 E.00057
G1 X136.161 Y137.581 E.00057
G1 X136.16 Y137.6 E.00057
G1 X136.158 Y137.618 E.00057
G1 X136.155 Y137.634 E.00049
G1 X136.158 Y137.618 E.00049
G1 X136.16 Y137.6 E.00057
G1 X136.161 Y137.581 E.00057
G1 X136.161 Y137.563 E.00057
G1 X136.161 Y137.544 E.00057
G1 X136.16 Y137.525 E.00057
G1 X136.158 Y137.507 E.00057
G1 X136.155 Y137.488 E.00057
G1 X136.151 Y137.47 E.00057
G1 X136.147 Y137.452 E.00057
G1 X136.142 Y137.434 E.00057
G1 X136.136 Y137.416 E.00057
G1 X136.129 Y137.399 E.00057
G1 X136.122 Y137.382 E.00057
G1 X136.113 Y137.365 E.00057
G1 X136.105 Y137.349 E.00057
G1 X136.095 Y137.332 E.00057
G1 X136.085 Y137.317 E.00057
G1 X136.074 Y137.302 E.00057
G1 X136.062 Y137.287 E.00057
G1 X136.05 Y137.273 E.00057
G1 X136.037 Y137.259 E.00057
G1 X136.024 Y137.246 E.00057
G1 X136.01 Y137.234 E.00057
G1 X135.996 Y137.222 E.00057
G1 X135.981 Y137.211 E.00057
G1 X135.966 Y137.2 E.00057
G1 X135.95 Y137.19 E.00057
G1 X135.934 Y137.181 E.00057
G1 X135.917 Y137.172 E.00057
G1 X135.9 Y137.165 E.00057
G1 X135.883 Y137.158 E.00057
G1 X135.865 Y137.151 E.00057
G1 X135.847 Y137.146 E.00057
G1 X135.829 Y137.141 E.00057
G1 X135.811 Y137.137 E.00057
G1 X135.793 Y137.133 E.00057
G1 X135.774 Y137.131 E.00057
G1 X135.756 Y137.129 E.00057
G1 X135.737 Y137.129 E.00057
G1 X135.719 Y137.128 E.00057
G1 X135.7 Y137.129 E.00057
G1 X135.681 Y137.131 E.00057
G1 X135.663 Y137.133 E.00057
G1 X135.644 Y137.136 E.00057
G1 X135.626 Y137.14 E.00057
G1 X135.608 Y137.145 E.00057
G1 X135.59 Y137.15 E.00057
G1 X135.573 Y137.156 E.00057
G1 X135.555 Y137.163 E.00057
G1 X135.538 Y137.171 E.00057
G1 X135.522 Y137.179 E.00057
G1 X135.505 Y137.189 E.00057
G1 X135.49 Y137.198 E.00057
G1 X135.474 Y137.209 E.00057
G1 X135.459 Y137.22 E.00057
G1 X135.458 Y137.221 E.00003
G1 X122.859 Y124.621 E.5475
G1 X123.054 Y124.283 E.012
M73 P96 R0
G1 X135.984 Y137.213 E.56187
G1 X135.996 Y137.222 E.00044
G1 X136.01 Y137.234 E.00057
G1 X136.024 Y137.246 E.00057
G1 X136.037 Y137.259 E.00057
G1 X136.049 Y137.272 E.00053
G1 X136.048 Y137.271 E.00004
G1 X136.241 Y136.937 E.01185
G1 X123.25 Y123.945 E.56455
G1 X123.445 Y123.607 E.012
G1 X136.436 Y136.599 E.56455
G1 X136.632 Y136.261 E.012
G1 X123.64 Y123.269 E.56455
G1 X123.835 Y122.931 E.012
G1 X136.827 Y135.923 E.56455
G1 X137.022 Y135.585 E.012
G1 X124.03 Y122.593 E.56455
G1 X124.226 Y122.255 E.012
G1 X137.217 Y135.246 E.56455
G1 X137.412 Y134.908 E.012
G1 X124.421 Y121.917 E.56455
G1 X124.616 Y121.579 E.012
G1 X137.608 Y134.57 E.56455
G1 X137.803 Y134.232 E.012
G1 X124.811 Y121.241 E.56455
G1 X124.877 Y121.127 E.00405
G1 X125.23 Y121.127 E.01086
G1 X137.998 Y133.894 E.55481
G1 X138.193 Y133.556 E.012
G1 X125.764 Y121.127 E.54012
G1 X126.297 Y121.127 E.01639
G1 X138.388 Y133.218 E.52543
G1 X138.583 Y132.88 E.012
G1 X126.83 Y121.127 E.51074
G1 X127.363 Y121.127 E.01639
G1 X138.779 Y132.542 E.49605
G1 X138.974 Y132.204 E.012
G1 X127.897 Y121.127 E.48136
G1 X128.43 Y121.127 E.01639
G1 X139.169 Y131.866 E.46667
G1 X139.364 Y131.528 E.012
G1 X128.963 Y121.127 E.45197
G1 X129.497 Y121.127 E.01639
G1 X139.559 Y131.189 E.43728
G1 X139.755 Y130.851 E.012
G1 X130.03 Y121.127 E.42259
G1 X130.563 Y121.127 E.01639
G1 X139.95 Y130.513 E.4079
G1 X140.145 Y130.175 E.012
G1 X140.089 Y130.119 E.00245
G1 X140.195 Y129.88 E.00804
SET_VELOCITY_LIMIT ACCEL=6000 ACCEL_TO_DECEL=3000
;TYPE:Gap infill
;WIDTH:0.133374
G1 X140.31 Y130.031 E.0014
SET_VELOCITY_LIMIT ACCEL=4800 ACCEL_TO_DECEL=2400
;TYPE:Internal solid infill
;WIDTH:0.419999
G1 X140.089 Y130.119 E.00733
G1 X139.955 Y129.986 E.00579
G1 X140.079 Y129.729 E.00875
SET_VELOCITY_LIMIT ACCEL=6000 ACCEL_TO_DECEL=3000
;TYPE:Gap infill
;WIDTH:0.171574
G1 X140.195 Y129.88 E.00199
SET_VELOCITY_LIMIT ACCEL=4800 ACCEL_TO_DECEL=2400
;TYPE:Internal solid infill
;WIDTH:0.419999
G1 X139.955 Y129.986 E.00804
G1 X131.096 Y121.127 E.38497
G1 X131.63 Y121.127 E.01639
G1 X139.895 Y129.392 E.35919
G1 X139.963 Y129.578 E.00607
SET_VELOCITY_LIMIT ACCEL=6000 ACCEL_TO_DECEL=3000
;TYPE:Gap infill
;WIDTH:0.190674
G1 X140.079 Y129.729 E.00229
SET_VELOCITY_LIMIT ACCEL=4800 ACCEL_TO_DECEL=2400
;TYPE:Internal solid infill
;WIDTH:0.419999
G1 X139.895 Y129.392 E.01178
G1 X139.167 Y128.131 E.04477
G1 X138.681 Y127.645 E.02112
G1 X138.772 Y127.401 E.008
SET_VELOCITY_LIMIT ACCEL=6000 ACCEL_TO_DECEL=3000
;TYPE:Gap infill
;WIDTH:0.11162
G1 X138.905 Y127.574 E.00122
SET_VELOCITY_LIMIT ACCEL=4800 ACCEL_TO_DECEL=2400
;TYPE:Internal solid infill
;WIDTH:0.419999
G1 X138.681 Y127.645 E.00721
G1 X138.528 Y127.492 E.00665
G1 X138.639 Y127.228 E.0088
SET_VELOCITY_LIMIT ACCEL=6000 ACCEL_TO_DECEL=3000
;TYPE:Gap infill
;WIDTH:0.158521
G1 X138.772 Y127.401 E.00206
SET_VELOCITY_LIMIT ACCEL=4800 ACCEL_TO_DECEL=2400
;TYPE:Internal solid infill
;WIDTH:0.419999
G1 X138.528 Y127.492 E.008
G1 X138.375 Y127.339 E.00665
G1 X138.506 Y127.055 E.00962
SET_VELOCITY_LIMIT ACCEL=6000 ACCEL_TO_DECEL=3000
;TYPE:Gap infill
;WIDTH:0.181972
G1 X138.639 Y127.228 E.00247
SET_VELOCITY_LIMIT ACCEL=4800 ACCEL_TO_DECEL=2400
;TYPE:Internal solid infill
;WIDTH:0.419999
G1 X138.375 Y127.339 E.0088
G1 X132.163 Y121.127 E.26995
G1 X132.696 Y121.127 E.01639
G1 X138.438 Y126.869 E.24953
G1 X137.71 Y125.607 E.04477
G1 X137.244 Y125.141 E.02024
G1 X137.35 Y124.923 E.00745
SET_VELOCITY_LIMIT ACCEL=6000 ACCEL_TO_DECEL=3000
;TYPE:Gap infill
;WIDTH:0.107616
G1 X137.448 Y125.05 E.00085
SET_VELOCITY_LIMIT ACCEL=4800 ACCEL_TO_DECEL=2400
;TYPE:Internal solid infill
;WIDTH:0.419999
G1 X137.244 Y125.141 E.00685
G1 X137.132 Y125.029 E.00488
G1 X137.253 Y124.796 E.00806
SET_VELOCITY_LIMIT ACCEL=6000 ACCEL_TO_DECEL=3000
;TYPE:Gap infill
;WIDTH:0.146507
G1 X137.35 Y124.923 E.00135
SET_VELOCITY_LIMIT ACCEL=4800 ACCEL_TO_DECEL=2400
;TYPE:Internal solid infill
;WIDTH:0.419999
G1 X137.132 Y125.029 E.00745
G1 X137.017 Y124.914 E.00499
G1 X137.151 Y124.664 E.00873
SET_VELOCITY_LIMIT ACCEL=6000 ACCEL_TO_DECEL=3000
;TYPE:Gap infill
;WIDTH:0.181683
G1 X137.253 Y124.796 E.00189
SET_VELOCITY_LIMIT ACCEL=4800 ACCEL_TO_DECEL=2400
;TYPE:Internal solid infill
;WIDTH:0.419999
G1 X137.017 Y124.914 E.00809
G1 X133.229 Y121.127 E.1646
G1 X133.763 Y121.127 E.01639
G1 X136.981 Y124.345 E.13987
G1 X137.049 Y124.531 E.00607
SET_VELOCITY_LIMIT ACCEL=6000 ACCEL_TO_DECEL=3000
;TYPE:Gap infill
;WIDTH:0.197413
G1 X137.151 Y124.664 E.0021
SET_VELOCITY_LIMIT ACCEL=4800 ACCEL_TO_DECEL=2400
;TYPE:Internal solid infill
;WIDTH:0.419999
G1 X136.981 Y124.345 E.01108
G1 X136.253 Y123.084 E.04477
G1 X134.296 Y121.127 E.08504
G1 X134.829 Y121.127 E.01639
G1 X134.994 Y121.292 E.00718
G1 X135.092 Y121.219 E.00373
;WIDTH:0.38292
G1 X135.043 Y121.191 E.00155
G1 X135.107 Y121.154 E.00204
;WIDTH:0.419999
G1 X134.994 Y121.292 E.00546
G1 X135.988 Y122.285 E.04318
G1 X135.885 Y122.389 E.00449
SET_VELOCITY_LIMIT ACCEL=6000 ACCEL_TO_DECEL=3000
;TYPE:Gap infill
;WIDTH:0.0881694
G1 X135.991 Y122.527 E.00064
SET_VELOCITY_LIMIT ACCEL=4800 ACCEL_TO_DECEL=2400
;TYPE:Internal solid infill
;WIDTH:0.419999
G1 X135.988 Y122.285 E.00742
; stop printing object HexagonalPrism.stl id:0 copy 0
;LAYER_CHANGE
;Z:14.8
;HEIGHT:0.2
;BEFORE_LAYER_CHANGE
;14.8
G92 E0

EXCLUDE_OBJECT_END NAME=HexagonalPrism.stl_id_0_copy_0
G1 Z14.8 F30000

;don't support timelapse gcode in spiral_mode and by object sequence for I3 structure printer
;time lapse begin
M5001 G92 E0
M5001 G17
M5001 G2 Z15.2 I0.86 J0.86 P1 F20000 ; spiral lift a little
M5001 G1 X0 Y180 F24000 ; move to safe pos
M5001 P15
M5001 M400 P300
M5001 G92 E0
;time lapse end

;AFTER_LAYER_CHANGE
;14.8
;_SET_FAN_SPEED_CHANGING_LAYER
; printing object HexagonalPrism.stl id:0 copy 0
SET_VELOCITY_LIMIT ACCEL=6000 ACCEL_TO_DECEL=3000
EXCLUDE_OBJECT_START NAME=HexagonalPrism.stl_id_0_copy_0
SET_VELOCITY_LIMIT SQUARE_CORNER_VELOCITY=8
;TYPE:Inner wall
;WIDTH:0.45
G1 F7347
G1 X135.726 Y122.437 E.01003
G1 X135.047 Y121.259 E.0451
G1 X125.549 Y121.259 E.31505
G1 X125.396 Y120.852 E.01443
SET_VELOCITY_LIMIT ACCEL=4800 ACCEL_TO_DECEL=2400 SQUARE_CORNER_VELOCITY=12
;TYPE:Internal solid infill
;WIDTH:0.419999
G1 X125.381 Y120.858 E.00049
G1 X125.364 Y120.866 E.00057
G1 X125.347 Y120.874 E.00057
G1 X125.331 Y120.883 E.00057
G1 X125.315 Y120.893 E.00057
G1 X125.299 Y120.903 E.00057
G1 X125.284 Y120.914 E.00057
G1 X125.27 Y120.926 E.00057
G1 X125.256 Y120.938 E.00057
G1 X125.242 Y120.951 E.00057
G1 X125.229 Y120.964 E.00057
G1 X125.217 Y120.978 E.00057
G1 X125.205 Y120.993 E.00057
G1 X125.194 Y121.008 E.00057
G1 X125.184 Y121.023 E.00057
G1 X125.174 Y121.039 E.00057
G1 X125.165 Y121.055 E.00057
G1 X125.156 Y121.072 E.00057
G1 X125.149 Y121.089 E.00057
G1 X125.142 Y121.106 E.00057
G1 X125.136 Y121.124 E.00057
G1 X125.13 Y121.142 E.00057
G1 X125.126 Y121.16 E.00057
G1 X125.122 Y121.178 E.00057
G1 X124.857 Y121.231 E.00828
SET_VELOCITY_LIMIT ACCEL=6000 ACCEL_TO_DECEL=3000
;TYPE:Gap infill
;WIDTH:0.251954
G1 X124.992 Y121.056 E.00377
SET_VELOCITY_LIMIT ACCEL=4800 ACCEL_TO_DECEL=2400
;TYPE:Internal solid infill
;WIDTH:0.419999
G1 X125.122 Y121.178 E.00548
G1 X125.119 Y121.196 E.00057
G1 X125.116 Y121.215 E.00057
G1 X125.115 Y121.234 E.00057
G1 X125.114 Y121.252 E.00057
G1 X125.114 Y121.271 E.00057
G1 X125.115 Y121.29 E.00057
G1 X125.117 Y121.308 E.00057
G1 X125.119 Y121.327 E.00057
G1 X125.123 Y121.345 E.00057
G1 X125.127 Y121.363 E.00057
G1 X125.13 Y121.376 E.0004
G1 X124.988 Y121.518 E.00616
G1 X124.723 Y121.407 E.00884
SET_VELOCITY_LIMIT ACCEL=6000 ACCEL_TO_DECEL=3000
;TYPE:Gap infill
;WIDTH:0.205158
G1 X124.857 Y121.231 E.00293
SET_VELOCITY_LIMIT ACCEL=4800 ACCEL_TO_DECEL=2400
;TYPE:Internal solid infill
;WIDTH:0.419999
G1 X124.988 Y121.518 E.00967
G1 X124.833 Y121.673 E.00675
G1 X124.588 Y121.583 E.00803
SET_VELOCITY_LIMIT ACCEL=6000 ACCEL_TO_DECEL=3000
;TYPE:Gap infill
;WIDTH:0.158363
G1 X124.723 Y121.407 E.00208
SET_VELOCITY_LIMIT ACCEL=4800 ACCEL_TO_DECEL=2400
;TYPE:Internal solid infill
;WIDTH:0.419999
G1 X124.833 Y121.673 E.00884
G1 X124.678 Y121.828 E.00675
G1 X124.453 Y121.759 E.00723
SET_VELOCITY_LIMIT ACCEL=6000 ACCEL_TO_DECEL=3000
;TYPE:Gap infill
;WIDTH:0.134965
G1 X124.588 Y121.583 E.00166
SET_VELOCITY_LIMIT ACCEL=4800 ACCEL_TO_DECEL=2400
;TYPE:Internal solid infill
;WIDTH:0.419999
G1 X124.678 Y121.828 E.00803
G1 X124.191 Y122.315 E.02117
G1 X123.462 Y123.577 E.04477
G1 X125.38 Y121.66 E.08332
G1 X125.385 Y121.662 E.00019
G1 X125.403 Y121.669 E.00057
G1 X125.42 Y121.675 E.00057
G1 X125.438 Y121.68 E.00057
G1 X125.456 Y121.684 E.00057
G1 X125.475 Y121.688 E.00057
G1 X125.493 Y121.691 E.00057
G1 X125.512 Y121.693 E.00057
G1 X125.53 Y121.694 E.00057
G1 X125.549 Y121.694 E.00057
G1 X125.913 Y121.694 E.01117
G1 X126.446 Y121.694 E.01639
G1 X125.878 Y121.694 E.01744
G1 X123.526 Y124.047 E.10224
G1 X123.262 Y123.936 E.0088
SET_VELOCITY_LIMIT ACCEL=6000 ACCEL_TO_DECEL=3000
;TYPE:Gap infill
;WIDTH:0.205423
G1 X123.394 Y123.763 E.00289
SET_VELOCITY_LIMIT ACCEL=4800 ACCEL_TO_DECEL=2400
;TYPE:Internal solid infill
;WIDTH:0.419999
G1 X123.526 Y124.047 E.00962
G1 X123.373 Y124.2 E.00665
G1 X123.129 Y124.109 E.008
SET_VELOCITY_LIMIT ACCEL=6000 ACCEL_TO_DECEL=3000
;TYPE:Gap infill
;WIDTH:0.158522
G1 X123.262 Y123.936 E.00206
SET_VELOCITY_LIMIT ACCEL=4800 ACCEL_TO_DECEL=2400
;TYPE:Internal solid infill
;WIDTH:0.419999
G1 X123.373 Y124.2 E.0088
G1 X123.22 Y124.353 E.00665
G1 X122.996 Y124.282 E.00721
SET_VELOCITY_LIMIT ACCEL=6000 ACCEL_TO_DECEL=3000
;TYPE:Gap infill
;WIDTH:0.135071
G1 X123.129 Y124.109 E.00164
SET_VELOCITY_LIMIT ACCEL=4800 ACCEL_TO_DECEL=2400
;TYPE:Internal solid infill
;WIDTH:0.419999
G1 X123.22 Y124.353 E.008
G1 X122.734 Y124.839 E.02112
G1 X122.005 Y126.101 E.04477
G1 X126.412 Y121.694 E.19148
G1 X126.979 Y121.694 E.01744
G1 X127.512 Y121.694 E.01639
G1 X126.945 Y121.694 E.01744
G1 X122.069 Y126.57 E.2119
G1 X121.805 Y126.459 E.0088
SET_VELOCITY_LIMIT ACCEL=6000 ACCEL_TO_DECEL=3000
;TYPE:Gap infill
;WIDTH:0.205422
G1 X121.937 Y126.286 E.00289
SET_VELOCITY_LIMIT ACCEL=4800 ACCEL_TO_DECEL=2400
;TYPE:Internal solid infill
;WIDTH:0.419999
G1 X122.069 Y126.57 E.00962
G1 X121.916 Y126.723 E.00665
G1 X121.672 Y126.632 E.008
SET_VELOCITY_LIMIT ACCEL=6000 ACCEL_TO_DECEL=3000
;TYPE:Gap infill
;WIDTH:0.158521
G1 X121.805 Y126.459 E.00206
SET_VELOCITY_LIMIT ACCEL=4800 ACCEL_TO_DECEL=2400
;TYPE:Internal solid infill
;WIDTH:0.419999
G1 X121.916 Y126.723 E.0088
G1 X121.763 Y126.876 E.00665
G1 X121.539 Y126.806 E.00721
SET_VELOCITY_LIMIT ACCEL=6000 ACCEL_TO_DECEL=3000
;TYPE:Gap infill
;WIDTH:0.13507
G1 X121.672 Y126.632 E.00164
SET_VELOCITY_LIMIT ACCEL=4800 ACCEL_TO_DECEL=2400
;TYPE:Internal solid infill
;WIDTH:0.419999
G1 X121.763 Y126.876 E.008
G1 X121.277 Y127.362 E.02112
G1 X120.548 Y128.624 E.04477
G1 X127.478 Y121.694 E.30114
G1 X128.046 Y121.694 E.01744
G1 X128.579 Y121.694 E.01639
G1 X128.011 Y121.694 E.01744
G1 X120.612 Y129.094 E.32155
G1 X120.348 Y128.983 E.0088
SET_VELOCITY_LIMIT ACCEL=6000 ACCEL_TO_DECEL=3000
;TYPE:Gap infill
;WIDTH:0.205422
G1 X120.481 Y128.81 E.00289
SET_VELOCITY_LIMIT ACCEL=4800 ACCEL_TO_DECEL=2400
;TYPE:Internal solid infill
;WIDTH:0.419999
G1 X120.612 Y129.094 E.00962
G1 X120.459 Y129.247 E.00665
G1 X120.215 Y129.156 E.008
SET_VELOCITY_LIMIT ACCEL=6000 ACCEL_TO_DECEL=3000
;TYPE:Gap infill
;WIDTH:0.158521
G1 X120.348 Y128.983 E.00206
SET_VELOCITY_LIMIT ACCEL=4800 ACCEL_TO_DECEL=2400
;TYPE:Internal solid infill
;WIDTH:0.419999
G1 X120.459 Y129.247 E.0088
G1 X120.306 Y129.4 E.00665
G1 X120.082 Y129.329 E.00721
SET_VELOCITY_LIMIT ACCEL=6000 ACCEL_TO_DECEL=3000
;TYPE:Gap infill
;WIDTH:0.13507
G1 X120.215 Y129.156 E.00164
SET_VELOCITY_LIMIT ACCEL=4800 ACCEL_TO_DECEL=2400
;TYPE:Internal solid infill
;WIDTH:0.419999
G1 X120.306 Y129.4 E.008
G1 X119.82 Y129.886 E.02112
G1 X119.754 Y130 E.00405
G1 X119.931 Y130.307 E.01091
G1 X128.545 Y121.694 E.37429
G1 X129.112 Y121.694 E.01744
G1 X129.646 Y121.694 E.01639
G1 X129.078 Y121.694 E.01744
G1 X120.127 Y130.646 E.38898
G1 X120.322 Y130.984 E.012
G1 X129.611 Y121.694 E.40367
G1 X130.179 Y121.694 E.01744
G1 X130.712 Y121.694 E.01639
G1 X130.144 Y121.694 E.01744
G1 X120.517 Y131.322 E.41836
G1 X120.712 Y131.66 E.012
G1 X130.678 Y121.694 E.43305
G1 X131.245 Y121.694 E.01744
G1 X131.779 Y121.694 E.01639
G1 X131.211 Y121.694 E.01744
G1 X120.907 Y131.998 E.44775
G1 X121.102 Y132.336 E.012
G1 X131.744 Y121.694 E.46244
G1 X132.312 Y121.694 E.01744
G1 X132.845 Y121.694 E.01639
G1 X132.278 Y121.694 E.01744
G1 X121.298 Y132.674 E.47713
G1 X121.493 Y133.012 E.012
M73 P97 R0
G1 X132.811 Y121.694 E.49182
G1 X133.378 Y121.694 E.01744
G1 X133.912 Y121.694 E.01639
G1 X133.344 Y121.694 E.01744
G1 X121.688 Y133.35 E.50651
G1 X121.883 Y133.688 E.012
G1 X133.877 Y121.694 E.5212
G1 X134.445 Y121.694 E.01744
G1 X134.795 Y121.694 E.01077
G1 X134.411 Y121.694 E.01182
G1 X122.078 Y134.026 E.53589
G1 X122.274 Y134.364 E.012
G1 X134.85 Y121.788 E.54649
G1 X134.795 Y121.694 E.00334
G1 X134.969 Y121.995 E.01066
G1 X135.045 Y122.126 E.00467
G1 X122.469 Y134.703 E.54649
G1 X122.664 Y135.041 E.012
G1 X135.24 Y122.464 E.54649
G1 X135.164 Y122.333 E.00467
G1 X135.233 Y122.451 E.00421
G1 X135.35 Y122.654 E.00719
G1 X135.362 Y122.674 E.00072
G1 X135.372 Y122.689 E.00057
G1 X135.384 Y122.704 E.00057
G1 X135.395 Y122.719 E.00057
G1 X135.408 Y122.733 E.00057
G1 X135.421 Y122.746 E.00057
G1 X135.434 Y122.759 E.00057
G1 X135.448 Y122.771 E.00057
G1 X135.463 Y122.783 E.00057
G1 X135.478 Y122.794 E.00057
G1 X135.494 Y122.804 E.00057
G1 X135.51 Y122.814 E.00057
G1 X135.526 Y122.823 E.00057
G1 X135.543 Y122.831 E.00057
G1 X135.56 Y122.838 E.00057
G1 X135.577 Y122.845 E.00057
G1 X135.595 Y122.851 E.00057
G1 X135.613 Y122.857 E.00057
G1 X135.631 Y122.861 E.00057
G1 X135.649 Y122.865 E.00057
G1 X135.668 Y122.868 E.00057
G1 X135.686 Y122.87 E.00057
G1 X135.705 Y122.871 E.00057
G1 X135.723 Y122.872 E.00057
G1 X135.742 Y122.871 E.00057
G1 X135.761 Y122.87 E.00057
G1 X135.779 Y122.868 E.00057
G1 X135.798 Y122.866 E.00057
G1 X135.816 Y122.862 E.00057
G1 X135.834 Y122.858 E.00057
G1 X135.852 Y122.853 E.00057
G1 X135.87 Y122.847 E.00057
G1 X135.887 Y122.841 E.00057
G1 X135.904 Y122.833 E.00057
G1 X135.921 Y122.825 E.00057
G1 X135.938 Y122.817 E.00057
G1 X135.954 Y122.807 E.00057
G1 X135.97 Y122.797 E.00057
G1 X135.985 Y122.787 E.00057
G1 X136 Y122.775 E.00057
G1 X136.014 Y122.763 E.00057
G1 X136.028 Y122.75 E.00057
G1 X136.041 Y122.737 E.00057
G1 X136.053 Y122.723 E.00057
G1 X136.065 Y122.709 E.00057
G1 X136.077 Y122.694 E.00057
G1 X136.087 Y122.679 E.00057
G1 X136.098 Y122.663 E.00057
G1 X136.107 Y122.647 E.00057
G1 X136.116 Y122.631 E.00057
G1 X136.124 Y122.614 E.00057
G1 X136.131 Y122.597 E.00057
G1 X136.137 Y122.579 E.00057
G1 X136.143 Y122.562 E.00057
G1 X136.148 Y122.544 E.00057
G1 X136.152 Y122.525 E.00057
G1 X136.156 Y122.507 E.00057
G1 X136.158 Y122.489 E.00057
G1 X136.16 Y122.47 E.00057
G1 X136.161 Y122.451 E.00057
G1 X136.161 Y122.433 E.00057
G1 X136.161 Y122.414 E.00057
G1 X136.159 Y122.395 E.00057
G1 X136.157 Y122.377 E.00057
G1 X136.155 Y122.366 E.00035
G1 X136.157 Y122.377 E.00035
G1 X136.159 Y122.395 E.00057
G1 X136.161 Y122.414 E.00057
G1 X136.161 Y122.433 E.00057
G1 X136.161 Y122.451 E.00057
G1 X136.16 Y122.47 E.00057
G1 X136.158 Y122.489 E.00057
G1 X136.156 Y122.507 E.00057
G1 X136.152 Y122.525 E.00057
G1 X136.148 Y122.544 E.00057
G1 X136.143 Y122.562 E.00057
G1 X136.137 Y122.579 E.00057
G1 X136.131 Y122.597 E.00057
G1 X136.124 Y122.614 E.00057
G1 X136.116 Y122.631 E.00057
G1 X136.107 Y122.647 E.00057
G1 X136.098 Y122.663 E.00057
G1 X136.087 Y122.679 E.00057
G1 X136.077 Y122.694 E.00057
G1 X136.065 Y122.709 E.00057
G1 X136.053 Y122.723 E.00057
G1 X136.041 Y122.737 E.00057
G1 X136.028 Y122.75 E.00057
G1 X136.014 Y122.763 E.00057
G1 X136 Y122.775 E.00057
G1 X135.985 Y122.787 E.00057
G1 X135.97 Y122.797 E.00057
G1 X135.954 Y122.807 E.00057
G1 X135.938 Y122.817 E.00057
G1 X135.921 Y122.825 E.00057
G1 X135.904 Y122.833 E.00057
G1 X135.887 Y122.841 E.00057
G1 X135.87 Y122.847 E.00057
G1 X135.852 Y122.853 E.00057
G1 X135.834 Y122.858 E.00057
G1 X135.816 Y122.862 E.00057
G1 X135.798 Y122.866 E.00057
G1 X135.779 Y122.868 E.00057
G1 X135.761 Y122.87 E.00057
G1 X135.742 Y122.871 E.00057
G1 X135.723 Y122.872 E.00057
G1 X135.705 Y122.871 E.00057
G1 X135.686 Y122.87 E.00057
G1 X135.668 Y122.868 E.00057
G1 X135.649 Y122.865 E.00057
G1 X135.631 Y122.861 E.00057
G1 X135.613 Y122.857 E.00057
G1 X135.595 Y122.851 E.00057
G1 X135.577 Y122.845 E.00057
G1 X135.56 Y122.838 E.00057
G1 X135.543 Y122.831 E.00057
G1 X135.526 Y122.823 E.00057
G1 X135.51 Y122.814 E.00057
G1 X135.494 Y122.804 E.00057
G1 X135.478 Y122.794 E.00057
G1 X135.463 Y122.783 E.00057
G1 X135.459 Y122.779 E.00018
G1 X122.859 Y135.379 E.5475
G1 X123.054 Y135.717 E.012
G1 X135.984 Y122.787 E.56186
G1 X135.985 Y122.787 E.00003
G1 X136 Y122.775 E.00057
G1 X136.014 Y122.763 E.00057
G1 X136.028 Y122.75 E.00057
G1 X136.041 Y122.737 E.00057
G1 X136.049 Y122.728 E.00038
G1 X136.048 Y122.729 E.00004
G1 X136.241 Y123.063 E.01186
G1 X123.25 Y136.055 E.56455
G1 X123.445 Y136.393 E.012
G1 X136.436 Y123.401 E.56455
G1 X136.632 Y123.739 E.012
G1 X123.64 Y136.731 E.56455
G1 X123.835 Y137.069 E.012
G1 X136.827 Y124.077 E.56455
G1 X137.022 Y124.415 E.012
G1 X124.03 Y137.407 E.56455
G1 X124.226 Y137.745 E.012
G1 X137.217 Y124.754 E.56455
G1 X137.412 Y125.092 E.012
G1 X124.421 Y138.083 E.56455
G1 X124.616 Y138.421 E.012
G1 X137.608 Y125.43 E.56455
G1 X137.803 Y125.768 E.012
G1 X124.811 Y138.759 E.56455
G1 X124.877 Y138.873 E.00405
G1 X125.23 Y138.873 E.01086
G1 X137.998 Y126.106 E.55481
G1 X138.193 Y126.444 E.012
G1 X125.764 Y138.873 E.54012
G1 X126.297 Y138.873 E.01639
G1 X138.388 Y126.782 E.52543
G1 X138.584 Y127.12 E.012
G1 X126.83 Y138.873 E.51074
G1 X127.363 Y138.873 E.01639
G1 X138.779 Y127.458 E.49605
G1 X138.974 Y127.796 E.012
G1 X127.897 Y138.873 E.48136
G1 X128.43 Y138.873 E.01639
G1 X139.169 Y128.134 E.46667
G1 X139.364 Y128.472 E.012
G1 X128.963 Y138.873 E.45197
G1 X129.497 Y138.873 E.01639
G1 X139.559 Y128.811 E.43728
G1 X139.755 Y129.149 E.012
G1 X130.03 Y138.873 E.42259
G1 X130.563 Y138.873 E.01639
G1 X139.95 Y129.487 E.4079
G1 X140.145 Y129.825 E.012
G1 X140.089 Y129.881 E.00245
G1 X140.195 Y130.12 E.00804
SET_VELOCITY_LIMIT ACCEL=6000 ACCEL_TO_DECEL=3000
;TYPE:Gap infill
;WIDTH:0.133372
G1 X140.31 Y129.969 E.0014
SET_VELOCITY_LIMIT ACCEL=4800 ACCEL_TO_DECEL=2400
;TYPE:Internal solid infill
;WIDTH:0.419999
G1 X140.089 Y129.881 E.00733
G1 X139.955 Y130.014 E.00579
G1 X140.079 Y130.271 E.00875
SET_VELOCITY_LIMIT ACCEL=6000 ACCEL_TO_DECEL=3000
;TYPE:Gap infill
;WIDTH:0.171573
G1 X140.195 Y130.12 E.00199
SET_VELOCITY_LIMIT ACCEL=4800 ACCEL_TO_DECEL=2400
;TYPE:Internal solid infill
;WIDTH:0.419999
G1 X139.955 Y130.014 E.00804
G1 X131.096 Y138.873 E.38497
G1 X131.63 Y138.873 E.01639
G1 X139.895 Y130.608 E.35919
G1 X139.963 Y130.422 E.00607
SET_VELOCITY_LIMIT ACCEL=6000 ACCEL_TO_DECEL=3000
;TYPE:Gap infill
;WIDTH:0.190673
G1 X140.079 Y130.271 E.00229
SET_VELOCITY_LIMIT ACCEL=4800 ACCEL_TO_DECEL=2400
;TYPE:Internal solid infill
;WIDTH:0.419999
G1 X139.895 Y130.608 E.01178
G1 X139.167 Y131.869 E.04477
G1 X138.681 Y132.355 E.02112
G1 X138.772 Y132.599 E.008
SET_VELOCITY_LIMIT ACCEL=6000 ACCEL_TO_DECEL=3000
;TYPE:Gap infill
;WIDTH:0.11162
G1 X138.905 Y132.426 E.00122
SET_VELOCITY_LIMIT ACCEL=4800 ACCEL_TO_DECEL=2400
;TYPE:Internal solid infill
;WIDTH:0.419999
G1 X138.681 Y132.355 E.00721
G1 X138.528 Y132.508 E.00665
G1 X138.639 Y132.772 E.0088
SET_VELOCITY_LIMIT ACCEL=6000 ACCEL_TO_DECEL=3000
;TYPE:Gap infill
;WIDTH:0.158521
G1 X138.772 Y132.599 E.00206
SET_VELOCITY_LIMIT ACCEL=4800 ACCEL_TO_DECEL=2400
;TYPE:Internal solid infill
;WIDTH:0.419999
G1 X138.528 Y132.508 E.008
G1 X138.375 Y132.661 E.00665
G1 X138.506 Y132.946 E.00962
SET_VELOCITY_LIMIT ACCEL=6000 ACCEL_TO_DECEL=3000
;TYPE:Gap infill
;WIDTH:0.181971
G1 X138.639 Y132.772 E.00247
SET_VELOCITY_LIMIT ACCEL=4800 ACCEL_TO_DECEL=2400
;TYPE:Internal solid infill
;WIDTH:0.419999
G1 X138.375 Y132.661 E.0088
G1 X132.163 Y138.873 E.26995
G1 X132.696 Y138.873 E.01639
G1 X138.438 Y133.131 E.24953
G1 X137.71 Y134.393 E.04477
G1 X137.224 Y134.879 E.02112
G1 X137.315 Y135.123 E.008
SET_VELOCITY_LIMIT ACCEL=6000 ACCEL_TO_DECEL=3000
;TYPE:Gap infill
;WIDTH:0.11162
G1 X137.448 Y134.95 E.00122
SET_VELOCITY_LIMIT ACCEL=4800 ACCEL_TO_DECEL=2400
;TYPE:Internal solid infill
;WIDTH:0.419999
G1 X137.224 Y134.879 E.00721
G1 X137.071 Y135.032 E.00665
G1 X137.182 Y135.296 E.0088
SET_VELOCITY_LIMIT ACCEL=6000 ACCEL_TO_DECEL=3000
;TYPE:Gap infill
;WIDTH:0.158521
G1 X137.315 Y135.123 E.00206
SET_VELOCITY_LIMIT ACCEL=4800 ACCEL_TO_DECEL=2400
;TYPE:Internal solid infill
;WIDTH:0.419999
G1 X137.071 Y135.032 E.008
G1 X136.918 Y135.185 E.00665
G1 X137.049 Y135.469 E.00962
SET_VELOCITY_LIMIT ACCEL=6000 ACCEL_TO_DECEL=3000
;TYPE:Gap infill
;WIDTH:0.181971
G1 X137.182 Y135.296 E.00247
SET_VELOCITY_LIMIT ACCEL=4800 ACCEL_TO_DECEL=2400
;TYPE:Internal solid infill
;WIDTH:0.419999
G1 X136.918 Y135.185 E.0088
G1 X133.229 Y138.873 E.16029
G1 X133.763 Y138.873 E.01639
G1 X136.981 Y135.655 E.13987
G1 X136.253 Y136.916 E.04477
G1 X134.296 Y138.873 E.08504
G1 X134.829 Y138.873 E.01639
G1 X134.999 Y138.704 E.00737
G1 X135.092 Y138.837 E.00499
;WIDTH:0.38292
G1 X135.043 Y138.809 E.00155
G1 X135.107 Y138.772 E.00204
;WIDTH:0.419999
G1 X134.999 Y138.704 E.00393
G1 X135.988 Y137.715 E.04299
G1 X135.885 Y137.611 E.00449
SET_VELOCITY_LIMIT ACCEL=6000 ACCEL_TO_DECEL=3000
;TYPE:Gap infill
;WIDTH:0.0881692
G1 X135.991 Y137.473 E.00064
SET_VELOCITY_LIMIT ACCEL=4800 ACCEL_TO_DECEL=2400
;TYPE:Internal solid infill
;WIDTH:0.419999
G1 X135.988 Y137.715 E.00742
SET_VELOCITY_LIMIT ACCEL=6000 ACCEL_TO_DECEL=3000 SQUARE_CORNER_VELOCITY=8
;TYPE:Inner wall
;WIDTH:0.45
G1 X136.079 Y137.767 E.00348
G1 X135.282 Y139.148 E.0529
G1 X124.718 Y139.148 E.3504
G1 X119.437 Y130 E.3504
G1 X124.718 Y120.852 E.3504
G1 X135.282 Y120.852 E.3504
G1 X140.563 Y130 E.3504
G1 X136.079 Y137.767 E.2975
G1 X136.431 Y137.97 E.0135
G1 X135.517 Y139.555 E.06069
G1 X124.483 Y139.555 E.36599
G1 X118.967 Y130 E.36599
G1 X124.483 Y120.445 E.36599
G1 X135.517 Y120.445 E.36599
M73 P98 R0
G1 X141.033 Y130 E.36599
G1 X136.431 Y137.97 E.3053
SET_VELOCITY_LIMIT ACCEL=5000 ACCEL_TO_DECEL=2500
;TYPE:Outer wall
;WIDTH:0.42
G1 X136.808 Y138.188 E.01337
G1 X135.768 Y139.99 E.06394
G1 X124.232 Y139.99 E.35445
G1 X118.465 Y130 E.35445
G1 X124.232 Y120.01 E.35445
G1 X135.768 Y120.01 E.35445
G1 X135.825 Y120.109 E.00351
G1 X141.535 Y130 E.35094
G1 X136.808 Y138.188 E.29051
; stop printing object HexagonalPrism.stl id:0 copy 0
;LAYER_CHANGE
;Z:15
;HEIGHT:0.2
;BEFORE_LAYER_CHANGE
;15
G92 E0

EXCLUDE_OBJECT_END NAME=HexagonalPrism.stl_id_0_copy_0
G1 Z15 F30000

;don't support timelapse gcode in spiral_mode and by object sequence for I3 structure printer
;time lapse begin
M5001 G92 E0
M5001 G17
M5001 G2 Z15.4 I0.86 J0.86 P1 F20000 ; spiral lift a little
M5001 G1 X0 Y180 F24000 ; move to safe pos
M5001 P15
M5001 M400 P300
M5001 G92 E0
;time lapse end

;AFTER_LAYER_CHANGE
;15
;_SET_FAN_SPEED_CHANGING_LAYER
; printing object HexagonalPrism.stl id:0 copy 0
EXCLUDE_OBJECT_START NAME=HexagonalPrism.stl_id_0_copy_0
G1 F7457
G1 X135.768 Y139.99 E.06394
G1 X124.232 Y139.99 E.35445
G1 X118.465 Y130 E.35445
G1 X124.232 Y120.01 E.35445
G1 X135.768 Y120.01 E.35445
G1 X141.535 Y130 E.35445
G1 X136.808 Y138.188 E.29051
G1 X136.482 Y137.999 E.01159
G1 X135.55 Y139.613 E.05725
G1 X124.45 Y139.613 E.34107
G1 X123.464 Y137.905 E.0606
G1 X123.043 Y137.93 E.01296
SET_VELOCITY_LIMIT ACCEL=3000 ACCEL_TO_DECEL=1500
;TYPE:Top surface
;WIDTH:0.423514
G1 X123.043 Y137.924 E.0002
G1 X123.042 Y137.905 E.00057
G1 X123.043 Y137.887 E.00057
G1 X123.044 Y137.869 E.00057
G1 X123.046 Y137.85 E.00057
G1 X123.048 Y137.832 E.00057
G1 X123.052 Y137.814 E.00057
G1 X123.056 Y137.796 E.00057
G1 X123.061 Y137.779 E.00057
G1 X123.067 Y137.761 E.00057
G1 X123.074 Y137.744 E.00057
G1 X123.081 Y137.727 E.00057
G1 X123.089 Y137.711 E.00057
G1 X123.098 Y137.695 E.00057
G1 X123.108 Y137.679 E.00057
G1 X123.118 Y137.664 E.00057
G1 X123.129 Y137.649 E.00057
G1 X123.14 Y137.635 E.00057
G1 X123.152 Y137.621 E.00057
G1 X123.165 Y137.607 E.00057
G1 X123.178 Y137.595 E.00057
G1 X123.192 Y137.583 E.00057
G1 X123.206 Y137.571 E.00057
G1 X123.221 Y137.56 E.00057
G1 X123.236 Y137.55 E.00057
G1 X123.252 Y137.54 E.00057
G1 X123.268 Y137.531 E.00057
G1 X123.285 Y137.523 E.00057
G1 X123.301 Y137.516 E.00057
G1 X123.318 Y137.509 E.00057
G1 X123.336 Y137.503 E.00057
G1 X123.353 Y137.498 E.00057
G1 X123.371 Y137.494 E.00057
G1 X123.389 Y137.49 E.00057
G1 X123.407 Y137.487 E.00057
G1 X123.426 Y137.485 E.00057
G1 X123.444 Y137.484 E.00057
G1 X123.462 Y137.483 E.00057
G1 X123.481 Y137.484 E.00057
G1 X123.499 Y137.485 E.00057
G1 X123.517 Y137.487 E.00057
G1 X123.535 Y137.489 E.00057
G1 X123.553 Y137.493 E.00057
G1 X123.571 Y137.497 E.00057
G1 X123.589 Y137.502 E.00057
G1 X123.606 Y137.508 E.00057
G1 X123.624 Y137.515 E.00057
G1 X123.64 Y137.522 E.00057
G1 X123.657 Y137.53 E.00057
G1 X123.673 Y137.539 E.00057
G1 X123.689 Y137.548 E.00057
G1 X123.704 Y137.558 E.00057
G1 X123.719 Y137.569 E.00057
G1 X123.733 Y137.581 E.00057
G1 X123.747 Y137.593 E.00057
G1 X123.761 Y137.605 E.00057
G1 X123.773 Y137.618 E.00057
G1 X123.786 Y137.632 E.00057
G1 X123.797 Y137.646 E.00057
G1 X123.808 Y137.661 E.00057
G1 X123.818 Y137.676 E.00057
G1 X123.829 Y137.694 E.00064
G1 X124.693 Y139.191 E.05361
G1 X124.906 Y139.191 E.00658
G1 X125.444 Y139.191 E.01669
G1 X124.928 Y139.191 E.016
G1 X124.373 Y138.637 E.02431
G1 X123.829 Y137.694 E.03376
G1 X123.818 Y137.676 E.00064
G1 X123.808 Y137.661 E.00057
G1 X123.797 Y137.646 E.00057
G1 X123.786 Y137.632 E.00057
G1 X123.773 Y137.618 E.00057
G1 X123.761 Y137.605 E.00057
G1 X123.747 Y137.593 E.00057
G1 X123.733 Y137.581 E.00057
G1 X123.719 Y137.569 E.00057
G1 X123.704 Y137.558 E.00057
G1 X123.689 Y137.548 E.00057
G1 X123.673 Y137.539 E.00057
G1 X123.657 Y137.53 E.00057
G1 X123.64 Y137.522 E.00057
G1 X123.624 Y137.515 E.00057
G1 X123.606 Y137.508 E.00057
G1 X123.589 Y137.502 E.00057
G1 X123.571 Y137.497 E.00057
G1 X123.553 Y137.493 E.00057
G1 X123.535 Y137.489 E.00057
G1 X123.517 Y137.487 E.00057
G1 X123.499 Y137.485 E.00057
G1 X123.481 Y137.484 E.00057
G1 X123.462 Y137.483 E.00057
G1 X123.444 Y137.484 E.00057
G1 X123.426 Y137.485 E.00057
G1 X123.407 Y137.487 E.00057
G1 X123.389 Y137.49 E.00057
G1 X123.371 Y137.494 E.00057
G1 X123.353 Y137.498 E.00057
G1 X123.336 Y137.503 E.00057
G1 X123.318 Y137.509 E.00057
G1 X123.301 Y137.516 E.00057
G1 X123.285 Y137.523 E.00057
G1 X123.268 Y137.531 E.00057
G1 X122.964 Y137.227 E.01335
G1 X122.228 Y135.954 E.04561
G1 X122.037 Y135.625 E.01181
SET_VELOCITY_LIMIT ACCEL=6000 ACCEL_TO_DECEL=3000 SQUARE_CORNER_VELOCITY=12
;TYPE:Gap infill
;WIDTH:0.230365
G1 X122.151 Y135.773 E.00286
SET_VELOCITY_LIMIT ACCEL=3000 ACCEL_TO_DECEL=1500 SQUARE_CORNER_VELOCITY=8
;TYPE:Top surface
;WIDTH:0.423514
G1 X122.228 Y135.954 E.00609
G1 X125.466 Y139.191 E.142
G1 X125.982 Y139.191 E.016
G1 X126.52 Y139.191 E.01669
G1 X126.004 Y139.191 E.016
G1 X122.172 Y135.359 E.1681
G1 X121.923 Y135.476 E.00853
SET_VELOCITY_LIMIT ACCEL=6000 ACCEL_TO_DECEL=3000 SQUARE_CORNER_VELOCITY=12
;TYPE:Gap infill
;WIDTH:0.189738
G1 X122.037 Y135.625 E.00224
SET_VELOCITY_LIMIT ACCEL=3000 ACCEL_TO_DECEL=1500 SQUARE_CORNER_VELOCITY=8
;TYPE:Top surface
;WIDTH:0.423514
G1 X122.172 Y135.359 E.00925
G1 X122.04 Y135.227 E.00576
G1 X121.809 Y135.327 E.00782
SET_VELOCITY_LIMIT ACCEL=6000 ACCEL_TO_DECEL=3000 SQUARE_CORNER_VELOCITY=12
;TYPE:Gap infill
;WIDTH:0.14911
G1 X121.923 Y135.476 E.00162
SET_VELOCITY_LIMIT ACCEL=3000 ACCEL_TO_DECEL=1500 SQUARE_CORNER_VELOCITY=8
;TYPE:Top surface
;WIDTH:0.423514
G1 X122.04 Y135.227 E.00853
G1 X121.909 Y135.096 E.00576
G1 X121.695 Y135.179 E.00712
SET_VELOCITY_LIMIT ACCEL=6000 ACCEL_TO_DECEL=3000 SQUARE_CORNER_VELOCITY=12
;TYPE:Gap infill
;WIDTH:0.128797
G1 X121.809 Y135.327 E.00131
SET_VELOCITY_LIMIT ACCEL=3000 ACCEL_TO_DECEL=1500 SQUARE_CORNER_VELOCITY=8
;TYPE:Top surface
;WIDTH:0.423514
G1 X121.909 Y135.096 E.00782
G1 X121.493 Y134.68 E.01824
G1 X120.758 Y133.407 E.04561
G1 X120.566 Y133.078 E.01181
SET_VELOCITY_LIMIT ACCEL=6000 ACCEL_TO_DECEL=3000 SQUARE_CORNER_VELOCITY=12
;TYPE:Gap infill
;WIDTH:0.230366
G1 X120.68 Y133.226 E.00286
SET_VELOCITY_LIMIT ACCEL=3000 ACCEL_TO_DECEL=1500 SQUARE_CORNER_VELOCITY=8
;TYPE:Top surface
;WIDTH:0.423514
G1 X120.758 Y133.407 E.00609
G1 X126.542 Y139.191 E.25371
G1 X127.058 Y139.191 E.016
G1 X127.597 Y139.191 E.01669
G1 X127.081 Y139.191 E.016
G1 X120.701 Y132.812 E.27981
G1 X120.452 Y132.929 E.00853
SET_VELOCITY_LIMIT ACCEL=6000 ACCEL_TO_DECEL=3000 SQUARE_CORNER_VELOCITY=12
;TYPE:Gap infill
;WIDTH:0.189738
G1 X120.566 Y133.078 E.00224
SET_VELOCITY_LIMIT ACCEL=3000 ACCEL_TO_DECEL=1500 SQUARE_CORNER_VELOCITY=8
;TYPE:Top surface
;WIDTH:0.423514
G1 X120.701 Y132.812 E.00925
G1 X120.57 Y132.68 E.00576
G1 X120.338 Y132.78 E.00782
SET_VELOCITY_LIMIT ACCEL=6000 ACCEL_TO_DECEL=3000 SQUARE_CORNER_VELOCITY=12
;TYPE:Gap infill
;WIDTH:0.149111
G1 X120.452 Y132.929 E.00162
SET_VELOCITY_LIMIT ACCEL=3000 ACCEL_TO_DECEL=1500 SQUARE_CORNER_VELOCITY=8
;TYPE:Top surface
;WIDTH:0.423514
G1 X120.57 Y132.68 E.00853
G1 X120.439 Y132.549 E.00576
G1 X120.224 Y132.632 E.00712
SET_VELOCITY_LIMIT ACCEL=6000 ACCEL_TO_DECEL=3000 SQUARE_CORNER_VELOCITY=12
;TYPE:Gap infill
;WIDTH:0.128797
G1 X120.338 Y132.78 E.00131
SET_VELOCITY_LIMIT ACCEL=3000 ACCEL_TO_DECEL=1500 SQUARE_CORNER_VELOCITY=8
;TYPE:Top surface
;WIDTH:0.423514
G1 X120.439 Y132.549 E.00782
G1 X120.023 Y132.133 E.01824
G1 X119.287 Y130.86 E.04561
G1 X119.096 Y130.531 E.01181
SET_VELOCITY_LIMIT ACCEL=6000 ACCEL_TO_DECEL=3000 SQUARE_CORNER_VELOCITY=12
;TYPE:Gap infill
;WIDTH:0.230365
G1 X119.21 Y130.679 E.00286
SET_VELOCITY_LIMIT ACCEL=3000 ACCEL_TO_DECEL=1500 SQUARE_CORNER_VELOCITY=8
;TYPE:Top surface
;WIDTH:0.423514
G1 X119.287 Y130.86 E.00609
G1 X127.619 Y139.191 E.36542
G1 X128.135 Y139.191 E.016
G1 X128.673 Y139.191 E.01669
G1 X128.157 Y139.191 E.016
G1 X119.231 Y130.265 E.39152
G1 X118.982 Y130.382 E.00853
SET_VELOCITY_LIMIT ACCEL=6000 ACCEL_TO_DECEL=3000 SQUARE_CORNER_VELOCITY=12
;TYPE:Gap infill
;WIDTH:0.189738
G1 X119.096 Y130.531 E.00224
SET_VELOCITY_LIMIT ACCEL=3000 ACCEL_TO_DECEL=1500 SQUARE_CORNER_VELOCITY=8
;TYPE:Top surface
;WIDTH:0.423514
G1 X119.231 Y130.265 E.00925
G1 X119.099 Y130.133 E.00576
G1 X118.868 Y130.233 E.00782
SET_VELOCITY_LIMIT ACCEL=6000 ACCEL_TO_DECEL=3000 SQUARE_CORNER_VELOCITY=12
;TYPE:Gap infill
;WIDTH:0.14911
G1 X118.982 Y130.382 E.00162
SET_VELOCITY_LIMIT ACCEL=3000 ACCEL_TO_DECEL=1500 SQUARE_CORNER_VELOCITY=8
;TYPE:Top surface
;WIDTH:0.423514
G1 X119.099 Y130.133 E.00853
G1 X118.968 Y130.002 E.00576
G1 X118.754 Y130.085 E.00712
SET_VELOCITY_LIMIT ACCEL=6000 ACCEL_TO_DECEL=3000 SQUARE_CORNER_VELOCITY=12
;TYPE:Gap infill
;WIDTH:0.128797
G1 X118.868 Y130.233 E.00131
SET_VELOCITY_LIMIT ACCEL=3000 ACCEL_TO_DECEL=1500 SQUARE_CORNER_VELOCITY=8
;TYPE:Top surface
;WIDTH:0.423514
G1 X118.968 Y130.002 E.00782
G1 X118.855 Y129.889 E.00496
G1 X119.052 Y129.548 E.01222
G1 X128.695 Y139.191 E.42295
G1 X129.211 Y139.191 E.016
G1 X129.75 Y139.191 E.01669
G1 X129.234 Y139.191 E.016
G1 X119.249 Y129.207 E.43792
G1 X119.446 Y128.865 E.01222
G1 X129.772 Y139.191 E.45289
G1 X130.288 Y139.191 E.016
G1 X130.826 Y139.191 E.01669
G1 X130.31 Y139.191 E.016
G1 X119.643 Y128.524 E.46785
G1 X119.84 Y128.183 E.01222
G1 X130.848 Y139.191 E.48282
G1 X131.364 Y139.191 E.016
G1 X131.903 Y139.191 E.01669
G1 X131.387 Y139.191 E.016
G1 X120.037 Y127.842 E.49778
G1 X120.234 Y127.5 E.01222
G1 X131.925 Y139.191 E.51275
G1 X132.441 Y139.191 E.016
G1 X132.979 Y139.191 E.01669
G1 X132.463 Y139.191 E.016
G1 X120.431 Y127.159 E.52772
G1 X120.628 Y126.818 E.01222
G1 X133.001 Y139.191 E.54268
G1 X133.517 Y139.191 E.016
G1 X134.056 Y139.191 E.01669
G1 X133.54 Y139.191 E.016
G1 X120.825 Y126.477 E.55765
G1 X121.022 Y126.136 E.01222
G1 X134.078 Y139.191 E.57262
G1 X134.594 Y139.191 E.016
G1 X135.132 Y139.191 E.01669
G1 X134.616 Y139.191 E.016
G1 X121.219 Y125.794 E.58758
G1 X121.416 Y125.453 E.01222
G1 X135.154 Y139.191 E.60255
G1 X135.307 Y139.191 E.00472
G1 X135.379 Y139.066 E.00448
G1 X135.448 Y138.946 E.00429
G1 X121.613 Y125.112 E.60678
G1 X121.81 Y124.771 E.01222
G1 X135.645 Y138.605 E.60678
G1 X135.576 Y138.725 E.00429
G1 X135.773 Y138.384 E.01222
G1 X135.842 Y138.264 E.00429
G1 X122.007 Y124.429 E.60678
G1 X122.204 Y124.088 E.01222
G1 X136.039 Y137.923 E.60678
G1 X135.97 Y138.042 E.00429
G1 X135.996 Y137.997 E.00161
G1 X136.116 Y137.789 E.00748
G1 X136.126 Y137.773 E.00057
G1 X136.136 Y137.758 E.00057
G1 X136.147 Y137.743 E.00057
G1 X136.158 Y137.728 E.00057
G1 X136.171 Y137.715 E.00057
G1 X136.183 Y137.701 E.00057
G1 X136.196 Y137.689 E.00057
G1 X136.21 Y137.677 E.00057
G1 X136.225 Y137.665 E.00057
G1 X136.239 Y137.654 E.00057
G1 X136.255 Y137.644 E.00057
G1 X136.27 Y137.634 E.00057
G1 X136.286 Y137.626 E.00057
G1 X136.303 Y137.617 E.00057
G1 X136.32 Y137.61 E.00057
G1 X136.337 Y137.603 E.00057
G1 X136.354 Y137.597 E.00057
G1 X136.372 Y137.592 E.00057
G1 X136.39 Y137.588 E.00057
G1 X136.408 Y137.584 E.00057
G1 X136.426 Y137.581 E.00057
G1 X136.444 Y137.579 E.00057
G1 X136.462 Y137.578 E.00057
G1 X136.481 Y137.578 E.00057
G1 X136.499 Y137.578 E.00057
G1 X136.517 Y137.579 E.00057
G1 X136.536 Y137.581 E.00057
G1 X136.554 Y137.584 E.00057
G1 X136.572 Y137.587 E.00057
G1 X136.59 Y137.592 E.00057
G1 X136.607 Y137.597 E.00057
G1 X136.625 Y137.603 E.00057
G1 X136.642 Y137.609 E.00057
G1 X136.659 Y137.617 E.00057
G1 X136.675 Y137.625 E.00057
G1 X136.691 Y137.634 E.00057
G1 X136.707 Y137.643 E.00057
G1 X136.722 Y137.653 E.00057
G1 X136.737 Y137.664 E.00057
G1 X136.752 Y137.675 E.00057
G1 X136.765 Y137.688 E.00057
G1 X136.779 Y137.7 E.00057
G1 X136.792 Y137.713 E.00057
G1 X136.804 Y137.727 E.00057
G1 X136.815 Y137.741 E.00057
G1 X136.826 Y137.756 E.00057
G1 X136.836 Y137.771 E.00057
G1 X136.846 Y137.787 E.00057
G1 X136.855 Y137.803 E.00057
G1 X136.863 Y137.82 E.00057
G1 X136.871 Y137.836 E.00057
G1 X136.877 Y137.854 E.00057
G1 X136.883 Y137.871 E.00057
G1 X136.886 Y137.879 E.00025
G1 X136.883 Y137.871 E.00025
G1 X136.877 Y137.854 E.00057
G1 X136.871 Y137.836 E.00057
G1 X136.863 Y137.82 E.00057
G1 X136.855 Y137.803 E.00057
G1 X136.846 Y137.787 E.00057
G1 X136.836 Y137.771 E.00057
G1 X136.826 Y137.756 E.00057
G1 X136.815 Y137.741 E.00057
G1 X136.804 Y137.727 E.00057
G1 X136.792 Y137.713 E.00057
G1 X136.779 Y137.7 E.00057
G1 X136.765 Y137.688 E.00057
G1 X136.752 Y137.675 E.00057
G1 X136.737 Y137.664 E.00057
G1 X136.722 Y137.653 E.00057
G1 X136.707 Y137.643 E.00057
G1 X136.691 Y137.634 E.00057
G1 X136.675 Y137.625 E.00057
G1 X136.659 Y137.617 E.00057
G1 X136.642 Y137.609 E.00057
G1 X136.625 Y137.603 E.00057
G1 X136.607 Y137.597 E.00057
G1 X136.59 Y137.592 E.00057
G1 X136.572 Y137.587 E.00057
G1 X136.554 Y137.584 E.00057
G1 X136.536 Y137.581 E.00057
G1 X136.517 Y137.579 E.00057
G1 X136.499 Y137.578 E.00057
G1 X136.481 Y137.578 E.00057
G1 X136.462 Y137.578 E.00057
G1 X136.444 Y137.579 E.00057
G1 X136.426 Y137.581 E.00057
G1 X136.408 Y137.584 E.00057
G1 X136.39 Y137.588 E.00057
G1 X136.372 Y137.592 E.00057
G1 X136.354 Y137.597 E.00057
G1 X136.337 Y137.603 E.00057
G1 X136.32 Y137.61 E.00057
G1 X136.303 Y137.617 E.00057
G1 X136.286 Y137.626 E.00057
G1 X136.282 Y137.628 E.00015
G1 X122.401 Y123.747 E.60881
G1 X122.598 Y123.406 E.01222
M73 P99 R0
G1 X136.811 Y137.618 E.62335
G1 X137.008 Y137.277 E.01222
G1 X122.795 Y123.064 E.62335
G1 X122.992 Y122.723 E.01222
G1 X137.205 Y136.936 E.62335
G1 X137.402 Y136.594 E.01222
G1 X123.189 Y122.382 E.62335
G1 X123.386 Y122.041 E.01222
G1 X137.599 Y136.253 E.62335
G1 X137.796 Y135.912 E.01222
G1 X123.583 Y121.7 E.62335
G1 X123.78 Y121.358 E.01222
G1 X137.993 Y135.571 E.62335
G1 X138.19 Y135.229 E.01222
G1 X123.977 Y121.017 E.62335
G1 X124.174 Y120.676 E.01222
G1 X138.387 Y134.888 E.62335
G1 X138.584 Y134.547 E.01222
G1 X124.371 Y120.335 E.62335
G1 X124.396 Y120.293 E.0015
G1 X124.868 Y120.293 E.01465
G1 X138.781 Y134.206 E.61022
G1 X138.978 Y133.864 E.01222
G1 X125.406 Y120.293 E.59525
G1 X125.944 Y120.293 E.01669
G1 X139.175 Y133.523 E.58028
G1 X139.372 Y133.182 E.01222
G1 X126.483 Y120.293 E.56532
G1 X127.021 Y120.293 E.01669
G1 X139.569 Y132.841 E.55035
G1 X139.766 Y132.5 E.01222
G1 X127.559 Y120.293 E.53539
G1 X128.097 Y120.293 E.01669
G1 X139.963 Y132.158 E.52042
G1 X140.16 Y131.817 E.01222
G1 X128.636 Y120.293 E.50545
G1 X129.174 Y120.293 E.01669
G1 X140.357 Y131.476 E.49049
G1 X140.554 Y131.135 E.01222
G1 X129.712 Y120.293 E.47552
G1 X130.25 Y120.293 E.01669
G1 X140.751 Y130.793 E.46055
G1 X140.948 Y130.452 E.01222
G1 X130.788 Y120.293 E.44559
G1 X131.327 Y120.293 E.01669
G1 X141.145 Y130.111 E.43062
G1 X141.209 Y130 E.00397
G1 X140.713 Y129.141 E.03078
G1 X140.293 Y128.72 E.01842
G1 X140.39 Y128.484 E.00793
SET_VELOCITY_LIMIT ACCEL=6000 ACCEL_TO_DECEL=3000 SQUARE_CORNER_VELOCITY=12
;TYPE:Gap infill
;WIDTH:0.113145
G1 X140.511 Y128.642 E.00114
SET_VELOCITY_LIMIT ACCEL=3000 ACCEL_TO_DECEL=1500 SQUARE_CORNER_VELOCITY=8
;TYPE:Top surface
;WIDTH:0.423514
G1 X140.293 Y128.72 E.00719
G1 X140.153 Y128.581 E.00612
G1 X140.269 Y128.326 E.00868
SET_VELOCITY_LIMIT ACCEL=6000 ACCEL_TO_DECEL=3000 SQUARE_CORNER_VELOCITY=12
;TYPE:Gap infill
;WIDTH:0.163095
G1 X140.39 Y128.484 E.00195
SET_VELOCITY_LIMIT ACCEL=3000 ACCEL_TO_DECEL=1500 SQUARE_CORNER_VELOCITY=8
;TYPE:Top surface
;WIDTH:0.423514
G1 X140.153 Y128.581 E.00793
G1 X140.014 Y128.442 E.00612
G1 X140.148 Y128.168 E.00944
SET_VELOCITY_LIMIT ACCEL=6000 ACCEL_TO_DECEL=3000 SQUARE_CORNER_VELOCITY=12
;TYPE:Gap infill
;WIDTH:0.213046
G1 X140.269 Y128.326 E.00276
SET_VELOCITY_LIMIT ACCEL=3000 ACCEL_TO_DECEL=1500 SQUARE_CORNER_VELOCITY=8
;TYPE:Top surface
;WIDTH:0.423514
G1 X140.014 Y128.442 E.00868
G1 X131.865 Y120.293 E.35741
G1 X132.403 Y120.293 E.01669
G1 X139.977 Y127.867 E.3322
G1 X140.055 Y128.048 E.00609
SET_VELOCITY_LIMIT ACCEL=6000 ACCEL_TO_DECEL=3000 SQUARE_CORNER_VELOCITY=12
;TYPE:Gap infill
;WIDTH:0.23802
G1 X140.148 Y128.168 E.00242
SET_VELOCITY_LIMIT ACCEL=3000 ACCEL_TO_DECEL=1500 SQUARE_CORNER_VELOCITY=8
;TYPE:Top surface
;WIDTH:0.423514
G1 X139.977 Y127.867 E.01073
G1 X139.242 Y126.594 E.04561
G1 X138.826 Y126.178 E.01824
G1 X138.926 Y125.946 E.00782
SET_VELOCITY_LIMIT ACCEL=6000 ACCEL_TO_DECEL=3000 SQUARE_CORNER_VELOCITY=12
;TYPE:Gap infill
;WIDTH:0.108483
G1 X139.04 Y126.095 E.001
SET_VELOCITY_LIMIT ACCEL=3000 ACCEL_TO_DECEL=1500 SQUARE_CORNER_VELOCITY=8
;TYPE:Top surface
;WIDTH:0.423514
G1 X138.826 Y126.178 E.00712
G1 X138.695 Y126.046 E.00576
G1 X138.812 Y125.798 E.00853
SET_VELOCITY_LIMIT ACCEL=6000 ACCEL_TO_DECEL=3000 SQUARE_CORNER_VELOCITY=12
;TYPE:Gap infill
;WIDTH:0.14911
G1 X138.926 Y125.946 E.00162
SET_VELOCITY_LIMIT ACCEL=3000 ACCEL_TO_DECEL=1500 SQUARE_CORNER_VELOCITY=8
;TYPE:Top surface
;WIDTH:0.423514
G1 X138.695 Y126.046 E.00782
G1 X138.564 Y125.915 E.00576
G1 X138.698 Y125.649 E.00925
SET_VELOCITY_LIMIT ACCEL=6000 ACCEL_TO_DECEL=3000 SQUARE_CORNER_VELOCITY=12
;TYPE:Gap infill
;WIDTH:0.189738
G1 X138.812 Y125.798 E.00224
SET_VELOCITY_LIMIT ACCEL=3000 ACCEL_TO_DECEL=1500 SQUARE_CORNER_VELOCITY=8
;TYPE:Top surface
;WIDTH:0.423514
G1 X138.564 Y125.915 E.00853
G1 X132.941 Y120.293 E.24659
G1 X133.48 Y120.293 E.01669
G1 X138.507 Y125.32 E.22049
G1 X138.584 Y125.501 E.00609
SET_VELOCITY_LIMIT ACCEL=6000 ACCEL_TO_DECEL=3000 SQUARE_CORNER_VELOCITY=12
;TYPE:Gap infill
;WIDTH:0.210051
G1 X138.698 Y125.649 E.00255
SET_VELOCITY_LIMIT ACCEL=3000 ACCEL_TO_DECEL=1500 SQUARE_CORNER_VELOCITY=8
;TYPE:Top surface
;WIDTH:0.423514
G1 X138.507 Y125.32 E.01181
G1 X137.772 Y124.047 E.04561
G1 X137.371 Y123.646 E.01758
G1 X137.482 Y123.433 E.00744
SET_VELOCITY_LIMIT ACCEL=6000 ACCEL_TO_DECEL=3000 SQUARE_CORNER_VELOCITY=12
;TYPE:Gap infill
;WIDTH:0.106027
G1 X137.57 Y123.548 E.00074
SET_VELOCITY_LIMIT ACCEL=3000 ACCEL_TO_DECEL=1500 SQUARE_CORNER_VELOCITY=8
;TYPE:Top surface
;WIDTH:0.423514
G1 X137.371 Y123.646 E.00688
G1 X137.27 Y123.544 E.00444
G1 X137.394 Y123.319 E.008
SET_VELOCITY_LIMIT ACCEL=6000 ACCEL_TO_DECEL=3000 SQUARE_CORNER_VELOCITY=12
;TYPE:Gap infill
;WIDTH:0.141743
G1 X137.482 Y123.433 E.00116
SET_VELOCITY_LIMIT ACCEL=3000 ACCEL_TO_DECEL=1500 SQUARE_CORNER_VELOCITY=8
;TYPE:Top surface
;WIDTH:0.423514
G1 X137.27 Y123.544 E.00744
G1 X137.168 Y123.443 E.00444
G1 X137.306 Y123.204 E.00856
SET_VELOCITY_LIMIT ACCEL=6000 ACCEL_TO_DECEL=3000 SQUARE_CORNER_VELOCITY=12
;TYPE:Gap infill
;WIDTH:0.177458
G1 X137.394 Y123.319 E.00158
SET_VELOCITY_LIMIT ACCEL=3000 ACCEL_TO_DECEL=1500 SQUARE_CORNER_VELOCITY=8
;TYPE:Top surface
;WIDTH:0.423514
G1 X137.168 Y123.443 E.008
G1 X137.062 Y123.337 E.00465
G1 X137.21 Y123.079 E.00923
SET_VELOCITY_LIMIT ACCEL=6000 ACCEL_TO_DECEL=3000 SQUARE_CORNER_VELOCITY=12
;TYPE:Gap infill
;WIDTH:0.209158
G1 X137.306 Y123.204 E.00214
SET_VELOCITY_LIMIT ACCEL=3000 ACCEL_TO_DECEL=1500 SQUARE_CORNER_VELOCITY=8
;TYPE:Top surface
;WIDTH:0.423514
G1 X137.062 Y123.337 E.00861
G1 X134.018 Y120.293 E.13353
G1 X134.556 Y120.293 E.01669
G1 X137.036 Y122.773 E.10878
G1 X137.114 Y122.954 E.00609
SET_VELOCITY_LIMIT ACCEL=6000 ACCEL_TO_DECEL=3000 SQUARE_CORNER_VELOCITY=12
;TYPE:Gap infill
;WIDTH:0.222998
G1 X137.21 Y123.079 E.00232
SET_VELOCITY_LIMIT ACCEL=3000 ACCEL_TO_DECEL=1500 SQUARE_CORNER_VELOCITY=8
;TYPE:Top surface
;WIDTH:0.423514
G1 X137.036 Y122.773 E.01091
G1 X136.301 Y121.5 E.04561
G1 X135.88 Y121.078 E.01847
G1 X135.976 Y120.84 E.00796
SET_VELOCITY_LIMIT ACCEL=6000 ACCEL_TO_DECEL=3000 SQUARE_CORNER_VELOCITY=12
;TYPE:Gap infill
;WIDTH:0.109691
G1 X136.099 Y121.001 E.0011
SET_VELOCITY_LIMIT ACCEL=3000 ACCEL_TO_DECEL=1500 SQUARE_CORNER_VELOCITY=8
;TYPE:Top surface
;WIDTH:0.423514
G1 X135.88 Y121.078 E.00722
G1 X135.738 Y120.937 E.00622
G1 X135.853 Y120.68 E.00872
SET_VELOCITY_LIMIT ACCEL=6000 ACCEL_TO_DECEL=3000 SQUARE_CORNER_VELOCITY=12
;TYPE:Gap infill
;WIDTH:0.152735
G1 X135.976 Y120.84 E.00181
SET_VELOCITY_LIMIT ACCEL=3000 ACCEL_TO_DECEL=1500 SQUARE_CORNER_VELOCITY=8
;TYPE:Top surface
;WIDTH:0.423514
G1 X135.738 Y120.937 E.00796
G1 X135.596 Y120.795 E.00622
G1 X135.73 Y120.519 E.00949
SET_VELOCITY_LIMIT ACCEL=6000 ACCEL_TO_DECEL=3000 SQUARE_CORNER_VELOCITY=12
;TYPE:Gap infill
;WIDTH:0.195778
G1 X135.853 Y120.68 E.00252
SET_VELOCITY_LIMIT ACCEL=3000 ACCEL_TO_DECEL=1500 SQUARE_CORNER_VELOCITY=8
;TYPE:Top surface
;WIDTH:0.423514
G1 X135.596 Y120.795 E.00872
G1 X135.455 Y120.653 E.00622
G1 X135.607 Y120.359 E.01027
SET_VELOCITY_LIMIT ACCEL=6000 ACCEL_TO_DECEL=3000 SQUARE_CORNER_VELOCITY=12
;TYPE:Gap infill
;WIDTH:0.238822
G1 X135.73 Y120.519 E.00323
SET_VELOCITY_LIMIT ACCEL=3000 ACCEL_TO_DECEL=1500 SQUARE_CORNER_VELOCITY=8
;TYPE:Top surface
;WIDTH:0.423514
G1 X135.455 Y120.653 E.00949
G1 X135.313 Y120.511 E.00622
G1 X135.484 Y120.199 E.01105
SET_VELOCITY_LIMIT ACCEL=6000 ACCEL_TO_DECEL=3000 SQUARE_CORNER_VELOCITY=12
;TYPE:Gap infill
;WIDTH:0.260344
G1 X135.607 Y120.359 E.00358
SET_VELOCITY_LIMIT ACCEL=3000 ACCEL_TO_DECEL=1500 SQUARE_CORNER_VELOCITY=8
;TYPE:Top surface
;WIDTH:0.423514
G1 X135.313 Y120.511 E.01027
G1 X134.925 Y120.123 E.01702
; stop printing object HexagonalPrism.stl id:0 copy 0
G1 E-.69023 F2400
;WIPE_START
G1 F12000
G1 X135.313 Y120.511 E-.10977
;WIPE_END
G1 Z15.4 F30000
EXCLUDE_OBJECT_END NAME=HexagonalPrism.stl_id_0_copy_0
M106 S0
;TYPE:Custom
; filament end gcode 
G1 X0 Y180 F8000
END_PRINT
M73 P100 R0
; EXECUTABLE_BLOCK_END

; filament used [mm] = 971.83
; filament used [cm3] = 2.34
; filament used [g] = 2.90
; filament cost = 0.06
; total filament used [g] = 2.90
; total filament cost = 0.06
; total layers count = 75
; estimated printing time (normal mode) = 12m 43s
; estimated first layer printing time (normal mode) = 1m 52s

; CONFIG_BLOCK_START
; accel_to_decel_enable = 1
; accel_to_decel_factor = 50%
; activate_air_filtration = 0
; activate_air_filtration_during_print = 1
; activate_air_filtration_on_completion = 1
; activate_chamber_temp_control = 0
; adaptive_bed_mesh_margin = 0
; adaptive_pressure_advance = 0
; adaptive_pressure_advance_bridges = 0
; adaptive_pressure_advance_model = "0,0,0\n0,0,0"
; adaptive_pressure_advance_overhangs = 0
; additional_cooling_fan_speed = 70
; additional_fan_full_speed_layer = 0
; align_infill_direction_to_model = 0
; alternate_extra_wall = 0
; auxiliary_fan = 0
; bbl_calib_mark_logo = 1
; bbl_use_printhost = 0
; bed_custom_model = 
; bed_custom_texture = 
; bed_exclude_area = 0x0
; bed_mesh_max = 99999,99999
; bed_mesh_min = -99999,-99999
; bed_mesh_probe_distance = 50,50
; bed_temperature_formula = by_highest_temp
; before_layer_change_gcode = ;BEFORE_LAYER_CHANGE\n;[layer_z]\nG92 E0\n
; best_object_pos = 0.5,0.5
; bottom_shell_layers = 3
; bottom_shell_thickness = 0
; bottom_solid_infill_flow_ratio = 1
; bottom_surface_density = 100%
; bottom_surface_filament_id = 0
; bottom_surface_pattern = monotonic
; bridge_acceleration = 50%
; bridge_angle = 0
; bridge_density = 100%
; bridge_flow = 0.95
; bridge_line_width = 100%
; bridge_no_support = 0
; bridge_speed = 25
; brim_ears_detection_length = 1
; brim_ears_max_angle = 125
; brim_flow_ratio = 1
; brim_object_gap = 0.1
; brim_type = auto_brim
; brim_use_efc_outline = 0
; brim_width = 5
; calib_flowrate_topinfill_special_order = 0
; chamber_minimal_temperature = 0
; chamber_temperature = 0
; change_extrusion_role_gcode = 
; change_filament_gcode = G2 Z{z_after_toolchange + 0.4} I0.86 J0.86 P1 F10000 ; spiral lift a little from second lift\nG1 X260 Y180 F30000\nG1 Z{z_after_toolchange} F600
; close_additional_fan_first_x_layers = 1
; close_fan_the_first_x_layers = 1
; combine_brims = 0
; complete_print_exhaust_fan_speed = 80
; continuous_print_max_join_distance = 2
; continuous_print_mode = 1
; cool_plate_temp = 55
; cool_plate_temp_initial_layer = 55
; cooling_tube_length = 0
; cooling_tube_retraction = 0
; counterbore_hole_bridging = none
; curr_bed_type = High Temp Plate
; default_acceleration = 6000
; default_bed_type = 
; default_filament_colour = ""
; default_filament_profile = "Creality Generic PLA @Hi-all"
; default_jerk = 12
; default_junction_deviation = 0
; default_nozzle_volume_type = Standard
; default_print_profile = 0.20mm Standard @Creality Hi
; deretraction_speed = 40
; detect_narrow_internal_solid_infill = 1
; detect_overhang_wall = 1
; detect_thin_wall = 0
; different_settings_to_system = continuous_print_mode;sparse_infill_pattern;top_surface_pattern;wall_loops;;
; disable_m73 = 0
; dont_filter_internal_bridges = disabled
; dont_slow_down_outer_wall = 0
; draft_shield = disabled
; during_print_exhaust_fan_speed = 60
; elefant_foot_compensation = 0.15
; elefant_foot_compensation_layers = 1
; elefant_foot_layers_density = 100%
; emit_machine_limits_to_gcode = 1
; enable_arc_fitting = 1
; enable_extra_bridge_layer = disabled
; enable_filament_ramming = 0
; enable_long_retraction_when_cut = 0
; enable_overhang_bridge_fan = 1
; enable_overhang_speed = 1
; enable_power_loss_recovery = printer_configuration
; enable_pressure_advance = 0
; enable_prime_tower = 0
; enable_support = 0
; enable_tower_interface_cooldown_during_tower = 0
; enable_tower_interface_features = 0
; enable_wrapping_detection = 0
; enforce_support_layers = 0
; eng_plate_temp = 55
; eng_plate_temp_initial_layer = 55
; ensure_vertical_shell_thickness = ensure_all
; exclude_object = 1
; extra_loading_move = 0
; extra_perimeters_on_overhangs = 0
; extra_solid_infills = 
; extruder_ams_count = 1#0|4#0;1#0|4#0
; extruder_clearance_height_to_lid = 20
; extruder_clearance_height_to_rod = 27
; extruder_clearance_radius = 55
; extruder_colour = #D57E0B
; extruder_offset = 0x0
; extruder_printable_area = 
; extruder_printable_height = 0
; extruder_type = Direct Drive
; extruder_variant_list = "Direct Drive Standard"
; extrusion_rate_smoothing_external_perimeter_only = 0
; fan_cooling_layer_time = 100
; fan_kickstart = 0
; fan_max_speed = 100
; fan_min_speed = 100
; fan_speedup_overhangs = 1
; fan_speedup_time = 0
; filament_adaptive_volumetric_speed = 0
; filament_adhesiveness_category = 0
; filament_change_extrusion_role_gcode = ""
; filament_change_length = 10
; filament_colour = #D57E0B
; filament_colour_type = 1
; filament_cooling_before_tower = 10
; filament_cooling_final_speed = 3.4
; filament_cooling_initial_speed = 2.2
; filament_cooling_moves = 4
; filament_cost = 20
; filament_density = 1.24
; filament_diameter = 1.75
; filament_end_gcode = "; filament end gcode \n"
; filament_extruder_variant = "Direct Drive Standard"
; filament_flow_ratio = 0.98
; filament_flush_temp = 0
; filament_flush_volumetric_speed = 0
; filament_ids = GFL99
; filament_is_support = 0
; filament_loading_speed = 28
; filament_loading_speed_start = 3
; filament_map = 1
; filament_map_mode = Auto For Flush
; filament_max_volumetric_speed = 18
; filament_minimal_purge_on_wipe_tower = 15
; filament_multi_colour = #D57E0B
; filament_multitool_ramming = 0
; filament_multitool_ramming_flow = 0
; filament_multitool_ramming_volume = 0
; filament_notes = ""
; filament_printable = 3
; filament_ramming_parameters = "120 100 6.6 6.8 7.2 7.6 7.9 8.2 8.7 9.4 9.9 10.0| 0.05 6.6 0.45 6.8 0.95 7.8 1.45 8.3 1.95 9.7 2.45 10 2.95 7.6 3.45 7.6 3.95 7.6 4.45 7.6 4.95 7.6"
; filament_retract_when_changing_layer = 0
; filament_self_index = 1
; filament_settings_id = "Creality Generic PLA @Hi-all"
; filament_shrink = 100%
; filament_shrinkage_compensation_z = 100%
; filament_soluble = 0
; filament_stamping_distance = 0
; filament_stamping_loading_speed = 0
; filament_start_gcode = "; filament start gcode\n{if (position[2] > first_layer_height) }\nM104 S[nozzle_temperature]\n{else}\nM104 S[first_layer_temperature]\n{endif}\n"
; filament_toolchange_delay = 0
; filament_tower_interface_pre_extrusion_dist = 10
; filament_tower_interface_pre_extrusion_length = 0
; filament_tower_interface_print_temp = -1
; filament_tower_interface_purge_volume = 20
; filament_tower_ironing_area = 4
; filament_type = PLA
; filament_unloading_speed = 90
; filament_unloading_speed_start = 100
; filament_vendor = Generic
; file_start_gcode = 
; filename_format = {input_filename_base}_{filament_type[initial_tool]}_{print_time}.gcode
; fill_multiline = 1
; filter_out_gap_fill = 0
; first_layer_flow_ratio = 1
; first_layer_print_sequence = 0
; first_x_layer_fan_speed = 0
; flashforge_serial_number = 
; flush_into_infill = 0
; flush_into_objects = 0
; flush_into_support = 1
; flush_multiplier = 0.3
; flush_volumes_matrix = 0
; flush_volumes_vector = 140,140
; full_fan_speed_layer = 0
; fuzzy_skin = none
; fuzzy_skin_first_layer = 0
; fuzzy_skin_layers_between_ripple_offset = 1
; fuzzy_skin_mode = displacement
; fuzzy_skin_noise_type = classic
; fuzzy_skin_octaves = 4
; fuzzy_skin_persistence = 0.5
; fuzzy_skin_point_distance = 0.8
; fuzzy_skin_ripple_offset = 50%
; fuzzy_skin_ripples_per_layer = 15
; fuzzy_skin_scale = 1
; fuzzy_skin_thickness = 0.3
; gap_fill_flow_ratio = 1
; gap_fill_target = everywhere
; gap_infill_speed = 250
; gcode_add_line_number = 0
; gcode_comments = 0
; gcode_flavor = klipper
; gcode_label_objects = 1
; grab_length = 0
; gyroid_optimized = 0
; has_scarf_joint_seam = 0
; head_wrap_detect_zone = 
; high_current_on_filament_swap = 0
; hole_to_polyhole = 0
; hole_to_polyhole_threshold = 0.01
; hole_to_polyhole_twisted = 1
; host_type = octoprint
; hot_plate_temp = 55
; hot_plate_temp_initial_layer = 55
; idle_temperature = 0
; independent_support_layer_height = 1
; infill_anchor = 400%
; infill_anchor_max = 20
; infill_combination = 0
; infill_combination_max_layer_height = 100%
; infill_direction = 45
; infill_jerk = 12
; infill_lock_depth = 1
; infill_overhang_angle = 60
; infill_shift_step = 0.4
; infill_wall_overlap = 30%
; inherits_group = ;;
; initial_layer_acceleration = 2000
; initial_layer_infill_speed = 60
; initial_layer_jerk = 8
; initial_layer_line_width = 0.5
; initial_layer_min_bead_width = 85%
; initial_layer_print_height = 0.2
; initial_layer_speed = 60
; initial_layer_travel_acceleration = 100%
; initial_layer_travel_jerk = 100%
; initial_layer_travel_speed = 100%
; inner_wall_acceleration = 6000
; inner_wall_filament_id = 0
; inner_wall_flow_ratio = 1
; inner_wall_jerk = 8
; inner_wall_line_width = 0.45
; inner_wall_speed = 300
; input_shaping_damp_x = 0.1
; input_shaping_damp_y = 0.1
; input_shaping_emit = 0
; input_shaping_freq_x = 0
; input_shaping_freq_y = 0
; input_shaping_type = Default
; interface_shells = 0
; interlocking_beam = 0
; interlocking_beam_layer_count = 2
; interlocking_beam_width = 0.8
; interlocking_boundary_avoidance = 2
; interlocking_depth = 2
; interlocking_orientation = 22.5
; internal_bridge_angle = 0
; internal_bridge_density = 100%
; internal_bridge_fan_speed = -1
; internal_bridge_flow = 1
; internal_bridge_speed = 50
; internal_solid_filament_id = 0
; internal_solid_infill_acceleration = 80%
; internal_solid_infill_flow_ratio = 1
; internal_solid_infill_line_width = 0.42
; internal_solid_infill_pattern = monotonic
; internal_solid_infill_speed = 250
; ironing_angle = 90
; ironing_angle_fixed = 0
; ironing_expansion = 0
; ironing_fan_speed = -1
; ironing_flow = 10%
; ironing_inset = 0
; ironing_pattern = rectilinear
; ironing_spacing = 0.15
; ironing_speed = 30
; ironing_type = no ironing
; is_infill_first = 0
; lateral_lattice_angle_1 = -45
; lateral_lattice_angle_2 = 45
; layer_change_gcode = ;AFTER_LAYER_CHANGE\n;[layer_z]
; layer_height = 0.2
; lightning_overhang_angle = 45
; lightning_prune_angle = 45
; lightning_straightening_angle = 45
; line_width = 0.42
; long_retractions_when_cut = 0
; long_retractions_when_ec = 0
; machine_end_gcode = G1 X0 Y180 F8000\nEND_PRINT
; machine_load_filament_time = 105
; machine_max_acceleration_e = 5000,5000
; machine_max_acceleration_extruding = 12000,12000
; machine_max_acceleration_retracting = 5000,5000
; machine_max_acceleration_travel = 20000,20000
; machine_max_acceleration_x = 12000,12000
; machine_max_acceleration_y = 12000,12000
; machine_max_acceleration_z = 500,500
; machine_max_jerk_e = 2.5,2.5
; machine_max_jerk_x = 12,12
; machine_max_jerk_y = 12,12
; machine_max_jerk_z = 2,2
; machine_max_junction_deviation = 0.01
; machine_max_speed_e = 50,50
; machine_max_speed_x = 300,300
; machine_max_speed_y = 300,300
; machine_max_speed_z = 20,20
; machine_min_extruding_rate = 0,0
; machine_min_travel_rate = 0,0
; machine_pause_gcode = PAUSE
; machine_start_gcode = M140 S0\nM104 S0 \nSTART_PRINT EXTRUDER_TEMP=[nozzle_temperature_initial_layer] BED_TEMP=[bed_temperature_initial_layer_single]\nT[initial_no_support_extruder]\nM104 S[nozzle_temperature_initial_layer]\nM204 S2000\nG1 Z3 F600\nM83\nG1 Y150 F12000\nG1 X0 F12000\nG1 Z0.2 F600\nG1 X0 Y150 F6000\nG1 E0.8 F300\nG1 X0 Y0 E9 F{filament_max_volumetric_speed[initial_extruder]/0.3*60}\nG1 X150 Y0 E9 F{filament_max_volumetric_speed[initial_extruder]/0.3*60}\nG92 E0\nG1 Z1 F600
; machine_tool_change_time = 0
; machine_unload_filament_time = 0
; make_overhang_printable = 0
; make_overhang_printable_angle = 55
; make_overhang_printable_hole_size = 0
; manual_filament_change = 0
; master_extruder_id = 1
; max_bridge_length = 10
; max_layer_height = 0.32
; max_resonance_avoidance_speed = 120
; max_travel_detour_distance = 0
; max_volumetric_extrusion_rate_slope = 0
; max_volumetric_extrusion_rate_slope_segment_length = 3
; min_bead_width = 85%
; min_feature_size = 25%
; min_layer_height = 0.08
; min_length_factor = 0.5
; min_resonance_avoidance_speed = 70
; min_skirt_length = 0
; min_width_top_surface = 300%
; minimum_sparse_infill_area = 15
; mmu_segmented_region_interlocking_depth = 0
; mmu_segmented_region_max_width = 0
; notes = 
; nozzle_diameter = 0.4
; nozzle_flush_dataset = 0
; nozzle_height = 2.5
; nozzle_hrc = 0
; nozzle_temperature = 220
; nozzle_temperature_initial_layer = 220
; nozzle_temperature_range_high = 230
; nozzle_temperature_range_low = 190
; nozzle_type = hardened_steel
; nozzle_volume = 183
; nozzle_volume_type = Standard
; only_one_wall_first_layer = 0
; only_one_wall_top = 1
; ooze_prevention = 0
; other_layers_print_sequence = 0
; other_layers_print_sequence_nums = 0
; outer_wall_acceleration = 5000
; outer_wall_filament_id = 0
; outer_wall_flow_ratio = 1
; outer_wall_jerk = 8
; outer_wall_line_width = 0.42
; outer_wall_speed = 150
; overhang_1_4_speed = 0
; overhang_2_4_speed = 50
; overhang_3_4_speed = 30
; overhang_4_4_speed = 10
; overhang_fan_speed = 100
; overhang_fan_threshold = 50%
; overhang_flow_ratio = 1
; overhang_reverse = 0
; overhang_reverse_internal_only = 0
; overhang_reverse_threshold = 50%
; parallel_printheads_bed_exclude_areas = 
; parallel_printheads_count = 1
; parking_pos_retraction = 0
; part_cooling_fan_min_pwm = 0
; pellet_flow_coefficient = 0.4157
; pellet_modded_printer = 0
; physical_extruder_map = 0
; post_process = 
; precise_outer_wall = 1
; precise_z_height = 0
; preferred_orientation = 0
; preheat_steps = 1
; preheat_time = 30
; pressure_advance = 0.02
; prime_tower_brim_width = 3
; prime_tower_enable_framework = 0
; prime_tower_flat_ironing = 0
; prime_tower_infill_gap = 150%
; prime_tower_skip_points = 1
; prime_tower_width = 60
; prime_volume = 45
; print_compatible_printers = "Creality Hi 0.4 nozzle"
; print_extruder_id = 1
; print_extruder_variant = "Direct Drive Standard"
; print_flow_ratio = 1
; print_order = default
; print_sequence = by layer
; print_settings_id = 0.20mm Standard @Creality Hi
; printable_area = 0x0,260x0,260x260,0x260
; printable_height = 300
; printer_agent = 
; printer_extruder_id = 1
; printer_extruder_variant = "Direct Drive Standard"
; printer_model = Creality Hi
; printer_notes = 
; printer_settings_id = Creality Hi 0.4 nozzle
; printer_structure = i3
; printer_technology = FFF
; printer_variant = 0.4
; printhost_authorization_type = key
; printhost_ssl_ignore_revoke = 0
; printing_by_object_gcode = 
; process_change_extrusion_role_gcode = 
; purge_in_prime_tower = 0
; raft_contact_distance = 0.1
; raft_expansion = 1.5
; raft_first_layer_density = 90%
; raft_first_layer_expansion = 2
; raft_layers = 0
; reduce_crossing_wall = 0
; reduce_fan_stop_start_freq = 1
; reduce_infill_retraction = 1
; relative_bridge_angle = 0
; required_nozzle_HRC = 0
; resolution = 0.012
; resonance_avoidance = 0
; retract_before_wipe = 70%
; retract_length_toolchange = 0
; retract_lift_above = 0
; retract_lift_below = 299
; retract_lift_enforce = All Surfaces
; retract_restart_extra = 0
; retract_restart_extra_toolchange = 0
; retract_when_changing_layer = 0
; retraction_distances_when_cut = 18
; retraction_distances_when_ec = 10
; retraction_length = 0.8
; retraction_minimum_travel = 0.5
; retraction_speed = 40
; role_based_wipe_speed = 1
; scan_first_layer = 0
; scarf_angle_threshold = 155
; scarf_joint_flow_ratio = 1
; scarf_joint_speed = 100%
; scarf_overhang_threshold = 40%
; seam_gap = 15%
; seam_position = aligned
; seam_slope_conditional = 0
; seam_slope_entire_loop = 0
; seam_slope_inner_walls = 0
; seam_slope_min_length = 20
; seam_slope_start_height = 0
; seam_slope_steps = 10
; seam_slope_type = none
; set_other_flow_ratios = 0
; silent_mode = 0
; single_extruder_multi_material = 1
; single_extruder_multi_material_priming = 0
; single_loop_draft_shield = 0
; skeleton_infill_density = 25%
; skeleton_infill_line_width = 100%
; skin_infill_density = 25%
; skin_infill_depth = 2
; skin_infill_line_width = 100%
; skirt_distance = 2
; skirt_height = 1
; skirt_loops = 0
; skirt_speed = 50
; skirt_start_angle = -135
; skirt_type = combined
; slice_closing_radius = 0.049
; slicing_mode = regular
; slow_down_for_layer_cooling = 1
; slow_down_layer_time = 8
; slow_down_layers = 0
; slow_down_min_speed = 20
; slowdown_for_curled_perimeters = 0
; small_area_infill_flow_compensation = 0
; small_area_infill_flow_compensation_model = 0,0;"\n0.2,0.4444";"\n0.4,0.6145";"\n0.6,0.7059";"\n0.8,0.7619";"\n1.5,0.8571";"\n2,0.8889";"\n3,0.9231";"\n5,0.9520";"\n10,1"
; small_perimeter_speed = 50%
; small_perimeter_threshold = 0
; solid_infill_direction = 45
; solid_infill_rotate_template = 
; sparse_infill_acceleration = 100%
; sparse_infill_density = 15%
; sparse_infill_filament_id = 0
; sparse_infill_flow_ratio = 1
; sparse_infill_line_width = 0.45
; sparse_infill_pattern = alignedrectilinear
; sparse_infill_rotate_template = 
; sparse_infill_speed = 270
; spiral_finishing_flow_ratio = 0
; spiral_mode = 0
; spiral_mode_max_xy_smoothing = 200%
; spiral_mode_smooth = 0
; spiral_starting_flow_ratio = 0
; staggered_inner_seams = 1
; standby_temperature_delta = -5
; start_end_points = 30x-3,54x245
; supertack_plate_temp = 35
; supertack_plate_temp_initial_layer = 35
; support_air_filtration = 0
; support_angle = 0
; support_base_pattern = rectilinear
; support_base_pattern_spacing = 2.5
; support_bottom_interface_spacing = 0.5
; support_bottom_z_distance = 0.2
; support_chamber_temp_control = 1
; support_critical_regions_only = 0
; support_expansion = 0
; support_filament = 0
; support_flow_ratio = 1
; support_interface_bottom_layers = 2
; support_interface_filament = 0
; support_interface_flow_ratio = 1
; support_interface_loop_pattern = 0
; support_interface_not_for_body = 1
; support_interface_pattern = auto
; support_interface_spacing = 0.5
; support_interface_speed = 80
; support_interface_top_layers = 2
; support_ironing = 0
; support_ironing_flow = 10%
; support_ironing_pattern = rectilinear
; support_ironing_spacing = 0.1
; support_line_width = 0.4
; support_material_interface_fan_speed = -1
; support_multi_bed_types = 1
; support_object_first_layer_gap = 0.2
; support_object_skip_flush = 0
; support_object_xy_distance = 0.35
; support_on_build_plate_only = 0
; support_parallel_printheads = 0
; support_remove_small_overhang = 1
; support_speed = 150
; support_style = default
; support_threshold_angle = 30
; support_threshold_overlap = 50%
; support_top_z_distance = 0.2
; support_type = normal(auto)
; symmetric_infill_y_axis = 0
; temperature_vitrification = 60
; template_custom_gcode = 
; textured_cool_plate_temp = 40
; textured_cool_plate_temp_initial_layer = 40
; textured_plate_temp = 55
; textured_plate_temp_initial_layer = 55
; thick_bridges = 0
; thick_internal_bridges = 1
; thumbnails = 96x96/PNG, 300x300/PNG
; thumbnails_format = PNG
; time_cost = 0
; time_lapse_gcode = {if !spiral_mode && print_sequence != \"by object\" && layer_num != 0}\n;don't support timelapse gcode in spiral_mode and by object sequence for I3 structure printer\n;time lapse begin\nM5001 G92 E0\nM5001 G17\nM5001 G2 Z{layer_z + 0.4} I0.86 J0.86 P1 F20000 ; spiral lift a little\nM5001 G1 X0 Y180 F24000 ; move to safe pos\nM5001 P15\nM5001 M400 P300\nM5001 G92 E0\n;time lapse end\n{endif}
; timelapse_type = 0
; tool_change_on_wipe_tower = 0
; top_bottom_infill_wall_overlap = 25%
; top_shell_layers = 5
; top_shell_thickness = 0.8
; top_solid_infill_flow_ratio = 1
; top_surface_acceleration = 3000
; top_surface_density = 100%
; top_surface_filament_id = 0
; top_surface_jerk = 8
; top_surface_line_width = 0.42
; top_surface_pattern = monotonic
; top_surface_speed = 200
; travel_acceleration = 6000
; travel_jerk = 12
; travel_slope = 3
; travel_speed = 500
; travel_speed_z = 0
; tree_support_angle_slow = 25
; tree_support_auto_brim = 1
; tree_support_branch_angle = 45
; tree_support_branch_angle_organic = 40
; tree_support_branch_diameter = 2
; tree_support_branch_diameter_angle = 5
; tree_support_branch_diameter_organic = 2
; tree_support_branch_distance = 5
; tree_support_branch_distance_organic = 1
; tree_support_brim_width = 3
; tree_support_tip_diameter = 0.8
; tree_support_top_rate = 30%
; tree_support_wall_count = 0
; upward_compatible_machine = 
; use_3mf = 0
; use_firmware_retraction = 0
; use_relative_e_distances = 1
; volumetric_speed_coefficients = ""
; wall_direction = ccw
; wall_distribution_count = 1
; wall_generator = classic
; wall_loops = 3
; wall_maximum_deviation = 0.025
; wall_maximum_resolution = 0.5
; wall_sequence = inner wall/outer wall
; wall_transition_angle = 10
; wall_transition_filter_deviation = 25%
; wall_transition_length = 100%
; wipe = 1
; wipe_before_external_loop = 0
; wipe_distance = 2
; wipe_on_loops = 0
; wipe_speed = 80%
; wipe_tower_bridging = 10
; wipe_tower_cone_angle = 10
; wipe_tower_extra_flow = 100%
; wipe_tower_extra_rib_length = 0
; wipe_tower_extra_spacing = 100%
; wipe_tower_filament = 0
; wipe_tower_fillet_wall = 1
; wipe_tower_max_purge_speed = 90
; wipe_tower_no_sparse_layers = 0
; wipe_tower_rib_width = 8
; wipe_tower_rotation_angle = 0
; wipe_tower_type = type2
; wipe_tower_wall_type = rib
; wipe_tower_x = 4.000
; wipe_tower_x = 4
; wipe_tower_y = 231.972
; wipe_tower_y = 231.972
; wiping_volumes_extruders = 70,70,70,70,70,70,70,70,70,70
; wrapping_detection_gcode = 
; wrapping_detection_layers = 20
; wrapping_exclude_area = 
; xy_contour_compensation = 0
; xy_hole_compensation = 0
; z_hop = 0.4
; z_hop_types = Auto Lift
; z_offset = 0
; zaa_dont_alternate_fill_direction = 0
; zaa_enabled = 0
; zaa_min_z = 0.05
; zaa_minimize_perimeter_height = 35
; first_layer_bed_temperature = 55
; bed_shape = 0x0,260x0,260x260,0x260
; first_layer_temperature = 220
; first_layer_height = 0.200
; CONFIG_BLOCK_END


