; HEADER_BLOCK_START
; generated by OrcaSlicer 2.4.2 on 2026-09-14 at 09:16:42
; total layer number: 130
; filament_density: 1.24
; filament_diameter: 1.75
; max_z_height: 26.00
; filament: 1
; HEADER_BLOCK_END

; external perimeters extrusion width = 0.42mm
; perimeters extrusion width = 0.45mm
; infill extrusion width = 0.45mm
; solid infill extrusion width = 0.42mm
; top infill extrusion width = 0.42mm
; first layer extrusion width = 0.50mm

; EXECUTABLE_BLOCK_START
EXCLUDE_OBJECT_DEFINE NAME=圆柱体_id_0_copy_0 CENTER=129.826,130 POLYGON=[[116.826,130],[116.834,129.546],[116.858,129.093],[116.897,128.641],[116.952,128.191],[117.023,127.743],[117.11,127.297],[117.212,126.855],[117.33,126.417],[117.462,125.983],[117.61,125.554],[117.773,125.13],[117.95,124.712],[118.142,124.301],[118.348,123.897],[118.568,123.5],[118.801,123.111],[119.048,122.73],[119.309,122.359],[119.582,121.996],[119.867,121.644],[120.165,121.301],[120.475,120.969],[120.795,120.649],[121.127,120.339],[121.47,120.041],[121.822,119.756],[122.185,119.483],[122.556,119.223],[122.937,118.975],[123.326,118.742],[123.723,118.522],[124.127,118.316],[124.538,118.124],[124.956,117.947],[125.38,117.784],[125.809,117.636],[126.243,117.504],[126.681,117.386],[127.123,117.284],[127.569,117.197],[128.017,117.127],[128.467,117.071],[128.919,117.032],[129.372,117.008],[129.826,117],[130.28,117.008],[130.733,117.032],[131.185,117.071],[131.635,117.127],[132.083,117.197],[132.529,117.284],[132.971,117.386],[133.409,117.504],[133.843,117.636],[134.272,117.784],[134.696,117.947],[135.114,118.124],[135.525,118.316],[135.929,118.522],[136.326,118.742],[136.715,118.975],[137.095,119.223],[137.467,119.483],[137.83,119.756],[138.182,120.041],[138.525,120.339],[138.857,120.649],[139.177,120.969],[139.487,121.301],[139.785,121.644],[140.07,121.996],[140.343,122.359],[140.603,122.73],[140.851,123.111],[141.084,123.5],[141.304,123.897],[141.51,124.301],[141.702,124.712],[141.879,125.13],[142.042,125.554],[142.19,125.983],[142.322,126.417],[142.44,126.855],[142.542,127.297],[142.628,127.743],[142.699,128.191],[142.755,128.641],[142.794,129.093],[142.818,129.546],[142.826,130],[142.818,130.454],[142.794,130.907],[142.755,131.359],[142.699,131.809],[142.628,132.257],[142.542,132.703],[142.44,133.145],[142.322,133.583],[142.19,134.017],[142.042,134.446],[141.879,134.87],[141.702,135.288],[141.51,135.699],[141.304,136.103],[141.084,136.5],[140.851,136.889],[140.603,137.27],[140.343,137.641],[140.07,138.004],[139.785,138.356],[139.487,138.699],[139.177,139.031],[138.857,139.351],[138.525,139.661],[138.182,139.959],[137.83,140.244],[137.467,140.517],[137.095,140.777],[136.715,141.025],[136.326,141.258],[135.929,141.478],[135.525,141.684],[135.114,141.876],[134.696,142.053],[134.272,142.216],[133.843,142.364],[133.409,142.496],[132.971,142.614],[132.529,142.716],[132.083,142.803],[131.635,142.873],[131.185,142.929],[130.733,142.968],[130.28,142.992],[129.826,143],[129.372,142.992],[128.919,142.968],[128.467,142.929],[128.017,142.873],[127.569,142.802],[127.123,142.716],[126.681,142.614],[126.243,142.496],[125.809,142.364],[125.38,142.216],[124.956,142.053],[124.538,141.876],[124.127,141.684],[123.723,141.478],[123.326,141.258],[122.937,141.025],[122.556,140.777],[122.185,140.517],[121.822,140.244],[121.47,139.959],[121.127,139.661],[120.795,139.351],[120.475,139.031],[120.165,138.699],[119.867,138.356],[119.582,138.004],[119.309,137.641],[119.048,137.27],[118.801,136.889],[118.568,136.5],[118.348,136.103],[118.142,135.699],[117.95,135.288],[117.773,134.87],[117.61,134.446],[117.462,134.017],[117.33,133.583],[117.212,133.145],[117.11,132.703],[117.023,132.257],[116.952,131.809],[116.897,131.359],[116.858,130.907],[116.834,130.454],[116.826,130]]
M73 P0 R22
;TYPE:Custom
M140 S0
M104 S0 
START_PRINT EXTRUDER_TEMP=220 BED_TEMP=55
T0
M104 S220
M204 S2000
G1 Z3 F600
M83
G1 Y150 F12000
M73 P7 R20
G1 X0 F12000
G1 Z0.2 F600
G1 X0 Y150 F6000
M73 P8 R20
G1 E0.8 F300
G1 X0 Y0 E9 F3600
G1 X150 Y0 E9 F3600
G92 E0
G1 Z1 F600
G90
G21
M83 ; use relative distances for extrusion
; filament start gcode

M104 S220

M106 S0
;LAYER_CHANGE
;Z:0.2
;HEIGHT:0.2
;BEFORE_LAYER_CHANGE
;0.2
G92 E0

G1 E-.8 F2400

;AFTER_LAYER_CHANGE
;0.2
;_SET_FAN_SPEED_CHANGING_LAYER
SET_VELOCITY_LIMIT ACCEL=2000 ACCEL_TO_DECEL=1000
SET_VELOCITY_LIMIT SQUARE_CORNER_VELOCITY=8
; printing object 圆柱体 id:0 copy 0
SET_VELOCITY_LIMIT ACCEL=6000 ACCEL_TO_DECEL=3000 SQUARE_CORNER_VELOCITY=12
EXCLUDE_OBJECT_START NAME=圆柱体_id_0_copy_0
G1 X126.245 Y141.071 F30000
G1 Z.6
G1 Z.2
G1 E.8 F2400
SET_VELOCITY_LIMIT ACCEL=2000 ACCEL_TO_DECEL=1000 SQUARE_CORNER_VELOCITY=8
;TYPE:Inner wall
;WIDTH:0.5
G1 F3600
G1 X125.845 Y140.939 E.01569
G3 X129.828 Y118.357 I3.982 J-10.94 E1.21089
G1 X130.232 Y118.364 E.01507
G3 X126.617 Y141.19 I-.405 J11.635 E1.46824
G1 X126.302 Y141.089 E.01235
SET_VELOCITY_LIMIT ACCEL=6000 ACCEL_TO_DECEL=3000 SQUARE_CORNER_VELOCITY=12
G1 E-.56 F2400
;WIPE_START
G1 F3600
G1 X125.845 Y140.939 E-.05775
G1 X125.09 Y140.636 E-.09752
G1 X124.456 Y140.327 E-.08474
;WIPE_END
G1 X126.417 Y141.607 Z.6 F30000
G1 Z.2
G1 E.8 F2400
SET_VELOCITY_LIMIT ACCEL=2000 ACCEL_TO_DECEL=1000 SQUARE_CORNER_VELOCITY=8
G1 F3600
G1 X125.688 Y141.368 E.02856
G3 X129.828 Y117.9 I4.139 J-11.369 E1.25843
G1 X130.248 Y117.908 E.01567
G3 X126.491 Y141.629 I-.421 J12.092 E1.52589
G1 X126.474 Y141.624 E.00066
SET_VELOCITY_LIMIT ACCEL=6000 ACCEL_TO_DECEL=3000 SQUARE_CORNER_VELOCITY=12
G1 E-.56 F2400
;WIPE_START
G1 F3600
G1 X125.688 Y141.368 E-.09921
G1 X124.904 Y141.054 E-.10134
G1 X124.609 Y140.91 E-.03945
;WIPE_END
G1 X126.778 Y142.224 Z.6 F30000
G1 Z.2
G1 E.8 F2400
SET_VELOCITY_LIMIT ACCEL=2000 ACCEL_TO_DECEL=1000 SQUARE_CORNER_VELOCITY=8
;TYPE:Outer wall
G1 F3600
G3 X129.828 Y117.4 I3.049 J-12.225 E1.35958
G1 X130.266 Y117.408 E.01632
G3 X126.836 Y142.238 I-.439 J12.591 E1.57034
G1 E-.56 F2400
;WIPE_START
G1 F3600
G1 X126.353 Y142.112 E-.05996
G1 X125.517 Y141.84 E-.10554
G1 X124.941 Y141.608 E-.0745
;WIPE_END
G17
G3 Z.6 I1.217 J0 P1  F30000

SET_VELOCITY_LIMIT ACCEL=6000 ACCEL_TO_DECEL=3000 SQUARE_CORNER_VELOCITY=12
G1 X139.333 Y123.532
G1 Z.2
G1 E.8 F2400
SET_VELOCITY_LIMIT ACCEL=2000 ACCEL_TO_DECEL=1000 SQUARE_CORNER_VELOCITY=8
;TYPE:Bottom surface
;WIDTH:0.503984
G1 F3600
G1 X137.648 Y121.847 E.08953
G2 X135.235 Y120.086 I-7.584 J7.859 E.11257
G1 X139.74 Y124.591 E.23935
G3 X140.317 Y125.82 I-7.921 J4.469 E.05106
G1 X133.995 Y119.499 E.33587
G2 X133.003 Y119.158 I-3.742 J9.297 E.03943
G1 X140.668 Y126.823 E.40723
G3 X140.879 Y127.687 I-8.583 J2.562 E.03343
G1 X132.139 Y118.947 E.46438
G2 X131.344 Y118.803 I-2.117 J9.475 E.03037
G1 X141.023 Y128.482 E.51424
G3 X141.091 Y129.202 I-6.849 J1.01 E.02719
G1 X130.624 Y118.735 E.55611
G2 X129.944 Y118.707 I-.542 J4.849 E.0256
G1 X141.119 Y129.882 E.59376
G3 X141.11 Y130.525 I-4.601 J.256 E.02418
G1 X129.299 Y118.714 E.62756
G2 X128.696 Y118.764 I.173 J5.77 E.02272
G1 X141.067 Y131.134 E.6573
G3 X140.991 Y131.711 I-8.789 J-.861 E.02184
M73 P9 R20
G1 X128.113 Y118.832 E.68427
G2 X127.564 Y118.936 I.712 J5.291 E.02099
G1 X140.894 Y132.265 E.70824
G3 X140.773 Y132.797 I-10.683 J-2.138 E.02048
G1 X127.029 Y119.053 E.73027
G2 X126.523 Y119.199 I1.14 J4.886 E.01979
G1 X140.627 Y133.302 E.74936
G1 X140.467 Y133.795 E.01944
G1 X126.031 Y119.359 E.76701
G2 X125.563 Y119.543 I1.079 J3.441 E.01892
G1 X140.283 Y134.263 E.78214
G3 X140.088 Y134.72 I-3.366 J-1.166 E.01868
G1 X125.104 Y119.736 E.79616
G2 X124.669 Y119.952 I1.848 J4.263 E.01828
G1 X139.875 Y135.158 E.80794
G3 X139.648 Y135.584 I-4.165 J-1.939 E.01813
G1 X124.243 Y120.179 E.81854
G2 X123.838 Y120.426 I1.563 J3.021 E.01784
G1 X139.4 Y135.988 E.82689
G3 X139.147 Y136.386 I-3.929 J-2.224 E.01775
G1 X123.44 Y120.679 E.83457
G2 X123.06 Y120.952 I3.712 J5.573 E.01756
G1 X138.874 Y136.766 E.84026
G3 X138.585 Y137.129 I-3.611 J-2.573 E.01744
G1 X122.697 Y121.241 E.84423
G1 X122.342 Y121.538 E.01739
G1 X138.288 Y137.484 E.84726
G3 X137.977 Y137.825 I-3.402 J-2.787 E.01735
G1 X122.001 Y121.849 E.84887
G2 X121.679 Y122.179 I2.994 J3.233 E.01733
G1 X137.647 Y138.147 E.84839
G3 X137.31 Y138.462 I-2.424 J-2.251 E.01735
G1 X121.363 Y122.515 E.84733
G2 X121.066 Y122.87 I3.231 J3.002 E.0174
G1 X136.955 Y138.759 E.84426
G3 X136.589 Y139.045 I-2.226 J-2.477 E.01747
G1 X120.78 Y123.236 E.83999
G2 X120.509 Y123.618 I2.593 J2.124 E.01759
G1 X136.211 Y139.32 E.83429
G3 X135.819 Y139.579 I-2.676 J-3.611 E.01768
G1 X120.247 Y124.007 E.82741
G2 X120.008 Y124.42 I2.835 J1.916 E.01794
G1 X135.409 Y139.821 E.81832
G1 X134.983 Y140.048 E.01811
G1 X119.775 Y124.84 E.80806
G2 X119.565 Y125.282 I4.112 J2.224 E.0184
M73 P9 R19
G1 X134.548 Y140.264 E.79608
G3 X134.089 Y140.457 I-2.072 J-4.284 E.01872
G1 X119.364 Y125.733 E.78236
G2 X119.185 Y126.205 I9.814 J3.995 E.019
G1 X133.622 Y140.642 E.76707
G3 X133.128 Y140.801 I-1.761 J-4.626 E.01948
G1 X119.025 Y126.698 E.74936
G2 X118.879 Y127.203 I4.753 J1.65 E.01979
G1 X132.622 Y140.946 E.73021
G3 X132.088 Y141.064 I-1.111 J-3.759 E.02056
G1 X118.758 Y127.735 E.70823
G1 X118.661 Y128.289 E.02115
G1 X131.535 Y141.164 E.68406
G3 X130.961 Y141.242 I-1.035 J-5.436 E.02176
G1 X118.585 Y128.866 E.65759
G1 X118.542 Y129.475 E.02295
G1 X130.353 Y141.286 E.62755
G3 X129.708 Y141.293 I-.388 J-6.152 E.02425
G1 X118.533 Y130.118 E.59376
G2 X118.561 Y130.798 I4.878 J.138 E.0256
G1 X129.028 Y141.265 E.55611
G3 X128.308 Y141.197 I.289 J-6.905 E.02719
M73 P10 R19
G1 X118.629 Y131.518 E.51424
G2 X118.766 Y132.307 I7.592 J-.906 E.03007
G1 X127.519 Y141.06 E.46511
G3 X126.649 Y140.842 I5.684 J-24.468 E.03373
G1 X118.991 Y133.184 E.40687
G2 X119.335 Y134.18 I7.692 J-2.1 E.03963
G1 X125.646 Y140.491 E.3353
G3 X124.429 Y139.926 I5.286 J-12.985 E.05041
G1 X119.912 Y135.409 E.24
G2 X121.674 Y137.823 I9.622 J-5.173 E.1126
G1 X123.383 Y139.532 E.09083
SET_VELOCITY_LIMIT ACCEL=6000 ACCEL_TO_DECEL=3000 SQUARE_CORNER_VELOCITY=12
G1 E-.56 F2400
;WIPE_START
G1 F3600
G1 X121.969 Y138.118 E-.24
;WIPE_END
G1 X119.822 Y135.189 Z.6 F30000
G1 Z.2
G1 E.8 F2400
SET_VELOCITY_LIMIT ACCEL=2000 ACCEL_TO_DECEL=1000 SQUARE_CORNER_VELOCITY=8
;TYPE:Gap infill
;WIDTH:0.259434
G1 F3600
G1 X119.652 Y134.959 E.00505
;WIDTH:0.212071
G1 X119.571 Y134.844 E.00194
;WIDTH:0.16635
G1 X119.491 Y134.728 E.00142
;WIDTH:0.14349
G1 X119.41 Y134.613 E.00115
SET_VELOCITY_LIMIT ACCEL=6000 ACCEL_TO_DECEL=3000 SQUARE_CORNER_VELOCITY=12
G1 E-.70614 F2400
;WIPE_START
G1 F3600
G1 X119.491 Y134.728 E-.09386
;WIPE_END
G1 X123.798 Y139.656 Z.6 F30000
G1 Z.2
G1 E.8 F2400
SET_VELOCITY_LIMIT ACCEL=2000 ACCEL_TO_DECEL=1000 SQUARE_CORNER_VELOCITY=8
;WIDTH:0.114457
G1 F3600
G1 X123.648 Y139.536 E.00112
;WIDTH:0.131144
G1 X123.498 Y139.417 E.00138
SET_VELOCITY_LIMIT ACCEL=6000 ACCEL_TO_DECEL=3000 SQUARE_CORNER_VELOCITY=12
G1 E-.67217 F2400
;WIPE_START
G1 F3600
G1 X123.648 Y139.536 E-.12783
;WIPE_END
G1 X129.099 Y134.194 Z.6 F30000
G1 X139.503 Y123.994 Z.6
G1 Z.2
G1 E.8 F2400
SET_VELOCITY_LIMIT ACCEL=2000 ACCEL_TO_DECEL=1000 SQUARE_CORNER_VELOCITY=8
;WIDTH:0.0986178
G1 F3600
G1 X139.482 Y123.967 E.00016
;WIDTH:0.116435
G1 X139.35 Y123.807 E.00124
;WIDTH:0.133319
G1 X139.218 Y123.647 E.00153
SET_VELOCITY_LIMIT ACCEL=6000 ACCEL_TO_DECEL=3000 SQUARE_CORNER_VELOCITY=12
G1 E-.66176 F2400
;WIPE_START
G1 F3600
G1 X139.35 Y123.807 E-.13824
;WIPE_END
G1 X135.015 Y119.996 Z.6 F30000
G1 Z.2
G1 E.8 F2400
SET_VELOCITY_LIMIT ACCEL=2000 ACCEL_TO_DECEL=1000 SQUARE_CORNER_VELOCITY=8
;WIDTH:0.259899
G1 F3600
G1 X134.787 Y119.828 E.00501
;WIDTH:0.212847
G1 X134.676 Y119.751 E.00188
;WIDTH:0.166817
G1 X134.564 Y119.674 E.00137
;WIDTH:0.143801
G1 X134.452 Y119.598 E.00111
; stop printing object 圆柱体 id:0 copy 0
M106 S255
;LAYER_CHANGE
;Z:0.4
;HEIGHT:0.2
;BEFORE_LAYER_CHANGE
;0.4
G92 E0

G1 E-.70971 F2400
;WIPE_START
G1 F3600
G1 X134.564 Y119.674 E-.09029
;WIPE_END
EXCLUDE_OBJECT_END NAME=圆柱体_id_0_copy_0

;don't support timelapse gcode in spiral_mode and by object sequence for I3 structure printer
;time lapse begin
M5001 G92 E0
M5001 G17
M5001 G2 Z0.8 I0.86 J0.86 P1 F20000 ; spiral lift a little
M5001 G1 X0 Y180 F24000 ; move to safe pos
M5001 P15
M5001 M400 P300
M5001 G92 E0
;time lapse end

;AFTER_LAYER_CHANGE
;0.4
;_SET_FAN_SPEED_CHANGING_LAYER
SET_VELOCITY_LIMIT ACCEL=6000 ACCEL_TO_DECEL=3000
SET_VELOCITY_LIMIT SQUARE_CORNER_VELOCITY=12
M140 S55 ; set bed temperature
; printing object 圆柱体 id:0 copy 0
EXCLUDE_OBJECT_START NAME=圆柱体_id_0_copy_0
G17
G3 Z.8 I-1.139 J-.429 P1  F30000
G1 X126.376 Y141.432 Z.8
G1 Z.4
G1 E.8 F2400
SET_VELOCITY_LIMIT SQUARE_CORNER_VELOCITY=8
;TYPE:Inner wall
;WIDTH:0.45
G1 F11105
G1 X126.135 Y141.361 E.00835
G3 X129.831 Y118.052 I3.694 J-11.361 E1.12052
G1 X130.243 Y118.06 E.01367
G3 X126.936 Y141.591 I-.414 J11.94 E1.32816
G1 X126.434 Y141.449 E.01732
SET_VELOCITY_LIMIT SQUARE_CORNER_VELOCITY=12
G1 X126.405 Y141.864 F30000
SET_VELOCITY_LIMIT SQUARE_CORNER_VELOCITY=8
G1 F11105
G1 X126.009 Y141.748 E.01368
G3 X129.831 Y117.645 I3.82 J-11.749 E1.1587
G1 X130.257 Y117.653 E.01414
G3 X126.838 Y141.986 I-.429 J12.347 E1.37342
G1 X126.462 Y141.88 E.01293
SET_VELOCITY_LIMIT SQUARE_CORNER_VELOCITY=12
G1 E-.56 F2400
;WIPE_START
G1 F13535.936
G1 X126.009 Y141.748 E-.05668
G1 X125.601 Y141.61 E-.05172
G1 X124.801 Y141.287 E-.1035
G1 X124.589 Y141.188 E-.0281
;WIPE_END
G1 X126.733 Y142.41 Z.8 F30000
G1 Z.4
G1 E.8 F2400
SET_VELOCITY_LIMIT ACCEL=5000 ACCEL_TO_DECEL=2500 SQUARE_CORNER_VELOCITY=8
;TYPE:Outer wall
;WIDTH:0.42
G1 F9000
G1 X126.732 Y142.408 E.00008
G3 X129.831 Y117.21 I3.096 J-12.409 E1.13854
G1 X130.272 Y117.218 E.01356
G3 X127.605 Y142.593 I-.444 J12.781 E1.28957
G1 X126.792 Y142.423 E.02555
G1 E-.56 F2400
;WIPE_START
G1 F9000
G1 X126.732 Y142.408 E-.00733
G1 X125.874 Y142.164 E-.10712
G1 X125.452 Y142.019 E-.05356
G1 X124.895 Y141.794 E-.07199
;WIPE_END
G17
G3 Z.8 I1.217 J0 P1  F30000

;don't support timelapse gcode in spiral_mode and by object sequence for I3 structure printer
;time lapse begin
M5001 G92 E0
M5001 G17
M5001 G2 Z0.8 I0.86 J0.86 P1 F20000 ; spiral lift a little
M5001 G1 X0 Y180 F24000 ; move to safe pos
M5001 P15
M5001 M400 P300
M5001 G92 E0
;time lapse end

SET_VELOCITY_LIMIT ACCEL=6000 ACCEL_TO_DECEL=3000 SQUARE_CORNER_VELOCITY=12
G1 X135.402 Y140.447
G1 Z.4
G1 E.8 F2400
SET_VELOCITY_LIMIT ACCEL=4800 ACCEL_TO_DECEL=2400
;TYPE:Internal solid infill
;WIDTH:0.419999
G1 F11105
G1 X139.81 Y136.04 E.19153
G2 X140.415 Y134.901 I-7.841 J-4.9 E.03967
G1 X134.729 Y140.587 E.24709
G3 X133.811 Y140.972 I-5.248 J-11.234 E.0306
G1 X140.798 Y133.985 E.3036
G2 X141.052 Y133.198 I-13.706 J-4.857 E.02542
G1 X133.033 Y141.217 E.34845
G3 X132.32 Y141.397 I-1.644 J-5.011 E.02262
G1 X141.229 Y132.487 E.38715
G2 X141.348 Y131.835 I-4.608 J-1.181 E.02041
G1 X131.656 Y141.527 E.42118
G3 X131.048 Y141.602 I-1.017 J-5.765 E.01883
G1 X141.436 Y131.214 E.45139
G1 X141.476 Y130.641 E.01766
G1 X130.462 Y141.654 E.47858
G3 X129.917 Y141.666 I-.386 J-5.195 E.01676
G1 X141.492 Y130.091 E.50298
G2 X141.49 Y129.56 I-5.073 J-.251 E.01634
G1 X129.386 Y141.664 E.52598
G1 X128.888 Y141.629 E.01535
G1 X141.457 Y129.059 E.54621
G1 X141.407 Y128.577 E.01491
G1 X128.4 Y141.584 E.56522
G3 X127.933 Y141.517 I.723 J-6.711 E.01448
G1 X141.343 Y128.107 E.58273
G2 X141.256 Y127.661 I-4.304 J.614 E.01396
G1 X127.487 Y141.43 E.59829
G1 X127.048 Y141.336 E.01382
G1 X141.162 Y127.222 E.61334
G2 X141.051 Y126.799 I-4.11 J.851 E.01343
G1 X126.631 Y141.22 E.62666
G1 X126.216 Y141.101 E.01325
G1 X140.921 Y126.396 E.63901
G2 X140.79 Y125.994 I-3.921 J1.06 E.013
G1 X125.82 Y140.964 E.65051
G1 X125.44 Y140.81 E.01259
G1 X140.641 Y125.609 E.66055
G1 X140.477 Y125.24 E.01241
G1 X125.061 Y140.656 E.66987
G1 X124.703 Y140.481 E.01225
G1 X140.312 Y124.872 E.67829
G1 X140.132 Y124.519 E.01218
G1 X124.345 Y140.306 E.68604
G1 X124.001 Y140.116 E.01205
G1 X139.937 Y124.181 E.69247
G1 X139.742 Y123.843 E.012
G1 X123.668 Y139.916 E.69848
G3 X123.348 Y139.703 I1.878 J-3.155 E.01182
G1 X139.533 Y123.518 E.7033
G2 X139.311 Y123.207 I-3.077 J1.967 E.01175
G1 X123.03 Y139.488 E.70747
G3 X122.727 Y139.258 I1.493 J-2.283 E.01171
G1 X139.086 Y122.898 E.7109
G2 X138.848 Y122.603 I-2.23 J1.555 E.01166
G1 X122.427 Y139.024 E.71356
G3 X122.137 Y138.781 I2.173 J-2.891 E.01164
G1 X138.605 Y122.313 E.71561
G2 X138.354 Y122.031 I-2.816 J2.256 E.01161
G1 X121.86 Y138.525 E.71673
G1 X121.589 Y138.263 E.01159
G1 X138.089 Y121.762 E.71704
G1 X137.818 Y121.5 E.01159
G1 X121.325 Y137.993 E.7167
G1 X121.072 Y137.713 E.0116
G1 X137.542 Y121.243 E.7157
G2 X137.253 Y120.998 I-2.475 J2.635 E.01163
G1 X120.823 Y137.428 E.71397
G3 X120.586 Y137.132 I4.077 J-3.501 E.01166
G1 X136.954 Y120.764 E.71125
G2 X136.652 Y120.533 I-1.808 J2.039 E.01169
G1 X120.359 Y136.826 E.70804
G1 X120.144 Y136.508 E.0118
G1 X136.334 Y120.318 E.70354
G1 X136.015 Y120.103 E.0118
G1 X119.929 Y136.189 E.69903
G3 X119.734 Y135.852 I2.323 J-1.569 E.012
G1 X135.683 Y119.903 E.69306
G2 X135.34 Y119.712 I-2.906 J4.814 E.01205
G1 X119.538 Y135.514 E.68666
G3 X119.357 Y135.162 I3.24 J-1.894 E.01217
G1 X134.983 Y119.536 E.67903
G1 X134.625 Y119.361 E.01225
G1 X119.191 Y134.795 E.67068
G1 X119.026 Y134.426 E.01241
G1 X134.248 Y119.204 E.66144
G1 X133.868 Y119.051 E.01259
G1 X118.876 Y134.043 E.65148
G3 X118.738 Y133.648 I5.589 J-2.174 E.01287
G1 X133.474 Y118.912 E.64033
G2 X133.061 Y118.791 I-1.351 J3.855 E.01322
G1 X118.617 Y133.235 E.62764
G3 X118.499 Y132.82 I2.904 J-1.055 E.01326
G1 X132.646 Y118.673 E.61477
G2 X132.212 Y118.574 I-1.617 J6.096 E.01369
G1 X118.405 Y132.38 E.59996
G3 X118.317 Y131.935 I3.14 J-.852 E.01396
G1 X131.761 Y118.491 E.5842
G1 X131.294 Y118.426 E.01451
G1 X118.252 Y131.468 E.56674
G3 X118.196 Y130.989 I4.535 J-.765 E.0148
G1 X130.812 Y118.374 E.54819
G1 X130.313 Y118.34 E.01535
G1 X118.164 Y130.489 E.52793
M73 P11 R19
G3 X118.16 Y129.959 I5.047 J-.304 E.01627
G1 X129.785 Y118.334 E.50518
G2 X129.243 Y118.343 I-.185 J5.18 E.01667
G1 X118.169 Y129.417 E.48122
G3 X118.218 Y128.835 I5.581 J.178 E.01797
G1 X128.661 Y118.392 E.45378
G2 X128.056 Y118.463 I.376 J5.802 E.01871
G1 X118.293 Y128.227 E.42428
G1 X118.407 Y127.58 E.0202
G1 X127.397 Y118.59 E.39065
G2 X126.698 Y118.755 I1.236 J6.785 E.02207
G1 X118.589 Y126.864 E.35238
G3 X118.828 Y126.092 I7.498 J1.895 E.02483
G1 X125.916 Y119.004 E.30802
G1 X125.024 Y119.362 E.02953
G1 X119.198 Y125.188 E.25317
G3 X119.773 Y124.08 I8.161 J3.53 E.03839
G1 X124.352 Y119.502 E.19897
SET_VELOCITY_LIMIT ACCEL=6000 ACCEL_TO_DECEL=3000
G1 X135.298 Y140.344 F30000
;TYPE:Gap infill
;WIDTH:0.115101
G1 F11105
G1 X135.181 Y140.429 E.00085
G1 X119.141 Y125.378 F30000
;WIDTH:0.185477
G1 F11105
G1 X119.025 Y125.546 E.00237
;WIDTH:0.166684
G1 X118.909 Y125.714 E.00206
G1 X123.265 Y120.293 F30000
;WIDTH:0.106164
G1 F11105
G1 X123.111 Y120.42 E.00103
;WIDTH:0.142153
G1 X122.957 Y120.546 E.00161
;WIDTH:0.185119
G1 X122.651 Y120.817 E.00474
;WIDTH:0.235066
G1 X122.345 Y121.088 E.0064
;WIDTH:0.286776
G2 X120.914 Y122.519 I25.061 J26.491 E.0402
;WIDTH:0.235068
G1 X120.643 Y122.825 E.0064
;WIDTH:0.185123
G1 X120.372 Y123.131 E.00474
;WIDTH:0.142155
G1 X120.246 Y123.285 E.00161
;WIDTH:0.12416
G1 X120.119 Y123.439 E.00132
G1 X136.336 Y139.654 F30000
SET_VELOCITY_LIMIT ACCEL=4800 ACCEL_TO_DECEL=2400
;TYPE:Internal solid infill
;WIDTH:0.38292
G1 F11105
G1 X136.954 Y139.126 E.02253
;WIDTH:0.400853
G1 X137.397 Y138.714 E.01765
;WIDTH:0.43465
G2 X138.681 Y137.43 I-11.606 J-12.891 E.05797
;WIDTH:0.412578
G1 X139.179 Y136.867 E.02266
; stop printing object 圆柱体 id:0 copy 0
;LAYER_CHANGE
;Z:0.6
;HEIGHT:0.2
;BEFORE_LAYER_CHANGE
;0.6
G92 E0

G1 E-.67889 F2400
;WIPE_START
G1 F14906.222
G1 X138.681 Y137.43 E-.12111
;WIPE_END
EXCLUDE_OBJECT_END NAME=圆柱体_id_0_copy_0

;don't support timelapse gcode in spiral_mode and by object sequence for I3 structure printer
;time lapse begin
M5001 G92 E0
M5001 G17
M5001 G2 Z1 I0.86 J0.86 P1 F20000 ; spiral lift a little
M5001 G1 X0 Y180 F24000 ; move to safe pos
M5001 P15
M5001 M400 P300
M5001 G92 E0
;time lapse end

;AFTER_LAYER_CHANGE
;0.6
;_SET_FAN_SPEED_CHANGING_LAYER
; printing object 圆柱体 id:0 copy 0
SET_VELOCITY_LIMIT ACCEL=6000 ACCEL_TO_DECEL=3000
EXCLUDE_OBJECT_START NAME=圆柱体_id_0_copy_0
G17
G3 Z1 I-.376 J-1.157 P1  F30000
G1 X126.375 Y141.432 Z1
G1 Z.6
G1 E.8 F2400
SET_VELOCITY_LIMIT SQUARE_CORNER_VELOCITY=8
;TYPE:Inner wall
;WIDTH:0.45
G1 F11068
G1 X126.135 Y141.36 E.00833
G3 X129.834 Y118.052 I3.695 J-11.361 E1.12051
G1 X130.243 Y118.06 E.01356
G3 X126.936 Y141.59 I-.413 J11.94 E1.32828
G1 X126.433 Y141.449 E.01734
SET_VELOCITY_LIMIT SQUARE_CORNER_VELOCITY=12
G1 X126.405 Y141.864 F30000
SET_VELOCITY_LIMIT SQUARE_CORNER_VELOCITY=8
G1 F11068
G1 X126.009 Y141.747 E.01368
G3 X129.834 Y117.645 I3.821 J-11.748 E1.1587
G1 X130.257 Y117.653 E.01402
G3 X126.838 Y141.985 I-.427 J12.347 E1.37353
G1 X126.462 Y141.88 E.01293
SET_VELOCITY_LIMIT SQUARE_CORNER_VELOCITY=12
G1 E-.56 F2400
;WIPE_START
G1 F13535.936
G1 X126.009 Y141.747 E-.05668
G1 X125.6 Y141.61 E-.05173
G1 X125.198 Y141.455 E-.05176
G1 X124.59 Y141.185 E-.07983
;WIPE_END
G1 X126.731 Y142.41 Z1 F30000
G1 Z.6
G1 E.8 F2400
SET_VELOCITY_LIMIT ACCEL=5000 ACCEL_TO_DECEL=2500 SQUARE_CORNER_VELOCITY=8
;TYPE:Outer wall
;WIDTH:0.42
G1 F9000
G1 X125.875 Y142.161 E.02739
G3 X129.835 Y117.21 I3.956 J-12.162 E1.11111
G1 X130.272 Y117.218 E.01345
G3 X126.788 Y142.421 I-.442 J12.781 E1.31536
G1 E-.56 F2400
;WIPE_START
G1 F9000
G1 X125.875 Y142.161 E-.11393
G1 X125.035 Y141.859 E-.10711
G1 X124.889 Y141.797 E-.01896
;WIPE_END
G17
G3 Z1 I1.217 J0 P1  F30000

;don't support timelapse gcode in spiral_mode and by object sequence for I3 structure printer
;time lapse begin
M5001 G92 E0
M5001 G17
M5001 G2 Z1 I0.86 J0.86 P1 F20000 ; spiral lift a little
M5001 G1 X0 Y180 F24000 ; move to safe pos
M5001 P15
M5001 M400 P300
M5001 G92 E0
;time lapse end

SET_VELOCITY_LIMIT ACCEL=6000 ACCEL_TO_DECEL=3000 SQUARE_CORNER_VELOCITY=12
G1 X140.273 Y124.424
G1 Z.6
G1 E.8 F2400
SET_VELOCITY_LIMIT ACCEL=4800 ACCEL_TO_DECEL=2400
;TYPE:Internal solid infill
;WIDTH:0.419999
G1 F11068
G1 X135.87 Y120.021 E.19134
G2 X134.727 Y119.411 I-4.979 J7.956 E.03984
G1 X140.413 Y125.097 E.2471
G3 X140.797 Y126.014 I-10.943 J5.122 E.03057
G1 X133.812 Y119.029 E.30357
G2 X133.033 Y118.783 I-2.699 J7.211 E.02509
G1 X141.052 Y126.803 E.34848
G3 X141.223 Y127.506 I-6.688 J1.99 E.02225
G1 X132.312 Y118.595 E.38722
G2 X131.661 Y118.478 I-1.45 J6.154 E.02034
G1 X141.353 Y128.17 E.42118
G3 X141.428 Y128.778 I-5.766 J1.017 E.01883
G1 X131.048 Y118.398 E.45105
G2 X130.462 Y118.346 I-.792 J5.561 E.01807
G1 X141.48 Y129.364 E.47877
G3 X141.492 Y129.909 I-5.195 J.386 E.01676
G1 X129.917 Y118.334 E.50298
G2 X129.386 Y118.336 I-.251 J5.076 E.01634
G1 X141.49 Y130.44 E.52601
G3 X141.457 Y130.941 I-4.79 J-.065 E.01541
G1 X128.883 Y118.366 E.54641
G2 X128.403 Y118.419 I.265 J4.61 E.01486
G1 X141.407 Y131.423 E.56508
G3 X141.339 Y131.889 I-3.363 J-.252 E.01447
G1 X127.935 Y118.485 E.58245
G2 X127.487 Y118.57 I.387 J3.245 E.01402
G1 X141.259 Y132.342 E.59844
G3 X141.163 Y132.779 I-4.219 J-.699 E.01376
G1 X127.048 Y118.664 E.61338
G2 X126.625 Y118.775 I.844 J4.087 E.01343
G1 X141.046 Y133.195 E.62666
G1 X140.927 Y133.61 E.01324
G1 X126.222 Y118.905 E.639
G2 X125.82 Y119.036 I1.05 J3.898 E.013
G1 X140.785 Y134.001 E.65029
G3 X140.642 Y134.391 I-3.794 J-1.169 E.01278
G1 X125.435 Y119.185 E.66078
G1 X125.066 Y119.349 E.01241
G1 X140.482 Y134.764 E.66988
G1 X140.307 Y135.123 E.01225
G1 X124.698 Y119.514 E.67829
G1 X124.345 Y119.694 E.01218
G1 X140.132 Y135.481 E.68604
G1 X139.942 Y135.825 E.01205
G1 X124.007 Y119.889 E.69247
G1 X123.668 Y120.084 E.012
G1 X139.742 Y136.158 E.69848
G3 X139.529 Y136.478 I-3.157 J-1.879 E.01182
G1 X123.344 Y120.293 E.7033
G2 X123.033 Y120.515 I1.974 J3.087 E.01175
G1 X139.314 Y136.796 E.70748
G3 X139.088 Y137.103 I-3.042 J-2.003 E.01172
G1 X122.724 Y120.74 E.71107
G2 X122.429 Y120.978 I1.566 J2.238 E.01166
G1 X138.848 Y137.397 E.71348
G1 X138.605 Y137.687 E.01163
G1 X122.139 Y121.221 E.71551
G2 X121.857 Y121.472 I2.232 J2.79 E.01161
G1 X138.351 Y137.966 E.71673
G1 X138.089 Y138.237 E.01159
G1 X121.588 Y121.737 E.71704
G1 X121.326 Y122.008 E.01159
G1 X137.819 Y138.501 E.7167
G1 X137.539 Y138.754 E.0116
G1 X121.07 Y122.285 E.71562
G1 X120.827 Y122.575 E.01163
G1 X137.254 Y139.003 E.71385
G3 X136.957 Y139.239 I-2.422 J-2.743 E.01167
G1 X120.586 Y122.868 E.7114
G2 X120.359 Y123.174 I2.804 J2.323 E.01172
G1 X136.648 Y139.463 E.70787
G3 X136.339 Y139.687 I-2.295 J-2.848 E.01174
G1 X120.144 Y123.492 E.70375
G1 X119.929 Y123.811 E.0118
G1 X136.016 Y139.897 E.69904
G1 X135.678 Y140.092 E.01199
G1 X119.734 Y124.148 E.69284
G1 X119.538 Y124.487 E.012
G1 X135.339 Y140.288 E.68663
G3 X134.988 Y140.469 I-1.885 J-3.224 E.01217
G1 X119.357 Y124.838 E.67923
G2 X119.191 Y125.205 I3.417 J1.768 E.01239
G1 X134.621 Y140.635 E.67051
G1 X134.252 Y140.8 E.01241
G1 X119.026 Y125.574 E.66161
G2 X118.876 Y125.957 I3.579 J1.627 E.01265
G1 X133.869 Y140.95 E.65151
G3 X133.468 Y141.083 I-1.468 J-3.754 E.01297
G1 X118.743 Y126.358 E.63989
G1 X118.612 Y126.76 E.013
G1 X133.066 Y141.214 E.62808
G3 X132.646 Y141.327 I-1.28 J-3.897 E.01337
G1 X118.499 Y127.18 E.61478
G1 X118.405 Y127.62 E.01382
G1 X132.206 Y141.421 E.59973
G3 X131.761 Y141.509 I-.853 J-3.148 E.01396
G1 X118.316 Y128.063 E.58427
G2 X118.25 Y128.531 I4.428 J.86 E.01452
G1 X131.294 Y141.574 E.5668
G3 X130.815 Y141.63 I-.765 J-4.534 E.0148
G1 X118.199 Y129.013 E.54823
G2 X118.164 Y129.511 I4.733 J.586 E.01535
G1 X130.315 Y141.662 E.528
G3 X129.785 Y141.666 I-.304 J-5.045 E.01627
G1 X118.16 Y130.041 E.50518
G2 X118.169 Y130.583 I5.179 J.185 E.01667
G1 X129.243 Y141.657 E.48122
G3 X128.661 Y141.608 I.178 J-5.581 E.01797
G1 X118.218 Y131.165 E.45378
G2 X118.289 Y131.77 I5.802 J-.376 E.01871
M73 P12 R19
G1 X128.056 Y141.537 E.42442
G3 X127.397 Y141.41 I.876 J-6.357 E.02065
G1 X118.416 Y132.429 E.39026
G2 X118.581 Y133.128 I6.746 J-1.226 E.02206
G1 X126.69 Y141.237 E.35238
G3 X125.918 Y140.998 I1.889 J-7.481 E.02483
G1 X118.83 Y133.91 E.30801
G2 X119.198 Y134.812 I8.685 J-3.021 E.02993
G1 X125.014 Y140.628 E.25273
G3 X123.906 Y140.053 I3.526 J-8.153 E.03839
G1 X119.337 Y135.484 E.19856
SET_VELOCITY_LIMIT ACCEL=6000 ACCEL_TO_DECEL=3000
G1 X119.441 Y135.38 F30000
;TYPE:Gap infill
;WIDTH:0.115427
G1 F11068
G1 X119.351 Y135.258 E.0009
G1 X123.265 Y139.707 F30000
;WIDTH:0.106164
G1 F11068
G1 X123.111 Y139.58 E.00103
;WIDTH:0.142151
G1 X122.957 Y139.454 E.00161
;WIDTH:0.185117
G1 X122.651 Y139.183 E.00474
;WIDTH:0.235064
G1 X122.345 Y138.912 E.00641
;WIDTH:0.286778
G3 X120.914 Y137.481 I25.062 J-26.492 E.0402
;WIDTH:0.24335
G1 X120.733 Y137.277 E.00447
;WIDTH:0.20996
G1 X120.552 Y137.072 E.00372
;WIDTH:0.17657
G1 X120.371 Y136.867 E.00298
;WIDTH:0.141668
G1 X120.232 Y136.701 E.00174
;WIDTH:0.123461
G1 X120.093 Y136.535 E.00142
G1 X125.54 Y140.917 F30000
;WIDTH:0.146444
G1 F11068
G1 X125.372 Y140.801 E.00172
;WIDTH:0.165712
G1 X125.204 Y140.685 E.00204
G1 X140.255 Y124.645 F30000
;WIDTH:0.0881695
G1 F11068
G1 X140.17 Y124.528 E.00053
G1 X132.843 Y118.735 F30000
;WIDTH:0.102249
G1 F11068
G1 X132.616 Y118.61 E.00125
G1 X136.345 Y120.353 F30000
SET_VELOCITY_LIMIT ACCEL=4800 ACCEL_TO_DECEL=2400
;TYPE:Internal solid infill
;WIDTH:0.38292
G1 F11068
G1 X136.956 Y120.875 E.02227
;WIDTH:0.400868
G1 X137.399 Y121.288 E.01768
;WIDTH:0.434614
G3 X138.682 Y122.571 I-11.599 J12.88 E.05793
;WIDTH:0.412358
G1 X139.441 Y123.445 E.03486
; stop printing object 圆柱体 id:0 copy 0
;LAYER_CHANGE
;Z:0.8
;HEIGHT:0.2
;BEFORE_LAYER_CHANGE
;0.8
G92 E0

G1 E-.61369 F2400
;WIPE_START
G1 F14915.099
G1 X138.682 Y122.571 E-.18631
;WIPE_END
EXCLUDE_OBJECT_END NAME=圆柱体_id_0_copy_0

;don't support timelapse gcode in spiral_mode and by object sequence for I3 structure printer
;time lapse begin
M5001 G92 E0
M5001 G17
M5001 G2 Z1.2 I0.86 J0.86 P1 F20000 ; spiral lift a little
M5001 G1 X0 Y180 F24000 ; move to safe pos
M5001 P15
M5001 M400 P300
M5001 G92 E0
;time lapse end

;AFTER_LAYER_CHANGE
;0.8
;_SET_FAN_SPEED_CHANGING_LAYER
; printing object 圆柱体 id:0 copy 0
SET_VELOCITY_LIMIT ACCEL=6000 ACCEL_TO_DECEL=3000
EXCLUDE_OBJECT_START NAME=圆柱体_id_0_copy_0
G17
G3 Z1.2 I-1.019 J-.665 P1  F30000
G1 X126.375 Y141.432 Z1.2
G1 Z.8
G1 E.8 F2400
SET_VELOCITY_LIMIT SQUARE_CORNER_VELOCITY=8
;TYPE:Inner wall
;WIDTH:0.45
G1 F3235
G1 X126.135 Y141.36 E.00832
G3 X129.838 Y118.052 I3.697 J-11.36 E1.12051
G1 X130.243 Y118.06 E.01345
G3 X126.936 Y141.59 I-.411 J11.94 E1.32838
G1 X126.433 Y141.448 E.01735
SET_VELOCITY_LIMIT SQUARE_CORNER_VELOCITY=12
G1 X126.405 Y141.864 F30000
SET_VELOCITY_LIMIT SQUARE_CORNER_VELOCITY=8
G1 F3235
G1 X126.009 Y141.747 E.01368
G3 X129.838 Y117.645 I3.823 J-11.748 E1.1587
G1 X130.257 Y117.653 E.01391
G3 X126.838 Y141.985 I-.425 J12.347 E1.37364
G1 X126.462 Y141.88 E.01293
SET_VELOCITY_LIMIT SQUARE_CORNER_VELOCITY=12
G1 E-.56 F2400
;WIPE_START
G1 F13535.936
G1 X126.009 Y141.747 E-.05668
G1 X125.601 Y141.61 E-.0517
G1 X124.801 Y141.287 E-.10352
G1 X124.59 Y141.184 E-.0281
;WIPE_END
G1 X126.73 Y142.409 Z1.2 F30000
G1 Z.8
G1 E.8 F2400
SET_VELOCITY_LIMIT ACCEL=5000 ACCEL_TO_DECEL=2500 SQUARE_CORNER_VELOCITY=8
;TYPE:Outer wall
;WIDTH:0.42
G1 F3235
G1 X125.875 Y142.16 E.02736
G3 X129.838 Y117.21 I3.957 J-12.161 E1.11111
G1 X130.272 Y117.218 E.01335
G3 X126.787 Y142.42 I-.44 J12.781 E1.31549
G1 E-.56 F2400
;WIPE_START
G1 F9000
G1 X125.875 Y142.16 E-.11383
G1 X125.452 Y142.019 E-.05355
G1 X124.891 Y141.792 E-.07262
;WIPE_END
G17
G3 Z1.2 I1.217 J0 P1  F30000

;don't support timelapse gcode in spiral_mode and by object sequence for I3 structure printer
;time lapse begin
M5001 G92 E0
M5001 G17
M5001 G2 Z1.2 I0.86 J0.86 P1 F20000 ; spiral lift a little
M5001 G1 X0 Y180 F24000 ; move to safe pos
M5001 P15
M5001 M400 P300
M5001 G92 E0
;time lapse end

SET_VELOCITY_LIMIT ACCEL=6000 ACCEL_TO_DECEL=3000 SQUARE_CORNER_VELOCITY=12
G1 X118.811 Y134.337
G1 Z.8
G1 E.8 F2400
;TYPE:Sparse infill
;WIDTH:0.45
G1 F3235
G1 X125.151 Y140.677 E.29746
G2 X129.963 Y141.651 I4.772 J-11.207 E.16397
G1 X118.175 Y129.863 E.553
G3 X118.697 Y126.547 I11.732 J.149 E.11173
G1 X133.279 Y141.129 E.68405
G2 X135.922 Y139.934 I-3.573 J-11.426 E.09646
G1 X119.895 Y123.907 E.75187
G3 X121.586 Y121.76 I9.471 J5.724 E.09089
G1 X138.066 Y138.24 E.77309
G2 X139.76 Y136.096 I-12.228 J-11.404 E.09074
G1 X123.733 Y120.069 E.75187
G3 X126.37 Y118.868 I6.83 J11.499 E.09631
G1 X140.955 Y133.453 E.68422
G2 X141.477 Y130.137 I-10.732 J-3.39 E.11176
G1 X129.689 Y118.349 E.553
G3 X134.51 Y119.332 I.132 J11.671 E.16443
G1 X140.835 Y125.657 E.29674
; stop printing object 圆柱体 id:0 copy 0
;LAYER_CHANGE
;Z:1
;HEIGHT:0.2
;BEFORE_LAYER_CHANGE
;1
G92 E0

G1 E-.56 F2400
;WIPE_START
G1 F13535.936
G1 X139.421 Y124.243 E-.24
;WIPE_END
EXCLUDE_OBJECT_END NAME=圆柱体_id_0_copy_0

;don't support timelapse gcode in spiral_mode and by object sequence for I3 structure printer
;time lapse begin
M5001 G92 E0
M5001 G17
M5001 G2 Z1.4 I0.86 J0.86 P1 F20000 ; spiral lift a little
M5001 G1 X0 Y180 F24000 ; move to safe pos
M5001 P15
M5001 M400 P300
M5001 G92 E0
;time lapse end

;AFTER_LAYER_CHANGE
;1
;_SET_FAN_SPEED_CHANGING_LAYER
; printing object 圆柱体 id:0 copy 0
EXCLUDE_OBJECT_START NAME=圆柱体_id_0_copy_0
G17
G3 Z1.4 I-.969 J-.736 P1  F30000
G1 X126.374 Y141.433 Z1.4
G1 Z1
G1 E.8 F2400
SET_VELOCITY_LIMIT SQUARE_CORNER_VELOCITY=8
;TYPE:Inner wall
G1 F3235
G1 X125.742 Y141.223 E.0221
G3 X129.841 Y118.053 I4.092 J-11.224 E1.10671
G1 X130.243 Y118.06 E.01333
G3 X126.534 Y141.481 I-.409 J11.94 E1.34232
G1 X126.432 Y141.451 E.00354
SET_VELOCITY_LIMIT SQUARE_CORNER_VELOCITY=12
G1 X126.405 Y141.864 F30000
SET_VELOCITY_LIMIT SQUARE_CORNER_VELOCITY=8
G1 F3235
G1 X126.009 Y141.746 E.01368
G3 X129.841 Y117.645 I3.824 J-11.747 E1.1587
G1 X130.257 Y117.653 E.0138
G3 X126.838 Y141.984 I-.423 J12.347 E1.37375
M73 P13 R19
G1 X126.462 Y141.88 E.01293
SET_VELOCITY_LIMIT SQUARE_CORNER_VELOCITY=12
G1 E-.56 F2400
;WIPE_START
G1 F13535.936
G1 X126.009 Y141.746 E-.05667
G1 X125.601 Y141.61 E-.05169
G1 X124.801 Y141.287 E-.10353
G1 X124.59 Y141.184 E-.0281
;WIPE_END
G1 X126.729 Y142.409 Z1.4 F30000
G1 Z1
G1 E.8 F2400
SET_VELOCITY_LIMIT ACCEL=5000 ACCEL_TO_DECEL=2500 SQUARE_CORNER_VELOCITY=8
;TYPE:Outer wall
;WIDTH:0.42
G1 F3235
G1 X125.875 Y142.16 E.02733
G3 X129.842 Y117.21 I3.959 J-12.161 E1.11111
G1 X130.272 Y117.218 E.01324
G3 X126.786 Y142.42 I-.439 J12.781 E1.31562
G1 E-.56 F2400
;WIPE_START
G1 F9000
G1 X125.875 Y142.16 E-.11372
G1 X125.452 Y142.019 E-.05354
G1 X124.89 Y141.792 E-.07273
;WIPE_END
G17
G3 Z1.4 I1.217 J0 P1  F30000

;don't support timelapse gcode in spiral_mode and by object sequence for I3 structure printer
;time lapse begin
M5001 G92 E0
M5001 G17
M5001 G2 Z1.4 I0.86 J0.86 P1 F20000 ; spiral lift a little
M5001 G1 X0 Y180 F24000 ; move to safe pos
M5001 P15
M5001 M400 P300
M5001 G92 E0
;time lapse end

SET_VELOCITY_LIMIT ACCEL=6000 ACCEL_TO_DECEL=3000 SQUARE_CORNER_VELOCITY=12
G1 X118.807 Y134.333
G1 Z1
G1 E.8 F2400
;TYPE:Sparse infill
;WIDTH:0.45
G1 F3235
G1 X125.143 Y140.669 E.2972
G2 X129.963 Y141.651 I4.641 J-10.455 E.16447
G1 X118.175 Y129.863 E.553
G3 X118.697 Y126.547 I11.729 J.149 E.11173
G1 X133.28 Y141.13 E.68411
G2 X135.922 Y139.934 I-4.233 J-12.867 E.09639
G1 X119.891 Y123.903 E.75206
G3 X121.586 Y121.76 I11.621 J7.454 E.09078
G1 X138.068 Y138.242 E.77321
G2 X139.76 Y136.096 I-10.177 J-9.76 E.0908
G1 X123.73 Y120.066 E.752
G3 X126.372 Y118.87 I6.875 J11.671 E.09639
G1 X140.956 Y133.454 E.68418
G2 X141.477 Y130.137 I-12.226 J-3.62 E.11171
G1 X129.689 Y118.349 E.553
G3 X134.498 Y119.32 I.039 J12.199 E.16386
G1 X140.844 Y125.666 E.29772
; stop printing object 圆柱体 id:0 copy 0
;LAYER_CHANGE
;Z:1.2
;HEIGHT:0.2
;BEFORE_LAYER_CHANGE
;1.2
G92 E0

G1 E-.56 F2400
;WIPE_START
G1 F13535.936
G1 X139.43 Y124.252 E-.24
;WIPE_END
EXCLUDE_OBJECT_END NAME=圆柱体_id_0_copy_0

;don't support timelapse gcode in spiral_mode and by object sequence for I3 structure printer
;time lapse begin
M5001 G92 E0
M5001 G17
M5001 G2 Z1.6 I0.86 J0.86 P1 F20000 ; spiral lift a little
M5001 G1 X0 Y180 F24000 ; move to safe pos
M5001 P15
M5001 M400 P300
M5001 G92 E0
;time lapse end

;AFTER_LAYER_CHANGE
;1.2
;_SET_FAN_SPEED_CHANGING_LAYER
; printing object 圆柱体 id:0 copy 0
EXCLUDE_OBJECT_START NAME=圆柱体_id_0_copy_0
G17
G3 Z1.6 I-.969 J-.736 P1  F30000
G1 X126.374 Y141.432 Z1.6
G1 Z1.2
G1 E.8 F2400
SET_VELOCITY_LIMIT SQUARE_CORNER_VELOCITY=8
;TYPE:Inner wall
G1 F3235
G1 X126.135 Y141.359 E.00828
G3 X129.844 Y118.053 I3.7 J-11.359 E1.12052
G1 X130.243 Y118.06 E.01322
G3 X126.936 Y141.589 I-.408 J11.94 E1.3286
G1 X126.432 Y141.448 E.01738
SET_VELOCITY_LIMIT SQUARE_CORNER_VELOCITY=12
G1 X126.405 Y141.864 F30000
SET_VELOCITY_LIMIT SQUARE_CORNER_VELOCITY=8
G1 F3235
G1 X126.009 Y141.746 E.01368
G3 X129.845 Y117.645 I3.826 J-11.747 E1.1587
G1 X130.257 Y117.653 E.01369
G3 X126.838 Y141.984 I-.422 J12.347 E1.37386
G1 X126.462 Y141.88 E.01293
SET_VELOCITY_LIMIT SQUARE_CORNER_VELOCITY=12
G1 E-.56 F2400
;WIPE_START
G1 F13535.936
G1 X126.009 Y141.746 E-.05667
G1 X125.601 Y141.61 E-.05168
G1 X124.801 Y141.287 E-.10354
G1 X124.59 Y141.184 E-.02811
;WIPE_END
G1 X126.728 Y142.409 Z1.6 F30000
G1 Z1.2
G1 E.8 F2400
SET_VELOCITY_LIMIT ACCEL=5000 ACCEL_TO_DECEL=2500 SQUARE_CORNER_VELOCITY=8
;TYPE:Outer wall
;WIDTH:0.42
G1 F3235
G1 X125.875 Y142.16 E.0273
G3 X129.845 Y117.21 I3.96 J-12.16 E1.11111
G1 X130.272 Y117.218 E.01313
G3 X126.785 Y142.419 I-.437 J12.781 E1.31575
G1 E-.56 F2400
;WIPE_START
G1 F9000
G1 X125.875 Y142.16 E-.1136
G1 X125.452 Y142.019 E-.05354
G1 X124.889 Y141.791 E-.07286
;WIPE_END
G17
G3 Z1.6 I1.217 J0 P1  F30000

;don't support timelapse gcode in spiral_mode and by object sequence for I3 structure printer
;time lapse begin
M5001 G92 E0
M5001 G17
M5001 G2 Z1.6 I0.86 J0.86 P1 F20000 ; spiral lift a little
M5001 G1 X0 Y180 F24000 ; move to safe pos
M5001 P15
M5001 M400 P300
M5001 G92 E0
;time lapse end

SET_VELOCITY_LIMIT ACCEL=6000 ACCEL_TO_DECEL=3000 SQUARE_CORNER_VELOCITY=12
G1 X118.817 Y134.343
G1 Z1.2
G1 E.8 F2400
;TYPE:Sparse infill
;WIDTH:0.45
G1 F3235
G1 X125.151 Y140.677 E.29716
G2 X129.963 Y141.651 I4.772 J-11.206 E.16397
G1 X118.175 Y129.863 E.553
G3 X118.697 Y126.547 I11.237 J.071 E.11176
G1 X133.279 Y141.129 E.68405
G2 X135.922 Y139.934 I-3.579 J-11.44 E.09646
G1 X119.895 Y123.907 E.75187
G3 X121.586 Y121.76 I10.057 J6.185 E.09086
G1 X138.066 Y138.24 E.77309
G2 X139.761 Y136.097 I-9.922 J-9.594 E.09078
G1 X123.733 Y120.069 E.75193
G3 X126.373 Y118.871 I6.67 J11.197 E.09638
M73 P14 R19
G1 X140.955 Y133.453 E.68405
G2 X141.477 Y130.137 I-10.744 J-3.391 E.11176
G1 X129.689 Y118.349 E.553
G3 X134.501 Y119.323 I.043 J12.166 E.16397
G1 X140.845 Y125.667 E.29761
; stop printing object 圆柱体 id:0 copy 0
;LAYER_CHANGE
;Z:1.4
;HEIGHT:0.2
;BEFORE_LAYER_CHANGE
;1.4
G92 E0

G1 E-.56 F2400
;WIPE_START
G1 F13535.936
G1 X139.43 Y124.252 E-.24
;WIPE_END
EXCLUDE_OBJECT_END NAME=圆柱体_id_0_copy_0

;don't support timelapse gcode in spiral_mode and by object sequence for I3 structure printer
;time lapse begin
M5001 G92 E0
M5001 G17
M5001 G2 Z1.8 I0.86 J0.86 P1 F20000 ; spiral lift a little
M5001 G1 X0 Y180 F24000 ; move to safe pos
M5001 P15
M5001 M400 P300
M5001 G92 E0
;time lapse end

;AFTER_LAYER_CHANGE
;1.4
;_SET_FAN_SPEED_CHANGING_LAYER
; printing object 圆柱体 id:0 copy 0
EXCLUDE_OBJECT_START NAME=圆柱体_id_0_copy_0
G17
G3 Z1.8 I-.969 J-.737 P1  F30000
G1 X126.363 Y141.433 Z1.8
G1 Z1.4
G1 E.8 F2400
SET_VELOCITY_LIMIT SQUARE_CORNER_VELOCITY=8
;TYPE:Inner wall
G1 F3235
G1 X126.136 Y141.356 E.00794
G3 X129.408 Y118.06 I3.69 J-11.36 E1.10641
G3 X130.243 Y118.06 I.418 J12.555 E.0277
G3 X126.535 Y141.478 I-.417 J11.937 E1.34151
M73 P14 R18
G1 X126.421 Y141.448 E.00391
SET_VELOCITY_LIMIT SQUARE_CORNER_VELOCITY=12
G1 X126.404 Y141.864 F30000
SET_VELOCITY_LIMIT SQUARE_CORNER_VELOCITY=8
G1 F3235
G1 X126.01 Y141.743 E.01367
G3 X129.394 Y117.653 I3.816 J-11.747 E1.14413
G3 X130.257 Y117.653 I.432 J12.976 E.02863
G3 X126.839 Y141.981 I-.431 J12.344 E1.37292
G1 X126.462 Y141.879 E.01293
SET_VELOCITY_LIMIT SQUARE_CORNER_VELOCITY=12
G1 E-.56 F2400
;WIPE_START
G1 F13535.936
G1 X126.01 Y141.743 E-.05666
G1 X125.198 Y141.455 E-.10345
G1 X124.801 Y141.287 E-.05175
G1 X124.59 Y141.184 E-.02814
;WIPE_END
G1 X126.727 Y142.409 Z1.8 F30000
G1 Z1.4
G1 E.8 F2400
SET_VELOCITY_LIMIT ACCEL=5000 ACCEL_TO_DECEL=2500 SQUARE_CORNER_VELOCITY=8
;TYPE:Outer wall
;WIDTH:0.42
G1 F3235
G1 X125.876 Y142.157 E.02726
G3 X129.379 Y117.218 I3.95 J-12.161 E1.09715
G3 X130.272 Y117.218 I.447 J13.426 E.02744
G3 X126.783 Y142.415 I-.446 J12.778 E1.31496
G1 E-.56 F2400
;WIPE_START
G1 F9000
G1 X125.876 Y142.157 E-.11316
G1 X125.035 Y141.859 E-.1071
G1 X124.883 Y141.794 E-.01974
;WIPE_END
G17
G3 Z1.8 I1.217 J0 P1  F30000

;don't support timelapse gcode in spiral_mode and by object sequence for I3 structure printer
;time lapse begin
M5001 G92 E0
M5001 G17
M5001 G2 Z1.8 I0.86 J0.86 P1 F20000 ; spiral lift a little
M5001 G1 X0 Y180 F24000 ; move to safe pos
M5001 P15
M5001 M400 P300
M5001 G92 E0
;time lapse end

SET_VELOCITY_LIMIT ACCEL=6000 ACCEL_TO_DECEL=3000 SQUARE_CORNER_VELOCITY=12
G1 X118.807 Y134.333
G1 Z1.4
G1 E.8 F2400
;TYPE:Sparse infill
;WIDTH:0.45
G1 F3235
G1 X125.142 Y140.668 E.29719
G2 X129.963 Y141.651 I4.641 J-10.451 E.16448
G1 X118.175 Y129.863 E.553
G3 X118.696 Y126.546 I12.747 J.302 E.11171
G1 X133.28 Y141.13 E.68418
G2 X135.923 Y139.935 I-4.272 J-12.97 E.0964
G1 X119.895 Y123.907 E.75194
G3 X121.586 Y121.76 I10.076 J6.201 E.09086
G1 X138.066 Y138.24 E.77309
G2 X139.757 Y136.093 I-9.572 J-9.284 E.09081
G1 X123.733 Y120.069 E.75175
G3 X126.373 Y118.871 I6.666 J11.187 E.09638
G1 X140.955 Y133.453 E.68405
G2 X141.477 Y130.137 I-10.748 J-3.392 E.11176
G1 X129.689 Y118.349 E.553
G3 X134.51 Y119.332 I.18 J11.433 E.16448
G1 X140.845 Y125.667 E.29719
; stop printing object 圆柱体 id:0 copy 0
;LAYER_CHANGE
;Z:1.6
;HEIGHT:0.2
;BEFORE_LAYER_CHANGE
;1.6
G92 E0

G1 E-.56 F2400
;WIPE_START
G1 F13535.936
G1 X139.43 Y124.252 E-.24
;WIPE_END
EXCLUDE_OBJECT_END NAME=圆柱体_id_0_copy_0

;don't support timelapse gcode in spiral_mode and by object sequence for I3 structure printer
;time lapse begin
M5001 G92 E0
M5001 G17
M5001 G2 Z2 I0.86 J0.86 P1 F20000 ; spiral lift a little
M5001 G1 X0 Y180 F24000 ; move to safe pos
M5001 P15
M5001 M400 P300
M5001 G92 E0
;time lapse end

;AFTER_LAYER_CHANGE
;1.6
;_SET_FAN_SPEED_CHANGING_LAYER
; printing object 圆柱体 id:0 copy 0
EXCLUDE_OBJECT_START NAME=圆柱体_id_0_copy_0
G17
G3 Z2 I-.969 J-.736 P1  F30000
G1 X126.373 Y141.432 Z2
G1 Z1.6
G1 E.8 F2400
SET_VELOCITY_LIMIT SQUARE_CORNER_VELOCITY=8
;TYPE:Inner wall
G1 F3235
G1 X126.136 Y141.356 E.00824
G3 X129.408 Y118.06 I3.69 J-11.36 E1.10641
G3 X130.243 Y118.06 I.418 J12.648 E.0277
G3 X126.937 Y141.586 I-.417 J11.937 E1.32769
G1 X126.431 Y141.447 E.01742
SET_VELOCITY_LIMIT SQUARE_CORNER_VELOCITY=12
G1 X126.405 Y141.864 F30000
SET_VELOCITY_LIMIT SQUARE_CORNER_VELOCITY=8
G1 F3235
G1 X126.01 Y141.743 E.01367
G3 X129.394 Y117.653 I3.816 J-11.747 E1.14413
G3 X130.257 Y117.653 I.432 J13.071 E.02863
G3 X126.839 Y141.981 I-.431 J12.344 E1.37292
M73 P15 R18
G1 X126.462 Y141.879 E.01293
SET_VELOCITY_LIMIT SQUARE_CORNER_VELOCITY=12
G1 E-.56 F2400
;WIPE_START
G1 F13535.936
G1 X126.01 Y141.743 E-.05666
G1 X125.174 Y141.445 E-.10652
G1 X124.59 Y141.185 E-.07682
;WIPE_END
G1 X126.726 Y142.408 Z2 F30000
G1 Z1.6
G1 E.8 F2400
SET_VELOCITY_LIMIT ACCEL=5000 ACCEL_TO_DECEL=2500 SQUARE_CORNER_VELOCITY=8
;TYPE:Outer wall
;WIDTH:0.42
G1 F3235
G1 X125.876 Y142.157 E.02723
G3 X129.379 Y117.218 I3.95 J-12.161 E1.09715
G3 X130.272 Y117.218 I.447 J13.524 E.02744
G3 X126.782 Y142.415 I-.446 J12.778 E1.31498
G1 E-.56 F2400
;WIPE_START
G1 F9000
G1 X125.876 Y142.157 E-.11308
G1 X125.011 Y141.848 E-.11021
G1 X124.884 Y141.792 E-.01671
;WIPE_END
G17
G3 Z2 I1.217 J0 P1  F30000

;don't support timelapse gcode in spiral_mode and by object sequence for I3 structure printer
;time lapse begin
M5001 G92 E0
M5001 G17
M5001 G2 Z2 I0.86 J0.86 P1 F20000 ; spiral lift a little
M5001 G1 X0 Y180 F24000 ; move to safe pos
M5001 P15
M5001 M400 P300
M5001 G92 E0
;time lapse end

SET_VELOCITY_LIMIT ACCEL=6000 ACCEL_TO_DECEL=3000 SQUARE_CORNER_VELOCITY=12
G1 X118.807 Y134.333
G1 Z1.6
G1 E.8 F2400
;TYPE:Sparse infill
;WIDTH:0.45
G1 F3235
G1 X125.151 Y140.677 E.29761
G2 X129.963 Y141.651 I4.768 J-11.185 E.16397
G1 X118.175 Y129.863 E.553
G3 X118.697 Y126.547 I11.237 J.071 E.11176
G1 X133.279 Y141.129 E.68405
G2 X135.923 Y139.935 I-3.366 J-10.984 E.0965
G1 X119.891 Y123.903 E.75212
G3 X121.586 Y121.76 I11.624 J7.456 E.09078
G1 X138.066 Y138.24 E.77309
G2 X139.761 Y136.097 I-9.884 J-9.56 E.09078
G1 X123.73 Y120.066 E.75203
G3 X126.373 Y118.871 I6.209 J10.216 E.09646
G1 X140.956 Y133.454 E.68411
G2 X141.477 Y130.137 I-12.371 J-3.642 E.1117
G1 X129.689 Y118.349 E.553
G3 X134.51 Y119.332 I.18 J11.433 E.16448
G1 X140.845 Y125.667 E.29719
; stop printing object 圆柱体 id:0 copy 0
;LAYER_CHANGE
;Z:1.8
;HEIGHT:0.2
;BEFORE_LAYER_CHANGE
;1.8
G92 E0

G1 E-.56 F2400
;WIPE_START
G1 F13535.936
G1 X139.43 Y124.252 E-.24
;WIPE_END
EXCLUDE_OBJECT_END NAME=圆柱体_id_0_copy_0

;don't support timelapse gcode in spiral_mode and by object sequence for I3 structure printer
;time lapse begin
M5001 G92 E0
M5001 G17
M5001 G2 Z2.2 I0.86 J0.86 P1 F20000 ; spiral lift a little
M5001 G1 X0 Y180 F24000 ; move to safe pos
M5001 P15
M5001 M400 P300
M5001 G92 E0
;time lapse end

;AFTER_LAYER_CHANGE
;1.8
;_SET_FAN_SPEED_CHANGING_LAYER
; printing object 圆柱体 id:0 copy 0
EXCLUDE_OBJECT_START NAME=圆柱体_id_0_copy_0
G17
G3 Z2.2 I-.969 J-.736 P1  F30000
G1 X126.372 Y141.431 Z2.2
G1 Z1.8
G1 E.8 F2400
SET_VELOCITY_LIMIT SQUARE_CORNER_VELOCITY=8
;TYPE:Inner wall
G1 F3235
G1 X126.136 Y141.356 E.00822
G3 X129.408 Y118.06 I3.69 J-11.36 E1.1064
G3 X130.243 Y118.06 I.418 J12.741 E.02771
G3 X126.937 Y141.586 I-.417 J11.937 E1.32769
G1 X126.43 Y141.447 E.01744
SET_VELOCITY_LIMIT SQUARE_CORNER_VELOCITY=12
G1 X126.404 Y141.864 F30000
SET_VELOCITY_LIMIT SQUARE_CORNER_VELOCITY=8
G1 F3235
G1 X126.01 Y141.743 E.01367
G3 X129.394 Y117.653 I3.816 J-11.747 E1.14412
G3 X130.257 Y117.653 I.432 J13.168 E.02863
G3 X126.839 Y141.981 I-.431 J12.344 E1.37293
G1 X126.462 Y141.879 E.01293
SET_VELOCITY_LIMIT SQUARE_CORNER_VELOCITY=12
G1 E-.56 F2400
;WIPE_START
G1 F13535.936
G1 X126.01 Y141.743 E-.05666
G1 X125.171 Y141.444 E-.10692
G1 X124.589 Y141.185 E-.07642
;WIPE_END
G1 X126.725 Y142.408 Z2.2 F30000
G1 Z1.8
G1 E.8 F2400
SET_VELOCITY_LIMIT ACCEL=5000 ACCEL_TO_DECEL=2500 SQUARE_CORNER_VELOCITY=8
;TYPE:Outer wall
;WIDTH:0.42
G1 F3235
G1 X125.876 Y142.157 E.02719
G3 X129.379 Y117.218 I3.95 J-12.161 E1.09715
G3 X130.272 Y117.218 I.447 J13.624 E.02744
G3 X126.782 Y142.414 I-.446 J12.778 E1.31501
G1 E-.56 F2400
;WIPE_START
G1 F9000
G1 X125.876 Y142.157 E-.11299
G1 X125.008 Y141.847 E-.11062
G1 X124.883 Y141.792 E-.01638
;WIPE_END
G17
G3 Z2.2 I1.217 J0 P1  F30000

;don't support timelapse gcode in spiral_mode and by object sequence for I3 structure printer
;time lapse begin
M5001 G92 E0
M5001 G17
M5001 G2 Z2.2 I0.86 J0.86 P1 F20000 ; spiral lift a little
M5001 G1 X0 Y180 F24000 ; move to safe pos
M5001 P15
M5001 M400 P300
M5001 G92 E0
;time lapse end

SET_VELOCITY_LIMIT ACCEL=6000 ACCEL_TO_DECEL=3000 SQUARE_CORNER_VELOCITY=12
G1 X118.811 Y134.337
G1 Z1.8
G1 E.8 F2400
;TYPE:Sparse infill
;WIDTH:0.45
G1 F3235
G1 X125.151 Y140.677 E.29746
G2 X129.963 Y141.651 I4.767 J-11.182 E.16397
G1 X118.175 Y129.863 E.553
G3 X118.697 Y126.547 I11.717 J.147 E.11173
G1 X133.279 Y141.129 E.68405
G2 X135.922 Y139.934 I-3.579 J-11.439 E.09646
G1 X119.891 Y123.903 E.75206
G3 X121.586 Y121.76 I10.56 J6.614 E.09082
G1 X138.066 Y138.24 E.77309
G2 X139.76 Y136.096 I-9.908 J-9.571 E.09079
M73 P16 R18
G1 X123.73 Y120.066 E.752
G3 X126.373 Y118.871 I6.222 J10.244 E.09646
G1 X140.955 Y133.453 E.68405
G2 X141.477 Y130.137 I-10.714 J-3.387 E.11176
G1 X129.689 Y118.349 E.553
G3 X134.51 Y119.332 I.18 J11.433 E.16448
G1 X140.845 Y125.667 E.29719
; stop printing object 圆柱体 id:0 copy 0
;LAYER_CHANGE
;Z:2
;HEIGHT:0.2
;BEFORE_LAYER_CHANGE
;2
G92 E0

G1 E-.56 F2400
;WIPE_START
G1 F13535.936
G1 X139.43 Y124.252 E-.24
;WIPE_END
EXCLUDE_OBJECT_END NAME=圆柱体_id_0_copy_0

;don't support timelapse gcode in spiral_mode and by object sequence for I3 structure printer
;time lapse begin
M5001 G92 E0
M5001 G17
M5001 G2 Z2.4 I0.86 J0.86 P1 F20000 ; spiral lift a little
M5001 G1 X0 Y180 F24000 ; move to safe pos
M5001 P15
M5001 M400 P300
M5001 G92 E0
;time lapse end

;AFTER_LAYER_CHANGE
;2
;_SET_FAN_SPEED_CHANGING_LAYER
; printing object 圆柱体 id:0 copy 0
EXCLUDE_OBJECT_START NAME=圆柱体_id_0_copy_0
G17
G3 Z2.4 I-.969 J-.736 P1  F30000
G1 X126.371 Y141.435 Z2.4
G1 Z2
G1 E.8 F2400
SET_VELOCITY_LIMIT SQUARE_CORNER_VELOCITY=8
;TYPE:Inner wall
G1 F3235
G1 X126.136 Y141.356 E.00821
G3 X129.408 Y118.06 I3.69 J-11.36 E1.10639
G3 X130.243 Y118.06 I.419 J12.835 E.02771
G3 X126.535 Y141.478 I-.417 J11.937 E1.34152
G1 X126.429 Y141.45 E.00363
SET_VELOCITY_LIMIT SQUARE_CORNER_VELOCITY=12
G1 X126.402 Y141.871 F30000
SET_VELOCITY_LIMIT SQUARE_CORNER_VELOCITY=8
G1 F3235
G1 X126.01 Y141.743 E.01365
G3 X129.394 Y117.653 I3.816 J-11.747 E1.14412
G3 X130.257 Y117.653 I.432 J13.265 E.02864
G3 X126.46 Y141.88 I-.431 J12.344 E1.38593
SET_VELOCITY_LIMIT SQUARE_CORNER_VELOCITY=12
G1 E-.56 F2400
;WIPE_START
G1 F13535.936
G1 X126.01 Y141.743 E-.05642
G1 X125.198 Y141.455 E-.10345
G1 X124.588 Y141.184 E-.08013
;WIPE_END
G1 X126.724 Y142.408 Z2.4 F30000
G1 Z2
G1 E.8 F2400
SET_VELOCITY_LIMIT ACCEL=5000 ACCEL_TO_DECEL=2500 SQUARE_CORNER_VELOCITY=8
;TYPE:Outer wall
;WIDTH:0.42
G1 F3235
G1 X126.303 Y142.287 E.01346
G3 X129.379 Y117.218 I3.523 J-12.291 E1.11086
G3 X130.272 Y117.218 I.447 J13.723 E.02744
G3 X126.781 Y142.414 I-.446 J12.778 E1.31503
G1 E-.56 F2400
;WIPE_START
G1 F9000
G1 X126.303 Y142.287 E-.05938
G1 X125.874 Y142.164 E-.05357
G1 X125.035 Y141.859 E-.10712
G1 X124.883 Y141.791 E-.01993
;WIPE_END
G17
G3 Z2.4 I1.217 J0 P1  F30000

;don't support timelapse gcode in spiral_mode and by object sequence for I3 structure printer
;time lapse begin
M5001 G92 E0
M5001 G17
M5001 G2 Z2.4 I0.86 J0.86 P1 F20000 ; spiral lift a little
M5001 G1 X0 Y180 F24000 ; move to safe pos
M5001 P15
M5001 M400 P300
M5001 G92 E0
;time lapse end

SET_VELOCITY_LIMIT ACCEL=6000 ACCEL_TO_DECEL=3000 SQUARE_CORNER_VELOCITY=12
G1 X118.817 Y134.343
G1 Z2
G1 E.8 F2400
;TYPE:Sparse infill
;WIDTH:0.45
G1 F3235
G1 X125.142 Y140.668 E.29674
G2 X129.963 Y141.651 I4.687 J-10.676 E.16443
G1 X118.175 Y129.863 E.553
G3 X118.696 Y126.546 I12.751 J.303 E.11171
G1 X133.279 Y141.129 E.68412
G2 X135.923 Y139.935 I-3.62 J-11.547 E.09647
G1 X119.895 Y123.907 E.75194
G3 X121.586 Y121.76 I11.274 J7.146 E.09081
G1 X138.066 Y138.24 E.77309
G2 X139.761 Y136.097 I-12.445 J-11.59 E.09073
G1 X123.73 Y120.066 E.75206
G3 X126.373 Y118.871 I6.205 J10.207 E.09646
G1 X140.956 Y133.454 E.68412
G2 X141.477 Y130.137 I-13.868 J-3.877 E.11164
G1 X129.689 Y118.349 E.553
G3 X134.5 Y119.322 I.035 J12.205 E.16396
G1 X140.845 Y125.667 E.29762
; stop printing object 圆柱体 id:0 copy 0
;LAYER_CHANGE
;Z:2.2
;HEIGHT:0.2
;BEFORE_LAYER_CHANGE
;2.2
G92 E0

G1 E-.56 F2400
;WIPE_START
G1 F13535.936
G1 X139.43 Y124.252 E-.24
;WIPE_END
EXCLUDE_OBJECT_END NAME=圆柱体_id_0_copy_0

;don't support timelapse gcode in spiral_mode and by object sequence for I3 structure printer
;time lapse begin
M5001 G92 E0
M5001 G17
M5001 G2 Z2.6 I0.86 J0.86 P1 F20000 ; spiral lift a little
M5001 G1 X0 Y180 F24000 ; move to safe pos
M5001 P15
M5001 M400 P300
M5001 G92 E0
;time lapse end

;AFTER_LAYER_CHANGE
;2.2
;_SET_FAN_SPEED_CHANGING_LAYER
; printing object 圆柱体 id:0 copy 0
EXCLUDE_OBJECT_START NAME=圆柱体_id_0_copy_0
G17
G3 Z2.6 I-.968 J-.737 P1  F30000
G1 X126.356 Y141.431 Z2.6
G1 Z2.2
G1 E.8 F2400
SET_VELOCITY_LIMIT SQUARE_CORNER_VELOCITY=8
;TYPE:Inner wall
G1 F3235
G1 X126.136 Y141.356 E.00771
G3 X129.408 Y118.06 I3.69 J-11.36 E1.10639
G3 X130.243 Y118.06 I.419 J12.931 E.02771
G3 X126.535 Y141.478 I-.417 J11.937 E1.34152
G1 X126.414 Y141.446 E.00414
SET_VELOCITY_LIMIT SQUARE_CORNER_VELOCITY=12
G1 X126.394 Y141.868 F30000
SET_VELOCITY_LIMIT SQUARE_CORNER_VELOCITY=8
G1 F3235
G1 X126.01 Y141.743 E.01337
G3 X129.394 Y117.653 I3.816 J-11.747 E1.14412
G3 X130.257 Y117.653 I.432 J13.362 E.02864
G3 X126.452 Y141.878 I-.431 J12.344 E1.3862
M73 P17 R18
SET_VELOCITY_LIMIT SQUARE_CORNER_VELOCITY=12
G1 E-.56 F2400
;WIPE_START
G1 F13535.936
G1 X126.01 Y141.743 E-.05544
G1 X125.165 Y141.441 E-.10774
G1 X124.58 Y141.18 E-.07681
;WIPE_END
G1 X126.722 Y142.407 Z2.6 F30000
G1 Z2.2
G1 E.8 F2400
SET_VELOCITY_LIMIT ACCEL=5000 ACCEL_TO_DECEL=2500 SQUARE_CORNER_VELOCITY=8
;TYPE:Outer wall
;WIDTH:0.42
G1 F3235
G1 X125.876 Y142.157 E.02713
G3 X129.379 Y117.218 I3.95 J-12.161 E1.09715
G3 X130.272 Y117.218 I.447 J13.822 E.02744
G3 X126.78 Y142.414 I-.446 J12.778 E1.31506
G1 E-.56 F2400
;WIPE_START
G1 F9000
G1 X125.876 Y142.157 E-.1128
G1 X125.001 Y141.844 E-.11146
G1 X124.881 Y141.791 E-.01574
;WIPE_END
G17
G3 Z2.6 I1.217 J0 P1  F30000

;don't support timelapse gcode in spiral_mode and by object sequence for I3 structure printer
;time lapse begin
M5001 G92 E0
M5001 G17
M5001 G2 Z2.6 I0.86 J0.86 P1 F20000 ; spiral lift a little
M5001 G1 X0 Y180 F24000 ; move to safe pos
M5001 P15
M5001 M400 P300
M5001 G92 E0
;time lapse end

SET_VELOCITY_LIMIT ACCEL=6000 ACCEL_TO_DECEL=3000 SQUARE_CORNER_VELOCITY=12
G1 X118.817 Y134.343
G1 Z2.2
G1 E.8 F2400
;TYPE:Sparse infill
;WIDTH:0.45
G1 F3235
G1 X125.143 Y140.669 E.29677
G2 X129.963 Y141.651 I4.641 J-10.461 E.16445
G1 X118.175 Y129.863 E.553
G3 X118.697 Y126.547 I11.711 J.146 E.11173
G1 X133.28 Y141.13 E.68411
G2 X135.922 Y139.934 I-4.227 J-12.852 E.09638
G1 X119.891 Y123.903 E.75206
G3 X121.586 Y121.76 I9.786 J6.002 E.09085
G1 X138.066 Y138.24 E.77309
G2 X139.76 Y136.096 I-9.806 J-9.49 E.09079
G1 X123.733 Y120.069 E.75187
G3 X126.373 Y118.871 I6.119 J9.981 E.09642
G1 X140.955 Y133.453 E.68406
G2 X141.477 Y130.137 I-10.77 J-3.395 E.11176
G1 X129.689 Y118.349 E.553
G3 X134.5 Y119.322 I.046 J12.15 E.16397
G1 X140.845 Y125.667 E.29762
; stop printing object 圆柱体 id:0 copy 0
;LAYER_CHANGE
;Z:2.4
;HEIGHT:0.2
;BEFORE_LAYER_CHANGE
;2.4
G92 E0

G1 E-.56 F2400
;WIPE_START
G1 F13535.936
G1 X139.43 Y124.252 E-.24
;WIPE_END
EXCLUDE_OBJECT_END NAME=圆柱体_id_0_copy_0

;don't support timelapse gcode in spiral_mode and by object sequence for I3 structure printer
;time lapse begin
M5001 G92 E0
M5001 G17
M5001 G2 Z2.8 I0.86 J0.86 P1 F20000 ; spiral lift a little
M5001 G1 X0 Y180 F24000 ; move to safe pos
M5001 P15
M5001 M400 P300
M5001 G92 E0
;time lapse end

;AFTER_LAYER_CHANGE
;2.4
;_SET_FAN_SPEED_CHANGING_LAYER
; printing object 圆柱体 id:0 copy 0
EXCLUDE_OBJECT_START NAME=圆柱体_id_0_copy_0
G17
G3 Z2.8 I-.969 J-.737 P1  F30000
G1 X126.371 Y141.431 Z2.8
G1 Z2.4
G1 E.8 F2400
SET_VELOCITY_LIMIT SQUARE_CORNER_VELOCITY=8
;TYPE:Inner wall
G1 F3235
G1 X126.136 Y141.356 E.00816
G3 X129.408 Y118.06 I3.69 J-11.36 E1.10638
G3 X130.243 Y118.06 I.419 J13.024 E.02772
G3 X126.937 Y141.586 I-.417 J11.937 E1.3277
G1 X126.428 Y141.447 E.0175
SET_VELOCITY_LIMIT SQUARE_CORNER_VELOCITY=12
G1 X126.405 Y141.864 F30000
SET_VELOCITY_LIMIT SQUARE_CORNER_VELOCITY=8
G1 F3235
G1 X126.01 Y141.743 E.01367
G3 X129.394 Y117.653 I3.816 J-11.747 E1.14411
G3 X130.257 Y117.653 I.432 J13.457 E.02864
G3 X126.839 Y141.981 I-.431 J12.344 E1.37293
G1 X126.462 Y141.879 E.01293
SET_VELOCITY_LIMIT SQUARE_CORNER_VELOCITY=12
G1 E-.56 F2400
;WIPE_START
G1 F13535.936
G1 X126.01 Y141.743 E-.05666
G1 X125.162 Y141.44 E-.10815
G1 X124.589 Y141.185 E-.07519
;WIPE_END
G1 X126.721 Y142.407 Z2.8 F30000
G1 Z2.4
G1 E.8 F2400
SET_VELOCITY_LIMIT ACCEL=5000 ACCEL_TO_DECEL=2500 SQUARE_CORNER_VELOCITY=8
;TYPE:Outer wall
;WIDTH:0.42
G1 F3235
G1 X125.876 Y142.157 E.02709
G3 X129.379 Y117.218 I3.95 J-12.161 E1.09715
G3 X130.272 Y117.218 I.447 J13.919 E.02745
G3 X126.779 Y142.414 I-.446 J12.778 E1.31508
G1 E-.56 F2400
;WIPE_START
G1 F9000
G1 X125.876 Y142.157 E-.1127
G1 X124.998 Y141.843 E-.11187
G1 X124.881 Y141.791 E-.01543
;WIPE_END
G17
G3 Z2.8 I1.217 J0 P1  F30000

;don't support timelapse gcode in spiral_mode and by object sequence for I3 structure printer
;time lapse begin
M5001 G92 E0
M5001 G17
M5001 G2 Z2.8 I0.86 J0.86 P1 F20000 ; spiral lift a little
M5001 G1 X0 Y180 F24000 ; move to safe pos
M5001 P15
M5001 M400 P300
M5001 G92 E0
;time lapse end

SET_VELOCITY_LIMIT ACCEL=6000 ACCEL_TO_DECEL=3000 SQUARE_CORNER_VELOCITY=12
G1 X118.807 Y134.333
G1 Z2.4
G1 E.8 F2400
;TYPE:Sparse infill
;WIDTH:0.45
G1 F3235
G1 X125.143 Y140.669 E.29723
G2 X129.963 Y141.651 I4.641 J-10.462 E.16445
G1 X118.175 Y129.863 E.553
G3 X118.694 Y126.544 I12.908 J.317 E.11176
G1 X133.279 Y141.129 E.68422
G2 X135.923 Y139.935 I-3.621 J-11.549 E.09647
G1 X119.895 Y123.907 E.75193
G3 X121.586 Y121.76 I11.251 J7.126 E.09081
G1 X138.065 Y138.239 E.77304
G2 X139.761 Y136.097 I-7.958 J-8.042 E.09085
M73 P18 R18
G1 X123.73 Y120.066 E.75202
G3 X126.373 Y118.871 I6.202 J10.199 E.09646
G1 X140.955 Y133.453 E.68405
G2 X141.477 Y130.137 I-10.773 J-3.396 E.11176
G1 X129.689 Y118.349 E.553
G3 X134.5 Y119.323 I.047 J12.147 E.16397
G1 X140.833 Y125.655 E.29706
; stop printing object 圆柱体 id:0 copy 0
;LAYER_CHANGE
;Z:2.6
;HEIGHT:0.2
;BEFORE_LAYER_CHANGE
;2.6
G92 E0

G1 E-.56 F2400
;WIPE_START
G1 F13535.936
G1 X139.419 Y124.241 E-.24
;WIPE_END
EXCLUDE_OBJECT_END NAME=圆柱体_id_0_copy_0

;don't support timelapse gcode in spiral_mode and by object sequence for I3 structure printer
;time lapse begin
M5001 G92 E0
M5001 G17
M5001 G2 Z3 I0.86 J0.86 P1 F20000 ; spiral lift a little
M5001 G1 X0 Y180 F24000 ; move to safe pos
M5001 P15
M5001 M400 P300
M5001 G92 E0
;time lapse end

;AFTER_LAYER_CHANGE
;2.6
;_SET_FAN_SPEED_CHANGING_LAYER
; printing object 圆柱体 id:0 copy 0
EXCLUDE_OBJECT_START NAME=圆柱体_id_0_copy_0
G17
G3 Z3 I-.969 J-.736 P1  F30000
G1 X126.353 Y141.43 Z3
G1 Z2.6
G1 E.8 F2400
SET_VELOCITY_LIMIT SQUARE_CORNER_VELOCITY=8
;TYPE:Inner wall
G1 F3235
G1 X126.136 Y141.355 E.0076
G3 X129.407 Y118.06 I3.69 J-11.359 E1.10633
G3 X130.243 Y118.06 I.419 J13.114 E.02772
G3 X126.535 Y141.477 I-.417 J11.936 E1.34146
G1 X126.411 Y141.445 E.00425
SET_VELOCITY_LIMIT SQUARE_CORNER_VELOCITY=12
G1 X126.392 Y141.867 F30000
SET_VELOCITY_LIMIT SQUARE_CORNER_VELOCITY=8
G1 F3235
G1 X126.011 Y141.742 E.0133
G3 X129.394 Y117.653 I3.816 J-11.746 E1.14406
G3 X130.257 Y117.653 I.433 J13.551 E.02864
G3 X126.45 Y141.876 I-.431 J12.343 E1.38621
SET_VELOCITY_LIMIT SQUARE_CORNER_VELOCITY=12
G1 E-.56 F2400
;WIPE_START
G1 F13535.936
G1 X126.011 Y141.742 E-.05515
G1 X125.158 Y141.439 E-.10856
G1 X124.578 Y141.179 E-.07629
;WIPE_END
G1 X126.72 Y142.407 Z3 F30000
G1 Z2.6
G1 E.8 F2400
SET_VELOCITY_LIMIT ACCEL=5000 ACCEL_TO_DECEL=2500 SQUARE_CORNER_VELOCITY=8
;TYPE:Outer wall
;WIDTH:0.42
G1 F3235
G1 X125.876 Y142.156 E.02706
G3 X129.379 Y117.218 I3.95 J-12.16 E1.0971
G3 X130.272 Y117.218 I.447 J14.016 E.02745
G3 X126.778 Y142.412 I-.446 J12.778 E1.31507
G1 E-.56 F2400
;WIPE_START
G1 F9000
G1 X125.876 Y142.156 E-.11252
G1 X124.995 Y141.842 E-.11228
G1 X124.879 Y141.79 E-.01521
;WIPE_END
G17
G3 Z3 I1.217 J0 P1  F30000

;don't support timelapse gcode in spiral_mode and by object sequence for I3 structure printer
;time lapse begin
M5001 G92 E0
M5001 G17
M5001 G2 Z3 I0.86 J0.86 P1 F20000 ; spiral lift a little
M5001 G1 X0 Y180 F24000 ; move to safe pos
M5001 P15
M5001 M400 P300
M5001 G92 E0
;time lapse end

SET_VELOCITY_LIMIT ACCEL=6000 ACCEL_TO_DECEL=3000 SQUARE_CORNER_VELOCITY=12
G1 X118.807 Y134.333
G1 Z2.6
G1 E.8 F2400
;TYPE:Sparse infill
;WIDTH:0.45
G1 F3235
G1 X125.143 Y140.669 E.29723
G2 X129.962 Y141.65 I4.685 J-10.685 E.16437
G1 X118.175 Y129.863 E.55297
G3 X118.696 Y126.546 I11.796 J.153 E.11176
G1 X133.279 Y141.129 E.68411
G2 X135.923 Y139.935 I-3.62 J-11.548 E.09647
G1 X119.891 Y123.903 E.75212
G3 X121.586 Y121.76 I10.409 J6.494 E.09082
G1 X138.066 Y138.24 E.77309
G2 X139.758 Y136.094 I-9.595 J-9.303 E.09081
G1 X123.729 Y120.065 E.75194
G3 X126.373 Y118.871 I5.988 J9.742 E.0965
M73 P18 R17
G1 X140.955 Y133.453 E.68405
G2 X141.477 Y130.137 I-10.78 J-3.397 E.11176
G1 X129.689 Y118.349 E.553
G3 X134.51 Y119.332 I.132 J11.67 E.16443
G1 X140.835 Y125.657 E.29674
; stop printing object 圆柱体 id:0 copy 0
;LAYER_CHANGE
;Z:2.8
;HEIGHT:0.2
;BEFORE_LAYER_CHANGE
;2.8
G92 E0

G1 E-.56 F2400
;WIPE_START
G1 F13535.936
G1 X139.421 Y124.243 E-.24
;WIPE_END
EXCLUDE_OBJECT_END NAME=圆柱体_id_0_copy_0

;don't support timelapse gcode in spiral_mode and by object sequence for I3 structure printer
;time lapse begin
M5001 G92 E0
M5001 G17
M5001 G2 Z3.2 I0.86 J0.86 P1 F20000 ; spiral lift a little
M5001 G1 X0 Y180 F24000 ; move to safe pos
M5001 P15
M5001 M400 P300
M5001 G92 E0
;time lapse end

;AFTER_LAYER_CHANGE
;2.8
;_SET_FAN_SPEED_CHANGING_LAYER
; printing object 圆柱体 id:0 copy 0
EXCLUDE_OBJECT_START NAME=圆柱体_id_0_copy_0
G17
G3 Z3.2 I-.969 J-.737 P1  F30000
G1 X126.351 Y141.429 Z3.2
G1 Z2.8
G1 E.8 F2400
SET_VELOCITY_LIMIT SQUARE_CORNER_VELOCITY=8
;TYPE:Inner wall
G1 F3235
G1 X126.136 Y141.356 E.00754
G3 X129.407 Y118.06 I3.69 J-11.36 E1.10637
G3 X130.243 Y118.06 I.419 J13.208 E.02773
G3 X126.535 Y141.478 I-.417 J11.937 E1.34153
G1 X126.409 Y141.445 E.0043
SET_VELOCITY_LIMIT SQUARE_CORNER_VELOCITY=12
G1 X126.391 Y141.867 F30000
SET_VELOCITY_LIMIT SQUARE_CORNER_VELOCITY=8
G1 F3235
G1 X126.01 Y141.743 E.01326
G3 X129.394 Y117.653 I3.816 J-11.747 E1.14411
G3 X130.257 Y117.653 I.433 J13.647 E.02865
G3 X126.449 Y141.877 I-.431 J12.344 E1.38631
M73 P19 R17
SET_VELOCITY_LIMIT SQUARE_CORNER_VELOCITY=12
G1 E-.56 F2400
;WIPE_START
G1 F13535.936
G1 X126.01 Y141.743 E-.05507
G1 X125.155 Y141.437 E-.10897
G1 X124.577 Y141.179 E-.07597
;WIPE_END
G1 X126.719 Y142.407 Z3.2 F30000
G1 Z2.8
G1 E.8 F2400
SET_VELOCITY_LIMIT ACCEL=5000 ACCEL_TO_DECEL=2500 SQUARE_CORNER_VELOCITY=8
;TYPE:Outer wall
;WIDTH:0.42
G1 F3235
G1 X125.876 Y142.157 E.02703
G3 X129.379 Y117.218 I3.95 J-12.161 E1.09715
G3 X130.272 Y117.218 I.447 J14.115 E.02745
G3 X126.778 Y142.413 I-.446 J12.778 E1.31514
G1 E-.56 F2400
;WIPE_START
G1 F9000
G1 X125.876 Y142.157 E-.11249
G1 X124.992 Y141.84 E-.1127
G1 X124.879 Y141.79 E-.01481
;WIPE_END
G17
G3 Z3.2 I1.217 J0 P1  F30000

;don't support timelapse gcode in spiral_mode and by object sequence for I3 structure printer
;time lapse begin
M5001 G92 E0
M5001 G17
M5001 G2 Z3.2 I0.86 J0.86 P1 F20000 ; spiral lift a little
M5001 G1 X0 Y180 F24000 ; move to safe pos
M5001 P15
M5001 M400 P300
M5001 G92 E0
;time lapse end

SET_VELOCITY_LIMIT ACCEL=6000 ACCEL_TO_DECEL=3000 SQUARE_CORNER_VELOCITY=12
G1 X118.807 Y134.333
G1 Z2.8
G1 E.8 F2400
;TYPE:Sparse infill
;WIDTH:0.45
G1 F3235
G1 X125.151 Y140.677 E.29761
G2 X129.963 Y141.651 I4.765 J-11.17 E.16398
G1 X118.175 Y129.863 E.553
G3 X118.696 Y126.546 I12.755 J.304 E.11171
G1 X133.279 Y141.129 E.68411
G2 X135.923 Y139.935 I-3.343 J-10.934 E.0965
G1 X119.894 Y123.906 E.75194
G3 X121.586 Y121.76 I11.285 J7.156 E.09081
G1 X138.066 Y138.24 E.77309
G2 X139.757 Y136.093 I-9.559 J-9.272 E.09081
G1 X123.73 Y120.066 E.75187
G3 X126.373 Y118.871 I6.222 J10.245 E.09646
G1 X140.956 Y133.454 E.68411
G2 X141.477 Y130.137 I-12.452 J-3.655 E.11169
G1 X129.689 Y118.349 E.553
G3 X134.51 Y119.332 I.18 J11.432 E.16448
G1 X140.845 Y125.667 E.29719
; stop printing object 圆柱体 id:0 copy 0
;LAYER_CHANGE
;Z:3
;HEIGHT:0.2
;BEFORE_LAYER_CHANGE
;3
G92 E0

G1 E-.56 F2400
;WIPE_START
G1 F13535.936
G1 X139.43 Y124.252 E-.24
;WIPE_END
EXCLUDE_OBJECT_END NAME=圆柱体_id_0_copy_0

;don't support timelapse gcode in spiral_mode and by object sequence for I3 structure printer
;time lapse begin
M5001 G92 E0
M5001 G17
M5001 G2 Z3.4 I0.86 J0.86 P1 F20000 ; spiral lift a little
M5001 G1 X0 Y180 F24000 ; move to safe pos
M5001 P15
M5001 M400 P300
M5001 G92 E0
;time lapse end

;AFTER_LAYER_CHANGE
;3
;_SET_FAN_SPEED_CHANGING_LAYER
; printing object 圆柱体 id:0 copy 0
EXCLUDE_OBJECT_START NAME=圆柱体_id_0_copy_0
G17
G3 Z3.4 I-.969 J-.737 P1  F30000
G1 X126.368 Y141.434 Z3.4
G1 Z3
G1 E.8 F2400
SET_VELOCITY_LIMIT SQUARE_CORNER_VELOCITY=8
;TYPE:Inner wall
G1 F3235
G1 X126.136 Y141.356 E.00811
G3 X129.407 Y118.06 I3.69 J-11.36 E1.10636
G3 X130.243 Y118.06 I.419 J13.304 E.02773
G3 X126.535 Y141.478 I-.417 J11.937 E1.34153
G1 X126.426 Y141.45 E.00373
SET_VELOCITY_LIMIT SQUARE_CORNER_VELOCITY=12
G1 X126.397 Y141.869 F30000
SET_VELOCITY_LIMIT SQUARE_CORNER_VELOCITY=8
G1 F3235
G1 X126.01 Y141.743 E.01348
G3 X129.394 Y117.653 I3.816 J-11.747 E1.1441
G3 X130.257 Y117.653 I.433 J13.743 E.02865
G3 X126.455 Y141.878 I-.431 J12.344 E1.3861
SET_VELOCITY_LIMIT SQUARE_CORNER_VELOCITY=12
G1 E-.56 F2400
;WIPE_START
G1 F13535.936
G1 X126.01 Y141.743 E-.05583
G1 X125.198 Y141.455 E-.10345
G1 X124.801 Y141.287 E-.05175
G1 X124.584 Y141.181 E-.02897
;WIPE_END
G1 X126.719 Y142.407 Z3.4 F30000
G1 Z3
G1 E.8 F2400
SET_VELOCITY_LIMIT ACCEL=5000 ACCEL_TO_DECEL=2500 SQUARE_CORNER_VELOCITY=8
;TYPE:Outer wall
;WIDTH:0.42
G1 F3235
G1 X126.303 Y142.287 E.01329
G3 X129.379 Y117.218 I3.523 J-12.291 E1.11086
G3 X130.272 Y117.218 I.447 J14.214 E.02745
G3 X126.777 Y142.413 I-.446 J12.778 E1.31516
G1 E-.56 F2400
;WIPE_START
G1 F9000
G1 X126.303 Y142.287 E-.05887
G1 X125.874 Y142.164 E-.05357
G1 X125.035 Y141.859 E-.10712
G1 X124.878 Y141.792 E-.02044
;WIPE_END
G17
G3 Z3.4 I1.217 J0 P1  F30000

;don't support timelapse gcode in spiral_mode and by object sequence for I3 structure printer
;time lapse begin
M5001 G92 E0
M5001 G17
M5001 G2 Z3.4 I0.86 J0.86 P1 F20000 ; spiral lift a little
M5001 G1 X0 Y180 F24000 ; move to safe pos
M5001 P15
M5001 M400 P300
M5001 G92 E0
;time lapse end

SET_VELOCITY_LIMIT ACCEL=6000 ACCEL_TO_DECEL=3000 SQUARE_CORNER_VELOCITY=12
G1 X118.811 Y134.337
G1 Z3
G1 E.8 F2400
;TYPE:Sparse infill
;WIDTH:0.45
G1 F3235
G1 X125.154 Y140.68 E.29758
G2 X129.963 Y141.651 I4.773 J-11.244 E.16386
G1 X118.175 Y129.863 E.553
G3 X118.697 Y126.547 I11.313 J.083 E.11176
G1 X133.28 Y141.13 E.68411
G2 X135.922 Y139.934 I-4.223 J-12.844 E.09638
G1 X119.894 Y123.906 E.75189
G3 X121.586 Y121.76 I11.288 J7.158 E.09081
M73 P20 R17
G1 X138.066 Y138.24 E.77309
G2 X139.761 Y136.097 I-10.082 J-9.72 E.09078
G1 X123.73 Y120.066 E.75206
G3 X126.372 Y118.87 I6.81 J11.525 E.09639
G1 X140.956 Y133.454 E.68418
G2 X141.477 Y130.137 I-12.465 J-3.657 E.11169
G1 X129.689 Y118.349 E.553
G3 X134.5 Y119.323 I-.077 J12.756 E.16386
G1 X140.845 Y125.667 E.29762
; stop printing object 圆柱体 id:0 copy 0
;LAYER_CHANGE
;Z:3.2
;HEIGHT:0.2
;BEFORE_LAYER_CHANGE
;3.2
G92 E0

G1 E-.56 F2400
;WIPE_START
G1 F13535.936
G1 X139.43 Y124.252 E-.24
;WIPE_END
EXCLUDE_OBJECT_END NAME=圆柱体_id_0_copy_0

;don't support timelapse gcode in spiral_mode and by object sequence for I3 structure printer
;time lapse begin
M5001 G92 E0
M5001 G17
M5001 G2 Z3.6 I0.86 J0.86 P1 F20000 ; spiral lift a little
M5001 G1 X0 Y180 F24000 ; move to safe pos
M5001 P15
M5001 M400 P300
M5001 G92 E0
;time lapse end

;AFTER_LAYER_CHANGE
;3.2
;_SET_FAN_SPEED_CHANGING_LAYER
; printing object 圆柱体 id:0 copy 0
EXCLUDE_OBJECT_START NAME=圆柱体_id_0_copy_0
G17
G3 Z3.6 I-.968 J-.737 P1  F30000
G1 X126.348 Y141.429 Z3.6
G1 Z3.2
G1 E.8 F2400
SET_VELOCITY_LIMIT SQUARE_CORNER_VELOCITY=8
;TYPE:Inner wall
G1 F3235
G1 X126.137 Y141.355 E.00744
G3 X129.407 Y118.06 I3.69 J-11.359 E1.1063
G3 X130.243 Y118.06 I.42 J13.399 E.02773
G3 X126.535 Y141.477 I-.417 J11.936 E1.34145
G1 X126.406 Y141.444 E.00441
SET_VELOCITY_LIMIT SQUARE_CORNER_VELOCITY=12
G1 X126.389 Y141.867 F30000
SET_VELOCITY_LIMIT SQUARE_CORNER_VELOCITY=8
G1 F3235
G1 X126.011 Y141.742 E.0132
G3 X129.394 Y117.653 I3.815 J-11.746 E1.14404
G3 X130.257 Y117.653 I.433 J13.841 E.02865
G3 X126.448 Y141.875 I-.431 J12.343 E1.3863
SET_VELOCITY_LIMIT SQUARE_CORNER_VELOCITY=12
G1 E-.56 F2400
;WIPE_START
G1 F13535.936
G1 X126.011 Y141.742 E-.0548
G1 X125.149 Y141.435 E-.10979
G1 X124.575 Y141.178 E-.07542
;WIPE_END
G1 X126.718 Y142.406 Z3.6 F30000
G1 Z3.2
G1 E.8 F2400
SET_VELOCITY_LIMIT ACCEL=5000 ACCEL_TO_DECEL=2500 SQUARE_CORNER_VELOCITY=8
;TYPE:Outer wall
;WIDTH:0.42
G1 F3235
G1 X125.876 Y142.155 E.02697
G3 X129.379 Y117.218 I3.95 J-12.16 E1.09709
G3 X130.272 Y117.218 I.447 J14.314 E.02745
G3 X126.776 Y142.412 I-.446 J12.778 E1.31513
G1 E-.56 F2400
;WIPE_START
G1 F9000
G1 X125.876 Y142.155 E-.11221
G1 X124.985 Y141.838 E-.11352
G1 X124.877 Y141.789 E-.01427
;WIPE_END
G17
G3 Z3.6 I1.217 J0 P1  F30000

;don't support timelapse gcode in spiral_mode and by object sequence for I3 structure printer
;time lapse begin
M5001 G92 E0
M5001 G17
M5001 G2 Z3.6 I0.86 J0.86 P1 F20000 ; spiral lift a little
M5001 G1 X0 Y180 F24000 ; move to safe pos
M5001 P15
M5001 M400 P300
M5001 G92 E0
;time lapse end

SET_VELOCITY_LIMIT ACCEL=6000 ACCEL_TO_DECEL=3000 SQUARE_CORNER_VELOCITY=12
G1 X118.807 Y134.333
G1 Z3.2
G1 E.8 F2400
;TYPE:Sparse infill
;WIDTH:0.45
G1 F3235
G1 X125.144 Y140.669 E.29724
G2 X129.962 Y141.65 I4.636 J-10.45 E.1644
G1 X118.175 Y129.863 E.55296
G3 X118.696 Y126.546 I12.747 J.302 E.11171
G1 X133.28 Y141.13 E.68418
G2 X135.922 Y139.934 I-4.227 J-12.851 E.09638
G1 X119.894 Y123.906 E.75189
G3 X121.586 Y121.76 I9.491 J5.742 E.09088
G1 X138.066 Y138.24 E.77309
G2 X139.761 Y136.097 I-12.445 J-11.59 E.09073
G1 X123.73 Y120.066 E.75206
G3 X126.372 Y118.87 I6.806 J11.517 E.09639
G1 X140.955 Y133.453 E.68411
G2 X141.477 Y130.137 I-10.796 J-3.4 E.11176
G1 X129.689 Y118.349 E.553
G3 X134.501 Y119.323 I.049 J12.136 E.16397
G1 X140.845 Y125.667 E.29761
; stop printing object 圆柱体 id:0 copy 0
;LAYER_CHANGE
;Z:3.4
;HEIGHT:0.2
;BEFORE_LAYER_CHANGE
;3.4
G92 E0

G1 E-.56 F2400
;WIPE_START
G1 F13535.936
G1 X139.43 Y124.252 E-.24
;WIPE_END
EXCLUDE_OBJECT_END NAME=圆柱体_id_0_copy_0

;don't support timelapse gcode in spiral_mode and by object sequence for I3 structure printer
;time lapse begin
M5001 G92 E0
M5001 G17
M5001 G2 Z3.8 I0.86 J0.86 P1 F20000 ; spiral lift a little
M5001 G1 X0 Y180 F24000 ; move to safe pos
M5001 P15
M5001 M400 P300
M5001 G92 E0
;time lapse end

;AFTER_LAYER_CHANGE
;3.4
;_SET_FAN_SPEED_CHANGING_LAYER
; printing object 圆柱体 id:0 copy 0
EXCLUDE_OBJECT_START NAME=圆柱体_id_0_copy_0
G17
G3 Z3.8 I-.969 J-.737 P1  F30000
G1 X126.368 Y141.43 Z3.8
G1 Z3.4
G1 E.8 F2400
SET_VELOCITY_LIMIT SQUARE_CORNER_VELOCITY=8
;TYPE:Inner wall
G1 F3235
G1 X126.136 Y141.356 E.00806
G3 X129.407 Y118.06 I3.69 J-11.36 E1.10635
G3 X130.243 Y118.06 I.42 J13.491 E.02774
G3 X126.937 Y141.586 I-.416 J11.937 E1.32771
G1 X126.426 Y141.446 E.0176
SET_VELOCITY_LIMIT SQUARE_CORNER_VELOCITY=12
G1 X126.404 Y141.864 F30000
SET_VELOCITY_LIMIT SQUARE_CORNER_VELOCITY=8
G1 F3235
G1 X126.01 Y141.743 E.01367
G3 X129.394 Y117.653 I3.816 J-11.747 E1.1441
M73 P21 R17
G3 X130.257 Y117.653 I.433 J13.937 E.02865
G3 X126.839 Y141.981 I-.431 J12.344 E1.37294
G1 X126.462 Y141.879 E.01293
SET_VELOCITY_LIMIT SQUARE_CORNER_VELOCITY=12
G1 E-.56 F2400
;WIPE_START
G1 F13535.936
G1 X126.01 Y141.743 E-.05666
G1 X125.146 Y141.433 E-.1102
G1 X124.589 Y141.185 E-.07314
;WIPE_END
G1 X126.717 Y142.406 Z3.8 F30000
G1 Z3.4
G1 E.8 F2400
SET_VELOCITY_LIMIT ACCEL=5000 ACCEL_TO_DECEL=2500 SQUARE_CORNER_VELOCITY=8
;TYPE:Outer wall
;WIDTH:0.42
G1 F3235
G1 X125.876 Y142.157 E.02694
G3 X129.379 Y117.218 I3.95 J-12.161 E1.09714
G3 X130.272 Y117.218 I.447 J14.412 E.02745
G3 X126.775 Y142.413 I-.446 J12.778 E1.31521
G1 E-.56 F2400
;WIPE_START
G1 F9000
G1 X125.876 Y142.157 E-.1122
G1 X124.982 Y141.836 E-.11395
G1 X124.877 Y141.789 E-.01385
;WIPE_END
G17
G3 Z3.8 I1.217 J0 P1  F30000

;don't support timelapse gcode in spiral_mode and by object sequence for I3 structure printer
;time lapse begin
M5001 G92 E0
M5001 G17
M5001 G2 Z3.8 I0.86 J0.86 P1 F20000 ; spiral lift a little
M5001 G1 X0 Y180 F24000 ; move to safe pos
M5001 P15
M5001 M400 P300
M5001 G92 E0
;time lapse end

SET_VELOCITY_LIMIT ACCEL=6000 ACCEL_TO_DECEL=3000 SQUARE_CORNER_VELOCITY=12
G1 X118.807 Y134.333
G1 Z3.4
G1 E.8 F2400
;TYPE:Sparse infill
;WIDTH:0.45
G1 F3235
G1 X125.144 Y140.67 E.29725
G2 X129.963 Y141.651 I4.641 J-10.467 E.16443
G1 X118.175 Y129.863 E.553
G3 X118.697 Y126.547 I11.692 J.143 E.11173
G1 X133.279 Y141.129 E.68405
G2 X135.922 Y139.934 I-3.58 J-11.441 E.09646
G1 X119.891 Y123.903 E.75206
G3 X121.586 Y121.76 I10.567 J6.619 E.09082
G1 X138.066 Y138.24 E.7731
G2 X139.757 Y136.093 I-9.552 J-9.267 E.09081
G1 X123.733 Y120.069 E.75174
G3 X126.373 Y118.871 I6.142 J10.029 E.09642
G1 X140.955 Y133.453 E.68406
G2 X141.477 Y130.137 I-10.801 J-3.4 E.11176
G1 X129.689 Y118.349 E.553
G3 X134.5 Y119.322 I.049 J12.134 E.16397
G1 X140.845 Y125.667 E.29762
; stop printing object 圆柱体 id:0 copy 0
;LAYER_CHANGE
;Z:3.6
;HEIGHT:0.2
;BEFORE_LAYER_CHANGE
;3.6
G92 E0

G1 E-.56 F2400
;WIPE_START
G1 F13535.936
G1 X139.43 Y124.252 E-.24
;WIPE_END
EXCLUDE_OBJECT_END NAME=圆柱体_id_0_copy_0

;don't support timelapse gcode in spiral_mode and by object sequence for I3 structure printer
;time lapse begin
M5001 G92 E0
M5001 G17
M5001 G2 Z4 I0.86 J0.86 P1 F20000 ; spiral lift a little
M5001 G1 X0 Y180 F24000 ; move to safe pos
M5001 P15
M5001 M400 P300
M5001 G92 E0
;time lapse end

;AFTER_LAYER_CHANGE
;3.6
;_SET_FAN_SPEED_CHANGING_LAYER
; printing object 圆柱体 id:0 copy 0
EXCLUDE_OBJECT_START NAME=圆柱体_id_0_copy_0
G17
G3 Z4 I-.968 J-.737 P1  F30000
G1 X126.346 Y141.428 Z4
G1 Z3.6
G1 E.8 F2400
SET_VELOCITY_LIMIT SQUARE_CORNER_VELOCITY=8
;TYPE:Inner wall
G1 F3235
G1 X126.136 Y141.356 E.00734
G3 X129.407 Y118.06 I3.69 J-11.36 E1.10635
G3 X130.243 Y118.06 I.42 J13.584 E.02774
G3 X126.535 Y141.478 I-.416 J11.937 E1.34153
G1 X126.404 Y141.443 E.0045
SET_VELOCITY_LIMIT SQUARE_CORNER_VELOCITY=12
G1 X126.387 Y141.866 F30000
SET_VELOCITY_LIMIT SQUARE_CORNER_VELOCITY=8
G1 F3235
G1 X126.01 Y141.743 E.01314
G3 X129.393 Y117.653 I3.816 J-11.747 E1.14409
G3 X130.257 Y117.653 I.433 J14.033 E.02866
G3 X126.446 Y141.876 I-.431 J12.344 E1.38643
SET_VELOCITY_LIMIT SQUARE_CORNER_VELOCITY=12
G1 E-.56 F2400
;WIPE_START
G1 F13535.936
G1 X126.01 Y141.743 E-.05463
G1 X125.143 Y141.432 E-.11061
G1 X124.574 Y141.178 E-.07476
;WIPE_END
G1 X126.716 Y142.406 Z4 F30000
G1 Z3.6
G1 E.8 F2400
SET_VELOCITY_LIMIT ACCEL=5000 ACCEL_TO_DECEL=2500 SQUARE_CORNER_VELOCITY=8
;TYPE:Outer wall
;WIDTH:0.42
G1 F3235
G1 X125.876 Y142.157 E.02692
G3 X129.379 Y117.218 I3.95 J-12.161 E1.09714
G3 X130.272 Y117.218 I.447 J14.512 E.02745
G3 X126.775 Y142.413 I-.446 J12.778 E1.31523
G1 E-.56 F2400
;WIPE_START
G1 F9000
G1 X125.876 Y142.157 E-.11211
G1 X124.979 Y141.835 E-.11436
G1 X124.876 Y141.789 E-.01353
;WIPE_END
G17
G3 Z4 I1.217 J0 P1  F30000

;don't support timelapse gcode in spiral_mode and by object sequence for I3 structure printer
;time lapse begin
M5001 G92 E0
M5001 G17
M5001 G2 Z4 I0.86 J0.86 P1 F20000 ; spiral lift a little
M5001 G1 X0 Y180 F24000 ; move to safe pos
M5001 P15
M5001 M400 P300
M5001 G92 E0
;time lapse end

SET_VELOCITY_LIMIT ACCEL=6000 ACCEL_TO_DECEL=3000 SQUARE_CORNER_VELOCITY=12
G1 X118.807 Y134.333
G1 Z3.6
G1 E.8 F2400
;TYPE:Sparse infill
;WIDTH:0.45
G1 F3235
G1 X125.151 Y140.677 E.29761
G2 X129.963 Y141.651 I4.772 J-11.208 E.16397
G1 X118.175 Y129.863 E.553
G3 X118.697 Y126.547 I11.237 J.071 E.11176
G1 X133.279 Y141.129 E.68405
G2 X135.923 Y139.935 I-3.621 J-11.55 E.09647
G1 X119.894 Y123.906 E.75195
G3 X121.586 Y121.76 I9.497 J5.747 E.09088
M73 P22 R17
G1 X138.066 Y138.24 E.77309
G2 X139.761 Y136.097 I-12.445 J-11.59 E.09073
G1 X123.733 Y120.069 E.75193
G3 X126.373 Y118.871 I6.596 J11.033 E.09638
G1 X140.956 Y133.454 E.68411
G2 X141.477 Y130.137 I-12.226 J-3.619 E.11171
G1 X129.689 Y118.349 E.553
G3 X134.5 Y119.322 I.04 J12.181 E.16396
G1 X140.845 Y125.667 E.29762
; stop printing object 圆柱体 id:0 copy 0
;LAYER_CHANGE
;Z:3.8
;HEIGHT:0.2
;BEFORE_LAYER_CHANGE
;3.8
G92 E0

G1 E-.56 F2400
;WIPE_START
G1 F13535.936
G1 X139.43 Y124.252 E-.24
;WIPE_END
EXCLUDE_OBJECT_END NAME=圆柱体_id_0_copy_0

;don't support timelapse gcode in spiral_mode and by object sequence for I3 structure printer
;time lapse begin
M5001 G92 E0
M5001 G17
M5001 G2 Z4.2 I0.86 J0.86 P1 F20000 ; spiral lift a little
M5001 G1 X0 Y180 F24000 ; move to safe pos
M5001 P15
M5001 M400 P300
M5001 G92 E0
;time lapse end

;AFTER_LAYER_CHANGE
;3.8
;_SET_FAN_SPEED_CHANGING_LAYER
; printing object 圆柱体 id:0 copy 0
EXCLUDE_OBJECT_START NAME=圆柱体_id_0_copy_0
G17
G3 Z4.2 I-.968 J-.738 P1  F30000
G1 X126.344 Y141.427 Z4.2
G1 Z3.8
G1 E.8 F2400
SET_VELOCITY_LIMIT SQUARE_CORNER_VELOCITY=8
;TYPE:Inner wall
G1 F3235
G1 X126.136 Y141.356 E.0073
G3 X129.407 Y118.06 I3.69 J-11.36 E1.10634
G3 X130.243 Y118.06 I.42 J13.683 E.02774
G3 X126.535 Y141.478 I-.416 J11.937 E1.34153
G1 X126.402 Y141.443 E.00455
SET_VELOCITY_LIMIT SQUARE_CORNER_VELOCITY=12
G1 X126.386 Y141.866 F30000
SET_VELOCITY_LIMIT SQUARE_CORNER_VELOCITY=8
G1 F3235
G1 X126.01 Y141.743 E.01312
G3 X129.393 Y117.653 I3.816 J-11.747 E1.14409
G3 X130.257 Y117.653 I.433 J14.131 E.02866
G3 X126.445 Y141.876 I-.431 J12.344 E1.38646
SET_VELOCITY_LIMIT SQUARE_CORNER_VELOCITY=12
G1 E-.56 F2400
;WIPE_START
G1 F13535.936
G1 X126.01 Y141.743 E-.05454
G1 X125.14 Y141.431 E-.11102
G1 X124.573 Y141.177 E-.07443
;WIPE_END
G1 X126.715 Y142.405 Z4.2 F30000
G1 Z3.8
G1 E.8 F2400
SET_VELOCITY_LIMIT ACCEL=5000 ACCEL_TO_DECEL=2500 SQUARE_CORNER_VELOCITY=8
;TYPE:Outer wall
;WIDTH:0.42
G1 F3235
G1 X125.876 Y142.157 E.0269
G3 X129.379 Y117.218 I3.95 J-12.161 E1.09714
G3 X130.272 Y117.218 I.447 J14.609 E.02745
G3 X126.774 Y142.413 I-.446 J12.778 E1.31526
G1 E-.56 F2400
;WIPE_START
G1 F9000
G1 X125.876 Y142.157 E-.11203
G1 X124.976 Y141.834 E-.11478
G1 X124.875 Y141.789 E-.01319
;WIPE_END
G17
G3 Z4.2 I1.217 J0 P1  F30000

;don't support timelapse gcode in spiral_mode and by object sequence for I3 structure printer
;time lapse begin
M5001 G92 E0
M5001 G17
M5001 G2 Z4.2 I0.86 J0.86 P1 F20000 ; spiral lift a little
M5001 G1 X0 Y180 F24000 ; move to safe pos
M5001 P15
M5001 M400 P300
M5001 G92 E0
;time lapse end

SET_VELOCITY_LIMIT ACCEL=6000 ACCEL_TO_DECEL=3000 SQUARE_CORNER_VELOCITY=12
G1 X118.807 Y134.333
G1 Z3.8
G1 E.8 F2400
;TYPE:Sparse infill
;WIDTH:0.45
G1 F3235
G1 X125.144 Y140.67 E.29725
G2 X129.963 Y141.651 I4.641 J-10.469 E.16443
G1 X118.175 Y129.863 E.553
G3 X118.697 Y126.547 I11.686 J.142 E.11173
G1 X133.28 Y141.13 E.68411
G2 X135.922 Y139.934 I-4.227 J-12.851 E.09638
G1 X119.892 Y123.904 E.752
G3 X121.586 Y121.76 I11.61 J7.433 E.09079
G1 X138.066 Y138.24 E.77309
G2 X139.76 Y136.096 I-9.803 J-9.488 E.09079
G1 X123.73 Y120.066 E.752
G3 X126.37 Y118.868 I6.378 J10.543 E.09638
G1 X140.955 Y133.453 E.68422
G2 X141.477 Y130.137 I-10.811 J-3.402 E.11175
G1 X129.689 Y118.349 E.553
G3 X134.51 Y119.332 I.18 J11.432 E.16448
G1 X140.835 Y125.657 E.29674
; stop printing object 圆柱体 id:0 copy 0
;LAYER_CHANGE
;Z:4
;HEIGHT:0.2
;BEFORE_LAYER_CHANGE
;4
G92 E0

G1 E-.56 F2400
;WIPE_START
G1 F13535.936
G1 X139.421 Y124.243 E-.24
;WIPE_END
EXCLUDE_OBJECT_END NAME=圆柱体_id_0_copy_0

;don't support timelapse gcode in spiral_mode and by object sequence for I3 structure printer
;time lapse begin
M5001 G92 E0
M5001 G17
M5001 G2 Z4.4 I0.86 J0.86 P1 F20000 ; spiral lift a little
M5001 G1 X0 Y180 F24000 ; move to safe pos
M5001 P15
M5001 M400 P300
M5001 G92 E0
;time lapse end

;AFTER_LAYER_CHANGE
;4
;_SET_FAN_SPEED_CHANGING_LAYER
; printing object 圆柱体 id:0 copy 0
EXCLUDE_OBJECT_START NAME=圆柱体_id_0_copy_0
G17
G3 Z4.4 I-.969 J-.736 P1  F30000
G1 X126.366 Y141.43 Z4.4
G1 Z4
G1 E.8 F2400
SET_VELOCITY_LIMIT SQUARE_CORNER_VELOCITY=8
;TYPE:Inner wall
G1 F3235
G1 X126.136 Y141.356 E.00801
G3 X129.407 Y118.06 I3.69 J-11.36 E1.10634
G3 X130.243 Y118.06 I.42 J13.775 E.02775
G3 X126.937 Y141.586 I-.416 J11.937 E1.32771
G1 X126.424 Y141.445 E.01766
SET_VELOCITY_LIMIT SQUARE_CORNER_VELOCITY=12
G1 X126.402 Y141.863 F30000
SET_VELOCITY_LIMIT SQUARE_CORNER_VELOCITY=8
G1 F3235
G1 X126.01 Y141.743 E.01358
G3 X129.393 Y117.653 I3.816 J-11.747 E1.14409
M73 P23 R17
G3 X130.257 Y117.653 I.433 J14.227 E.02866
G3 X126.839 Y141.981 I-.431 J12.344 E1.37294
G1 X126.46 Y141.879 E.01302
SET_VELOCITY_LIMIT SQUARE_CORNER_VELOCITY=12
G1 E-.56 F2400
;WIPE_START
G1 F13535.936
G1 X126.01 Y141.743 E-.05634
G1 X125.136 Y141.429 E-.11144
G1 X124.587 Y141.184 E-.07223
;WIPE_END
G1 X126.715 Y142.405 Z4.4 F30000
G1 Z4
G1 E.8 F2400
SET_VELOCITY_LIMIT ACCEL=5000 ACCEL_TO_DECEL=2500 SQUARE_CORNER_VELOCITY=8
;TYPE:Outer wall
;WIDTH:0.42
G1 F3235
G1 X125.876 Y142.157 E.02688
G3 X129.379 Y117.218 I3.95 J-12.161 E1.09714
G3 X130.272 Y117.218 I.447 J14.71 E.02745
G3 X126.773 Y142.412 I-.446 J12.778 E1.31527
G1 E-.56 F2400
;WIPE_START
G1 F9000
G1 X125.876 Y142.157 E-.11196
G1 X124.973 Y141.832 E-.11519
G1 X124.875 Y141.789 E-.01285
;WIPE_END
G17
G3 Z4.4 I1.217 J0 P1  F30000

;don't support timelapse gcode in spiral_mode and by object sequence for I3 structure printer
;time lapse begin
M5001 G92 E0
M5001 G17
M5001 G2 Z4.4 I0.86 J0.86 P1 F20000 ; spiral lift a little
M5001 G1 X0 Y180 F24000 ; move to safe pos
M5001 P15
M5001 M400 P300
M5001 G92 E0
;time lapse end

SET_VELOCITY_LIMIT ACCEL=6000 ACCEL_TO_DECEL=3000 SQUARE_CORNER_VELOCITY=12
G1 X118.807 Y134.333
G1 Z4
G1 E.8 F2400
;TYPE:Sparse infill
;WIDTH:0.45
G1 F3235
G1 X125.151 Y140.677 E.29761
G2 X129.963 Y141.651 I4.772 J-11.208 E.16397
M73 P23 R16
G1 X118.175 Y129.863 E.553
G3 X118.697 Y126.547 I11.237 J.071 E.11176
G1 X133.28 Y141.13 E.68411
G2 X135.922 Y139.934 I-4.147 J-12.675 E.09639
G1 X119.892 Y123.904 E.752
G3 X121.586 Y121.76 I10.384 J6.465 E.09083
G1 X138.066 Y138.24 E.77309
G2 X139.761 Y136.097 I-8.091 J-8.145 E.09085
G1 X123.729 Y120.065 E.75212
G3 X126.373 Y118.871 I5.999 J9.761 E.0965
G1 X140.955 Y133.453 E.68406
G2 X141.477 Y130.137 I-11.219 J-3.466 E.11173
G1 X129.689 Y118.349 E.553
G3 X134.498 Y119.32 I.037 J12.211 E.16385
G1 X140.841 Y125.663 E.29758
; stop printing object 圆柱体 id:0 copy 0
;LAYER_CHANGE
;Z:4.2
;HEIGHT:0.2
;BEFORE_LAYER_CHANGE
;4.2
G92 E0

G1 E-.56 F2400
;WIPE_START
G1 F13535.936
G1 X139.427 Y124.249 E-.24
;WIPE_END
EXCLUDE_OBJECT_END NAME=圆柱体_id_0_copy_0

;don't support timelapse gcode in spiral_mode and by object sequence for I3 structure printer
;time lapse begin
M5001 G92 E0
M5001 G17
M5001 G2 Z4.6 I0.86 J0.86 P1 F20000 ; spiral lift a little
M5001 G1 X0 Y180 F24000 ; move to safe pos
M5001 P15
M5001 M400 P300
M5001 G92 E0
;time lapse end

;AFTER_LAYER_CHANGE
;4.2
;_SET_FAN_SPEED_CHANGING_LAYER
; printing object 圆柱体 id:0 copy 0
EXCLUDE_OBJECT_START NAME=圆柱体_id_0_copy_0
G17
G3 Z4.6 I-.968 J-.737 P1  F30000
G1 X126.342 Y141.427 Z4.6
G1 Z4.2
G1 E.8 F2400
SET_VELOCITY_LIMIT SQUARE_CORNER_VELOCITY=8
;TYPE:Inner wall
G1 F3235
G1 X126.136 Y141.356 E.00722
G3 X129.406 Y118.06 I3.69 J-11.36 E1.10633
G3 X130.243 Y118.06 I.42 J13.869 E.02775
G3 X126.535 Y141.478 I-.416 J11.937 E1.34154
G1 X126.4 Y141.442 E.00462
SET_VELOCITY_LIMIT SQUARE_CORNER_VELOCITY=12
G1 X126.385 Y141.865 F30000
SET_VELOCITY_LIMIT SQUARE_CORNER_VELOCITY=8
G1 F3235
G1 X126.01 Y141.743 E.01307
G3 X129.393 Y117.653 I3.816 J-11.747 E1.14408
G3 X130.257 Y117.653 I.433 J14.324 E.02866
G3 X126.444 Y141.875 I-.431 J12.344 E1.3865
SET_VELOCITY_LIMIT SQUARE_CORNER_VELOCITY=12
G1 E-.56 F2400
;WIPE_START
G1 F13535.936
G1 X126.01 Y141.743 E-.05439
G1 X125.133 Y141.428 E-.11184
G1 X124.572 Y141.177 E-.07377
;WIPE_END
G1 X126.714 Y142.405 Z4.6 F30000
G1 Z4.2
G1 E.8 F2400
SET_VELOCITY_LIMIT ACCEL=5000 ACCEL_TO_DECEL=2500 SQUARE_CORNER_VELOCITY=8
;TYPE:Outer wall
;WIDTH:0.42
G1 F3235
G1 X125.876 Y142.157 E.02686
G3 X129.379 Y117.218 I3.95 J-12.161 E1.09714
G3 X130.272 Y117.218 I.447 J14.809 E.02745
G3 X126.773 Y142.412 I-.446 J12.778 E1.31529
G1 E-.56 F2400
;WIPE_START
G1 F9000
G1 X125.876 Y142.157 E-.1119
G1 X124.969 Y141.831 E-.11561
G1 X124.874 Y141.788 E-.0125
;WIPE_END
G17
G3 Z4.6 I1.217 J0 P1  F30000

;don't support timelapse gcode in spiral_mode and by object sequence for I3 structure printer
;time lapse begin
M5001 G92 E0
M5001 G17
M5001 G2 Z4.6 I0.86 J0.86 P1 F20000 ; spiral lift a little
M5001 G1 X0 Y180 F24000 ; move to safe pos
M5001 P15
M5001 M400 P300
M5001 G92 E0
;time lapse end

SET_VELOCITY_LIMIT ACCEL=6000 ACCEL_TO_DECEL=3000 SQUARE_CORNER_VELOCITY=12
G1 X118.817 Y134.343
G1 Z4.2
G1 E.8 F2400
;TYPE:Sparse infill
;WIDTH:0.45
G1 F3235
G1 X125.144 Y140.67 E.29681
G2 X129.963 Y141.651 I4.689 J-10.708 E.16437
G1 X118.175 Y129.863 E.553
G3 X118.697 Y126.547 I11.237 J.071 E.11176
G1 X133.282 Y141.132 E.68422
G2 X135.922 Y139.934 I-3.739 J-11.741 E.09638
M73 P24 R16
G1 X119.894 Y123.906 E.75189
G3 X121.586 Y121.76 I10.123 J6.24 E.09085
G1 X138.066 Y138.24 E.7731
G2 X139.757 Y136.093 I-8.366 J-8.331 E.09086
G1 X123.73 Y120.066 E.75187
G3 X126.37 Y118.868 I6.379 J10.543 E.09638
G1 X140.956 Y133.454 E.68428
G2 X141.477 Y130.137 I-12.116 J-3.602 E.11171
G1 X129.689 Y118.349 E.553
G3 X134.498 Y119.32 I.037 J12.211 E.16385
G1 X140.845 Y125.667 E.29774
; stop printing object 圆柱体 id:0 copy 0
;LAYER_CHANGE
;Z:4.4
;HEIGHT:0.2
;BEFORE_LAYER_CHANGE
;4.4
G92 E0

G1 E-.56 F2400
;WIPE_START
G1 F13535.936
G1 X139.43 Y124.252 E-.24
;WIPE_END
EXCLUDE_OBJECT_END NAME=圆柱体_id_0_copy_0

;don't support timelapse gcode in spiral_mode and by object sequence for I3 structure printer
;time lapse begin
M5001 G92 E0
M5001 G17
M5001 G2 Z4.8 I0.86 J0.86 P1 F20000 ; spiral lift a little
M5001 G1 X0 Y180 F24000 ; move to safe pos
M5001 P15
M5001 M400 P300
M5001 G92 E0
;time lapse end

;AFTER_LAYER_CHANGE
;4.4
;_SET_FAN_SPEED_CHANGING_LAYER
; printing object 圆柱体 id:0 copy 0
EXCLUDE_OBJECT_START NAME=圆柱体_id_0_copy_0
G17
G3 Z4.8 I-.968 J-.738 P1  F30000
G1 X126.341 Y141.425 Z4.8
G1 Z4.4
G1 E.8 F2400
SET_VELOCITY_LIMIT SQUARE_CORNER_VELOCITY=8
;TYPE:Inner wall
G1 F3235
G1 X126.067 Y141.334 E.00958
G3 X129.406 Y118.06 I3.759 J-11.337 E1.10393
G3 X130.243 Y118.06 I.421 J13.963 E.02775
G3 X126.537 Y141.479 I-.416 J11.937 E1.34146
G1 X126.399 Y141.441 E.00475
SET_VELOCITY_LIMIT SQUARE_CORNER_VELOCITY=12
G1 X126.384 Y141.865 F30000
SET_VELOCITY_LIMIT SQUARE_CORNER_VELOCITY=8
G1 F3235
G1 X125.941 Y141.72 E.01548
G3 X129.393 Y117.653 I3.886 J-11.724 E1.14165
G3 X130.257 Y117.653 I.433 J14.42 E.02866
G3 X126.443 Y141.875 I-.431 J12.344 E1.38652
SET_VELOCITY_LIMIT SQUARE_CORNER_VELOCITY=12
G1 E-.56 F2400
;WIPE_START
G1 F13535.936
G1 X125.941 Y141.72 E-.06312
G1 X125.198 Y141.455 E-.09465
G1 X124.572 Y141.177 E-.08223
;WIPE_END
G1 X126.715 Y142.398 Z4.8 F30000
G1 Z4.4
G1 E.8 F2400
SET_VELOCITY_LIMIT ACCEL=5000 ACCEL_TO_DECEL=2500 SQUARE_CORNER_VELOCITY=8
;TYPE:Outer wall
;WIDTH:0.42
G1 F3235
G1 X126.303 Y142.287 E.01311
G3 X129.379 Y117.218 I3.523 J-12.291 E1.11086
G3 X130.272 Y117.218 I.447 J14.908 E.02745
G3 X127.168 Y142.503 I-.446 J12.778 E1.30282
G1 X126.774 Y142.411 E.01245
G1 E-.56 F2400
;WIPE_START
G1 F9000
G1 X126.303 Y142.287 E-.0584
G1 X125.803 Y142.14 E-.06256
G1 X125.035 Y141.859 E-.09818
G1 X124.876 Y141.788 E-.02086
;WIPE_END
G17
G3 Z4.8 I1.217 J0 P1  F30000

;don't support timelapse gcode in spiral_mode and by object sequence for I3 structure printer
;time lapse begin
M5001 G92 E0
M5001 G17
M5001 G2 Z4.8 I0.86 J0.86 P1 F20000 ; spiral lift a little
M5001 G1 X0 Y180 F24000 ; move to safe pos
M5001 P15
M5001 M400 P300
M5001 G92 E0
;time lapse end

SET_VELOCITY_LIMIT ACCEL=6000 ACCEL_TO_DECEL=3000 SQUARE_CORNER_VELOCITY=12
G1 X118.811 Y134.337
G1 Z4.4
G1 E.8 F2400
;TYPE:Sparse infill
;WIDTH:0.45
G1 F3235
G1 X125.154 Y140.68 E.29758
G2 X129.963 Y141.651 I4.778 J-11.269 E.16385
G1 X118.175 Y129.863 E.553
G3 X118.697 Y126.547 I11.344 J.088 E.11175
G1 X133.282 Y141.132 E.68422
G2 X135.919 Y139.931 I-4.1 J-12.496 E.09631
G1 X119.891 Y123.903 E.75193
G3 X121.586 Y121.76 I11.621 J7.454 E.09078
G1 X138.068 Y138.242 E.77321
G2 X139.757 Y136.093 I-8.003 J-8.027 E.09089
G1 X123.73 Y120.066 E.75187
G3 X126.373 Y118.871 I6.182 J10.156 E.09646
G1 X140.956 Y133.454 E.68411
G2 X141.477 Y130.137 I-12.559 J-3.672 E.11169
G1 X129.689 Y118.349 E.553
G3 X134.51 Y119.332 I.132 J11.669 E.16443
G1 X140.835 Y125.657 E.29674
; stop printing object 圆柱体 id:0 copy 0
;LAYER_CHANGE
;Z:4.6
;HEIGHT:0.2
;BEFORE_LAYER_CHANGE
;4.6
G92 E0

G1 E-.56 F2400
;WIPE_START
G1 F13535.936
G1 X139.421 Y124.243 E-.24
;WIPE_END
EXCLUDE_OBJECT_END NAME=圆柱体_id_0_copy_0

;don't support timelapse gcode in spiral_mode and by object sequence for I3 structure printer
;time lapse begin
M5001 G92 E0
M5001 G17
M5001 G2 Z5 I0.86 J0.86 P1 F20000 ; spiral lift a little
M5001 G1 X0 Y180 F24000 ; move to safe pos
M5001 P15
M5001 M400 P300
M5001 G92 E0
;time lapse end

;AFTER_LAYER_CHANGE
;4.6
;_SET_FAN_SPEED_CHANGING_LAYER
; printing object 圆柱体 id:0 copy 0
EXCLUDE_OBJECT_START NAME=圆柱体_id_0_copy_0
G17
G3 Z5 I-.969 J-.736 P1  F30000
G1 X126.359 Y141.432 Z5
G1 Z4.6
G1 E.8 F2400
SET_VELOCITY_LIMIT SQUARE_CORNER_VELOCITY=8
;TYPE:Inner wall
G1 F3235
G1 X126.136 Y141.356 E.00781
G3 X129.406 Y118.06 I3.691 J-11.36 E1.10632
G3 X130.243 Y118.06 I.421 J14.053 E.02776
G3 X126.535 Y141.478 I-.416 J11.937 E1.34154
G1 X126.417 Y141.447 E.00404
SET_VELOCITY_LIMIT SQUARE_CORNER_VELOCITY=12
G1 X126.391 Y141.867 F30000
SET_VELOCITY_LIMIT SQUARE_CORNER_VELOCITY=8
G1 F3235
G1 X126.01 Y141.743 E.01329
G3 X129.393 Y117.653 I3.816 J-11.747 E1.14408
M73 P25 R16
G3 X130.257 Y117.653 I.433 J14.514 E.02867
G3 X126.45 Y141.877 I-.431 J12.344 E1.38629
SET_VELOCITY_LIMIT SQUARE_CORNER_VELOCITY=12
G1 E-.56 F2400
;WIPE_START
G1 F13535.936
G1 X126.01 Y141.743 E-.05517
G1 X125.198 Y141.455 E-.10345
G1 X124.578 Y141.179 E-.08138
;WIPE_END
G1 X126.713 Y142.405 Z5 F30000
G1 Z4.6
G1 E.8 F2400
SET_VELOCITY_LIMIT ACCEL=5000 ACCEL_TO_DECEL=2500 SQUARE_CORNER_VELOCITY=8
;TYPE:Outer wall
;WIDTH:0.42
G1 F3235
G1 X126.303 Y142.287 E.01312
G3 X129.379 Y117.218 I3.523 J-12.291 E1.11085
G3 X130.272 Y117.218 I.447 J15.006 E.02745
G3 X126.772 Y142.412 I-.446 J12.778 E1.31532
G1 E-.56 F2400
;WIPE_START
G1 F9000
G1 X126.303 Y142.287 E-.05826
G1 X125.874 Y142.164 E-.05357
G1 X125.035 Y141.859 E-.10712
G1 X124.875 Y141.787 E-.02105
;WIPE_END
G17
G3 Z5 I1.217 J0 P1  F30000

;don't support timelapse gcode in spiral_mode and by object sequence for I3 structure printer
;time lapse begin
M5001 G92 E0
M5001 G17
M5001 G2 Z5 I0.86 J0.86 P1 F20000 ; spiral lift a little
M5001 G1 X0 Y180 F24000 ; move to safe pos
M5001 P15
M5001 M400 P300
M5001 G92 E0
;time lapse end

SET_VELOCITY_LIMIT ACCEL=6000 ACCEL_TO_DECEL=3000 SQUARE_CORNER_VELOCITY=12
G1 X118.807 Y134.333
G1 Z4.6
G1 E.8 F2400
;TYPE:Sparse infill
;WIDTH:0.45
G1 F3235
G1 X125.154 Y140.68 E.29774
G2 X129.963 Y141.651 I4.778 J-11.272 E.16385
G1 X118.175 Y129.863 E.55301
G3 X118.697 Y126.547 I11.354 J.089 E.11175
G1 X133.279 Y141.129 E.68405
G2 X135.922 Y139.934 I-3.58 J-11.441 E.09646
G1 X119.895 Y123.907 E.75187
G3 X121.586 Y121.76 I11.25 J7.125 E.09081
G1 X138.066 Y138.24 E.77309
G2 X139.761 Y136.097 I-8.09 J-8.144 E.09085
G1 X123.73 Y120.066 E.75206
G3 X126.373 Y118.871 I6.18 J10.151 E.09646
G1 X140.956 Y133.454 E.68411
G2 X141.477 Y130.137 I-12.226 J-3.619 E.11171
G1 X129.689 Y118.349 E.553
G3 X134.51 Y119.332 I.132 J11.669 E.16443
G1 X140.845 Y125.667 E.29719
; stop printing object 圆柱体 id:0 copy 0
;LAYER_CHANGE
;Z:4.8
;HEIGHT:0.2
;BEFORE_LAYER_CHANGE
;4.8
G92 E0

G1 E-.56 F2400
;WIPE_START
G1 F13535.936
G1 X139.43 Y124.252 E-.24
;WIPE_END
EXCLUDE_OBJECT_END NAME=圆柱体_id_0_copy_0

;don't support timelapse gcode in spiral_mode and by object sequence for I3 structure printer
;time lapse begin
M5001 G92 E0
M5001 G17
M5001 G2 Z5.2 I0.86 J0.86 P1 F20000 ; spiral lift a little
M5001 G1 X0 Y180 F24000 ; move to safe pos
M5001 P15
M5001 M400 P300
M5001 G92 E0
;time lapse end

;AFTER_LAYER_CHANGE
;4.8
;_SET_FAN_SPEED_CHANGING_LAYER
; printing object 圆柱体 id:0 copy 0
EXCLUDE_OBJECT_START NAME=圆柱体_id_0_copy_0
G17
G3 Z5.2 I-.968 J-.737 P1  F30000
G1 X126.358 Y141.432 Z5.2
G1 Z4.8
G1 E.8 F2400
SET_VELOCITY_LIMIT SQUARE_CORNER_VELOCITY=8
;TYPE:Inner wall
G1 F3235
G1 X126.136 Y141.356 E.00778
G3 X129.406 Y118.06 I3.691 J-11.36 E1.10631
G3 X130.243 Y118.06 I.421 J14.156 E.02776
G3 X126.535 Y141.478 I-.416 J11.937 E1.34154
G1 X126.416 Y141.447 E.00406
SET_VELOCITY_LIMIT SQUARE_CORNER_VELOCITY=12
G1 X126.391 Y141.867 F30000
SET_VELOCITY_LIMIT SQUARE_CORNER_VELOCITY=8
G1 F3235
G1 X126.01 Y141.743 E.01328
G3 X129.393 Y117.653 I3.816 J-11.747 E1.14407
G3 X130.257 Y117.653 I.434 J14.615 E.02867
G3 X126.45 Y141.877 I-.431 J12.344 E1.3863
SET_VELOCITY_LIMIT SQUARE_CORNER_VELOCITY=12
G1 E-.56 F2400
;WIPE_START
G1 F13535.936
G1 X126.01 Y141.743 E-.05514
G1 X125.198 Y141.455 E-.10345
G1 X124.801 Y141.287 E-.05175
G1 X124.579 Y141.178 E-.02966
;WIPE_END
G1 X126.713 Y142.405 Z5.2 F30000
G1 Z4.8
G1 E.8 F2400
SET_VELOCITY_LIMIT ACCEL=5000 ACCEL_TO_DECEL=2500 SQUARE_CORNER_VELOCITY=8
;TYPE:Outer wall
;WIDTH:0.42
G1 F3235
G1 X126.303 Y142.287 E.01311
G3 X129.379 Y117.218 I3.523 J-12.291 E1.11085
G3 X130.272 Y117.218 I.447 J15.106 E.02745
G3 X126.772 Y142.412 I-.446 J12.778 E1.31533
G1 E-.56 F2400
;WIPE_START
G1 F9000
G1 X126.303 Y142.287 E-.05822
G1 X125.874 Y142.164 E-.05357
G1 X125.035 Y141.859 E-.10712
G1 X124.874 Y141.787 E-.02109
;WIPE_END
G17
G3 Z5.2 I1.217 J0 P1  F30000

;don't support timelapse gcode in spiral_mode and by object sequence for I3 structure printer
;time lapse begin
M5001 G92 E0
M5001 G17
M5001 G2 Z5.2 I0.86 J0.86 P1 F20000 ; spiral lift a little
M5001 G1 X0 Y180 F24000 ; move to safe pos
M5001 P15
M5001 M400 P300
M5001 G92 E0
;time lapse end

SET_VELOCITY_LIMIT ACCEL=6000 ACCEL_TO_DECEL=3000 SQUARE_CORNER_VELOCITY=12
G1 X118.807 Y134.333
G1 Z4.8
G1 E.8 F2400
;TYPE:Sparse infill
;WIDTH:0.45
G1 F3235
G1 X125.142 Y140.668 E.29719
G2 X129.963 Y141.651 I4.682 J-10.655 E.16444
G1 X118.175 Y129.863 E.553
G3 X118.694 Y126.544 I12.922 J.319 E.11176
G1 X133.279 Y141.129 E.68422
G2 X135.923 Y139.935 I-3.62 J-11.548 E.09647
M73 P26 R16
G1 X119.891 Y123.903 E.75212
G3 X121.586 Y121.76 I11.621 J7.454 E.09078
G1 X138.066 Y138.24 E.77309
G2 X139.761 Y136.097 I-9.925 J-9.596 E.09078
G1 X123.73 Y120.066 E.75206
G3 X126.373 Y118.871 I5.944 J9.628 E.09649
G1 X140.955 Y133.453 E.68405
G2 X141.477 Y130.137 I-10.837 J-3.406 E.11175
G1 X129.689 Y118.349 E.553
G3 X134.51 Y119.332 I.18 J11.431 E.16448
G1 X140.845 Y125.667 E.29719
; stop printing object 圆柱体 id:0 copy 0
;LAYER_CHANGE
;Z:5
;HEIGHT:0.2
;BEFORE_LAYER_CHANGE
;5
G92 E0

G1 E-.56 F2400
;WIPE_START
G1 F13535.936
G1 X139.43 Y124.252 E-.24
;WIPE_END
EXCLUDE_OBJECT_END NAME=圆柱体_id_0_copy_0

;don't support timelapse gcode in spiral_mode and by object sequence for I3 structure printer
;time lapse begin
M5001 G92 E0
M5001 G17
M5001 G2 Z5.4 I0.86 J0.86 P1 F20000 ; spiral lift a little
M5001 G1 X0 Y180 F24000 ; move to safe pos
M5001 P15
M5001 M400 P300
M5001 G92 E0
;time lapse end

;AFTER_LAYER_CHANGE
;5
;_SET_FAN_SPEED_CHANGING_LAYER
; printing object 圆柱体 id:0 copy 0
EXCLUDE_OBJECT_START NAME=圆柱体_id_0_copy_0
G17
G3 Z5.4 I-.969 J-.737 P1  F30000
G1 X126.364 Y141.429 Z5.4
G1 Z5
G1 E.8 F2400
SET_VELOCITY_LIMIT SQUARE_CORNER_VELOCITY=8
;TYPE:Inner wall
G1 F3236
G1 X126.133 Y141.364 E.00793
G3 X128.577 Y118.118 I3.684 J-11.365 E1.07957
G3 X129.893 Y118.053 I1.619 J19.638 E.04372
G3 X126.935 Y141.594 I-.076 J11.946 E1.339
G1 X126.421 Y141.445 E.01775
SET_VELOCITY_LIMIT SQUARE_CORNER_VELOCITY=12
G1 X126.4 Y141.863 F30000
SET_VELOCITY_LIMIT SQUARE_CORNER_VELOCITY=8
G1 F3236
G1 X126.008 Y141.752 E.01353
G3 X128.535 Y117.713 I3.809 J-11.752 E1.11638
G3 X129.9 Y117.646 I1.663 J20.121 E.04536
G3 X126.837 Y141.989 I-.084 J12.353 E1.38444
G1 X126.458 Y141.879 E.01309
SET_VELOCITY_LIMIT SQUARE_CORNER_VELOCITY=12
G1 E-.56 F2400
;WIPE_START
G1 F13535.936
G1 X126.008 Y141.752 E-.05614
G1 X125.6 Y141.61 E-.05175
G1 X125.129 Y141.426 E-.06066
G1 X124.586 Y141.183 E-.07145
;WIPE_END
G1 X126.713 Y142.405 Z5.4 F30000
G1 Z5
G1 E.8 F2400
SET_VELOCITY_LIMIT ACCEL=5000 ACCEL_TO_DECEL=2500 SQUARE_CORNER_VELOCITY=8
;TYPE:Outer wall
;WIDTH:0.42
G1 F3236
G1 X126.301 Y142.293 E.01311
G3 X124.959 Y141.827 I3.524 J-12.293 E.04367
G3 X117.999 Y125.133 I4.869 J-11.828 E.61724
G3 X125.529 Y117.955 I11.833 J4.873 E.3292
G3 X129.908 Y117.211 I4.306 J12.096 E.13716
G3 X126.771 Y142.418 I-.082 J12.788 E1.32675
G1 E-.56 F2400
;WIPE_START
G1 F9000
G1 X126.301 Y142.293 E-.05838
G1 X125.452 Y142.019 E-.10712
G1 X124.959 Y141.827 E-.06339
G1 X124.959 Y141.827 E0
G1 X124.875 Y141.789 E-.0111
;WIPE_END
G17
G3 Z5.4 I1.217 J0 P1  F30000

;don't support timelapse gcode in spiral_mode and by object sequence for I3 structure printer
;time lapse begin
M5001 G92 E0
M5001 G17
M5001 G2 Z5.4 I0.86 J0.86 P1 F20000 ; spiral lift a little
M5001 G1 X0 Y180 F24000 ; move to safe pos
M5001 P15
M5001 M400 P300
M5001 G92 E0
;time lapse end

SET_VELOCITY_LIMIT ACCEL=6000 ACCEL_TO_DECEL=3000 SQUARE_CORNER_VELOCITY=12
G1 X118.811 Y134.337
G1 Z5
G1 E.8 F2400
;TYPE:Sparse infill
;WIDTH:0.45
G1 F3236
G1 X125.144 Y140.67 E.2971
G2 X129.968 Y141.656 I4.725 J-10.826 E.16453
G1 X118.17 Y129.858 E.55345
G3 X118.694 Y126.544 I13.2 J.386 E.11161
G1 X133.279 Y141.129 E.68422
G2 X135.922 Y139.934 I-3.579 J-11.439 E.09646
G1 X119.892 Y123.904 E.752
G3 X121.586 Y121.76 I11.609 J7.433 E.09079
G1 X138.066 Y138.24 E.77309
G2 X139.757 Y136.093 I-7.774 J-7.865 E.09089
G1 X123.732 Y120.068 E.75175
G3 X126.373 Y118.871 I6.695 J11.252 E.09637
G1 X140.955 Y133.453 E.68406
G2 X141.482 Y130.142 I-12.4 J-3.671 E.11153
G1 X129.689 Y118.349 E.55321
G3 X134.498 Y119.32 I.17 J11.555 E.16397
G1 X140.845 Y125.667 E.29774
; stop printing object 圆柱体 id:0 copy 0
;LAYER_CHANGE
;Z:5.2
;HEIGHT:0.2
;BEFORE_LAYER_CHANGE
;5.2
G92 E0

G1 E-.56 F2400
;WIPE_START
G1 F13535.936
G1 X139.43 Y124.252 E-.24
;WIPE_END
EXCLUDE_OBJECT_END NAME=圆柱体_id_0_copy_0

;don't support timelapse gcode in spiral_mode and by object sequence for I3 structure printer
;time lapse begin
M5001 G92 E0
M5001 G17
M5001 G2 Z5.6 I0.86 J0.86 P1 F20000 ; spiral lift a little
M5001 G1 X0 Y180 F24000 ; move to safe pos
M5001 P15
M5001 M400 P300
M5001 G92 E0
;time lapse end

;AFTER_LAYER_CHANGE
;5.2
;_SET_FAN_SPEED_CHANGING_LAYER
; printing object 圆柱体 id:0 copy 0
EXCLUDE_OBJECT_START NAME=圆柱体_id_0_copy_0
G17
G3 Z5.6 I-.968 J-.737 P1  F30000
G1 X126.358 Y141.428 Z5.6
G1 Z5.2
G1 E.8 F2400
SET_VELOCITY_LIMIT SQUARE_CORNER_VELOCITY=8
;TYPE:Inner wall
G1 F3235
G1 X125.739 Y141.23 E.02158
G3 X128.577 Y118.118 I4.078 J-11.229 E1.06578
G3 X129.897 Y118.053 I1.61 J19.502 E.04383
G3 X126.532 Y141.487 I-.08 J11.947 E1.35274
M73 P27 R16
G1 X126.415 Y141.447 E.0041
SET_VELOCITY_LIMIT SQUARE_CORNER_VELOCITY=12
G1 X126.391 Y141.867 F30000
SET_VELOCITY_LIMIT SQUARE_CORNER_VELOCITY=8
G1 F3235
G1 X125.599 Y141.612 E.02758
G3 X128.535 Y117.713 I4.217 J-11.612 E1.10212
G3 X129.904 Y117.646 I1.655 J19.992 E.04548
G3 X126.448 Y141.886 I-.088 J12.354 E1.3977
SET_VELOCITY_LIMIT SQUARE_CORNER_VELOCITY=12
G1 E-.56 F2400
;WIPE_START
G1 F13535.936
G1 X125.599 Y141.612 E-.10696
G1 X124.801 Y141.287 E-.1035
G1 X124.578 Y141.183 E-.02954
;WIPE_END
G1 X126.713 Y142.405 Z5.6 F30000
G1 Z5.2
G1 E.8 F2400
SET_VELOCITY_LIMIT ACCEL=5000 ACCEL_TO_DECEL=2500 SQUARE_CORNER_VELOCITY=8
;TYPE:Outer wall
;WIDTH:0.42
G1 F3235
G1 X126.301 Y142.292 E.01311
G3 X124.956 Y141.825 I3.516 J-12.306 E.04377
G3 X118.001 Y125.13 I4.891 J-11.834 E.61706
G3 X129.911 Y117.212 I11.828 J4.873 E.46636
G3 X142.577 Y130.977 I-.101 J12.803 E.64448
G3 X126.771 Y142.417 I-12.76 J-.991 E.68175
G1 E-.56 F2400
;WIPE_START
G1 F9000
G1 X126.301 Y142.292 E-.05835
G1 X125.452 Y142.019 E-.10712
G1 X124.956 Y141.825 E-.06381
G1 X124.956 Y141.825 E0
G1 X124.875 Y141.789 E-.01072
;WIPE_END
G17
G3 Z5.6 I1.217 J0 P1  F30000

;don't support timelapse gcode in spiral_mode and by object sequence for I3 structure printer
;time lapse begin
M5001 G92 E0
M5001 G17
M5001 G2 Z5.6 I0.86 J0.86 P1 F20000 ; spiral lift a little
M5001 G1 X0 Y180 F24000 ; move to safe pos
M5001 P15
M5001 M400 P300
M5001 G92 E0
;time lapse end

SET_VELOCITY_LIMIT ACCEL=6000 ACCEL_TO_DECEL=3000 SQUARE_CORNER_VELOCITY=12
G1 X118.811 Y134.337
G1 Z5.2
G1 E.8 F2400
;TYPE:Sparse infill
;WIDTH:0.45
G1 F3235
G1 X125.151 Y140.677 E.29746
G2 X129.965 Y141.653 I4.657 J-10.61 E.16418
G1 X118.17 Y129.858 E.55333
G3 X118.696 Y126.546 I13.033 J.371 E.11156
G1 X133.282 Y141.132 E.68428
G2 X135.922 Y139.934 I-3.739 J-11.741 E.09638
G1 X119.892 Y123.904 E.752
G3 X121.586 Y121.76 I11.609 J7.433 E.09079
G1 X138.068 Y138.242 E.77318
G2 X139.76 Y136.096 I-12.542 J-11.633 E.09075
G1 X123.73 Y120.066 E.752
G3 X126.373 Y118.871 I6.222 J10.244 E.09646
G1 X140.958 Y133.456 E.68422
G2 X141.482 Y130.142 I-12.676 J-3.7 E.11161
G1 X129.689 Y118.349 E.5532
G3 X134.498 Y119.32 I.171 J11.552 E.16397
G1 X140.841 Y125.663 E.29758
; stop printing object 圆柱体 id:0 copy 0
;LAYER_CHANGE
;Z:5.4
;HEIGHT:0.2
;BEFORE_LAYER_CHANGE
;5.4
G92 E0

G1 E-.56 F2400
;WIPE_START
G1 F13535.936
G1 X139.427 Y124.249 E-.24
;WIPE_END
EXCLUDE_OBJECT_END NAME=圆柱体_id_0_copy_0

;don't support timelapse gcode in spiral_mode and by object sequence for I3 structure printer
;time lapse begin
M5001 G92 E0
M5001 G17
M5001 G2 Z5.8 I0.86 J0.86 P1 F20000 ; spiral lift a little
M5001 G1 X0 Y180 F24000 ; move to safe pos
M5001 P15
M5001 M400 P300
M5001 G92 E0
;time lapse end

;AFTER_LAYER_CHANGE
;5.4
;_SET_FAN_SPEED_CHANGING_LAYER
; printing object 圆柱体 id:0 copy 0
EXCLUDE_OBJECT_START NAME=圆柱体_id_0_copy_0
G17
G3 Z5.8 I-.969 J-.737 P1  F30000
G1 X126.363 Y141.429 Z5.8
G1 Z5.4
G1 E.8 F2400
SET_VELOCITY_LIMIT SQUARE_CORNER_VELOCITY=8
;TYPE:Inner wall
G1 F3236
G1 X126.133 Y141.364 E.0079
G3 X128.577 Y118.118 I3.683 J-11.365 E1.07959
G3 X129.9 Y118.054 I1.602 J19.37 E.04395
G3 X126.935 Y141.594 I-.084 J11.946 E1.33871
G1 X126.421 Y141.445 E.01777
SET_VELOCITY_LIMIT SQUARE_CORNER_VELOCITY=12
G1 X126.4 Y141.863 F30000
SET_VELOCITY_LIMIT SQUARE_CORNER_VELOCITY=8
G1 F3236
G1 X126.008 Y141.752 E.01353
G3 X128.535 Y117.713 I3.808 J-11.752 E1.11641
G3 X129.907 Y117.647 I1.647 J19.867 E.0456
G3 X126.837 Y141.989 I-.092 J12.353 E1.38414
M73 P27 R15
G1 X126.458 Y141.879 E.01309
SET_VELOCITY_LIMIT SQUARE_CORNER_VELOCITY=12
G1 E-.56 F2400
;WIPE_START
G1 F13535.936
G1 X126.008 Y141.752 E-.05614
G1 X125.6 Y141.61 E-.05174
G1 X125.198 Y141.455 E-.05175
G1 X124.586 Y141.183 E-.08036
;WIPE_END
G1 X126.713 Y142.405 Z5.8 F30000
G1 Z5.4
G1 E.8 F2400
SET_VELOCITY_LIMIT ACCEL=5000 ACCEL_TO_DECEL=2500 SQUARE_CORNER_VELOCITY=8
;TYPE:Outer wall
;WIDTH:0.42
G1 F3236
G1 X125.874 Y142.162 E.02682
G3 X128.134 Y117.324 I3.952 J-12.162 E1.05891
G3 X129.915 Y117.212 I1.711 J12.98 E.05487
G3 X126.771 Y142.418 I-.089 J12.788 E1.32654
G1 E-.56 F2400
;WIPE_START
G1 F9000
G1 X125.874 Y142.162 E-.11193
G1 X125.035 Y141.859 E-.10712
G1 X124.874 Y141.79 E-.02095
;WIPE_END
G17
G3 Z5.8 I1.217 J0 P1  F30000

;don't support timelapse gcode in spiral_mode and by object sequence for I3 structure printer
;time lapse begin
M5001 G92 E0
M5001 G17
M5001 G2 Z5.8 I0.86 J0.86 P1 F20000 ; spiral lift a little
M5001 G1 X0 Y180 F24000 ; move to safe pos
M5001 P15
M5001 M400 P300
M5001 G92 E0
;time lapse end

SET_VELOCITY_LIMIT ACCEL=6000 ACCEL_TO_DECEL=3000 SQUARE_CORNER_VELOCITY=12
G1 X118.811 Y134.337
G1 Z5.4
G1 E.8 F2400
;TYPE:Sparse infill
;WIDTH:0.45
G1 F3236
G1 X125.142 Y140.668 E.29704
G2 X129.968 Y141.656 I4.714 J-10.755 E.16461
G1 X118.17 Y129.858 E.55345
G3 X118.694 Y126.544 I13.2 J.386 E.11161
G1 X133.28 Y141.13 E.68428
M73 P28 R15
G2 X135.922 Y139.934 I-3.638 J-11.551 E.09643
G1 X119.892 Y123.904 E.752
G3 X121.586 Y121.76 I11.633 J7.449 E.09079
G1 X138.066 Y138.24 E.7731
G2 X139.757 Y136.093 I-8.4 J-8.358 E.09086
G1 X123.729 Y120.065 E.75193
G3 X126.373 Y118.871 I6.265 J10.354 E.09647
G1 X140.958 Y133.456 E.68422
G2 X141.479 Y130.139 I-12.666 J-3.689 E.11169
G1 X129.69 Y118.35 E.55308
G3 X134.498 Y119.32 I.171 J11.549 E.16397
G1 X140.841 Y125.663 E.29758
; stop printing object 圆柱体 id:0 copy 0
;LAYER_CHANGE
;Z:5.6
;HEIGHT:0.2
;BEFORE_LAYER_CHANGE
;5.6
G92 E0

G1 E-.56 F2400
;WIPE_START
G1 F13535.936
G1 X139.427 Y124.249 E-.24
;WIPE_END
EXCLUDE_OBJECT_END NAME=圆柱体_id_0_copy_0

;don't support timelapse gcode in spiral_mode and by object sequence for I3 structure printer
;time lapse begin
M5001 G92 E0
M5001 G17
M5001 G2 Z6 I0.86 J0.86 P1 F20000 ; spiral lift a little
M5001 G1 X0 Y180 F24000 ; move to safe pos
M5001 P15
M5001 M400 P300
M5001 G92 E0
;time lapse end

;AFTER_LAYER_CHANGE
;5.6
;_SET_FAN_SPEED_CHANGING_LAYER
; printing object 圆柱体 id:0 copy 0
EXCLUDE_OBJECT_START NAME=圆柱体_id_0_copy_0
G17
G3 Z6 I-.969 J-.737 P1  F30000
G1 X126.358 Y141.428 Z6
G1 Z5.6
G1 E.8 F2400
SET_VELOCITY_LIMIT SQUARE_CORNER_VELOCITY=8
;TYPE:Inner wall
G1 F3235
G1 X125.739 Y141.23 E.02156
G3 X128.577 Y118.118 I4.077 J-11.23 E1.06581
G3 X129.904 Y118.054 I1.595 J19.243 E.04406
G3 X126.532 Y141.487 I-.088 J11.947 E1.35246
G1 X126.415 Y141.447 E.00412
SET_VELOCITY_LIMIT SQUARE_CORNER_VELOCITY=12
G1 X126.391 Y141.867 F30000
SET_VELOCITY_LIMIT SQUARE_CORNER_VELOCITY=8
G1 F3235
G1 X125.599 Y141.613 E.02759
G3 X128.535 Y117.713 I4.216 J-11.612 E1.10216
G3 X129.911 Y117.647 I1.64 J19.745 E.04571
G3 X126.448 Y141.886 I-.095 J12.354 E1.39741
SET_VELOCITY_LIMIT SQUARE_CORNER_VELOCITY=12
G1 E-.56 F2400
;WIPE_START
G1 F13535.936
G1 X125.599 Y141.613 E-.10699
G1 X125.198 Y141.455 E-.05176
G1 X124.579 Y141.18 E-.08125
;WIPE_END
G1 X126.713 Y142.405 Z6 F30000
G1 Z5.6
G1 E.8 F2400
SET_VELOCITY_LIMIT ACCEL=5000 ACCEL_TO_DECEL=2500 SQUARE_CORNER_VELOCITY=8
;TYPE:Outer wall
;WIDTH:0.42
G1 F3235
G1 X125.873 Y142.165 E.02683
G3 X128.046 Y117.335 I3.944 J-12.165 E1.05672
G3 X129.918 Y117.212 I1.802 J13.14 E.0577
G3 X126.771 Y142.42 I-.101 J12.788 E1.32593
G1 E-.56 F2400
;WIPE_START
G1 F9000
G1 X125.873 Y142.165 E-.11198
G1 X125.035 Y141.859 E-.10713
G1 X124.875 Y141.791 E-.02089
;WIPE_END
G17
G3 Z6 I1.217 J0 P1  F30000

;don't support timelapse gcode in spiral_mode and by object sequence for I3 structure printer
;time lapse begin
M5001 G92 E0
M5001 G17
M5001 G2 Z6 I0.86 J0.86 P1 F20000 ; spiral lift a little
M5001 G1 X0 Y180 F24000 ; move to safe pos
M5001 P15
M5001 M400 P300
M5001 G92 E0
;time lapse end

SET_VELOCITY_LIMIT ACCEL=6000 ACCEL_TO_DECEL=3000 SQUARE_CORNER_VELOCITY=12
G1 X118.811 Y134.337
G1 Z5.6
G1 E.8 F2400
;TYPE:Sparse infill
;WIDTH:0.45
G1 F3235
G1 X125.142 Y140.668 E.29704
G2 X129.965 Y141.653 I4.657 J-10.505 E.16456
G1 X118.17 Y129.858 E.55333
G3 X118.694 Y126.544 I15.005 J.671 E.11155
G1 X133.282 Y141.132 E.68439
G2 X135.919 Y139.931 I-4.19 J-12.692 E.0963
G1 X119.892 Y123.904 E.75187
G3 X121.586 Y121.76 I11.609 J7.433 E.09079
G1 X138.066 Y138.24 E.77309
G2 X139.757 Y136.093 I-7.774 J-7.865 E.09089
G1 X123.729 Y120.065 E.75191
G3 X126.373 Y118.871 I6.209 J10.226 E.09647
G1 X140.958 Y133.456 E.68422
G2 X141.482 Y130.142 I-14.478 J-3.985 E.11155
G1 X129.69 Y118.35 E.55319
G3 X134.498 Y119.32 I.172 J11.546 E.16396
G1 X140.841 Y125.663 E.29758
; stop printing object 圆柱体 id:0 copy 0
;LAYER_CHANGE
;Z:5.8
;HEIGHT:0.2
;BEFORE_LAYER_CHANGE
;5.8
G92 E0

G1 E-.56 F2400
;WIPE_START
G1 F13535.936
G1 X139.427 Y124.249 E-.24
;WIPE_END
EXCLUDE_OBJECT_END NAME=圆柱体_id_0_copy_0

;don't support timelapse gcode in spiral_mode and by object sequence for I3 structure printer
;time lapse begin
M5001 G92 E0
M5001 G17
M5001 G2 Z6.2 I0.86 J0.86 P1 F20000 ; spiral lift a little
M5001 G1 X0 Y180 F24000 ; move to safe pos
M5001 P15
M5001 M400 P300
M5001 G92 E0
;time lapse end

;AFTER_LAYER_CHANGE
;5.8
;_SET_FAN_SPEED_CHANGING_LAYER
; printing object 圆柱体 id:0 copy 0
EXCLUDE_OBJECT_START NAME=圆柱体_id_0_copy_0
G17
G3 Z6.2 I-.969 J-.737 P1  F30000
G1 X126.362 Y141.428 Z6.2
G1 Z5.8
G1 E.8 F2400
SET_VELOCITY_LIMIT SQUARE_CORNER_VELOCITY=8
;TYPE:Inner wall
G1 F3235
G1 X126.133 Y141.365 E.00788
G3 X128.577 Y118.118 I3.683 J-11.365 E1.07967
G3 X129.907 Y118.054 I1.587 J19.122 E.04418
G3 X126.935 Y141.595 I-.091 J11.947 E1.33849
M73 P29 R15
G1 X126.42 Y141.445 E.0178
SET_VELOCITY_LIMIT SQUARE_CORNER_VELOCITY=12
G1 X126.401 Y141.863 F30000
SET_VELOCITY_LIMIT SQUARE_CORNER_VELOCITY=8
G1 F3235
G1 X126.007 Y141.753 E.01355
G3 X128.535 Y117.713 I3.808 J-11.752 E1.11648
G3 X129.914 Y117.647 I1.632 J19.63 E.04583
G3 X126.837 Y141.99 I-.099 J12.354 E1.38393
G1 X126.458 Y141.88 E.01307
SET_VELOCITY_LIMIT SQUARE_CORNER_VELOCITY=12
G1 E-.56 F2400
;WIPE_START
G1 F13535.936
G1 X126.007 Y141.753 E-.05621
G1 X125.6 Y141.61 E-.05175
G1 X125.198 Y141.455 E-.05175
G1 X124.587 Y141.183 E-.08029
;WIPE_END
G1 X126.713 Y142.405 Z6.2 F30000
G1 Z5.8
G1 E.8 F2400
SET_VELOCITY_LIMIT ACCEL=5000 ACCEL_TO_DECEL=2500 SQUARE_CORNER_VELOCITY=8
;TYPE:Outer wall
;WIDTH:0.42
G1 F3235
G1 X126.301 Y142.293 E.01312
G3 X129.922 Y117.212 I3.524 J-12.293 E1.12776
G3 X142.403 Y132.315 I-.11 J12.8 E.68561
G3 X127.511 Y142.577 I-12.59 J-2.333 E.61705
G3 X126.772 Y142.419 I2.314 J-12.577 E.02324
G1 E-.56 F2400
;WIPE_START
G1 F9000
G1 X126.301 Y142.293 E-.05845
G1 X125.874 Y142.164 E-.05358
G1 X125.035 Y141.859 E-.10712
G1 X124.876 Y141.788 E-.02085
;WIPE_END
G17
G3 Z6.2 I1.217 J0 P1  F30000

;don't support timelapse gcode in spiral_mode and by object sequence for I3 structure printer
;time lapse begin
M5001 G92 E0
M5001 G17
M5001 G2 Z6.2 I0.86 J0.86 P1 F20000 ; spiral lift a little
M5001 G1 X0 Y180 F24000 ; move to safe pos
M5001 P15
M5001 M400 P300
M5001 G92 E0
;time lapse end

SET_VELOCITY_LIMIT ACCEL=6000 ACCEL_TO_DECEL=3000 SQUARE_CORNER_VELOCITY=12
G1 X118.811 Y134.337
G1 Z5.8
G1 E.8 F2400
;TYPE:Sparse infill
;WIDTH:0.45
G1 F3235
G1 X125.142 Y140.668 E.29704
G2 X129.968 Y141.656 I4.721 J-10.788 E.1646
G1 X118.17 Y129.858 E.55345
G3 X118.697 Y126.547 I12.927 J.36 E.11153
G1 X133.282 Y141.132 E.68422
G2 X135.919 Y139.931 I-4.19 J-12.692 E.0963
G1 X119.895 Y123.907 E.75174
G3 X121.586 Y121.76 I9.465 J5.718 E.09089
G1 X138.066 Y138.24 E.77309
G2 X139.76 Y136.096 I-9.803 J-9.488 E.09079
G1 X123.732 Y120.068 E.75189
G3 X126.373 Y118.871 I6.685 J11.236 E.09638
G1 X140.958 Y133.456 E.68422
G2 X141.482 Y130.142 I-14.482 J-3.986 E.11155
G1 X129.69 Y118.35 E.55319
G3 X134.498 Y119.32 I.127 J11.773 E.16391
G1 X140.845 Y125.667 E.29774
; stop printing object 圆柱体 id:0 copy 0
;LAYER_CHANGE
;Z:6
;HEIGHT:0.2
;BEFORE_LAYER_CHANGE
;6
G92 E0

G1 E-.56 F2400
;WIPE_START
G1 F13535.936
G1 X139.43 Y124.252 E-.24
;WIPE_END
EXCLUDE_OBJECT_END NAME=圆柱体_id_0_copy_0

;don't support timelapse gcode in spiral_mode and by object sequence for I3 structure printer
;time lapse begin
M5001 G92 E0
M5001 G17
M5001 G2 Z6.4 I0.86 J0.86 P1 F20000 ; spiral lift a little
M5001 G1 X0 Y180 F24000 ; move to safe pos
M5001 P15
M5001 M400 P300
M5001 G92 E0
;time lapse end

;AFTER_LAYER_CHANGE
;6
;_SET_FAN_SPEED_CHANGING_LAYER
; printing object 圆柱体 id:0 copy 0
EXCLUDE_OBJECT_START NAME=圆柱体_id_0_copy_0
G17
G3 Z6.4 I-.968 J-.737 P1  F30000
G1 X126.358 Y141.428 Z6.4
G1 Z6
G1 E.8 F2400
SET_VELOCITY_LIMIT SQUARE_CORNER_VELOCITY=8
;TYPE:Inner wall
G1 F3235
G1 X125.74 Y141.226 E.02156
G3 X124.665 Y119.226 I4.086 J-11.226 E.92961
G3 X129.911 Y118.054 I5.214 J11.012 E.17977
G3 X126.533 Y141.483 I-.085 J11.946 E1.3528
G1 X126.415 Y141.446 E.00411
SET_VELOCITY_LIMIT SQUARE_CORNER_VELOCITY=12
G1 X126.385 Y141.865 F30000
SET_VELOCITY_LIMIT SQUARE_CORNER_VELOCITY=8
G1 F3235
G1 X126.007 Y141.752 E.01306
G3 X128.106 Y117.765 I3.81 J-11.752 E1.10204
G3 X129.918 Y117.647 I1.74 J12.685 E.06026
G3 X126.441 Y141.884 I-.1 J12.354 E1.39756
SET_VELOCITY_LIMIT SQUARE_CORNER_VELOCITY=12
G1 E-.56 F2400
;WIPE_START
G1 F13535.936
G1 X126.007 Y141.752 E-.05444
G1 X125.198 Y141.455 E-.10349
G1 X124.801 Y141.287 E-.05175
G1 X124.574 Y141.176 E-.03033
;WIPE_END
G1 X126.714 Y142.405 Z6.4 F30000
G1 Z6
G1 E.8 F2400
SET_VELOCITY_LIMIT ACCEL=5000 ACCEL_TO_DECEL=2500 SQUARE_CORNER_VELOCITY=8
;TYPE:Outer wall
;WIDTH:0.42
G1 F3235
G1 X125.875 Y142.158 E.02685
G3 X129.925 Y117.212 I3.955 J-12.16 E1.11372
G3 X142.576 Y130.991 I-.114 J12.802 E.64448
G3 X137.621 Y140.138 I-12.816 J-1.027 E.32909
G3 X126.773 Y142.414 I-7.79 J-10.14 E.35228
G1 E-.56 F2400
;WIPE_START
G1 F9000
G1 X125.875 Y142.158 E-.11196
G1 X125.035 Y141.859 E-.1071
G1 X124.875 Y141.788 E-.02094
;WIPE_END
G17
G3 Z6.4 I1.217 J0 P1  F30000

;don't support timelapse gcode in spiral_mode and by object sequence for I3 structure printer
;time lapse begin
M5001 G92 E0
M5001 G17
M5001 G2 Z6.4 I0.86 J0.86 P1 F20000 ; spiral lift a little
M5001 G1 X0 Y180 F24000 ; move to safe pos
M5001 P15
M5001 M400 P300
M5001 G92 E0
;time lapse end

SET_VELOCITY_LIMIT ACCEL=6000 ACCEL_TO_DECEL=3000 SQUARE_CORNER_VELOCITY=12
G1 X118.811 Y134.337
G1 Z6
G1 E.8 F2400
;TYPE:Sparse infill
;WIDTH:0.45
G1 F3235
G1 X125.144 Y140.67 E.29712
G2 X129.968 Y141.656 I4.725 J-10.831 E.16451
G1 X118.17 Y129.858 E.55345
G3 X118.696 Y126.546 I13.033 J.371 E.11156
M73 P30 R15
G1 X133.28 Y141.13 E.68418
G2 X135.922 Y139.934 I-3.638 J-11.55 E.09643
G1 X119.895 Y123.907 E.75187
G3 X121.586 Y121.76 I9.465 J5.718 E.09089
G1 X138.066 Y138.24 E.77309
G2 X139.76 Y136.096 I-9.803 J-9.488 E.09079
G1 X123.729 Y120.065 E.75206
G3 X126.373 Y118.871 I6.265 J10.354 E.09647
G1 X140.958 Y133.456 E.68422
G2 X141.482 Y130.142 I-14.479 J-3.985 E.11155
G1 X129.69 Y118.35 E.55318
G3 X134.498 Y119.32 I.174 J11.54 E.16395
G1 X140.841 Y125.663 E.29758
; stop printing object 圆柱体 id:0 copy 0
;LAYER_CHANGE
;Z:6.2
;HEIGHT:0.2
;BEFORE_LAYER_CHANGE
;6.2
G92 E0

G1 E-.56 F2400
;WIPE_START
G1 F13535.936
G1 X139.427 Y124.249 E-.24
;WIPE_END
EXCLUDE_OBJECT_END NAME=圆柱体_id_0_copy_0

;don't support timelapse gcode in spiral_mode and by object sequence for I3 structure printer
;time lapse begin
M5001 G92 E0
M5001 G17
M5001 G2 Z6.6 I0.86 J0.86 P1 F20000 ; spiral lift a little
M5001 G1 X0 Y180 F24000 ; move to safe pos
M5001 P15
M5001 M400 P300
M5001 G92 E0
;time lapse end

;AFTER_LAYER_CHANGE
;6.2
;_SET_FAN_SPEED_CHANGING_LAYER
; printing object 圆柱体 id:0 copy 0
EXCLUDE_OBJECT_START NAME=圆柱体_id_0_copy_0
G17
G3 Z6.6 I-.969 J-.737 P1  F30000
G1 X126.358 Y141.428 Z6.6
G1 Z6.2
G1 E.8 F2400
SET_VELOCITY_LIMIT SQUARE_CORNER_VELOCITY=8
;TYPE:Inner wall
G1 F3235
G1 X125.739 Y141.23 E.02158
G3 X128.577 Y118.118 I4.076 J-11.23 E1.06586
G3 X129.914 Y118.054 I1.573 J18.891 E.04441
G3 X126.532 Y141.487 I-.099 J11.946 E1.35204
G1 X126.415 Y141.447 E.0041
SET_VELOCITY_LIMIT SQUARE_CORNER_VELOCITY=12
G1 X126.385 Y141.865 F30000
SET_VELOCITY_LIMIT SQUARE_CORNER_VELOCITY=8
G1 F3235
G1 X126.007 Y141.752 E.01308
G3 X128.107 Y117.765 I3.81 J-11.752 E1.10205
G3 X129.921 Y117.647 I1.739 J12.675 E.06037
G3 X126.442 Y141.885 I-.104 J12.354 E1.39741
SET_VELOCITY_LIMIT SQUARE_CORNER_VELOCITY=12
G1 E-.56 F2400
;WIPE_START
G1 F13535.936
G1 X126.007 Y141.752 E-.05451
G1 X125.198 Y141.455 E-.10349
G1 X124.801 Y141.287 E-.05175
G1 X124.572 Y141.18 E-.03025
;WIPE_END
G1 X126.714 Y142.405 Z6.6 F30000
G1 Z6.2
G1 E.8 F2400
SET_VELOCITY_LIMIT ACCEL=5000 ACCEL_TO_DECEL=2500 SQUARE_CORNER_VELOCITY=8
;TYPE:Outer wall
;WIDTH:0.42
G1 F3235
G1 X125.874 Y142.162 E.02688
G3 X129.929 Y117.212 I3.952 J-12.162 E1.11418
G3 X142.576 Y130.995 I-.118 J12.802 E.64448
G3 X137.618 Y140.14 I-12.756 J-.998 E.32919
G3 X126.773 Y142.418 I-7.792 J-10.141 E.35219
G1 E-.56 F2400
;WIPE_START
G1 F9000
G1 X125.874 Y142.162 E-.11214
G1 X125.035 Y141.859 E-.10711
G1 X124.877 Y141.788 E-.02075
;WIPE_END
G17
G3 Z6.6 I1.217 J0 P1  F30000

;don't support timelapse gcode in spiral_mode and by object sequence for I3 structure printer
;time lapse begin
M5001 G92 E0
M5001 G17
M5001 G2 Z6.6 I0.86 J0.86 P1 F20000 ; spiral lift a little
M5001 G1 X0 Y180 F24000 ; move to safe pos
M5001 P15
M5001 M400 P300
M5001 G92 E0
;time lapse end

SET_VELOCITY_LIMIT ACCEL=6000 ACCEL_TO_DECEL=3000 SQUARE_CORNER_VELOCITY=12
G1 X118.811 Y134.337
G1 Z6.2
G1 E.8 F2400
;TYPE:Sparse infill
;WIDTH:0.45
G1 F3235
G1 X125.144 Y140.67 E.29713
G2 X129.968 Y141.656 I4.674 J-10.583 E.16456
G1 X118.17 Y129.858 E.55345
G3 X118.694 Y126.544 I13.2 J.386 E.11161
G1 X133.282 Y141.132 E.68439
G2 X135.922 Y139.934 I-3.739 J-11.741 E.09638
G1 X119.892 Y123.904 E.752
G3 X121.586 Y121.76 I11.609 J7.433 E.09079
G1 X138.066 Y138.24 E.77309
G2 X139.757 Y136.093 I-7.773 J-7.865 E.09089
G1 X123.73 Y120.066 E.75187
G3 X126.373 Y118.871 I6.222 J10.244 E.09646
G1 X140.958 Y133.456 E.68422
G2 X141.482 Y130.142 I-12.676 J-3.7 E.11161
G1 X129.69 Y118.35 E.55318
G3 X134.501 Y119.323 I.177 J11.509 E.16406
G1 X140.845 Y125.667 E.29761
; stop printing object 圆柱体 id:0 copy 0
;LAYER_CHANGE
;Z:6.4
;HEIGHT:0.2
;BEFORE_LAYER_CHANGE
;6.4
G92 E0

G1 E-.56 F2400
;WIPE_START
G1 F13535.936
G1 X139.43 Y124.252 E-.24
;WIPE_END
EXCLUDE_OBJECT_END NAME=圆柱体_id_0_copy_0

;don't support timelapse gcode in spiral_mode and by object sequence for I3 structure printer
;time lapse begin
M5001 G92 E0
M5001 G17
M5001 G2 Z6.8 I0.86 J0.86 P1 F20000 ; spiral lift a little
M5001 G1 X0 Y180 F24000 ; move to safe pos
M5001 P15
M5001 M400 P300
M5001 G92 E0
;time lapse end

;AFTER_LAYER_CHANGE
;6.4
;_SET_FAN_SPEED_CHANGING_LAYER
; printing object 圆柱体 id:0 copy 0
EXCLUDE_OBJECT_START NAME=圆柱体_id_0_copy_0
G17
G3 Z6.8 I-.968 J-.737 P1  F30000
G1 X126.361 Y141.428 Z6.8
G1 Z6.4
G1 E.8 F2400
SET_VELOCITY_LIMIT SQUARE_CORNER_VELOCITY=8
;TYPE:Inner wall
G1 F3236
G1 X126.134 Y141.361 E.00784
G3 X128.254 Y118.157 I3.691 J-11.362 E1.06816
G3 X129.918 Y118.054 I1.587 J12.086 E.05533
G3 X126.936 Y141.591 I-.092 J11.946 E1.33873
M73 P31 R15
G1 X126.419 Y141.445 E.01783
SET_VELOCITY_LIMIT SQUARE_CORNER_VELOCITY=12
G1 X126.403 Y141.863 F30000
SET_VELOCITY_LIMIT SQUARE_CORNER_VELOCITY=8
G1 F3236
G1 X126.009 Y141.748 E.01361
G3 X128.204 Y117.753 I3.817 J-11.749 E1.10469
G3 X129.925 Y117.647 I1.636 J12.482 E.05722
G3 X126.837 Y141.986 I-.099 J12.353 E1.38422
G1 X126.46 Y141.88 E.013
SET_VELOCITY_LIMIT SQUARE_CORNER_VELOCITY=12
G1 E-.56 F2400
;WIPE_START
G1 F13535.936
G1 X126.009 Y141.748 E-.05643
G1 X125.198 Y141.455 E-.10347
G1 X124.801 Y141.287 E-.05175
G1 X124.587 Y141.187 E-.02835
;WIPE_END
G1 X126.715 Y142.405 Z6.8 F30000
G1 Z6.4
G1 E.8 F2400
SET_VELOCITY_LIMIT ACCEL=5000 ACCEL_TO_DECEL=2500 SQUARE_CORNER_VELOCITY=8
;TYPE:Outer wall
;WIDTH:0.42
G1 F3236
G1 X125.874 Y142.162 E.0269
G3 X128.151 Y117.322 I3.952 J-12.162 E1.05944
G3 X129.932 Y117.212 I1.688 J12.905 E.05487
G3 X126.774 Y142.418 I-.106 J12.788 E1.32592
G1 E-.56 F2400
;WIPE_START
G1 F9000
G1 X125.874 Y142.162 E-.11224
G1 X125.035 Y141.859 E-.10712
G1 X124.876 Y141.791 E-.02065
;WIPE_END
G17
G3 Z6.8 I1.217 J0 P1  F30000

;don't support timelapse gcode in spiral_mode and by object sequence for I3 structure printer
;time lapse begin
M5001 G92 E0
M5001 G17
M5001 G2 Z6.8 I0.86 J0.86 P1 F20000 ; spiral lift a little
M5001 G1 X0 Y180 F24000 ; move to safe pos
M5001 P15
M5001 M400 P300
M5001 G92 E0
;time lapse end

SET_VELOCITY_LIMIT ACCEL=6000 ACCEL_TO_DECEL=3000 SQUARE_CORNER_VELOCITY=12
G1 X118.811 Y134.337
G1 Z6.4
G1 E.8 F2400
;TYPE:Sparse infill
;WIDTH:0.45
G1 F3236
G1 X125.142 Y140.668 E.29704
G2 X129.968 Y141.656 I4.726 J-10.81 E.16459
G1 X118.17 Y129.858 E.55345
G3 X118.694 Y126.544 I13.2 J.386 E.11161
G1 X133.28 Y141.13 E.68428
G2 X135.922 Y139.934 I-3.649 J-11.575 E.09643
G1 X119.892 Y123.904 E.752
G3 X121.586 Y121.76 I11.609 J7.433 E.09079
G1 X138.067 Y138.241 E.77317
G2 X139.757 Y136.093 I-8.497 J-8.422 E.09086
G1 X123.73 Y120.066 E.75187
G3 X126.373 Y118.871 I6.222 J10.245 E.09646
G1 X140.958 Y133.456 E.68422
G2 X141.479 Y130.139 I-12.666 J-3.689 E.11169
G1 X129.69 Y118.35 E.55305
G3 X134.501 Y119.323 I.178 J11.506 E.16406
G1 X140.845 Y125.667 E.29761
; stop printing object 圆柱体 id:0 copy 0
;LAYER_CHANGE
;Z:6.6
;HEIGHT:0.2
;BEFORE_LAYER_CHANGE
;6.6
G92 E0

G1 E-.56 F2400
;WIPE_START
G1 F13535.936
G1 X139.43 Y124.252 E-.24
;WIPE_END
EXCLUDE_OBJECT_END NAME=圆柱体_id_0_copy_0

;don't support timelapse gcode in spiral_mode and by object sequence for I3 structure printer
;time lapse begin
M5001 G92 E0
M5001 G17
M5001 G2 Z7 I0.86 J0.86 P1 F20000 ; spiral lift a little
M5001 G1 X0 Y180 F24000 ; move to safe pos
M5001 P15
M5001 M400 P300
M5001 G92 E0
;time lapse end

;AFTER_LAYER_CHANGE
;6.6
;_SET_FAN_SPEED_CHANGING_LAYER
; printing object 圆柱体 id:0 copy 0
EXCLUDE_OBJECT_START NAME=圆柱体_id_0_copy_0
G17
G3 Z7 I-.968 J-.738 P1  F30000
G1 X126.34 Y141.426 Z7
G1 Z6.6
G1 E.8 F2400
SET_VELOCITY_LIMIT SQUARE_CORNER_VELOCITY=8
;TYPE:Inner wall
G1 F3235
G1 X126.133 Y141.365 E.00714
G3 X128.163 Y118.169 I3.684 J-11.365 E1.06573
G3 X129.921 Y118.054 I1.681 J12.248 E.05849
G3 X126.532 Y141.487 I-.104 J11.946 E1.35195
G1 X126.397 Y141.444 E.00471
SET_VELOCITY_LIMIT SQUARE_CORNER_VELOCITY=12
G1 X126.387 Y141.866 F30000
SET_VELOCITY_LIMIT SQUARE_CORNER_VELOCITY=8
G1 F3235
G1 X126.007 Y141.752 E.01314
G3 X128.106 Y117.765 I3.809 J-11.752 E1.10206
G3 X129.928 Y117.647 I1.738 J12.656 E.06061
G3 X126.444 Y141.885 I-.111 J12.353 E1.39706
SET_VELOCITY_LIMIT SQUARE_CORNER_VELOCITY=12
G1 E-.56 F2400
;WIPE_START
G1 F13535.936
G1 X126.007 Y141.752 E-.05473
G1 X125.104 Y141.415 E-.11574
G1 X124.575 Y141.178 E-.06954
;WIPE_END
G1 X126.716 Y142.406 Z7 F30000
G1 Z6.6
G1 E.8 F2400
SET_VELOCITY_LIMIT ACCEL=5000 ACCEL_TO_DECEL=2500 SQUARE_CORNER_VELOCITY=8
;TYPE:Outer wall
;WIDTH:0.42
G1 F3235
G1 X125.874 Y142.162 E.02693
G3 X117.63 Y133.847 I3.952 J-12.163 E.37372
G3 X129.936 Y117.212 I12.208 J-3.838 E.74046
G3 X142.401 Y132.329 I-.111 J12.789 E.68582
G3 X126.775 Y142.419 I-12.575 J-2.329 E.63995
G1 E-.56 F2400
;WIPE_START
G1 F9000
G1 X125.874 Y142.162 E-.11235
G1 X125.035 Y141.859 E-.10711
G1 X124.877 Y141.792 E-.02053
;WIPE_END
G17
G3 Z7 I1.217 J0 P1  F30000

;don't support timelapse gcode in spiral_mode and by object sequence for I3 structure printer
;time lapse begin
M5001 G92 E0
M5001 G17
M5001 G2 Z7 I0.86 J0.86 P1 F20000 ; spiral lift a little
M5001 G1 X0 Y180 F24000 ; move to safe pos
M5001 P15
M5001 M400 P300
M5001 G92 E0
;time lapse end

SET_VELOCITY_LIMIT ACCEL=6000 ACCEL_TO_DECEL=3000 SQUARE_CORNER_VELOCITY=12
G1 X118.812 Y134.338
G1 Z6.6
G1 E.8 F2400
;TYPE:Sparse infill
;WIDTH:0.45
G1 F3235
G1 X125.145 Y140.671 E.29709
G2 X129.968 Y141.656 I4.725 J-10.834 E.1645
M73 P32 R15
G1 X118.173 Y129.861 E.55333
G3 X118.694 Y126.544 I14.825 J.629 E.11162
G1 X133.282 Y141.132 E.68439
G2 X135.922 Y139.934 I-3.739 J-11.741 E.09638
G1 X119.895 Y123.907 E.75187
G3 X121.586 Y121.76 I9.464 J5.718 E.09089
G1 X138.066 Y138.24 E.77309
G2 X139.761 Y136.097 I-12.445 J-11.59 E.09073
G1 X123.73 Y120.066 E.75206
G3 X126.373 Y118.871 I5.917 J9.568 E.09649
G1 X140.955 Y133.453 E.68405
G2 X141.482 Y130.142 I-14.084 J-3.939 E.11146
G1 X129.69 Y118.35 E.55317
G3 X134.501 Y119.323 I.178 J11.504 E.16405
G1 X140.845 Y125.667 E.29761
; stop printing object 圆柱体 id:0 copy 0
;LAYER_CHANGE
;Z:6.8
;HEIGHT:0.2
;BEFORE_LAYER_CHANGE
;6.8
G92 E0

G1 E-.56 F2400
;WIPE_START
G1 F13535.936
G1 X139.43 Y124.252 E-.24
;WIPE_END
EXCLUDE_OBJECT_END NAME=圆柱体_id_0_copy_0

;don't support timelapse gcode in spiral_mode and by object sequence for I3 structure printer
;time lapse begin
M5001 G92 E0
M5001 G17
M5001 G2 Z7.2 I0.86 J0.86 P1 F20000 ; spiral lift a little
M5001 G1 X0 Y180 F24000 ; move to safe pos
M5001 P15
M5001 M400 P300
M5001 G92 E0
;time lapse end

;AFTER_LAYER_CHANGE
;6.8
;_SET_FAN_SPEED_CHANGING_LAYER
; printing object 圆柱体 id:0 copy 0
EXCLUDE_OBJECT_START NAME=圆柱体_id_0_copy_0
G17
G3 Z7.2 I-.968 J-.737 P1  F30000
G1 X126.361 Y141.428 Z7.2
G1 Z6.8
G1 E.8 F2400
M73 P32 R14
SET_VELOCITY_LIMIT SQUARE_CORNER_VELOCITY=8
;TYPE:Inner wall
G1 F3236
G1 X126.133 Y141.365 E.00784
G3 X128.163 Y118.169 I3.684 J-11.365 E1.06576
G3 X129.925 Y118.054 I1.68 J12.239 E.0586
G3 X126.935 Y141.595 I-.107 J11.947 E1.33801
G1 X126.418 Y141.445 E.01784
SET_VELOCITY_LIMIT SQUARE_CORNER_VELOCITY=12
G1 X126.404 Y141.864 F30000
SET_VELOCITY_LIMIT SQUARE_CORNER_VELOCITY=8
G1 F3236
G1 X126.007 Y141.753 E.01368
G3 X128.107 Y117.765 I3.809 J-11.752 E1.10209
G3 X129.932 Y117.647 I1.737 J12.647 E.06072
G3 X126.837 Y141.99 I-.115 J12.354 E1.38347
G1 X126.462 Y141.881 E.01294
SET_VELOCITY_LIMIT SQUARE_CORNER_VELOCITY=12
G1 E-.56 F2400
;WIPE_START
G1 F13535.936
G1 X126.007 Y141.753 E-.0567
G1 X125.198 Y141.455 E-.10349
G1 X124.801 Y141.287 E-.05176
G1 X124.589 Y141.188 E-.02806
;WIPE_END
G1 X126.717 Y142.406 Z7.2 F30000
G1 Z6.8
G1 E.8 F2400
SET_VELOCITY_LIMIT ACCEL=5000 ACCEL_TO_DECEL=2500 SQUARE_CORNER_VELOCITY=8
;TYPE:Outer wall
;WIDTH:0.42
G1 F3236
G1 X125.873 Y142.167 E.02697
G3 X128.046 Y117.335 I3.943 J-12.166 E1.05683
G3 X129.939 Y117.212 I1.797 J13.083 E.05835
G3 X126.775 Y142.423 I-.123 J12.789 E1.32513
G1 E-.56 F2400
;WIPE_START
G1 F9000
G1 X125.873 Y142.167 E-.11251
G1 X125.035 Y141.859 E-.10714
G1 X124.879 Y141.792 E-.02035
;WIPE_END
G17
G3 Z7.2 I1.217 J0 P1  F30000

;don't support timelapse gcode in spiral_mode and by object sequence for I3 structure printer
;time lapse begin
M5001 G92 E0
M5001 G17
M5001 G2 Z7.2 I0.86 J0.86 P1 F20000 ; spiral lift a little
M5001 G1 X0 Y180 F24000 ; move to safe pos
M5001 P15
M5001 M400 P300
M5001 G92 E0
;time lapse end

SET_VELOCITY_LIMIT ACCEL=6000 ACCEL_TO_DECEL=3000 SQUARE_CORNER_VELOCITY=12
G1 X118.811 Y134.337
G1 Z6.8
G1 E.8 F2400
;TYPE:Sparse infill
;WIDTH:0.45
G1 F3236
G1 X125.142 Y140.668 E.29704
G2 X129.968 Y141.656 I4.721 J-10.788 E.1646
G1 X118.17 Y129.858 E.55345
G3 X118.694 Y126.544 I13.2 J.386 E.11161
G1 X133.282 Y141.132 E.68439
G2 X135.922 Y139.934 I-3.739 J-11.741 E.09638
G1 X119.892 Y123.904 E.752
G3 X121.586 Y121.76 I11.609 J7.433 E.09079
G1 X138.066 Y138.24 E.77309
G2 X139.76 Y136.096 I-9.91 J-9.573 E.09079
G1 X123.73 Y120.066 E.752
G3 X126.373 Y118.871 I6.222 J10.244 E.09646
G1 X140.955 Y133.453 E.68405
G2 X141.482 Y130.142 I-12.4 J-3.671 E.11153
G1 X129.69 Y118.35 E.55316
G3 X134.498 Y119.32 I.176 J11.529 E.16394
G1 X140.841 Y125.663 E.29758
; stop printing object 圆柱体 id:0 copy 0
;LAYER_CHANGE
;Z:7
;HEIGHT:0.2
;BEFORE_LAYER_CHANGE
;7
G92 E0

G1 E-.56 F2400
;WIPE_START
G1 F13535.936
G1 X139.427 Y124.249 E-.24
;WIPE_END
EXCLUDE_OBJECT_END NAME=圆柱体_id_0_copy_0

;don't support timelapse gcode in spiral_mode and by object sequence for I3 structure printer
;time lapse begin
M5001 G92 E0
M5001 G17
M5001 G2 Z7.4 I0.86 J0.86 P1 F20000 ; spiral lift a little
M5001 G1 X0 Y180 F24000 ; move to safe pos
M5001 P15
M5001 M400 P300
M5001 G92 E0
;time lapse end

;AFTER_LAYER_CHANGE
;7
;_SET_FAN_SPEED_CHANGING_LAYER
; printing object 圆柱体 id:0 copy 0
EXCLUDE_OBJECT_START NAME=圆柱体_id_0_copy_0
G17
G3 Z7.4 I-.968 J-.737 P1  F30000
G1 X126.342 Y141.427 Z7.4
G1 Z7
G1 E.8 F2400
SET_VELOCITY_LIMIT SQUARE_CORNER_VELOCITY=8
;TYPE:Inner wall
G1 F3235
G1 X126.136 Y141.356 E.00721
G3 X128.264 Y118.156 I3.69 J-11.359 E1.06828
M73 P33 R14
G3 X129.928 Y118.054 I1.574 J12.044 E.05533
G3 X126.535 Y141.478 I-.102 J11.943 E1.35187
G1 X126.4 Y141.442 E.00464
SET_VELOCITY_LIMIT SQUARE_CORNER_VELOCITY=12
G1 X126.389 Y141.867 F30000
SET_VELOCITY_LIMIT SQUARE_CORNER_VELOCITY=8
G1 F3235
G1 X126.009 Y141.748 E.01322
G3 X128.215 Y117.752 I3.817 J-11.749 E1.10503
G3 X129.935 Y117.647 I1.623 J12.442 E.05722
G3 X126.447 Y141.882 I-.109 J12.353 E1.39727
SET_VELOCITY_LIMIT SQUARE_CORNER_VELOCITY=12
G1 E-.56 F2400
;WIPE_START
G1 F13535.936
G1 X126.009 Y141.748 E-.05502
G1 X125.198 Y141.455 E-.10347
G1 X124.801 Y141.287 E-.05175
G1 X124.576 Y141.182 E-.02976
;WIPE_END
G1 X126.719 Y142.406 Z7.4 F30000
G1 Z7
G1 E.8 F2400
SET_VELOCITY_LIMIT ACCEL=5000 ACCEL_TO_DECEL=2500 SQUARE_CORNER_VELOCITY=8
;TYPE:Outer wall
;WIDTH:0.42
G1 F3235
G1 X125.874 Y142.162 E.02701
G3 X129.943 Y117.212 I3.952 J-12.162 E1.11461
G3 X142.575 Y131.008 I-.118 J12.789 E.64467
G3 X126.777 Y142.419 I-12.748 J-1.009 E.68082
G1 E-.56 F2400
;WIPE_START
G1 F9000
G1 X125.874 Y142.162 E-.11265
G1 X125.035 Y141.859 E-.10712
G1 X124.881 Y141.79 E-.02023
;WIPE_END
G17
G3 Z7.4 I1.217 J0 P1  F30000

;don't support timelapse gcode in spiral_mode and by object sequence for I3 structure printer
;time lapse begin
M5001 G92 E0
M5001 G17
M5001 G2 Z7.4 I0.86 J0.86 P1 F20000 ; spiral lift a little
M5001 G1 X0 Y180 F24000 ; move to safe pos
M5001 P15
M5001 M400 P300
M5001 G92 E0
;time lapse end

SET_VELOCITY_LIMIT ACCEL=6000 ACCEL_TO_DECEL=3000 SQUARE_CORNER_VELOCITY=12
G1 X118.807 Y134.333
G1 Z7
G1 E.8 F2400
;TYPE:Sparse infill
;WIDTH:0.45
G1 F3235
G1 X125.142 Y140.668 E.29719
G2 X129.965 Y141.653 I4.657 J-10.505 E.16456
G1 X118.17 Y129.858 E.55333
G3 X118.694 Y126.544 I13.2 J.386 E.11161
G1 X133.282 Y141.132 E.68439
G2 X135.922 Y139.934 I-3.739 J-11.741 E.09638
G1 X119.895 Y123.907 E.75187
G3 X121.586 Y121.76 I9.465 J5.718 E.09089
G1 X138.066 Y138.24 E.77309
G2 X139.76 Y136.096 I-12.228 J-11.404 E.09074
G1 X123.73 Y120.066 E.752
G3 X126.373 Y118.871 I6.222 J10.244 E.09646
G1 X140.958 Y133.456 E.68422
G2 X141.482 Y130.142 I-14.479 J-3.985 E.11155
G1 X129.69 Y118.351 E.55315
G3 X134.498 Y119.32 I.177 J11.527 E.16393
G1 X140.845 Y125.667 E.29774
; stop printing object 圆柱体 id:0 copy 0
;LAYER_CHANGE
;Z:7.2
;HEIGHT:0.2
;BEFORE_LAYER_CHANGE
;7.2
G92 E0

G1 E-.56 F2400
;WIPE_START
G1 F13535.936
G1 X139.43 Y124.252 E-.24
;WIPE_END
EXCLUDE_OBJECT_END NAME=圆柱体_id_0_copy_0

;don't support timelapse gcode in spiral_mode and by object sequence for I3 structure printer
;time lapse begin
M5001 G92 E0
M5001 G17
M5001 G2 Z7.6 I0.86 J0.86 P1 F20000 ; spiral lift a little
M5001 G1 X0 Y180 F24000 ; move to safe pos
M5001 P15
M5001 M400 P300
M5001 G92 E0
;time lapse end

;AFTER_LAYER_CHANGE
;7.2
;_SET_FAN_SPEED_CHANGING_LAYER
; printing object 圆柱体 id:0 copy 0
EXCLUDE_OBJECT_START NAME=圆柱体_id_0_copy_0
G17
G3 Z7.6 I-.968 J-.737 P1  F30000
G1 X126.361 Y141.428 Z7.6
G1 Z7.2
G1 E.8 F2400
SET_VELOCITY_LIMIT SQUARE_CORNER_VELOCITY=8
;TYPE:Inner wall
G1 F3235
G1 X126.133 Y141.365 E.00783
G3 X128.163 Y118.169 I3.683 J-11.365 E1.06575
G3 X129.932 Y118.054 I1.679 J12.222 E.05883
G3 X126.935 Y141.594 I-.115 J11.946 E1.33771
G1 X126.418 Y141.445 E.01784
SET_VELOCITY_LIMIT SQUARE_CORNER_VELOCITY=12
G1 X126.404 Y141.864 F30000
SET_VELOCITY_LIMIT SQUARE_CORNER_VELOCITY=8
G1 F3235
G1 X126.007 Y141.752 E.01368
G3 X128.106 Y117.765 I3.809 J-11.752 E1.10208
G3 X129.939 Y117.647 I1.735 J12.631 E.06095
G3 X126.837 Y141.989 I-.122 J12.353 E1.38317
G1 X126.462 Y141.881 E.01294
SET_VELOCITY_LIMIT SQUARE_CORNER_VELOCITY=12
G1 E-.56 F2400
;WIPE_START
G1 F13535.936
G1 X126.007 Y141.752 E-.05669
G1 X125.198 Y141.455 E-.10349
G1 X124.59 Y141.185 E-.07982
;WIPE_END
G1 X126.72 Y142.407 Z7.6 F30000
G1 Z7.2
G1 E.8 F2400
SET_VELOCITY_LIMIT ACCEL=5000 ACCEL_TO_DECEL=2500 SQUARE_CORNER_VELOCITY=8
;TYPE:Outer wall
;WIDTH:0.42
G1 F3235
G1 X125.876 Y142.157 E.02705
G3 X121.698 Y120.127 I3.952 J-12.161 E.84014
G3 X129.946 Y117.212 I8.163 J9.972 E.27424
G3 X142.574 Y131.012 I-.126 J12.793 E.6446
G3 X126.778 Y142.414 I-12.746 J-1.016 E.68054
G1 E-.56 F2400
;WIPE_START
G1 F9000
G1 X125.876 Y142.157 E-.11256
G1 X125.035 Y141.859 E-.10709
G1 X124.879 Y141.792 E-.02035
;WIPE_END
G17
G3 Z7.6 I1.217 J0 P1  F30000

;don't support timelapse gcode in spiral_mode and by object sequence for I3 structure printer
;time lapse begin
M5001 G92 E0
M5001 G17
M5001 G2 Z7.6 I0.86 J0.86 P1 F20000 ; spiral lift a little
M5001 G1 X0 Y180 F24000 ; move to safe pos
M5001 P15
M5001 M400 P300
M5001 G92 E0
;time lapse end

SET_VELOCITY_LIMIT ACCEL=6000 ACCEL_TO_DECEL=3000 SQUARE_CORNER_VELOCITY=12
G1 X118.811 Y134.337
G1 Z7.2
G1 E.8 F2400
;TYPE:Sparse infill
;WIDTH:0.45
G1 F3235
G1 X125.142 Y140.668 E.29704
G2 X129.968 Y141.656 I4.721 J-10.788 E.1646
M73 P34 R14
G1 X118.17 Y129.858 E.55345
G3 X118.694 Y126.544 I13.2 J.386 E.11161
G1 X133.282 Y141.132 E.68439
G2 X135.922 Y139.934 I-3.739 J-11.741 E.09638
G1 X119.892 Y123.904 E.752
G3 X121.586 Y121.76 I11.609 J7.433 E.09079
G1 X138.066 Y138.24 E.77309
G2 X139.757 Y136.093 I-8.365 J-8.331 E.09086
G1 X123.73 Y120.066 E.75187
G3 X126.37 Y118.868 I6.379 J10.543 E.09638
G1 X140.958 Y133.456 E.68439
G2 X141.482 Y130.142 I-14.478 J-3.985 E.11155
G1 X129.691 Y118.351 E.55315
G3 X134.498 Y119.32 I.178 J11.524 E.16393
G1 X140.841 Y125.663 E.29758
; stop printing object 圆柱体 id:0 copy 0
;LAYER_CHANGE
;Z:7.4
;HEIGHT:0.2
;BEFORE_LAYER_CHANGE
;7.4
G92 E0

G1 E-.56 F2400
;WIPE_START
G1 F13535.936
G1 X139.427 Y124.249 E-.24
;WIPE_END
EXCLUDE_OBJECT_END NAME=圆柱体_id_0_copy_0

;don't support timelapse gcode in spiral_mode and by object sequence for I3 structure printer
;time lapse begin
M5001 G92 E0
M5001 G17
M5001 G2 Z7.8 I0.86 J0.86 P1 F20000 ; spiral lift a little
M5001 G1 X0 Y180 F24000 ; move to safe pos
M5001 P15
M5001 M400 P300
M5001 G92 E0
;time lapse end

;AFTER_LAYER_CHANGE
;7.4
;_SET_FAN_SPEED_CHANGING_LAYER
; printing object 圆柱体 id:0 copy 0
EXCLUDE_OBJECT_START NAME=圆柱体_id_0_copy_0
G17
G3 Z7.8 I-.969 J-.737 P1  F30000
G1 X126.361 Y141.428 Z7.8
G1 Z7.4
G1 E.8 F2400
SET_VELOCITY_LIMIT SQUARE_CORNER_VELOCITY=8
;TYPE:Inner wall
G1 F3235
G1 X126.136 Y141.356 E.00782
G3 X128.271 Y118.155 I3.69 J-11.359 E1.06851
G3 X129.935 Y118.054 I1.565 J12.019 E.05533
G3 X126.937 Y141.586 I-.109 J11.943 E1.33781
G1 X126.419 Y141.444 E.01784
SET_VELOCITY_LIMIT SQUARE_CORNER_VELOCITY=12
G1 X126.404 Y141.864 F30000
SET_VELOCITY_LIMIT SQUARE_CORNER_VELOCITY=8
G1 F3235
G1 X126.01 Y141.743 E.01367
G3 X128.222 Y117.751 I3.815 J-11.746 E1.10504
G3 X129.942 Y117.647 I1.614 J12.417 E.05722
G3 X126.839 Y141.981 I-.116 J12.35 E1.38328
G1 X126.462 Y141.879 E.01293
SET_VELOCITY_LIMIT SQUARE_CORNER_VELOCITY=12
G1 E-.56 F2400
;WIPE_START
G1 F13535.936
G1 X126.01 Y141.743 E-.05666
G1 X125.6 Y141.61 E-.05174
G1 X124.801 Y141.287 E-.10348
G1 X124.59 Y141.184 E-.02812
;WIPE_END
G1 X126.722 Y142.407 Z7.8 F30000
G1 Z7.4
G1 E.8 F2400
SET_VELOCITY_LIMIT ACCEL=5000 ACCEL_TO_DECEL=2500 SQUARE_CORNER_VELOCITY=8
;TYPE:Outer wall
;WIDTH:0.42
G1 F3235
G1 X125.876 Y142.157 E.0271
G3 X121.701 Y120.124 I3.949 J-12.16 E.84034
G3 X129.95 Y117.212 I8.16 J9.974 E.27424
G3 X126.78 Y142.414 I-.125 J12.785 E1.32485
G1 E-.56 F2400
;WIPE_START
G1 F9000
G1 X125.876 Y142.157 E-.11275
G1 X125.452 Y142.019 E-.05356
G1 X124.921 Y141.81 E-.06841
G1 X124.881 Y141.792 E-.00528
;WIPE_END
G17
G3 Z7.8 I1.217 J0 P1  F30000

;don't support timelapse gcode in spiral_mode and by object sequence for I3 structure printer
;time lapse begin
M5001 G92 E0
M5001 G17
M5001 G2 Z7.8 I0.86 J0.86 P1 F20000 ; spiral lift a little
M5001 G1 X0 Y180 F24000 ; move to safe pos
M5001 P15
M5001 M400 P300
M5001 G92 E0
;time lapse end

SET_VELOCITY_LIMIT ACCEL=6000 ACCEL_TO_DECEL=3000 SQUARE_CORNER_VELOCITY=12
G1 X118.811 Y134.337
G1 Z7.4
G1 E.8 F2400
;TYPE:Sparse infill
;WIDTH:0.45
G1 F3235
G1 X125.142 Y140.668 E.29704
G2 X129.968 Y141.656 I4.675 J-10.56 E.16465
G1 X118.17 Y129.858 E.55345
G3 X118.694 Y126.544 I13.2 J.386 E.11161
G1 X133.28 Y141.13 E.68428
G2 X135.922 Y139.934 I-3.638 J-11.551 E.09643
G1 X119.892 Y123.904 E.752
G3 X121.586 Y121.76 I11.608 J7.432 E.09079
G1 X138.066 Y138.24 E.77309
G2 X139.76 Y136.096 I-9.803 J-9.489 E.09079
G1 X123.73 Y120.066 E.752
G3 X126.373 Y118.871 I6.222 J10.245 E.09646
G1 X140.958 Y133.456 E.68422
G2 X141.482 Y130.142 I-12.676 J-3.7 E.11161
G1 X129.691 Y118.351 E.55314
G3 X134.501 Y119.323 I.181 J11.493 E.16404
G1 X140.841 Y125.663 E.29746
; stop printing object 圆柱体 id:0 copy 0
;LAYER_CHANGE
;Z:7.6
;HEIGHT:0.2
;BEFORE_LAYER_CHANGE
;7.6
G92 E0

G1 E-.56 F2400
;WIPE_START
G1 F13535.936
G1 X139.427 Y124.249 E-.24
;WIPE_END
EXCLUDE_OBJECT_END NAME=圆柱体_id_0_copy_0

;don't support timelapse gcode in spiral_mode and by object sequence for I3 structure printer
;time lapse begin
M5001 G92 E0
M5001 G17
M5001 G2 Z8 I0.86 J0.86 P1 F20000 ; spiral lift a little
M5001 G1 X0 Y180 F24000 ; move to safe pos
M5001 P15
M5001 M400 P300
M5001 G92 E0
;time lapse end

;AFTER_LAYER_CHANGE
;7.6
;_SET_FAN_SPEED_CHANGING_LAYER
; printing object 圆柱体 id:0 copy 0
EXCLUDE_OBJECT_START NAME=圆柱体_id_0_copy_0
G17
G3 Z8 I-.969 J-.737 P1  F30000
G1 X126.361 Y141.428 Z8
G1 Z7.6
G1 E.8 F2400
SET_VELOCITY_LIMIT SQUARE_CORNER_VELOCITY=8
;TYPE:Inner wall
G1 F3235
G1 X126.136 Y141.356 E.00782
G3 X128.275 Y118.155 I3.69 J-11.359 E1.06863
M73 P35 R14
G3 X129.938 Y118.054 I1.561 J12.007 E.05533
G3 X126.937 Y141.586 I-.113 J11.943 E1.33769
G1 X126.419 Y141.444 E.01784
SET_VELOCITY_LIMIT SQUARE_CORNER_VELOCITY=12
G1 X126.404 Y141.864 F30000
SET_VELOCITY_LIMIT SQUARE_CORNER_VELOCITY=8
G1 F3235
G1 X126.01 Y141.743 E.01367
G3 X128.225 Y117.751 I3.815 J-11.746 E1.10515
G3 X129.946 Y117.647 I1.61 J12.406 E.05722
G3 X126.839 Y141.981 I-.12 J12.35 E1.38316
G1 X126.462 Y141.879 E.01293
SET_VELOCITY_LIMIT SQUARE_CORNER_VELOCITY=12
G1 E-.56 F2400
;WIPE_START
G1 F13535.936
G1 X126.01 Y141.743 E-.05666
G1 X125.198 Y141.455 E-.10345
G1 X124.801 Y141.287 E-.05176
G1 X124.59 Y141.184 E-.02814
;WIPE_END
G1 X126.723 Y142.408 Z8 F30000
G1 Z7.6
G1 E.8 F2400
SET_VELOCITY_LIMIT ACCEL=5000 ACCEL_TO_DECEL=2500 SQUARE_CORNER_VELOCITY=8
;TYPE:Outer wall
;WIDTH:0.42
G1 F3235
G1 X125.876 Y142.157 E.02715
G3 X128.172 Y117.319 I3.95 J-12.16 E1.05986
G3 X129.953 Y117.212 I1.663 J12.832 E.05487
G3 X126.781 Y142.414 I-.127 J12.785 E1.32475
G1 E-.56 F2400
;WIPE_START
G1 F9000
G1 X125.876 Y142.157 E-.11288
G1 X125.035 Y141.859 E-.10709
G1 X124.881 Y141.793 E-.02003
;WIPE_END
G17
G3 Z8 I1.217 J0 P1  F30000

;don't support timelapse gcode in spiral_mode and by object sequence for I3 structure printer
;time lapse begin
M5001 G92 E0
M5001 G17
M5001 G2 Z8 I0.86 J0.86 P1 F20000 ; spiral lift a little
M5001 G1 X0 Y180 F24000 ; move to safe pos
M5001 P15
M5001 M400 P300
M5001 G92 E0
;time lapse end

SET_VELOCITY_LIMIT ACCEL=6000 ACCEL_TO_DECEL=3000 SQUARE_CORNER_VELOCITY=12
G1 X118.811 Y134.337
G1 Z7.6
G1 E.8 F2400
;TYPE:Sparse infill
;WIDTH:0.45
G1 F3235
G1 X125.151 Y140.677 E.29746
G2 X129.968 Y141.656 I4.674 J-10.667 E.16427
G1 X118.17 Y129.858 E.55345
G3 X118.694 Y126.544 I13.2 J.386 E.11161
G1 X133.28 Y141.13 E.68428
G2 X135.922 Y139.934 I-3.638 J-11.551 E.09643
G1 X119.892 Y123.904 E.752
G3 X121.586 Y121.76 I11.608 J7.432 E.09079
G1 X138.068 Y138.242 E.77321
G2 X139.76 Y136.096 I-10.151 J-9.739 E.0908
G1 X123.73 Y120.066 E.752
G3 X126.37 Y118.868 I6.379 J10.543 E.09638
G1 X140.958 Y133.456 E.68439
G2 X141.479 Y130.139 I-12.666 J-3.689 E.11169
G1 X129.691 Y118.351 E.55302
G3 X134.498 Y119.32 I.179 J11.519 E.16392
G1 X140.841 Y125.663 E.29758
; stop printing object 圆柱体 id:0 copy 0
;LAYER_CHANGE
;Z:7.8
;HEIGHT:0.2
;BEFORE_LAYER_CHANGE
;7.8
G92 E0

G1 E-.56 F2400
;WIPE_START
G1 F13535.936
G1 X139.427 Y124.249 E-.24
;WIPE_END
EXCLUDE_OBJECT_END NAME=圆柱体_id_0_copy_0

;don't support timelapse gcode in spiral_mode and by object sequence for I3 structure printer
;time lapse begin
M5001 G92 E0
M5001 G17
M5001 G2 Z8.2 I0.86 J0.86 P1 F20000 ; spiral lift a little
M5001 G1 X0 Y180 F24000 ; move to safe pos
M5001 P15
M5001 M400 P300
M5001 G92 E0
;time lapse end

;AFTER_LAYER_CHANGE
;7.8
;_SET_FAN_SPEED_CHANGING_LAYER
; printing object 圆柱体 id:0 copy 0
EXCLUDE_OBJECT_START NAME=圆柱体_id_0_copy_0
G17
G3 Z8.2 I-.969 J-.737 P1  F30000
G1 X126.361 Y141.428 Z8.2
G1 Z7.8
G1 E.8 F2400
SET_VELOCITY_LIMIT SQUARE_CORNER_VELOCITY=8
;TYPE:Inner wall
G1 F3235
G1 X126.133 Y141.365 E.00783
G3 X128.163 Y118.169 I3.683 J-11.365 E1.06579
G3 X129.942 Y118.054 I1.677 J12.198 E.05918
G3 X126.935 Y141.594 I-.126 J11.946 E1.33733
G1 X126.418 Y141.445 E.01785
SET_VELOCITY_LIMIT SQUARE_CORNER_VELOCITY=12
G1 X126.404 Y141.864 F30000
SET_VELOCITY_LIMIT SQUARE_CORNER_VELOCITY=8
G1 F3235
G1 X126.007 Y141.752 E.01368
G3 X128.107 Y117.765 I3.808 J-11.752 E1.10211
G3 X129.949 Y117.647 I1.733 J12.608 E.0613
G3 X126.837 Y141.989 I-.133 J12.353 E1.38279
G1 X126.462 Y141.881 E.01294
SET_VELOCITY_LIMIT SQUARE_CORNER_VELOCITY=12
G1 E-.56 F2400
;WIPE_START
G1 F13535.936
G1 X126.007 Y141.752 E-.0567
G1 X125.198 Y141.455 E-.10349
G1 X124.59 Y141.185 E-.07982
;WIPE_END
G1 X126.725 Y142.408 Z8.2 F30000
G1 Z7.8
G1 E.8 F2400
SET_VELOCITY_LIMIT ACCEL=5000 ACCEL_TO_DECEL=2500 SQUARE_CORNER_VELOCITY=8
;TYPE:Outer wall
;WIDTH:0.42
G1 F3235
G1 X125.874 Y142.162 E.02721
G3 X129.957 Y117.212 I3.952 J-12.162 E1.11504
G3 X142.573 Y131.022 I-.131 J12.788 E.64467
G3 X126.784 Y142.421 I-12.747 J-1.023 E.68018
G1 E-.56 F2400
;WIPE_START
G1 F9000
G1 X125.874 Y142.162 E-.11344
G1 X125.035 Y141.859 E-.10712
G1 X124.887 Y141.793 E-.01944
;WIPE_END
G17
G3 Z8.2 I1.217 J0 P1  F30000
M73 P36 R14

;don't support timelapse gcode in spiral_mode and by object sequence for I3 structure printer
;time lapse begin
M5001 G92 E0
M5001 G17
M5001 G2 Z8.2 I0.86 J0.86 P1 F20000 ; spiral lift a little
M5001 G1 X0 Y180 F24000 ; move to safe pos
M5001 P15
M5001 M400 P300
M5001 G92 E0
;time lapse end

SET_VELOCITY_LIMIT ACCEL=6000 ACCEL_TO_DECEL=3000 SQUARE_CORNER_VELOCITY=12
G1 X118.811 Y134.337
G1 Z7.8
G1 E.8 F2400
;TYPE:Sparse infill
;WIDTH:0.45
G1 F3235
G1 X125.142 Y140.668 E.29704
G2 X129.965 Y141.653 I4.704 J-10.735 E.16451
G1 X118.173 Y129.861 E.55321
G3 X118.694 Y126.544 I13.046 J.349 E.11169
G1 X133.282 Y141.132 E.68439
G2 X135.919 Y139.931 I-4.188 J-12.689 E.09631
G1 X119.892 Y123.904 E.75187
G3 X121.586 Y121.76 I11.609 J7.433 E.09079
G1 X138.066 Y138.24 E.77309
G2 X139.757 Y136.093 I-8.4 J-8.359 E.09086
G1 X123.73 Y120.066 E.75187
G3 X126.373 Y118.871 I6.222 J10.245 E.09646
G1 X140.955 Y133.453 E.68405
G2 X141.482 Y130.142 I-12.4 J-3.671 E.11153
G1 X129.691 Y118.351 E.55313
G3 X134.501 Y119.323 I.182 J11.488 E.16403
G1 X140.841 Y125.663 E.29746
; stop printing object 圆柱体 id:0 copy 0
;LAYER_CHANGE
;Z:8
;HEIGHT:0.2
;BEFORE_LAYER_CHANGE
;8
G92 E0

G1 E-.56 F2400
;WIPE_START
G1 F13535.936
G1 X139.427 Y124.249 E-.24
;WIPE_END
EXCLUDE_OBJECT_END NAME=圆柱体_id_0_copy_0

;don't support timelapse gcode in spiral_mode and by object sequence for I3 structure printer
;time lapse begin
M5001 G92 E0
M5001 G17
M5001 G2 Z8.4 I0.86 J0.86 P1 F20000 ; spiral lift a little
M5001 G1 X0 Y180 F24000 ; move to safe pos
M5001 P15
M5001 M400 P300
M5001 G92 E0
;time lapse end

;AFTER_LAYER_CHANGE
;8
;_SET_FAN_SPEED_CHANGING_LAYER
; printing object 圆柱体 id:0 copy 0
EXCLUDE_OBJECT_START NAME=圆柱体_id_0_copy_0
G17
G3 Z8.4 I-.968 J-.737 P1  F30000
G1 X126.35 Y141.429 Z8.4
G1 Z8
G1 E.8 F2400
SET_VELOCITY_LIMIT SQUARE_CORNER_VELOCITY=8
;TYPE:Inner wall
G1 F3235
G1 X126.136 Y141.356 E.00749
G3 X128.282 Y118.154 I3.69 J-11.359 E1.06886
G3 X129.945 Y118.054 I1.552 J11.985 E.05533
G3 X126.535 Y141.478 I-.12 J11.943 E1.35128
G1 X126.408 Y141.444 E.00436
SET_VELOCITY_LIMIT SQUARE_CORNER_VELOCITY=12
G1 X126.405 Y141.864 F30000
SET_VELOCITY_LIMIT SQUARE_CORNER_VELOCITY=8
G1 F3235
G1 X126.01 Y141.743 E.01367
G3 X128.232 Y117.75 I3.815 J-11.746 E1.10538
G3 X129.953 Y117.647 I1.602 J12.384 E.05722
G3 X126.839 Y141.981 I-.127 J12.35 E1.38293
G1 X126.462 Y141.879 E.01293
SET_VELOCITY_LIMIT SQUARE_CORNER_VELOCITY=12
G1 E-.56 F2400
;WIPE_START
G1 F13535.936
G1 X126.01 Y141.743 E-.05666
G1 X125.198 Y141.455 E-.10345
G1 X124.801 Y141.287 E-.05176
G1 X124.59 Y141.184 E-.02813
;WIPE_END
G1 X126.727 Y142.409 Z8.4 F30000
G1 Z8
G1 E.8 F2400
SET_VELOCITY_LIMIT ACCEL=5000 ACCEL_TO_DECEL=2500 SQUARE_CORNER_VELOCITY=8
;TYPE:Outer wall
;WIDTH:0.42
G1 F3235
G1 X126.172 Y142.255 E.01768
G3 X129.96 Y117.212 I3.654 J-12.255 E1.12475
G3 X142.573 Y131.026 I-.148 J12.801 E.64447
G3 X126.785 Y142.421 I-12.757 J-1.04 E.67981
G1 E-.56 F2400
;WIPE_START
G1 F9000
G1 X126.172 Y142.255 E-.0762
G1 X126.172 Y142.255 E0
G1 X125.452 Y142.019 E-.09102
G1 X125.035 Y141.859 E-.05358
G1 X124.887 Y141.796 E-.0192
;WIPE_END
G17
G3 Z8.4 I1.217 J0 P1  F30000

;don't support timelapse gcode in spiral_mode and by object sequence for I3 structure printer
;time lapse begin
M5001 G92 E0
M5001 G17
M5001 G2 Z8.4 I0.86 J0.86 P1 F20000 ; spiral lift a little
M5001 G1 X0 Y180 F24000 ; move to safe pos
M5001 P15
M5001 M400 P300
M5001 G92 E0
;time lapse end

SET_VELOCITY_LIMIT ACCEL=6000 ACCEL_TO_DECEL=3000 SQUARE_CORNER_VELOCITY=12
G1 X118.811 Y134.337
G1 Z8
G1 E.8 F2400
;TYPE:Sparse infill
;WIDTH:0.45
G1 F3235
G1 X125.142 Y140.668 E.29704
G2 X129.968 Y141.656 I4.721 J-10.788 E.1646
G1 X118.173 Y129.861 E.55333
G3 X118.694 Y126.544 I13.046 J.349 E.11169
G1 X133.282 Y141.132 E.68439
G2 X135.922 Y139.934 I-3.437 J-11.076 E.09641
G1 X119.892 Y123.904 E.752
G3 X121.586 Y121.76 I11.607 J7.431 E.09079
M73 P36 R13
G1 X138.066 Y138.24 E.77309
G2 X139.76 Y136.096 I-12.228 J-11.404 E.09074
G1 X123.73 Y120.066 E.752
G3 X126.373 Y118.871 I6.222 J10.244 E.09646
G1 X140.958 Y133.456 E.68422
G2 X141.482 Y130.142 I-14.478 J-3.985 E.11155
G1 X129.691 Y118.351 E.55313
G3 X134.498 Y119.32 I.18 J11.513 E.16391
G1 X140.841 Y125.663 E.29758
; stop printing object 圆柱体 id:0 copy 0
;LAYER_CHANGE
;Z:8.2
;HEIGHT:0.2
;BEFORE_LAYER_CHANGE
;8.2
G92 E0

G1 E-.56 F2400
;WIPE_START
G1 F13535.936
G1 X139.427 Y124.249 E-.24
;WIPE_END
EXCLUDE_OBJECT_END NAME=圆柱体_id_0_copy_0

;don't support timelapse gcode in spiral_mode and by object sequence for I3 structure printer
;time lapse begin
M5001 G92 E0
M5001 G17
M5001 G2 Z8.6 I0.86 J0.86 P1 F20000 ; spiral lift a little
M5001 G1 X0 Y180 F24000 ; move to safe pos
M5001 P15
M5001 M400 P300
M5001 G92 E0
;time lapse end

;AFTER_LAYER_CHANGE
;8.2
;_SET_FAN_SPEED_CHANGING_LAYER
; printing object 圆柱体 id:0 copy 0
EXCLUDE_OBJECT_START NAME=圆柱体_id_0_copy_0
G17
G3 Z8.6 I-.969 J-.737 P1  F30000
G1 X126.361 Y141.428 Z8.6
G1 Z8.2
G1 E.8 F2400
SET_VELOCITY_LIMIT SQUARE_CORNER_VELOCITY=8
;TYPE:Inner wall
G1 F3235
G1 X126.133 Y141.365 E.00783
G3 X128.163 Y118.169 I3.683 J-11.365 E1.06581
M73 P37 R13
G3 X129.949 Y118.054 I1.675 J12.184 E.05941
G3 X126.935 Y141.595 I-.133 J11.946 E1.3371
G1 X126.418 Y141.445 E.01785
SET_VELOCITY_LIMIT SQUARE_CORNER_VELOCITY=12
G1 X126.404 Y141.864 F30000
SET_VELOCITY_LIMIT SQUARE_CORNER_VELOCITY=8
G1 F3235
G1 X126.007 Y141.753 E.01368
G3 X128.106 Y117.765 I3.808 J-11.752 E1.10214
G3 X129.956 Y117.647 I1.732 J12.595 E.06153
G3 X126.837 Y141.99 I-.141 J12.353 E1.38256
G1 X126.462 Y141.881 E.01294
SET_VELOCITY_LIMIT SQUARE_CORNER_VELOCITY=12
G1 E-.56 F2400
;WIPE_START
G1 F13535.936
G1 X126.007 Y141.753 E-.0567
G1 X125.198 Y141.455 E-.10349
G1 X124.59 Y141.185 E-.07981
;WIPE_END
G1 X126.729 Y142.409 Z8.6 F30000
G1 Z8.2
G1 E.8 F2400
SET_VELOCITY_LIMIT ACCEL=5000 ACCEL_TO_DECEL=2500 SQUARE_CORNER_VELOCITY=8
;TYPE:Outer wall
;WIDTH:0.42
G1 F3235
G1 X126.301 Y142.293 E.01362
G3 X117.572 Y126.343 I3.525 J-12.293 E.62147
G3 X129.964 Y117.212 I12.272 J3.682 E.50735
G3 X142.573 Y131.029 I-.138 J12.788 E.64467
G3 X126.787 Y142.422 I-12.747 J-1.03 E.67985
G1 E-.56 F2400
;WIPE_START
G1 F9000
G1 X126.301 Y142.293 E-.06032
G1 X125.874 Y142.164 E-.05357
G1 X125.035 Y141.859 E-.10712
G1 X124.889 Y141.797 E-.01898
;WIPE_END
G17
G3 Z8.6 I1.217 J0 P1  F30000

;don't support timelapse gcode in spiral_mode and by object sequence for I3 structure printer
;time lapse begin
M5001 G92 E0
M5001 G17
M5001 G2 Z8.6 I0.86 J0.86 P1 F20000 ; spiral lift a little
M5001 G1 X0 Y180 F24000 ; move to safe pos
M5001 P15
M5001 M400 P300
M5001 G92 E0
;time lapse end

SET_VELOCITY_LIMIT ACCEL=6000 ACCEL_TO_DECEL=3000 SQUARE_CORNER_VELOCITY=12
G1 X118.811 Y134.337
G1 Z8.2
G1 E.8 F2400
;TYPE:Sparse infill
;WIDTH:0.45
G1 F3235
G1 X125.142 Y140.668 E.29704
G2 X129.968 Y141.656 I4.675 J-10.56 E.16465
G1 X118.17 Y129.858 E.55345
G3 X118.694 Y126.544 I13.203 J.386 E.11161
G1 X133.282 Y141.132 E.68439
G2 X135.919 Y139.931 I-4.19 J-12.692 E.0963
G1 X119.892 Y123.904 E.75187
G3 X121.586 Y121.76 I11.609 J7.433 E.09079
G1 X138.066 Y138.24 E.77309
G2 X139.76 Y136.096 I-12.228 J-11.405 E.09074
G1 X123.73 Y120.066 E.752
G3 X126.373 Y118.871 I6.222 J10.245 E.09646
G1 X140.955 Y133.453 E.68405
G2 X141.482 Y130.142 I-12.4 J-3.671 E.11153
G1 X129.691 Y118.351 E.55312
G3 X134.498 Y119.32 I.181 J11.511 E.16391
G1 X140.841 Y125.663 E.29758
; stop printing object 圆柱体 id:0 copy 0
;LAYER_CHANGE
;Z:8.4
;HEIGHT:0.2
;BEFORE_LAYER_CHANGE
;8.4
G92 E0

G1 E-.56 F2400
;WIPE_START
G1 F13535.936
G1 X139.427 Y124.249 E-.24
;WIPE_END
EXCLUDE_OBJECT_END NAME=圆柱体_id_0_copy_0

;don't support timelapse gcode in spiral_mode and by object sequence for I3 structure printer
;time lapse begin
M5001 G92 E0
M5001 G17
M5001 G2 Z8.8 I0.86 J0.86 P1 F20000 ; spiral lift a little
M5001 G1 X0 Y180 F24000 ; move to safe pos
M5001 P15
M5001 M400 P300
M5001 G92 E0
;time lapse end

;AFTER_LAYER_CHANGE
;8.4
;_SET_FAN_SPEED_CHANGING_LAYER
; printing object 圆柱体 id:0 copy 0
EXCLUDE_OBJECT_START NAME=圆柱体_id_0_copy_0
G17
G3 Z8.8 I-.969 J-.737 P1  F30000
G1 X126.361 Y141.428 Z8.8
G1 Z8.4
G1 E.8 F2400
SET_VELOCITY_LIMIT SQUARE_CORNER_VELOCITY=8
;TYPE:Inner wall
G1 F3236
G1 X126.133 Y141.366 E.00783
G3 X128.163 Y118.169 I3.683 J-11.365 E1.06583
G3 X129.952 Y118.054 I1.675 J12.178 E.05953
G3 X126.935 Y141.595 I-.137 J11.946 E1.33699
G1 X126.418 Y141.445 E.01785
SET_VELOCITY_LIMIT SQUARE_CORNER_VELOCITY=12
G1 X126.404 Y141.864 F30000
SET_VELOCITY_LIMIT SQUARE_CORNER_VELOCITY=8
G1 F3236
G1 X126.007 Y141.753 E.01368
G3 X128.107 Y117.765 I3.808 J-11.752 E1.10216
G3 X129.96 Y117.647 I1.731 J12.588 E.06165
G3 X126.837 Y141.99 I-.144 J12.353 E1.38244
G1 X126.462 Y141.881 E.01294
SET_VELOCITY_LIMIT SQUARE_CORNER_VELOCITY=12
G1 E-.56 F2400
;WIPE_START
G1 F13535.936
G1 X126.007 Y141.753 E-.0567
G1 X125.198 Y141.455 E-.10349
G1 X124.59 Y141.185 E-.07981
;WIPE_END
G1 X126.731 Y142.41 Z8.8 F30000
G1 Z8.4
G1 E.8 F2400
SET_VELOCITY_LIMIT ACCEL=5000 ACCEL_TO_DECEL=2500 SQUARE_CORNER_VELOCITY=8
;TYPE:Outer wall
;WIDTH:0.42
G1 F3236
G1 X125.873 Y142.166 E.0274
G3 X127.605 Y117.404 I3.944 J-12.165 E1.04302
G3 X129.967 Y117.212 I2.362 J14.441 E.0729
G3 X126.788 Y142.425 I-.15 J12.788 E1.32384
M73 P38 R13
G1 E-.56 F2400
;WIPE_START
G1 F9000
G1 X125.873 Y142.166 E-.11417
G1 X125.035 Y141.859 E-.10713
G1 X124.892 Y141.795 E-.0187
;WIPE_END
G17
G3 Z8.8 I1.217 J0 P1  F30000

;don't support timelapse gcode in spiral_mode and by object sequence for I3 structure printer
;time lapse begin
M5001 G92 E0
M5001 G17
M5001 G2 Z8.8 I0.86 J0.86 P1 F20000 ; spiral lift a little
M5001 G1 X0 Y180 F24000 ; move to safe pos
M5001 P15
M5001 M400 P300
M5001 G92 E0
;time lapse end

SET_VELOCITY_LIMIT ACCEL=6000 ACCEL_TO_DECEL=3000 SQUARE_CORNER_VELOCITY=12
G1 X118.811 Y134.337
G1 Z8.4
G1 E.8 F2400
;TYPE:Sparse infill
;WIDTH:0.45
G1 F3236
G1 X125.142 Y140.668 E.29704
G2 X129.968 Y141.656 I4.721 J-10.788 E.1646
G1 X118.173 Y129.861 E.55333
G3 X118.694 Y126.544 I13.046 J.349 E.11169
G1 X133.28 Y141.13 E.68428
G2 X135.922 Y139.934 I-3.638 J-11.55 E.09643
G1 X119.892 Y123.904 E.752
G3 X121.586 Y121.76 I11.609 J7.433 E.09079
G1 X138.066 Y138.24 E.77309
G2 X139.76 Y136.096 I-12.228 J-11.405 E.09074
G1 X123.73 Y120.066 E.752
G3 X126.373 Y118.871 I6.222 J10.244 E.09646
G1 X140.955 Y133.453 E.68405
G2 X141.482 Y130.142 I-12.4 J-3.671 E.11153
G1 X129.691 Y118.351 E.55312
G3 X134.498 Y119.32 I.182 J11.508 E.16391
G1 X140.841 Y125.663 E.29758
; stop printing object 圆柱体 id:0 copy 0
;LAYER_CHANGE
;Z:8.6
;HEIGHT:0.200001
;BEFORE_LAYER_CHANGE
;8.6
G92 E0

G1 E-.56 F2400
;WIPE_START
G1 F13535.936
G1 X139.427 Y124.249 E-.24
;WIPE_END
EXCLUDE_OBJECT_END NAME=圆柱体_id_0_copy_0

;don't support timelapse gcode in spiral_mode and by object sequence for I3 structure printer
;time lapse begin
M5001 G92 E0
M5001 G17
M5001 G2 Z9 I0.86 J0.86 P1 F20000 ; spiral lift a little
M5001 G1 X0 Y180 F24000 ; move to safe pos
M5001 P15
M5001 M400 P300
M5001 G92 E0
;time lapse end

;AFTER_LAYER_CHANGE
;8.6
;_SET_FAN_SPEED_CHANGING_LAYER
; printing object 圆柱体 id:0 copy 0
EXCLUDE_OBJECT_START NAME=圆柱体_id_0_copy_0
G17
G3 Z9 I-.969 J-.737 P1  F30000
G1 X126.356 Y141.431 Z9
G1 Z8.6
G1 E.8 F2400
SET_VELOCITY_LIMIT SQUARE_CORNER_VELOCITY=8
;TYPE:Inner wall
G1 F3235
G1 X126.136 Y141.358 E.0077
G3 X129.956 Y118.055 I3.694 J-11.359 E1.12437
G3 X137.078 Y139.493 I-.13 J11.946 E.98211
G3 X126.534 Y141.48 I-7.248 J-9.495 E.36911
G1 X126.414 Y141.447 E.00414
SET_VELOCITY_LIMIT SQUARE_CORNER_VELOCITY=12
G1 X126.404 Y141.871 F30000
SET_VELOCITY_LIMIT SQUARE_CORNER_VELOCITY=8
G1 F3235
G1 X126.01 Y141.743 E.01372
G3 X128.243 Y117.749 I3.815 J-11.746 E1.10572
G3 X129.963 Y117.647 I1.59 J12.355 E.05722
G3 X126.462 Y141.88 I-.137 J12.35 E1.39552
SET_VELOCITY_LIMIT SQUARE_CORNER_VELOCITY=12
G1 E-.56 F2400
;WIPE_START
G1 F13535.936
G1 X126.01 Y141.743 E-.05663
G1 X125.6 Y141.61 E-.05173
G1 X124.801 Y141.287 E-.10348
G1 X124.588 Y141.188 E-.02815
;WIPE_END
G1 X126.733 Y142.41 Z9 F30000
G1 Z8.6
G1 E.8 F2400
SET_VELOCITY_LIMIT ACCEL=5000 ACCEL_TO_DECEL=2500 SQUARE_CORNER_VELOCITY=8
;TYPE:Outer wall
;WIDTH:0.42
G1 F3235
G1 X126.731 Y142.412 E.00007
G3 X127.605 Y117.404 I3.085 J-12.411 E1.0705
G3 X129.971 Y117.213 I2.234 J12.868 E.07303
G3 X127.605 Y142.597 I-.154 J12.788 E1.29814
G1 X126.791 Y142.423 E.02556
G1 E-.56 F2400
;WIPE_START
G1 F9000
G1 X126.731 Y142.412 E-.00732
G1 X125.874 Y142.164 E-.10714
G1 X125.035 Y141.859 E-.10712
G1 X124.894 Y141.799 E-.01842
;WIPE_END
G17
G3 Z9 I1.217 J0 P1  F30000

;don't support timelapse gcode in spiral_mode and by object sequence for I3 structure printer
;time lapse begin
M5001 G92 E0
M5001 G17
M5001 G2 Z9 I0.86 J0.86 P1 F20000 ; spiral lift a little
M5001 G1 X0 Y180 F24000 ; move to safe pos
M5001 P15
M5001 M400 P300
M5001 G92 E0
;time lapse end

SET_VELOCITY_LIMIT ACCEL=6000 ACCEL_TO_DECEL=3000 SQUARE_CORNER_VELOCITY=12
G1 X118.811 Y134.337
G1 Z8.6
G1 E.8 F2400
;TYPE:Sparse infill
;WIDTH:0.45
G1 F3235
G1 X125.151 Y140.677 E.29746
G2 X129.968 Y141.656 I4.674 J-10.667 E.16427
G1 X118.173 Y129.861 E.55333
G3 X118.694 Y126.544 I13.046 J.349 E.11169
G1 X133.282 Y141.132 E.68439
G2 X135.922 Y139.934 I-3.739 J-11.741 E.09638
G1 X119.892 Y123.904 E.752
G3 X121.586 Y121.76 I11.609 J7.433 E.09079
G1 X138.066 Y138.24 E.77309
G2 X139.76 Y136.096 I-9.91 J-9.573 E.09079
G1 X123.73 Y120.066 E.752
G3 X126.373 Y118.871 I6.222 J10.244 E.09646
G1 X140.958 Y133.456 E.68422
G2 X141.482 Y130.142 I-12.676 J-3.7 E.11161
G1 X129.691 Y118.351 E.55311
G3 X134.498 Y119.32 I.182 J11.506 E.1639
G1 X140.841 Y125.663 E.29758
; stop printing object 圆柱体 id:0 copy 0
;LAYER_CHANGE
;Z:8.8
;HEIGHT:0.2
;BEFORE_LAYER_CHANGE
;8.8
G92 E0

G1 E-.56 F2400
;WIPE_START
G1 F13535.936
G1 X139.427 Y124.249 E-.24
;WIPE_END
EXCLUDE_OBJECT_END NAME=圆柱体_id_0_copy_0

;don't support timelapse gcode in spiral_mode and by object sequence for I3 structure printer
;time lapse begin
M5001 G92 E0
M5001 G17
M5001 G2 Z9.2 I0.86 J0.86 P1 F20000 ; spiral lift a little
M5001 G1 X0 Y180 F24000 ; move to safe pos
M5001 P15
M5001 M400 P300
M5001 G92 E0
;time lapse end

;AFTER_LAYER_CHANGE
;8.8
;_SET_FAN_SPEED_CHANGING_LAYER
; printing object 圆柱体 id:0 copy 0
EXCLUDE_OBJECT_START NAME=圆柱体_id_0_copy_0
G17
G3 Z9.2 I-.969 J-.737 P1  F30000
G1 X126.361 Y141.428 Z9.2
G1 Z8.8
M73 P39 R13
G1 E.8 F2400
SET_VELOCITY_LIMIT SQUARE_CORNER_VELOCITY=8
;TYPE:Inner wall
G1 F3236
G1 X126.133 Y141.366 E.00784
G3 X128.163 Y118.169 I3.682 J-11.365 E1.06585
G3 X129.959 Y118.055 I1.674 J12.166 E.05976
G3 X126.935 Y141.595 I-.144 J11.946 E1.33674
G1 X126.419 Y141.445 E.01783
SET_VELOCITY_LIMIT SQUARE_CORNER_VELOCITY=12
G1 X126.404 Y141.864 F30000
SET_VELOCITY_LIMIT SQUARE_CORNER_VELOCITY=8
G1 F3236
G1 X126.007 Y141.753 E.01368
G3 X128.106 Y117.765 I3.808 J-11.752 E1.10217
G3 X129.967 Y117.648 I1.73 J12.577 E.06188
G3 X126.836 Y141.99 I-.152 J12.353 E1.3822
G1 X126.462 Y141.881 E.01294
SET_VELOCITY_LIMIT SQUARE_CORNER_VELOCITY=12
G1 E-.56 F2400
;WIPE_START
G1 F13535.936
G1 X126.007 Y141.753 E-.0567
G1 X125.198 Y141.455 E-.10349
G1 X124.801 Y141.287 E-.05175
G1 X124.591 Y141.184 E-.02806
;WIPE_END
G1 X126.735 Y142.411 Z9.2 F30000
G1 Z8.8
G1 E.8 F2400
SET_VELOCITY_LIMIT ACCEL=5000 ACCEL_TO_DECEL=2500 SQUARE_CORNER_VELOCITY=8
;TYPE:Outer wall
;WIDTH:0.42
G1 F3236
G1 X126.734 Y142.403 E.00024
G3 X129.974 Y117.213 I3.095 J-12.406 E1.14265
G3 X142.572 Y131.04 I-.148 J12.787 E.64467
G3 X127.606 Y142.589 I-12.743 J-1.042 E.6537
G1 X126.794 Y142.423 E.02549
G1 E-.56 F2400
;WIPE_START
G1 F9000
G1 X126.734 Y142.403 E-.00758
G1 X125.874 Y142.164 E-.10711
G1 X125.035 Y141.859 E-.10712
G1 X124.896 Y141.797 E-.01819
;WIPE_END
G17
G3 Z9.2 I1.217 J0 P1  F30000

;don't support timelapse gcode in spiral_mode and by object sequence for I3 structure printer
;time lapse begin
M5001 G92 E0
M5001 G17
M5001 G2 Z9.2 I0.86 J0.86 P1 F20000 ; spiral lift a little
M5001 G1 X0 Y180 F24000 ; move to safe pos
M5001 P15
M5001 M400 P300
M5001 G92 E0
;time lapse end

SET_VELOCITY_LIMIT ACCEL=6000 ACCEL_TO_DECEL=3000 SQUARE_CORNER_VELOCITY=12
G1 X118.811 Y134.337
G1 Z8.8
G1 E.8 F2400
;TYPE:Sparse infill
;WIDTH:0.45
G1 F3236
G1 X125.146 Y140.672 E.29718
G2 X129.968 Y141.656 I4.674 J-10.597 E.16451
G1 X118.17 Y129.858 E.55345
G3 X118.694 Y126.544 I13.2 J.386 E.11161
G1 X133.282 Y141.132 E.68439
G2 X135.922 Y139.934 I-3.739 J-11.741 E.09638
G1 X119.892 Y123.904 E.752
G3 X121.586 Y121.76 I11.609 J7.433 E.09079
G1 X138.066 Y138.24 E.77309
G2 X139.76 Y136.096 I-9.803 J-9.489 E.09079
G1 X123.73 Y120.066 E.752
G3 X126.373 Y118.871 I6.222 J10.244 E.09646
G1 X140.958 Y133.456 E.68422
G2 X141.482 Y130.142 I-14.479 J-3.985 E.11155
G1 X129.691 Y118.352 E.55311
G3 X134.501 Y119.323 I.186 J11.475 E.16401
G1 X140.845 Y125.667 E.29761
; stop printing object 圆柱体 id:0 copy 0
;LAYER_CHANGE
;Z:9
;HEIGHT:0.2
;BEFORE_LAYER_CHANGE
;9
G92 E0

G1 E-.56 F2400
;WIPE_START
G1 F13535.936
G1 X139.43 Y124.252 E-.24
;WIPE_END
EXCLUDE_OBJECT_END NAME=圆柱体_id_0_copy_0

;don't support timelapse gcode in spiral_mode and by object sequence for I3 structure printer
;time lapse begin
M5001 G92 E0
M5001 G17
M5001 G2 Z9.4 I0.86 J0.86 P1 F20000 ; spiral lift a little
M5001 G1 X0 Y180 F24000 ; move to safe pos
M5001 P15
M5001 M400 P300
M5001 G92 E0
;time lapse end

;AFTER_LAYER_CHANGE
;9
;_SET_FAN_SPEED_CHANGING_LAYER
; printing object 圆柱体 id:0 copy 0
EXCLUDE_OBJECT_START NAME=圆柱体_id_0_copy_0
G17
G3 Z9.4 I-.969 J-.737 P1  F30000
G1 X126.36 Y141.432 Z9.4
G1 Z9
G1 E.8 F2400
SET_VELOCITY_LIMIT SQUARE_CORNER_VELOCITY=8
;TYPE:Inner wall
G1 F3235
G1 X126.134 Y141.361 E.00786
G3 X128.299 Y118.152 I3.692 J-11.361 E1.06965
G3 X129.963 Y118.055 I1.532 J11.937 E.05533
G3 X126.533 Y141.483 I-.137 J11.945 E1.35105
G1 X126.418 Y141.449 E.00399
SET_VELOCITY_LIMIT SQUARE_CORNER_VELOCITY=12
G1 X126.408 Y141.872 F30000
SET_VELOCITY_LIMIT SQUARE_CORNER_VELOCITY=8
G1 F3235
G1 X126.007 Y141.753 E.01386
G3 X127.681 Y117.833 I3.81 J-11.752 E1.08775
G3 X129.97 Y117.648 I2.157 J12.426 E.0763
G3 X126.464 Y141.891 I-.153 J12.353 E1.39499
SET_VELOCITY_LIMIT SQUARE_CORNER_VELOCITY=12
G1 E-.56 F2400
;WIPE_START
G1 F13535.936
G1 X126.007 Y141.753 E-.05732
G1 X125.198 Y141.455 E-.10349
G1 X124.801 Y141.287 E-.05176
G1 X124.594 Y141.19 E-.02743
;WIPE_END
G1 X126.737 Y142.411 Z9.4 F30000
G1 Z9
G1 E.8 F2400
SET_VELOCITY_LIMIT ACCEL=5000 ACCEL_TO_DECEL=2500 SQUARE_CORNER_VELOCITY=8
;TYPE:Outer wall
;WIDTH:0.42
G1 F3235
G1 X126.732 Y142.408 E.00017
G3 X129.978 Y117.213 I3.094 J-12.408 E1.14311
G3 X142.572 Y131.043 I-.152 J12.788 E.64466
G3 X127.605 Y142.594 I-12.746 J-1.043 E.65372
M73 P40 R13
G1 X126.796 Y142.423 E.02542
G1 E-.56 F2400
;WIPE_START
G1 F9000
G1 X126.732 Y142.408 E-.00783
G1 X125.874 Y142.164 E-.10713
G1 X125.035 Y141.859 E-.10712
G1 X124.898 Y141.798 E-.01793
;WIPE_END
G17
G3 Z9.4 I1.217 J0 P1  F30000

;don't support timelapse gcode in spiral_mode and by object sequence for I3 structure printer
;time lapse begin
M5001 G92 E0
M5001 G17
M5001 G2 Z9.4 I0.86 J0.86 P1 F20000 ; spiral lift a little
M5001 G1 X0 Y180 F24000 ; move to safe pos
M5001 P15
M5001 M400 P300
M5001 G92 E0
;time lapse end

SET_VELOCITY_LIMIT ACCEL=6000 ACCEL_TO_DECEL=3000 SQUARE_CORNER_VELOCITY=12
G1 X118.811 Y134.337
G1 Z9
G1 E.8 F2400
;TYPE:Sparse infill
;WIDTH:0.45
G1 F3235
G1 X125.142 Y140.668 E.29704
G2 X129.968 Y141.656 I4.708 J-10.723 E.16461
G1 X118.173 Y129.861 E.55333
G3 X118.694 Y126.544 I14.825 J.629 E.11162
G1 X133.282 Y141.132 E.68439
G2 X135.922 Y139.934 I-3.739 J-11.741 E.09638
G1 X119.892 Y123.904 E.752
G3 X121.586 Y121.76 I11.607 J7.431 E.09079
G1 X138.067 Y138.241 E.77315
G2 X139.76 Y136.096 I-9.977 J-9.614 E.09079
G1 X123.73 Y120.066 E.752
G3 X126.373 Y118.871 I6.222 J10.245 E.09646
G1 X140.958 Y133.456 E.68422
G2 X141.482 Y130.142 I-14.479 J-3.985 E.11155
G1 X129.692 Y118.352 E.5531
G3 X134.498 Y119.32 I.184 J11.501 E.16389
G1 X140.841 Y125.663 E.29758
; stop printing object 圆柱体 id:0 copy 0
;LAYER_CHANGE
;Z:9.2
;HEIGHT:0.2
;BEFORE_LAYER_CHANGE
;9.2
G92 E0

G1 E-.56 F2400
;WIPE_START
G1 F13535.936
G1 X139.427 Y124.249 E-.24
;WIPE_END
EXCLUDE_OBJECT_END NAME=圆柱体_id_0_copy_0

;don't support timelapse gcode in spiral_mode and by object sequence for I3 structure printer
;time lapse begin
M5001 G92 E0
M5001 G17
M5001 G2 Z9.6 I0.86 J0.86 P1 F20000 ; spiral lift a little
M5001 G1 X0 Y180 F24000 ; move to safe pos
M5001 P15
M5001 M400 P300
M5001 G92 E0
;time lapse end

;AFTER_LAYER_CHANGE
;9.2
;_SET_FAN_SPEED_CHANGING_LAYER
; printing object 圆柱体 id:0 copy 0
EXCLUDE_OBJECT_START NAME=圆柱体_id_0_copy_0
G17
G3 Z9.6 I-.969 J-.737 P1  F30000
G1 X126.361 Y141.428 Z9.6
G1 Z9.2
G1 E.8 F2400
SET_VELOCITY_LIMIT SQUARE_CORNER_VELOCITY=8
;TYPE:Inner wall
G1 F3235
G1 X126.136 Y141.356 E.00785
G3 X128.303 Y118.151 I3.69 J-11.359 E1.06954
G3 X129.966 Y118.055 I1.528 J11.928 E.05533
G3 X126.937 Y141.586 I-.141 J11.942 E1.33675
G1 X126.419 Y141.444 E.01782
SET_VELOCITY_LIMIT SQUARE_CORNER_VELOCITY=12
G1 X126.404 Y141.864 F30000
SET_VELOCITY_LIMIT SQUARE_CORNER_VELOCITY=8
G1 F3235
G1 X126.007 Y141.753 E.01368
G3 X127.681 Y117.833 I3.81 J-11.752 E1.08775
G3 X129.974 Y117.648 I2.157 J12.424 E.07641
G3 X126.837 Y141.99 I-.157 J12.353 E1.38209
G1 X126.462 Y141.881 E.01294
SET_VELOCITY_LIMIT SQUARE_CORNER_VELOCITY=12
G1 E-.56 F2400
;WIPE_START
G1 F13535.936
G1 X126.007 Y141.753 E-.0567
G1 X125.198 Y141.455 E-.10349
G1 X124.59 Y141.185 E-.07981
;WIPE_END
G1 X126.739 Y142.412 Z9.6 F30000
G1 Z9.2
G1 E.8 F2400
SET_VELOCITY_LIMIT ACCEL=5000 ACCEL_TO_DECEL=2500 SQUARE_CORNER_VELOCITY=8
;TYPE:Outer wall
;WIDTH:0.42
G1 F3235
G1 X126.734 Y142.403 E.00031
G3 X129.981 Y117.213 I3.095 J-12.405 E1.14287
G3 X142.571 Y131.047 I-.156 J12.788 E.64466
G3 X127.606 Y142.589 I-12.743 J-1.049 E.65348
G1 X126.798 Y142.424 E.02535
G1 E-.56 F2400
;WIPE_START
G1 F9000
G1 X126.734 Y142.403 E-.00811
G1 X125.874 Y142.164 E-.10711
G1 X125.035 Y141.859 E-.10712
G1 X124.9 Y141.799 E-.01767
;WIPE_END
G17
G3 Z9.6 I1.217 J0 P1  F30000

;don't support timelapse gcode in spiral_mode and by object sequence for I3 structure printer
;time lapse begin
M5001 G92 E0
M5001 G17
M5001 G2 Z9.6 I0.86 J0.86 P1 F20000 ; spiral lift a little
M5001 G1 X0 Y180 F24000 ; move to safe pos
M5001 P15
M5001 M400 P300
M5001 G92 E0
;time lapse end

SET_VELOCITY_LIMIT ACCEL=6000 ACCEL_TO_DECEL=3000 SQUARE_CORNER_VELOCITY=12
G1 X118.811 Y134.337
G1 Z9.2
G1 E.8 F2400
;TYPE:Sparse infill
;WIDTH:0.45
G1 F3235
G1 X125.142 Y140.668 E.29704
G2 X129.968 Y141.656 I4.675 J-10.56 E.16465
G1 X118.17 Y129.858 E.55345
G3 X118.697 Y126.547 I12.927 J.36 E.11153
G1 X133.282 Y141.132 E.68422
G2 X135.922 Y139.934 I-3.739 J-11.741 E.09638
G1 X119.892 Y123.904 E.752
G3 X121.586 Y121.76 I11.609 J7.433 E.09079
G1 X138.066 Y138.24 E.77309
G2 X139.76 Y136.096 I-9.803 J-9.488 E.09079
G1 X123.73 Y120.066 E.752
G3 X126.373 Y118.871 I6.222 J10.244 E.09646
G1 X140.958 Y133.456 E.68422
G2 X141.482 Y130.142 I-14.479 J-3.985 E.11155
G1 X129.692 Y118.352 E.5531
G3 X134.501 Y119.323 I.187 J11.47 E.164
G1 X140.843 Y125.665 E.29753
; stop printing object 圆柱体 id:0 copy 0
;LAYER_CHANGE
;Z:9.4
;HEIGHT:0.2
;BEFORE_LAYER_CHANGE
;9.4
G92 E0

G1 E-.56 F2400
;WIPE_START
G1 F13535.936
G1 X139.429 Y124.251 E-.24
;WIPE_END
EXCLUDE_OBJECT_END NAME=圆柱体_id_0_copy_0

;don't support timelapse gcode in spiral_mode and by object sequence for I3 structure printer
;time lapse begin
M5001 G92 E0
M5001 G17
M5001 G2 Z9.8 I0.86 J0.86 P1 F20000 ; spiral lift a little
M5001 G1 X0 Y180 F24000 ; move to safe pos
M5001 P15
M5001 M400 P300
M5001 G92 E0
;time lapse end

;AFTER_LAYER_CHANGE
;9.4
;_SET_FAN_SPEED_CHANGING_LAYER
; printing object 圆柱体 id:0 copy 0
EXCLUDE_OBJECT_START NAME=圆柱体_id_0_copy_0
G17
G3 Z9.8 I-.969 J-.737 P1  F30000
M73 P41 R13
G1 X126.361 Y141.428 Z9.8
G1 Z9.4
G1 E.8 F2400
SET_VELOCITY_LIMIT SQUARE_CORNER_VELOCITY=8
;TYPE:Inner wall
G1 F3235
G1 X126.133 Y141.366 E.00785
G3 X128.163 Y118.169 I3.682 J-11.365 E1.06587
G3 X129.97 Y118.055 I1.672 J12.15 E.06011
G3 X126.935 Y141.595 I-.155 J11.946 E1.33636
G1 X126.419 Y141.445 E.01783
SET_VELOCITY_LIMIT SQUARE_CORNER_VELOCITY=12
G1 X126.407 Y141.864 F30000
SET_VELOCITY_LIMIT SQUARE_CORNER_VELOCITY=8
G1 F3235
G1 X126.008 Y141.752 E.01375
G3 X127.681 Y117.833 I3.809 J-11.751 E1.08771
G3 X129.977 Y117.648 I2.276 J13.907 E.07651
G3 X126.837 Y141.989 I-.16 J12.352 E1.3819
G1 X126.464 Y141.881 E.01287
SET_VELOCITY_LIMIT SQUARE_CORNER_VELOCITY=12
G1 E-.56 F2400
;WIPE_START
G1 F13535.936
G1 X126.008 Y141.752 E-.05695
G1 X125.198 Y141.455 E-.10348
G1 X124.592 Y141.186 E-.07957
;WIPE_END
G1 X126.741 Y142.412 Z9.8 F30000
G1 Z9.4
G1 E.8 F2400
SET_VELOCITY_LIMIT ACCEL=5000 ACCEL_TO_DECEL=2500 SQUARE_CORNER_VELOCITY=8
;TYPE:Outer wall
;WIDTH:0.42
G1 F3235
G1 X126.732 Y142.411 E.0003
G3 X127.605 Y117.404 I3.085 J-12.411 E1.07047
G3 X129.985 Y117.213 I2.356 J14.391 E.07344
G3 X127.167 Y142.511 I-.168 J12.787 E1.31134
M73 P41 R12
G1 X126.8 Y142.426 E.01158
G1 E-.56 F2400
;WIPE_START
G1 F9000
G1 X126.732 Y142.411 E-.00836
G1 X125.874 Y142.164 E-.10714
G1 X125.035 Y141.859 E-.10712
G1 X124.901 Y141.802 E-.01738
;WIPE_END
G17
G3 Z9.8 I1.217 J0 P1  F30000

;don't support timelapse gcode in spiral_mode and by object sequence for I3 structure printer
;time lapse begin
M5001 G92 E0
M5001 G17
M5001 G2 Z9.8 I0.86 J0.86 P1 F20000 ; spiral lift a little
M5001 G1 X0 Y180 F24000 ; move to safe pos
M5001 P15
M5001 M400 P300
M5001 G92 E0
;time lapse end

SET_VELOCITY_LIMIT ACCEL=6000 ACCEL_TO_DECEL=3000 SQUARE_CORNER_VELOCITY=12
G1 X118.811 Y134.337
G1 Z9.4
G1 E.8 F2400
;TYPE:Sparse infill
;WIDTH:0.45
G1 F3235
G1 X125.142 Y140.668 E.29704
G2 X129.968 Y141.656 I4.721 J-10.788 E.1646
G1 X118.17 Y129.858 E.55345
G3 X118.696 Y126.546 I13.033 J.371 E.11156
G1 X133.28 Y141.13 E.68418
G2 X135.922 Y139.934 I-3.638 J-11.55 E.09643
G1 X119.893 Y123.905 E.75193
G3 X121.586 Y121.76 I9.993 J6.144 E.09085
G1 X138.068 Y138.242 E.77321
G2 X139.761 Y136.097 I-12.905 J-11.925 E.09074
G1 X123.73 Y120.066 E.75206
G3 X126.373 Y118.871 I6.222 J10.244 E.09646
G1 X140.955 Y133.453 E.68405
G2 X141.482 Y130.142 I-12.4 J-3.671 E.11153
G1 X129.692 Y118.352 E.55309
G3 X134.501 Y119.323 I.187 J11.467 E.164
G1 X140.841 Y125.663 E.29746
; stop printing object 圆柱体 id:0 copy 0
;LAYER_CHANGE
;Z:9.6
;HEIGHT:0.200001
;BEFORE_LAYER_CHANGE
;9.6
G92 E0

G1 E-.56 F2400
;WIPE_START
G1 F13535.936
G1 X139.427 Y124.249 E-.24
;WIPE_END
EXCLUDE_OBJECT_END NAME=圆柱体_id_0_copy_0

;don't support timelapse gcode in spiral_mode and by object sequence for I3 structure printer
;time lapse begin
M5001 G92 E0
M5001 G17
M5001 G2 Z10 I0.86 J0.86 P1 F20000 ; spiral lift a little
M5001 G1 X0 Y180 F24000 ; move to safe pos
M5001 P15
M5001 M400 P300
M5001 G92 E0
;time lapse end

;AFTER_LAYER_CHANGE
;9.6
;_SET_FAN_SPEED_CHANGING_LAYER
; printing object 圆柱体 id:0 copy 0
EXCLUDE_OBJECT_START NAME=圆柱体_id_0_copy_0
G17
G3 Z10 I-.969 J-.736 P1  F30000
G1 X126.367 Y141.434 Z10
G1 Z9.6
G1 E.8 F2400
SET_VELOCITY_LIMIT SQUARE_CORNER_VELOCITY=8
;TYPE:Inner wall
G1 F3235
G1 X126.134 Y141.361 E.00809
G3 X128.31 Y118.151 I3.692 J-11.361 E1.06999
G3 X129.973 Y118.055 I1.52 J11.914 E.05533
G3 X126.533 Y141.483 I-.147 J11.945 E1.35069
G1 X126.425 Y141.451 E.00376
SET_VELOCITY_LIMIT SQUARE_CORNER_VELOCITY=12
G1 X126.409 Y141.865 F30000
SET_VELOCITY_LIMIT SQUARE_CORNER_VELOCITY=8
G1 F3235
G1 X126.008 Y141.752 E.01382
G3 X127.681 Y117.833 I3.809 J-11.751 E1.08771
G3 X129.98 Y117.648 I2.156 J12.419 E.07665
G3 X126.837 Y141.989 I-.164 J12.352 E1.38177
G1 X126.466 Y141.882 E.0128
SET_VELOCITY_LIMIT SQUARE_CORNER_VELOCITY=12
G1 E-.56 F2400
;WIPE_START
G1 F13535.936
G1 X126.008 Y141.752 E-.0572
G1 X125.198 Y141.455 E-.10349
G1 X124.594 Y141.186 E-.07931
;WIPE_END
G1 X126.743 Y142.413 Z10 F30000
G1 Z9.6
G1 E.8 F2400
SET_VELOCITY_LIMIT ACCEL=5000 ACCEL_TO_DECEL=2500 SQUARE_CORNER_VELOCITY=8
;TYPE:Outer wall
;WIDTH:0.42
G1 F3235
G1 X126.732 Y142.408 E.00036
G3 X126.146 Y142.247 I3.094 J-12.408 E.0187
G3 X129.988 Y117.213 I3.685 J-12.246 E1.1245
G3 X127.605 Y142.594 I-.162 J12.787 E1.29806
M73 P42 R12
G1 X126.802 Y142.425 E.02522
G1 E-.56 F2400
;WIPE_START
G1 F9000
G1 X126.732 Y142.408 E-.00861
G1 X126.146 Y142.247 E-.07301
G1 X126.146 Y142.247 E0
G1 X125.452 Y142.019 E-.08767
G1 X125.035 Y141.859 E-.05358
G1 X124.903 Y141.803 E-.01713
;WIPE_END
G17
G3 Z10 I1.217 J0 P1  F30000

;don't support timelapse gcode in spiral_mode and by object sequence for I3 structure printer
;time lapse begin
M5001 G92 E0
M5001 G17
M5001 G2 Z10 I0.86 J0.86 P1 F20000 ; spiral lift a little
M5001 G1 X0 Y180 F24000 ; move to safe pos
M5001 P15
M5001 M400 P300
M5001 G92 E0
;time lapse end

SET_VELOCITY_LIMIT ACCEL=6000 ACCEL_TO_DECEL=3000 SQUARE_CORNER_VELOCITY=12
G1 X118.807 Y134.333
G1 Z9.6
G1 E.8 F2400
;TYPE:Sparse infill
;WIDTH:0.45
G1 F3235
G1 X125.142 Y140.668 E.29719
G2 X129.968 Y141.656 I4.675 J-10.56 E.16465
G1 X118.173 Y129.861 E.55333
G3 X118.694 Y126.544 I13.046 J.349 E.11169
G1 X133.282 Y141.132 E.68439
G2 X135.922 Y139.934 I-3.739 J-11.741 E.09638
G1 X119.892 Y123.904 E.752
G3 X121.586 Y121.76 I11.609 J7.433 E.09079
G1 X138.066 Y138.24 E.77309
G2 X139.76 Y136.096 I-12.228 J-11.404 E.09074
G1 X123.732 Y120.068 E.75191
G3 X126.373 Y118.871 I6.705 J11.286 E.09639
G1 X140.958 Y133.456 E.68422
G2 X141.482 Y130.142 I-14.484 J-3.986 E.11155
G1 X129.692 Y118.352 E.55309
G3 X134.498 Y119.32 I.186 J11.493 E.16388
G1 X140.841 Y125.663 E.29758
; stop printing object 圆柱体 id:0 copy 0
;LAYER_CHANGE
;Z:9.8
;HEIGHT:0.2
;BEFORE_LAYER_CHANGE
;9.8
G92 E0

G1 E-.56 F2400
;WIPE_START
G1 F13535.936
G1 X139.427 Y124.249 E-.24
;WIPE_END
EXCLUDE_OBJECT_END NAME=圆柱体_id_0_copy_0

;don't support timelapse gcode in spiral_mode and by object sequence for I3 structure printer
;time lapse begin
M5001 G92 E0
M5001 G17
M5001 G2 Z10.2 I0.86 J0.86 P1 F20000 ; spiral lift a little
M5001 G1 X0 Y180 F24000 ; move to safe pos
M5001 P15
M5001 M400 P300
M5001 G92 E0
;time lapse end

;AFTER_LAYER_CHANGE
;9.8
;_SET_FAN_SPEED_CHANGING_LAYER
; printing object 圆柱体 id:0 copy 0
EXCLUDE_OBJECT_START NAME=圆柱体_id_0_copy_0
G17
G3 Z10.2 I-.969 J-.737 P1  F30000
G1 X126.362 Y141.428 Z10.2
G1 Z9.8
G1 E.8 F2400
SET_VELOCITY_LIMIT SQUARE_CORNER_VELOCITY=8
;TYPE:Inner wall
G1 F3236
G1 X126.133 Y141.365 E.00787
G3 X127.751 Y118.234 I3.684 J-11.365 E1.05191
G3 X129.977 Y118.055 I2.2 J13.436 E.07415
G3 X126.935 Y141.595 I-.16 J11.946 E1.33625
G1 X126.42 Y141.445 E.01781
SET_VELOCITY_LIMIT SQUARE_CORNER_VELOCITY=12
G1 X126.411 Y141.866 F30000
SET_VELOCITY_LIMIT SQUARE_CORNER_VELOCITY=8
G1 F3236
G1 X126.007 Y141.753 E.01389
G3 X127.681 Y117.833 I3.809 J-11.752 E1.08776
G3 X129.984 Y117.648 I2.274 J13.889 E.07674
G3 X126.837 Y141.99 I-.167 J12.353 E1.38173
G1 X126.468 Y141.882 E.01273
SET_VELOCITY_LIMIT SQUARE_CORNER_VELOCITY=12
G1 E-.56 F2400
;WIPE_START
G1 F13535.936
G1 X126.007 Y141.753 E-.05746
G1 X125.198 Y141.455 E-.10349
G1 X124.596 Y141.187 E-.07905
;WIPE_END
G1 X126.745 Y142.413 Z10.2 F30000
G1 Z9.8
G1 E.8 F2400
SET_VELOCITY_LIMIT ACCEL=5000 ACCEL_TO_DECEL=2500 SQUARE_CORNER_VELOCITY=8
;TYPE:Outer wall
;WIDTH:0.42
G1 F3236
G1 X126.732 Y142.408 E.00043
G3 X129.992 Y117.213 I3.094 J-12.408 E1.14354
G3 X142.57 Y131.057 I-.166 J12.787 E.64466
G3 X127.605 Y142.594 I-12.744 J-1.057 E.65329
G1 X126.804 Y142.425 E.02516
G1 E-.56 F2400
;WIPE_START
G1 F9000
G1 X126.732 Y142.408 E-.00886
G1 X125.874 Y142.164 E-.10712
G1 X125.035 Y141.859 E-.10713
G1 X124.906 Y141.801 E-.01689
;WIPE_END
G17
G3 Z10.2 I1.217 J0 P1  F30000

;don't support timelapse gcode in spiral_mode and by object sequence for I3 structure printer
;time lapse begin
M5001 G92 E0
M5001 G17
M5001 G2 Z10.2 I0.86 J0.86 P1 F20000 ; spiral lift a little
M5001 G1 X0 Y180 F24000 ; move to safe pos
M5001 P15
M5001 M400 P300
M5001 G92 E0
;time lapse end

SET_VELOCITY_LIMIT ACCEL=6000 ACCEL_TO_DECEL=3000 SQUARE_CORNER_VELOCITY=12
G1 X118.811 Y134.337
G1 Z9.8
G1 E.8 F2400
;TYPE:Sparse infill
;WIDTH:0.45
G1 F3236
G1 X125.142 Y140.668 E.29704
G2 X129.968 Y141.656 I4.675 J-10.56 E.16465
G1 X118.17 Y129.858 E.55345
G3 X118.695 Y126.545 I13.055 J.372 E.11157
G1 X133.28 Y141.13 E.68419
G2 X135.919 Y139.931 I-3.541 J-11.3 E.09639
G1 X119.892 Y123.904 E.75187
G3 X121.586 Y121.76 I11.608 J7.432 E.09079
G1 X138.067 Y138.241 E.77315
G2 X139.76 Y136.096 I-9.964 J-9.605 E.09079
G1 X123.73 Y120.066 E.752
G3 X126.373 Y118.871 I6.222 J10.245 E.09646
G1 X140.958 Y133.456 E.68422
G2 X141.482 Y130.142 I-12.677 J-3.7 E.11161
G1 X129.692 Y118.352 E.55308
G3 X134.498 Y119.32 I.186 J11.491 E.16388
G1 X140.841 Y125.663 E.29758
; stop printing object 圆柱体 id:0 copy 0
;LAYER_CHANGE
;Z:10
;HEIGHT:0.2
;BEFORE_LAYER_CHANGE
;10
G92 E0

G1 E-.56 F2400
M73 P43 R12
;WIPE_START
G1 F13535.936
G1 X139.427 Y124.249 E-.24
;WIPE_END
EXCLUDE_OBJECT_END NAME=圆柱体_id_0_copy_0

;don't support timelapse gcode in spiral_mode and by object sequence for I3 structure printer
;time lapse begin
M5001 G92 E0
M5001 G17
M5001 G2 Z10.4 I0.86 J0.86 P1 F20000 ; spiral lift a little
M5001 G1 X0 Y180 F24000 ; move to safe pos
M5001 P15
M5001 M400 P300
M5001 G92 E0
;time lapse end

;AFTER_LAYER_CHANGE
;10
;_SET_FAN_SPEED_CHANGING_LAYER
; printing object 圆柱体 id:0 copy 0
EXCLUDE_OBJECT_START NAME=圆柱体_id_0_copy_0
G17
G3 Z10.4 I-.969 J-.737 P1  F30000
G1 X126.362 Y141.428 Z10.4
G1 Z10
G1 E.8 F2400
SET_VELOCITY_LIMIT SQUARE_CORNER_VELOCITY=8
;TYPE:Inner wall
G1 F3236
G1 X126.133 Y141.365 E.00787
G3 X127.751 Y118.234 I3.684 J-11.365 E1.05192
G3 X129.98 Y118.055 I2.085 J12.006 E.07428
G3 X126.935 Y141.595 I-.163 J11.946 E1.33613
G1 X126.42 Y141.445 E.01781
SET_VELOCITY_LIMIT SQUARE_CORNER_VELOCITY=12
G1 X126.412 Y141.866 F30000
SET_VELOCITY_LIMIT SQUARE_CORNER_VELOCITY=8
G1 F3236
G1 X126.007 Y141.753 E.01396
G3 X127.681 Y117.833 I3.809 J-11.752 E1.08776
G3 X129.987 Y117.648 I2.156 J12.414 E.07688
G3 X126.837 Y141.99 I-.171 J12.353 E1.3816
G1 X126.47 Y141.883 E.01266
SET_VELOCITY_LIMIT SQUARE_CORNER_VELOCITY=12
G1 E-.56 F2400
;WIPE_START
G1 F13535.936
G1 X126.007 Y141.753 E-.0577
G1 X125.198 Y141.455 E-.10349
G1 X124.801 Y141.287 E-.05175
G1 X124.596 Y141.191 E-.02706
;WIPE_END
G1 X126.747 Y142.414 Z10.4 F30000
G1 Z10
G1 E.8 F2400
SET_VELOCITY_LIMIT ACCEL=5000 ACCEL_TO_DECEL=2500 SQUARE_CORNER_VELOCITY=8
;TYPE:Outer wall
;WIDTH:0.42
G1 F3236
G1 X126.731 Y142.412 E.00049
G3 X127.605 Y117.404 I3.085 J-12.411 E1.07053
G3 X129.995 Y117.213 I2.232 J12.851 E.07378
G3 X127.166 Y142.512 I-.179 J12.788 E1.31107
G1 X126.806 Y142.427 E.01139
G1 E-.56 F2400
;WIPE_START
G1 F9000
G1 X126.731 Y142.412 E-.00912
G1 X125.874 Y142.164 E-.10714
G1 X125.035 Y141.859 E-.10712
G1 X124.907 Y141.805 E-.01662
;WIPE_END
G17
G3 Z10.4 I1.217 J0 P1  F30000

;don't support timelapse gcode in spiral_mode and by object sequence for I3 structure printer
;time lapse begin
M5001 G92 E0
M5001 G17
M5001 G2 Z10.4 I0.86 J0.86 P1 F20000 ; spiral lift a little
M5001 G1 X0 Y180 F24000 ; move to safe pos
M5001 P15
M5001 M400 P300
M5001 G92 E0
;time lapse end

SET_VELOCITY_LIMIT ACCEL=6000 ACCEL_TO_DECEL=3000 SQUARE_CORNER_VELOCITY=12
G1 X118.811 Y134.337
G1 Z10
G1 E.8 F2400
;TYPE:Sparse infill
;WIDTH:0.45
G1 F3236
G1 X125.146 Y140.672 E.29721
G2 X129.968 Y141.656 I4.674 J-10.604 E.16449
G1 X118.17 Y129.858 E.55345
G3 X118.694 Y126.544 I13.2 J.386 E.11161
G1 X133.282 Y141.132 E.68439
G2 X135.922 Y139.934 I-3.739 J-11.741 E.09638
G1 X119.892 Y123.904 E.752
G3 X121.586 Y121.76 I11.608 J7.432 E.09079
G1 X138.066 Y138.24 E.77309
G2 X139.76 Y136.096 I-9.803 J-9.489 E.09079
G1 X123.729 Y120.065 E.75206
G3 X126.37 Y118.868 I6.424 J10.66 E.0964
G1 X140.958 Y133.456 E.68439
G2 X141.482 Y130.142 I-12.676 J-3.7 E.11161
G1 X129.692 Y118.352 E.55308
G3 X134.498 Y119.32 I.187 J11.488 E.16387
G1 X140.841 Y125.663 E.29758
; stop printing object 圆柱体 id:0 copy 0
;LAYER_CHANGE
;Z:10.2
;HEIGHT:0.2
;BEFORE_LAYER_CHANGE
;10.2
G92 E0

G1 E-.56 F2400
;WIPE_START
G1 F13535.936
G1 X139.427 Y124.249 E-.24
;WIPE_END
EXCLUDE_OBJECT_END NAME=圆柱体_id_0_copy_0

;don't support timelapse gcode in spiral_mode and by object sequence for I3 structure printer
;time lapse begin
M5001 G92 E0
M5001 G17
M5001 G2 Z10.6 I0.86 J0.86 P1 F20000 ; spiral lift a little
M5001 G1 X0 Y180 F24000 ; move to safe pos
M5001 P15
M5001 M400 P300
M5001 G92 E0
;time lapse end

;AFTER_LAYER_CHANGE
;10.2
;_SET_FAN_SPEED_CHANGING_LAYER
; printing object 圆柱体 id:0 copy 0
EXCLUDE_OBJECT_START NAME=圆柱体_id_0_copy_0
G17
G3 Z10.6 I-.969 J-.737 P1  F30000
G1 X126.365 Y141.429 Z10.6
G1 Z10.2
G1 E.8 F2400
SET_VELOCITY_LIMIT SQUARE_CORNER_VELOCITY=8
;TYPE:Inner wall
G1 F3236
G1 X126.133 Y141.365 E.00799
G3 X127.751 Y118.234 I3.684 J-11.365 E1.05192
G3 X129.984 Y118.055 I2.085 J12.004 E.0744
G3 X126.935 Y141.595 I-.167 J11.946 E1.33601
G1 X126.423 Y141.446 E.01769
SET_VELOCITY_LIMIT SQUARE_CORNER_VELOCITY=12
G1 X126.414 Y141.867 F30000
SET_VELOCITY_LIMIT SQUARE_CORNER_VELOCITY=8
G1 F3236
G1 X126.008 Y141.752 E.01402
G3 X127.681 Y117.833 I3.809 J-11.752 E1.08774
G3 X129.991 Y117.648 I2.155 J12.412 E.07699
G3 X126.837 Y141.989 I-.174 J12.352 E1.38143
G1 X126.472 Y141.883 E.0126
SET_VELOCITY_LIMIT SQUARE_CORNER_VELOCITY=12
G1 E-.56 F2400
;WIPE_START
G1 F13535.936
G1 X126.008 Y141.752 E-.05793
G1 X125.198 Y141.455 E-.10348
G1 X124.801 Y141.287 E-.05175
G1 X124.6 Y141.189 E-.02683
;WIPE_END
G1 X126.749 Y142.414 Z10.6 F30000
G1 Z10.2
G1 E.8 F2400
SET_VELOCITY_LIMIT ACCEL=5000 ACCEL_TO_DECEL=2500 SQUARE_CORNER_VELOCITY=8
;TYPE:Outer wall
;WIDTH:0.42
G1 F3236
G1 X126.732 Y142.411 E.00055
G3 X127.605 Y117.404 I3.085 J-12.411 E1.0705
G3 X129.999 Y117.213 I2.231 J12.849 E.07389
G3 X127.605 Y142.596 I-.182 J12.787 E1.29719
M73 P44 R12
G1 X126.808 Y142.426 E.02504
G1 E-.56 F2400
;WIPE_START
G1 F9000
G1 X126.732 Y142.411 E-.00934
G1 X125.874 Y142.164 E-.10714
G1 X125.035 Y141.859 E-.10712
G1 X124.909 Y141.805 E-.0164
;WIPE_END
G17
G3 Z10.6 I1.217 J0 P1  F30000

;don't support timelapse gcode in spiral_mode and by object sequence for I3 structure printer
;time lapse begin
M5001 G92 E0
M5001 G17
M5001 G2 Z10.6 I0.86 J0.86 P1 F20000 ; spiral lift a little
M5001 G1 X0 Y180 F24000 ; move to safe pos
M5001 P15
M5001 M400 P300
M5001 G92 E0
;time lapse end

SET_VELOCITY_LIMIT ACCEL=6000 ACCEL_TO_DECEL=3000 SQUARE_CORNER_VELOCITY=12
G1 X118.811 Y134.337
G1 Z10.2
G1 E.8 F2400
;TYPE:Sparse infill
;WIDTH:0.45
G1 F3236
G1 X125.142 Y140.668 E.29704
G2 X129.968 Y141.656 I4.675 J-10.56 E.16465
G1 X118.17 Y129.858 E.55345
G3 X118.694 Y126.544 I13.2 J.386 E.11161
G1 X133.282 Y141.132 E.68439
G2 X135.922 Y139.934 I-3.739 J-11.741 E.09638
G1 X119.892 Y123.904 E.752
G3 X121.586 Y121.76 I11.609 J7.433 E.09079
G1 X138.066 Y138.24 E.77309
G2 X139.76 Y136.096 I-9.803 J-9.488 E.09079
G1 X123.73 Y120.066 E.752
G3 X126.37 Y118.868 I6.379 J10.543 E.09638
G1 X140.955 Y133.453 E.68422
G2 X141.482 Y130.142 I-14.085 J-3.94 E.11146
G1 X129.692 Y118.352 E.55307
G3 X134.501 Y119.323 I.19 J11.458 E.16398
G1 X140.841 Y125.663 E.29746
; stop printing object 圆柱体 id:0 copy 0
;LAYER_CHANGE
;Z:10.4
;HEIGHT:0.2
;BEFORE_LAYER_CHANGE
;10.4
G92 E0

G1 E-.56 F2400
;WIPE_START
G1 F13535.936
G1 X139.427 Y124.249 E-.24
;WIPE_END
EXCLUDE_OBJECT_END NAME=圆柱体_id_0_copy_0

;don't support timelapse gcode in spiral_mode and by object sequence for I3 structure printer
;time lapse begin
M5001 G92 E0
M5001 G17
M5001 G2 Z10.8 I0.86 J0.86 P1 F20000 ; spiral lift a little
M5001 G1 X0 Y180 F24000 ; move to safe pos
M5001 P15
M5001 M400 P300
M5001 G92 E0
;time lapse end

;AFTER_LAYER_CHANGE
;10.4
;_SET_FAN_SPEED_CHANGING_LAYER
; printing object 圆柱体 id:0 copy 0
EXCLUDE_OBJECT_START NAME=圆柱体_id_0_copy_0
G17
G3 Z10.8 I-.969 J-.736 P1  F30000
G1 X126.367 Y141.43 Z10.8
G1 Z10.4
G1 E.8 F2400
SET_VELOCITY_LIMIT SQUARE_CORNER_VELOCITY=8
;TYPE:Inner wall
G1 F3235
G1 X126.133 Y141.364 E.00805
G3 X127.751 Y118.234 I3.683 J-11.364 E1.05188
G3 X129.987 Y118.055 I2.197 J13.41 E.0745
G3 X126.935 Y141.594 I-.171 J11.945 E1.33583
G1 X126.425 Y141.446 E.01763
SET_VELOCITY_LIMIT SQUARE_CORNER_VELOCITY=12
G1 X126.416 Y141.867 F30000
SET_VELOCITY_LIMIT SQUARE_CORNER_VELOCITY=8
G1 F3235
G1 X126.008 Y141.752 E.01408
G3 X127.681 Y117.833 I3.809 J-11.752 E1.08773
G3 X129.994 Y117.648 I2.271 J13.863 E.07709
G3 X126.837 Y141.989 I-.178 J12.352 E1.38129
G1 X126.474 Y141.884 E.01254
SET_VELOCITY_LIMIT SQUARE_CORNER_VELOCITY=12
G1 E-.56 F2400
;WIPE_START
G1 F13535.936
G1 X126.008 Y141.752 E-.05815
G1 X125.198 Y141.455 E-.10348
G1 X124.801 Y141.287 E-.05175
G1 X124.601 Y141.19 E-.02662
;WIPE_END
G1 X126.751 Y142.414 Z10.8 F30000
G1 Z10.4
G1 E.8 F2400
SET_VELOCITY_LIMIT ACCEL=5000 ACCEL_TO_DECEL=2500 SQUARE_CORNER_VELOCITY=8
;TYPE:Outer wall
;WIDTH:0.42
G1 F3235
G1 X126.732 Y142.411 E.00061
G3 X127.605 Y117.404 I3.084 J-12.411 E1.07049
G3 X130.002 Y117.213 I2.351 J14.348 E.07397
G3 X127.167 Y142.511 I-.186 J12.787 E1.31078
G1 X126.809 Y142.428 E.01127
G1 E-.56 F2400
;WIPE_START
G1 F9000
G1 X126.732 Y142.411 E-.00957
G1 X125.874 Y142.164 E-.10714
G1 X124.911 Y141.804 E-.1233
;WIPE_END
G17
G3 Z10.8 I1.217 J0 P1  F30000

;don't support timelapse gcode in spiral_mode and by object sequence for I3 structure printer
;time lapse begin
M5001 G92 E0
M5001 G17
M5001 G2 Z10.8 I0.86 J0.86 P1 F20000 ; spiral lift a little
M5001 G1 X0 Y180 F24000 ; move to safe pos
M5001 P15
M5001 M400 P300
M5001 G92 E0
;time lapse end

SET_VELOCITY_LIMIT ACCEL=6000 ACCEL_TO_DECEL=3000 SQUARE_CORNER_VELOCITY=12
G1 X118.811 Y134.337
G1 Z10.4
G1 E.8 F2400
;TYPE:Sparse infill
;WIDTH:0.45
G1 F3235
G1 X125.146 Y140.672 E.29722
G2 X129.965 Y141.653 I4.657 J-10.551 E.16439
G1 X118.173 Y129.861 E.55321
G3 X118.694 Y126.544 I14.825 J.629 E.11162
G1 X133.282 Y141.132 E.68439
G2 X135.922 Y139.934 I-3.739 J-11.741 E.09638
G1 X119.892 Y123.904 E.752
G3 X121.586 Y121.76 I11.608 J7.432 E.09079
G1 X138.066 Y138.24 E.77309
G2 X139.76 Y136.096 I-9.803 J-9.489 E.09079
G1 X123.73 Y120.066 E.752
G3 X126.373 Y118.871 I6.222 J10.244 E.09646
G1 X140.958 Y133.456 E.68422
G2 X141.482 Y130.142 I-12.676 J-3.7 E.11161
G1 X129.692 Y118.352 E.55307
G3 X134.501 Y119.323 I.191 J11.455 E.16398
M73 P45 R12
G1 X140.841 Y125.663 E.29746
; stop printing object 圆柱体 id:0 copy 0
;LAYER_CHANGE
;Z:10.6
;HEIGHT:0.200001
;BEFORE_LAYER_CHANGE
;10.6
G92 E0

G1 E-.56 F2400
;WIPE_START
G1 F13535.936
G1 X139.427 Y124.249 E-.24
;WIPE_END
EXCLUDE_OBJECT_END NAME=圆柱体_id_0_copy_0

;don't support timelapse gcode in spiral_mode and by object sequence for I3 structure printer
;time lapse begin
M5001 G92 E0
M5001 G17
M5001 G2 Z11 I0.86 J0.86 P1 F20000 ; spiral lift a little
M5001 G1 X0 Y180 F24000 ; move to safe pos
M5001 P15
M5001 M400 P300
M5001 G92 E0
;time lapse end

;AFTER_LAYER_CHANGE
;10.6
;_SET_FAN_SPEED_CHANGING_LAYER
; printing object 圆柱体 id:0 copy 0
EXCLUDE_OBJECT_START NAME=圆柱体_id_0_copy_0
G17
G3 Z11 I-.969 J-.736 P1  F30000
G1 X126.369 Y141.43 Z11
G1 Z10.6
G1 E.8 F2400
SET_VELOCITY_LIMIT SQUARE_CORNER_VELOCITY=8
;TYPE:Inner wall
G1 F3236
G1 X126.133 Y141.366 E.00811
G3 X127.751 Y118.234 I3.684 J-11.365 E1.05194
G3 X129.991 Y118.055 I2.084 J12.001 E.07463
G3 X126.935 Y141.595 I-.174 J11.946 E1.33579
G1 X126.427 Y141.447 E.01757
SET_VELOCITY_LIMIT SQUARE_CORNER_VELOCITY=12
G1 X126.418 Y141.868 F30000
SET_VELOCITY_LIMIT SQUARE_CORNER_VELOCITY=8
G1 F3236
G1 X126.007 Y141.753 E.01414
G3 X127.681 Y117.833 I3.809 J-11.752 E1.08779
G3 X129.998 Y117.648 I2.155 J12.409 E.07722
G3 X126.837 Y141.99 I-.182 J12.353 E1.38126
G1 X126.475 Y141.885 E.01248
SET_VELOCITY_LIMIT SQUARE_CORNER_VELOCITY=12
G1 E-.56 F2400
;WIPE_START
G1 F13535.936
G1 X126.007 Y141.753 E-.05836
G1 X125.198 Y141.455 E-.10349
G1 X124.603 Y141.19 E-.07815
;WIPE_END
G1 X126.753 Y142.415 Z11 F30000
G1 Z10.6
G1 E.8 F2400
SET_VELOCITY_LIMIT ACCEL=5000 ACCEL_TO_DECEL=2500 SQUARE_CORNER_VELOCITY=8
;TYPE:Outer wall
;WIDTH:0.42
G1 F3236
G1 X126.731 Y142.412 E.00066
G3 X127.605 Y117.404 I3.085 J-12.411 E1.07055
G3 X130.006 Y117.213 I2.231 J12.845 E.0741
G3 X127.166 Y142.512 I-.189 J12.788 E1.31075
G1 X126.811 Y142.429 E.01122
G1 E-.56 F2400
;WIPE_START
G1 F9000
G1 X126.731 Y142.412 E-.00978
G1 X125.874 Y142.164 E-.10714
G1 X125.035 Y141.859 E-.10712
G1 X124.912 Y141.807 E-.01596
;WIPE_END
G17
G3 Z11 I1.217 J0 P1  F30000

;don't support timelapse gcode in spiral_mode and by object sequence for I3 structure printer
;time lapse begin
M5001 G92 E0
M5001 G17
M5001 G2 Z11 I0.86 J0.86 P1 F20000 ; spiral lift a little
M5001 G1 X0 Y180 F24000 ; move to safe pos
M5001 P15
M5001 M400 P300
M5001 G92 E0
;time lapse end

SET_VELOCITY_LIMIT ACCEL=6000 ACCEL_TO_DECEL=3000 SQUARE_CORNER_VELOCITY=12
G1 X118.811 Y134.337
G1 Z10.6
G1 E.8 F2400
;TYPE:Sparse infill
;WIDTH:0.45
G1 F3236
G1 X125.142 Y140.668 E.29704
G2 X129.965 Y141.653 I4.688 J-10.657 E.16453
G1 X118.17 Y129.858 E.55333
G3 X118.694 Y126.544 I15.008 J.671 E.11155
G1 X133.282 Y141.132 E.68439
G2 X135.922 Y139.934 I-3.739 J-11.741 E.09638
G1 X119.892 Y123.904 E.752
G3 X121.586 Y121.76 I11.608 J7.432 E.09079
G1 X138.067 Y138.241 E.77314
G2 X139.757 Y136.093 I-7.872 J-7.935 E.09089
G1 X123.73 Y120.066 E.75187
G3 X126.373 Y118.871 I6.223 J10.245 E.09646
G1 X140.958 Y133.456 E.68422
G2 X141.482 Y130.142 I-12.676 J-3.7 E.11161
G1 X129.692 Y118.353 E.55306
G3 X134.501 Y119.323 I.191 J11.453 E.16398
G1 X140.84 Y125.662 E.29739
; stop printing object 圆柱体 id:0 copy 0
;LAYER_CHANGE
;Z:10.8
;HEIGHT:0.2
;BEFORE_LAYER_CHANGE
;10.8
G92 E0

G1 E-.56 F2400
;WIPE_START
G1 F13535.936
G1 X139.426 Y124.248 E-.24
;WIPE_END
EXCLUDE_OBJECT_END NAME=圆柱体_id_0_copy_0

;don't support timelapse gcode in spiral_mode and by object sequence for I3 structure printer
;time lapse begin
M5001 G92 E0
M5001 G17
M5001 G2 Z11.2 I0.86 J0.86 P1 F20000 ; spiral lift a little
M5001 G1 X0 Y180 F24000 ; move to safe pos
M5001 P15
M5001 M400 P300
M5001 G92 E0
;time lapse end

;AFTER_LAYER_CHANGE
;10.8
;_SET_FAN_SPEED_CHANGING_LAYER
; printing object 圆柱体 id:0 copy 0
EXCLUDE_OBJECT_START NAME=圆柱体_id_0_copy_0
G17
G3 Z11.2 I-.969 J-.736 P1  F30000
G1 X126.371 Y141.431 Z11.2
G1 Z10.8
G1 E.8 F2400
SET_VELOCITY_LIMIT SQUARE_CORNER_VELOCITY=8
;TYPE:Inner wall
G1 F3235
G1 X126.133 Y141.365 E.00817
G3 X127.751 Y118.234 I3.683 J-11.364 E1.0519
G3 X129.994 Y118.055 I2.195 J13.394 E.07473
G3 X126.935 Y141.594 I-.178 J11.945 E1.33561
G1 X126.428 Y141.448 E.0175
SET_VELOCITY_LIMIT SQUARE_CORNER_VELOCITY=12
G1 X126.419 Y141.868 F30000
SET_VELOCITY_LIMIT SQUARE_CORNER_VELOCITY=8
G1 F3235
G1 X126.007 Y141.752 E.01419
G3 X127.681 Y117.833 I3.809 J-11.752 E1.08775
M73 P45 R11
G3 X130.001 Y117.648 I2.269 J13.847 E.07732
G3 X126.837 Y141.989 I-.185 J12.352 E1.38107
G1 X126.477 Y141.885 E.01243
SET_VELOCITY_LIMIT SQUARE_CORNER_VELOCITY=12
G1 E-.56 F2400
;WIPE_START
G1 F13535.936
G1 X126.007 Y141.752 E-.05855
G1 X125.198 Y141.455 E-.10349
G1 X124.801 Y141.287 E-.05176
G1 X124.603 Y141.194 E-.02621
;WIPE_END
G1 X126.754 Y142.415 Z11.2 F30000
G1 Z10.8
G1 E.8 F2400
SET_VELOCITY_LIMIT ACCEL=5000 ACCEL_TO_DECEL=2500 SQUARE_CORNER_VELOCITY=8
;TYPE:Outer wall
;WIDTH:0.42
G1 F3235
G1 X126.731 Y142.411 E.00071
G3 X127.605 Y117.404 I3.084 J-12.411 E1.07051
M73 P46 R11
G3 X130.009 Y117.213 I2.349 J14.332 E.07419
G3 X127.167 Y142.511 I-.193 J12.787 E1.31058
G1 X126.813 Y142.429 E.01117
G1 E-.56 F2400
;WIPE_START
G1 F9000
G1 X126.731 Y142.411 E-.00997
G1 X125.874 Y142.164 E-.10714
G1 X125.035 Y141.859 E-.10712
G1 X124.914 Y141.807 E-.01577
;WIPE_END
G17
G3 Z11.2 I1.217 J0 P1  F30000

;don't support timelapse gcode in spiral_mode and by object sequence for I3 structure printer
;time lapse begin
M5001 G92 E0
M5001 G17
M5001 G2 Z11.2 I0.86 J0.86 P1 F20000 ; spiral lift a little
M5001 G1 X0 Y180 F24000 ; move to safe pos
M5001 P15
M5001 M400 P300
M5001 G92 E0
;time lapse end

SET_VELOCITY_LIMIT ACCEL=6000 ACCEL_TO_DECEL=3000 SQUARE_CORNER_VELOCITY=12
G1 X118.811 Y134.337
G1 Z10.8
G1 E.8 F2400
;TYPE:Sparse infill
;WIDTH:0.45
G1 F3235
G1 X125.142 Y140.668 E.29704
G2 X129.965 Y141.653 I4.688 J-10.655 E.16453
G1 X118.17 Y129.858 E.55333
G3 X118.694 Y126.544 I13.2 J.386 E.11161
G1 X133.282 Y141.132 E.68439
G2 X135.922 Y139.934 I-3.437 J-11.076 E.09641
G1 X119.891 Y123.903 E.75206
G3 X121.586 Y121.76 I10.398 J6.486 E.09082
G1 X138.066 Y138.24 E.77309
G2 X139.76 Y136.096 I-9.91 J-9.573 E.09079
G1 X123.73 Y120.066 E.752
G3 X126.373 Y118.871 I6.223 J10.245 E.09646
G1 X140.955 Y133.453 E.68405
G2 X141.482 Y130.142 I-14.085 J-3.94 E.11146
G1 X129.693 Y118.353 E.55306
G3 X134.5 Y119.323 I.192 J11.45 E.16397
G1 X140.843 Y125.665 E.29752
; stop printing object 圆柱体 id:0 copy 0
;LAYER_CHANGE
;Z:11
;HEIGHT:0.2
;BEFORE_LAYER_CHANGE
;11
G92 E0

G1 E-.56 F2400
;WIPE_START
G1 F13535.936
G1 X139.428 Y124.251 E-.24
;WIPE_END
EXCLUDE_OBJECT_END NAME=圆柱体_id_0_copy_0

;don't support timelapse gcode in spiral_mode and by object sequence for I3 structure printer
;time lapse begin
M5001 G92 E0
M5001 G17
M5001 G2 Z11.4 I0.86 J0.86 P1 F20000 ; spiral lift a little
M5001 G1 X0 Y180 F24000 ; move to safe pos
M5001 P15
M5001 M400 P300
M5001 G92 E0
;time lapse end

;AFTER_LAYER_CHANGE
;11
;_SET_FAN_SPEED_CHANGING_LAYER
; printing object 圆柱体 id:0 copy 0
EXCLUDE_OBJECT_START NAME=圆柱体_id_0_copy_0
G17
G3 Z11.4 I-.969 J-.736 P1  F30000
G1 X126.372 Y141.431 Z11.4
G1 Z11
G1 E.8 F2400
SET_VELOCITY_LIMIT SQUARE_CORNER_VELOCITY=8
;TYPE:Inner wall
G1 F3235
G1 X126.133 Y141.365 E.00823
G3 X127.751 Y118.234 I3.683 J-11.364 E1.0519
G3 X129.998 Y118.055 I2.194 J13.386 E.07484
G3 X126.935 Y141.594 I-.181 J11.945 E1.33549
G1 X126.43 Y141.448 E.01745
SET_VELOCITY_LIMIT SQUARE_CORNER_VELOCITY=12
G1 X126.421 Y141.869 F30000
SET_VELOCITY_LIMIT SQUARE_CORNER_VELOCITY=8
G1 F3235
G1 X126.007 Y141.752 E.01424
G3 X127.681 Y117.833 I3.809 J-11.752 E1.08775
G3 X130.005 Y117.648 I2.268 J13.839 E.07743
G3 X126.837 Y141.989 I-.189 J12.352 E1.38096
G1 X126.478 Y141.885 E.01238
SET_VELOCITY_LIMIT SQUARE_CORNER_VELOCITY=12
G1 E-.56 F2400
;WIPE_START
G1 F13535.936
G1 X126.007 Y141.752 E-.05872
G1 X125.198 Y141.455 E-.10349
G1 X124.606 Y141.192 E-.07779
;WIPE_END
G1 X126.756 Y142.415 Z11.4 F30000
G1 Z11
G1 E.8 F2400
SET_VELOCITY_LIMIT ACCEL=5000 ACCEL_TO_DECEL=2500 SQUARE_CORNER_VELOCITY=8
;TYPE:Outer wall
;WIDTH:0.42
G1 F3235
G1 X126.732 Y142.408 E.00075
G3 X126.122 Y142.24 I3.085 J-12.421 E.01945
G3 X130.013 Y117.213 I3.711 J-12.239 E1.1244
G3 X142.569 Y131.078 I-.187 J12.787 E.64466
G3 X127.606 Y142.592 I-12.751 J-1.091 E.65244
G1 X126.814 Y142.427 E.02483
G1 E-.56 F2400
;WIPE_START
G1 F9000
G1 X126.732 Y142.408 E-.01013
G1 X126.122 Y142.24 E-.07594
G1 X126.122 Y142.24 E0
G1 X125.452 Y142.019 E-.08474
G1 X125.035 Y141.859 E-.05358
G1 X124.915 Y141.808 E-.01561
;WIPE_END
G17
G3 Z11.4 I1.217 J0 P1  F30000

;don't support timelapse gcode in spiral_mode and by object sequence for I3 structure printer
;time lapse begin
M5001 G92 E0
M5001 G17
M5001 G2 Z11.4 I0.86 J0.86 P1 F20000 ; spiral lift a little
M5001 G1 X0 Y180 F24000 ; move to safe pos
M5001 P15
M5001 M400 P300
M5001 G92 E0
;time lapse end

SET_VELOCITY_LIMIT ACCEL=6000 ACCEL_TO_DECEL=3000 SQUARE_CORNER_VELOCITY=12
G1 X118.811 Y134.337
G1 Z11
G1 E.8 F2400
;TYPE:Sparse infill
;WIDTH:0.45
G1 F3235
G1 X125.142 Y140.668 E.29704
G2 X129.965 Y141.653 I4.704 J-10.735 E.16451
G1 X118.17 Y129.858 E.55333
G3 X118.694 Y126.544 I13.2 J.386 E.11161
G1 X133.282 Y141.132 E.68439
G2 X135.922 Y139.934 I-3.739 J-11.741 E.09638
G1 X119.895 Y123.907 E.75187
G3 X121.586 Y121.76 I9.465 J5.718 E.09089
G1 X138.066 Y138.24 E.77309
G2 X139.76 Y136.096 I-12.228 J-11.405 E.09074
G1 X123.729 Y120.065 E.75206
G3 X126.373 Y118.871 I6.265 J10.355 E.09647
G1 X140.958 Y133.456 E.68422
G2 X141.482 Y130.142 I-14.479 J-3.985 E.11155
G1 X129.693 Y118.353 E.55305
G3 X134.498 Y119.32 I.19 J11.476 E.16386
M73 P47 R11
G1 X140.841 Y125.663 E.29758
; stop printing object 圆柱体 id:0 copy 0
;LAYER_CHANGE
;Z:11.2
;HEIGHT:0.2
;BEFORE_LAYER_CHANGE
;11.2
G92 E0

G1 E-.56 F2400
;WIPE_START
G1 F13535.936
G1 X139.427 Y124.249 E-.24
;WIPE_END
EXCLUDE_OBJECT_END NAME=圆柱体_id_0_copy_0

;don't support timelapse gcode in spiral_mode and by object sequence for I3 structure printer
;time lapse begin
M5001 G92 E0
M5001 G17
M5001 G2 Z11.6 I0.86 J0.86 P1 F20000 ; spiral lift a little
M5001 G1 X0 Y180 F24000 ; move to safe pos
M5001 P15
M5001 M400 P300
M5001 G92 E0
;time lapse end

;AFTER_LAYER_CHANGE
;11.2
;_SET_FAN_SPEED_CHANGING_LAYER
; printing object 圆柱体 id:0 copy 0
EXCLUDE_OBJECT_START NAME=圆柱体_id_0_copy_0
G17
G3 Z11.6 I-.969 J-.736 P1  F30000
G1 X126.374 Y141.432 Z11.6
G1 Z11.2
G1 E.8 F2400
SET_VELOCITY_LIMIT SQUARE_CORNER_VELOCITY=8
;TYPE:Inner wall
G1 F3235
G1 X126.133 Y141.365 E.00829
G3 X127.751 Y118.234 I3.683 J-11.364 E1.05191
G3 X130.001 Y118.055 I2.083 J11.996 E.07498
G3 X126.935 Y141.594 I-.185 J11.945 E1.33537
G1 X126.432 Y141.448 E.01739
SET_VELOCITY_LIMIT SQUARE_CORNER_VELOCITY=12
G1 X126.422 Y141.869 F30000
SET_VELOCITY_LIMIT SQUARE_CORNER_VELOCITY=8
G1 F3235
G1 X126.007 Y141.752 E.01429
G3 X127.681 Y117.833 I3.809 J-11.752 E1.08775
G3 X130.008 Y117.648 I2.154 J12.404 E.07757
G3 X126.837 Y141.989 I-.192 J12.352 E1.38084
G1 X126.48 Y141.886 E.01233
SET_VELOCITY_LIMIT SQUARE_CORNER_VELOCITY=12
G1 E-.56 F2400
;WIPE_START
G1 F13535.936
G1 X126.007 Y141.752 E-.05888
G1 X125.198 Y141.455 E-.10349
G1 X124.801 Y141.287 E-.05174
G1 X124.605 Y141.196 E-.02588
;WIPE_END
G1 X126.757 Y142.415 Z11.6 F30000
G1 Z11.2
G1 E.8 F2400
SET_VELOCITY_LIMIT ACCEL=5000 ACCEL_TO_DECEL=2500 SQUARE_CORNER_VELOCITY=8
;TYPE:Outer wall
;WIDTH:0.42
G1 F3235
G1 X126.731 Y142.411 E.00079
G3 X127.605 Y117.404 I3.084 J-12.411 E1.07051
G3 X130.016 Y117.213 I2.23 J12.841 E.07442
G3 X127.605 Y142.596 I-.2 J12.787 E1.29664
G1 X126.816 Y142.428 E.0248
G1 E-.56 F2400
;WIPE_START
G1 F9000
G1 X126.731 Y142.411 E-.0103
G1 X125.874 Y142.164 E-.10714
G1 X125.035 Y141.859 E-.10713
G1 X124.916 Y141.808 E-.01544
;WIPE_END
G17
G3 Z11.6 I1.217 J0 P1  F30000

;don't support timelapse gcode in spiral_mode and by object sequence for I3 structure printer
;time lapse begin
M5001 G92 E0
M5001 G17
M5001 G2 Z11.6 I0.86 J0.86 P1 F20000 ; spiral lift a little
M5001 G1 X0 Y180 F24000 ; move to safe pos
M5001 P15
M5001 M400 P300
M5001 G92 E0
;time lapse end

SET_VELOCITY_LIMIT ACCEL=6000 ACCEL_TO_DECEL=3000 SQUARE_CORNER_VELOCITY=12
G1 X118.811 Y134.337
G1 Z11.2
G1 E.8 F2400
;TYPE:Sparse infill
;WIDTH:0.45
G1 F3235
G1 X125.142 Y140.668 E.29704
G2 X129.965 Y141.653 I4.657 J-10.505 E.16456
G1 X118.173 Y129.861 E.55321
G3 X118.694 Y126.544 I13.046 J.349 E.11169
G1 X133.282 Y141.132 E.68439
G2 X135.922 Y139.934 I-3.739 J-11.741 E.09638
G1 X119.892 Y123.904 E.752
G3 X121.586 Y121.76 I11.609 J7.432 E.09079
G1 X138.066 Y138.24 E.77309
G2 X139.757 Y136.093 I-8.366 J-8.331 E.09086
G1 X123.73 Y120.066 E.75187
G3 X126.37 Y118.868 I6.379 J10.543 E.09638
G1 X140.958 Y133.456 E.68439
G2 X141.482 Y130.142 I-14.479 J-3.985 E.11155
G1 X129.693 Y118.353 E.55305
G3 X134.498 Y119.32 I.191 J11.474 E.16385
G1 X140.841 Y125.663 E.29758
; stop printing object 圆柱体 id:0 copy 0
;LAYER_CHANGE
;Z:11.4
;HEIGHT:0.2
;BEFORE_LAYER_CHANGE
;11.4
G92 E0

G1 E-.56 F2400
;WIPE_START
G1 F13535.936
G1 X139.427 Y124.249 E-.24
;WIPE_END
EXCLUDE_OBJECT_END NAME=圆柱体_id_0_copy_0

;don't support timelapse gcode in spiral_mode and by object sequence for I3 structure printer
;time lapse begin
M5001 G92 E0
M5001 G17
M5001 G2 Z11.8 I0.86 J0.86 P1 F20000 ; spiral lift a little
M5001 G1 X0 Y180 F24000 ; move to safe pos
M5001 P15
M5001 M400 P300
M5001 G92 E0
;time lapse end

;AFTER_LAYER_CHANGE
;11.4
;_SET_FAN_SPEED_CHANGING_LAYER
; printing object 圆柱体 id:0 copy 0
EXCLUDE_OBJECT_START NAME=圆柱体_id_0_copy_0
G17
G3 Z11.8 I-.969 J-.736 P1  F30000
G1 X126.384 Y141.439 Z11.8
G1 Z11.4
G1 E.8 F2400
SET_VELOCITY_LIMIT SQUARE_CORNER_VELOCITY=8
;TYPE:Inner wall
G1 F3235
G1 X126.133 Y141.365 E.00867
G3 X127.751 Y118.234 I3.683 J-11.364 E1.05191
G3 X130.005 Y118.055 I2.192 J13.371 E.07507
G3 X126.532 Y141.486 I-.188 J11.945 E1.34909
G1 X126.441 Y141.457 E.00318
SET_VELOCITY_LIMIT SQUARE_CORNER_VELOCITY=12
G1 X126.423 Y141.869 F30000
SET_VELOCITY_LIMIT SQUARE_CORNER_VELOCITY=8
G1 F3235
G1 X126.007 Y141.752 E.01433
G3 X127.681 Y117.833 I3.809 J-11.752 E1.08776
G3 X130.012 Y117.648 I2.267 J13.825 E.07767
G3 X126.837 Y141.989 I-.196 J12.352 E1.38072
G1 X126.481 Y141.886 E.01229
SET_VELOCITY_LIMIT SQUARE_CORNER_VELOCITY=12
G1 E-.56 F2400
;WIPE_START
G1 F13535.936
G1 X126.007 Y141.752 E-.05904
G1 X125.198 Y141.455 E-.10349
G1 X124.801 Y141.287 E-.05175
G1 X124.607 Y141.196 E-.02572
;WIPE_END
G1 X126.761 Y142.405 Z11.8 F30000
G1 Z11.4
G1 E.8 F2400
SET_VELOCITY_LIMIT ACCEL=5000 ACCEL_TO_DECEL=2500 SQUARE_CORNER_VELOCITY=8
;TYPE:Outer wall
;WIDTH:0.42
G1 F3235
G1 X126.115 Y142.238 E.02049
G3 X130.019 Y117.213 I3.711 J-12.238 E1.12473
M73 P48 R11
G3 X133.593 Y142.221 I-.2 J12.788 E1.11069
G3 X127.168 Y142.506 I-3.768 J-12.357 E.19973
G1 X126.819 Y142.42 E.01103
G1 E-.56 F2400
;WIPE_START
G1 F9000
G1 X126.115 Y142.238 E-.08723
G1 X126.115 Y142.238 E0
G1 X125.452 Y142.019 E-.0839
G1 X125.035 Y141.859 E-.05358
G1 X124.918 Y141.807 E-.01529
;WIPE_END
G17
G3 Z11.8 I1.217 J0 P1  F30000

;don't support timelapse gcode in spiral_mode and by object sequence for I3 structure printer
;time lapse begin
M5001 G92 E0
M5001 G17
M5001 G2 Z11.8 I0.86 J0.86 P1 F20000 ; spiral lift a little
M5001 G1 X0 Y180 F24000 ; move to safe pos
M5001 P15
M5001 M400 P300
M5001 G92 E0
;time lapse end

SET_VELOCITY_LIMIT ACCEL=6000 ACCEL_TO_DECEL=3000 SQUARE_CORNER_VELOCITY=12
G1 X118.811 Y134.337
G1 Z11.4
G1 E.8 F2400
;TYPE:Sparse infill
;WIDTH:0.45
G1 F3235
G1 X125.142 Y140.668 E.29704
G2 X129.968 Y141.656 I4.675 J-10.56 E.16465
G1 X118.17 Y129.858 E.55345
G3 X118.694 Y126.544 I13.2 J.386 E.11161
G1 X133.28 Y141.13 E.68428
G2 X135.922 Y139.934 I-3.638 J-11.551 E.09643
G1 X119.892 Y123.904 E.752
G3 X121.586 Y121.76 I11.609 J7.433 E.09079
G1 X138.066 Y138.24 E.77309
G2 X139.76 Y136.096 I-9.91 J-9.573 E.09079
G1 X123.73 Y120.066 E.752
G3 X126.373 Y118.871 I6.222 J10.245 E.09646
G1 X140.958 Y133.456 E.68422
G2 X141.479 Y130.139 I-12.666 J-3.688 E.11169
G1 X129.693 Y118.353 E.55292
G3 X134.501 Y119.323 I.194 J11.443 E.16396
G1 X140.84 Y125.662 E.29738
; stop printing object 圆柱体 id:0 copy 0
;LAYER_CHANGE
;Z:11.6
;HEIGHT:0.200001
;BEFORE_LAYER_CHANGE
;11.6
G92 E0

G1 E-.56 F2400
;WIPE_START
G1 F13535.936
G1 X139.425 Y124.247 E-.24
;WIPE_END
EXCLUDE_OBJECT_END NAME=圆柱体_id_0_copy_0

;don't support timelapse gcode in spiral_mode and by object sequence for I3 structure printer
;time lapse begin
M5001 G92 E0
M5001 G17
M5001 G2 Z12 I0.86 J0.86 P1 F20000 ; spiral lift a little
M5001 G1 X0 Y180 F24000 ; move to safe pos
M5001 P15
M5001 M400 P300
M5001 G92 E0
;time lapse end

;AFTER_LAYER_CHANGE
;11.6
;_SET_FAN_SPEED_CHANGING_LAYER
; printing object 圆柱体 id:0 copy 0
EXCLUDE_OBJECT_START NAME=圆柱体_id_0_copy_0
G17
G3 Z12 I-.969 J-.736 P1  F30000
G1 X126.376 Y141.432 Z12
G1 Z11.6
G1 E.8 F2400
SET_VELOCITY_LIMIT SQUARE_CORNER_VELOCITY=8
;TYPE:Inner wall
G1 F3235
G1 X126.133 Y141.366 E.00837
G3 X127.751 Y118.234 I3.684 J-11.365 E1.05195
G3 X130.008 Y118.055 I2.083 J11.993 E.07521
G3 X126.935 Y141.595 I-.192 J11.945 E1.3352
G1 X126.434 Y141.449 E.01731
SET_VELOCITY_LIMIT SQUARE_CORNER_VELOCITY=12
G1 X126.424 Y141.869 F30000
SET_VELOCITY_LIMIT SQUARE_CORNER_VELOCITY=8
G1 F3235
G1 X126.007 Y141.753 E.01436
G3 X127.681 Y117.833 I3.809 J-11.752 E1.0878
G3 X130.015 Y117.648 I2.154 J12.401 E.0778
G3 X126.836 Y141.99 I-.199 J12.352 E1.38067
G1 X126.482 Y141.886 E.01227
SET_VELOCITY_LIMIT SQUARE_CORNER_VELOCITY=12
G1 E-.56 F2400
;WIPE_START
G1 F13535.936
G1 X126.007 Y141.753 E-.05913
G1 X125.198 Y141.455 E-.10349
G1 X124.801 Y141.287 E-.05175
G1 X124.609 Y141.193 E-.02562
;WIPE_END
G1 X126.759 Y142.416 Z12 F30000
G1 Z11.6
G1 E.8 F2400
SET_VELOCITY_LIMIT ACCEL=5000 ACCEL_TO_DECEL=2500 SQUARE_CORNER_VELOCITY=8
;TYPE:Outer wall
;WIDTH:0.42
G1 F3235
G1 X126.734 Y142.403 E.00088
G3 X121.417 Y120.366 I3.091 J-12.406 E.85629
G3 X130.023 Y117.213 I8.41 J9.634 E.28804
G3 X127.606 Y142.588 I-.198 J12.784 E1.29662
G1 X126.818 Y142.428 E.02472
G1 E-.56 F2400
;WIPE_START
G1 F9000
G1 X126.734 Y142.403 E-.01054
G1 X125.874 Y142.164 E-.10711
G1 X125.452 Y142.019 E-.05356
G1 X124.92 Y141.804 E-.06879
;WIPE_END
G17
G3 Z12 I1.217 J0 P1  F30000

;don't support timelapse gcode in spiral_mode and by object sequence for I3 structure printer
;time lapse begin
M5001 G92 E0
M5001 G17
M5001 G2 Z12 I0.86 J0.86 P1 F20000 ; spiral lift a little
M5001 G1 X0 Y180 F24000 ; move to safe pos
M5001 P15
M5001 M400 P300
M5001 G92 E0
;time lapse end

SET_VELOCITY_LIMIT ACCEL=6000 ACCEL_TO_DECEL=3000 SQUARE_CORNER_VELOCITY=12
G1 X118.807 Y134.333
G1 Z11.6
G1 E.8 F2400
;TYPE:Sparse infill
;WIDTH:0.45
G1 F3235
G1 X125.142 Y140.668 E.29719
G2 X129.968 Y141.656 I4.675 J-10.56 E.16465
G1 X118.17 Y129.858 E.55345
G3 X118.696 Y126.546 I13.034 J.371 E.11156
G1 X133.282 Y141.132 E.68428
G2 X135.922 Y139.934 I-3.739 J-11.741 E.09638
G1 X119.892 Y123.904 E.752
G3 X121.586 Y121.76 I11.608 J7.432 E.09079
G1 X138.066 Y138.24 E.77309
G2 X139.76 Y136.096 I-9.803 J-9.488 E.09079
G1 X123.73 Y120.066 E.752
G3 X126.373 Y118.871 I6.222 J10.245 E.09646
G1 X140.958 Y133.456 E.68422
G2 X141.482 Y130.142 I-14.485 J-3.986 E.11155
M73 P49 R11
G1 X129.693 Y118.353 E.55304
G3 X134.501 Y119.323 I.194 J11.441 E.16396
G1 X140.841 Y125.663 E.29746
; stop printing object 圆柱体 id:0 copy 0
;LAYER_CHANGE
;Z:11.8
;HEIGHT:0.2
;BEFORE_LAYER_CHANGE
;11.8
G92 E0

G1 E-.56 F2400
;WIPE_START
G1 F13535.936
G1 X139.427 Y124.249 E-.24
;WIPE_END
EXCLUDE_OBJECT_END NAME=圆柱体_id_0_copy_0

;don't support timelapse gcode in spiral_mode and by object sequence for I3 structure printer
;time lapse begin
M5001 G92 E0
M5001 G17
M5001 G2 Z12.2 I0.86 J0.86 P1 F20000 ; spiral lift a little
M5001 G1 X0 Y180 F24000 ; move to safe pos
M5001 P15
M5001 M400 P300
M5001 G92 E0
;time lapse end

;AFTER_LAYER_CHANGE
;11.8
;_SET_FAN_SPEED_CHANGING_LAYER
; printing object 圆柱体 id:0 copy 0
EXCLUDE_OBJECT_START NAME=圆柱体_id_0_copy_0
G17
G3 Z12.2 I-.969 J-.737 P1  F30000
G1 X126.364 Y141.429 Z12.2
G1 Z11.8
G1 E.8 F2400
SET_VELOCITY_LIMIT SQUARE_CORNER_VELOCITY=8
;TYPE:Inner wall
G1 F3235
G1 X126.136 Y141.357 E.00792
G3 X118.395 Y126.529 I3.688 J-11.36 E.61469
G3 X130.012 Y118.055 I11.431 J3.471 E.5118
G3 X126.937 Y141.587 I-.188 J11.942 E1.33517
G1 X126.421 Y141.445 E.01774
SET_VELOCITY_LIMIT SQUARE_CORNER_VELOCITY=12
G1 X126.425 Y141.87 F30000
SET_VELOCITY_LIMIT SQUARE_CORNER_VELOCITY=8
G1 F3235
G1 X126.007 Y141.752 E.01438
G3 X127.681 Y117.833 I3.809 J-11.752 E1.08777
G3 X130.019 Y117.648 I2.265 J13.811 E.0779
G3 X126.837 Y141.99 I-.203 J12.352 E1.3805
G1 X126.482 Y141.886 E.01224
SET_VELOCITY_LIMIT SQUARE_CORNER_VELOCITY=12
G1 E-.56 F2400
;WIPE_START
G1 F13535.936
G1 X126.007 Y141.752 E-.05921
G1 X125.198 Y141.455 E-.10349
G1 X124.609 Y141.193 E-.0773
;WIPE_END
G1 X126.76 Y142.416 Z12.2 F30000
G1 Z11.8
G1 E.8 F2400
SET_VELOCITY_LIMIT ACCEL=5000 ACCEL_TO_DECEL=2500 SQUARE_CORNER_VELOCITY=8
;TYPE:Outer wall
;WIDTH:0.42
G1 F3235
G1 X126.731 Y142.412 E.00088
G3 X127.605 Y117.404 I3.084 J-12.411 E1.07053
G3 X130.026 Y117.214 I2.345 J14.296 E.07472
G3 X127.166 Y142.512 I-.211 J12.787 E1.31005
G1 X126.818 Y142.43 E.011
G1 E-.56 F2400
;WIPE_START
G1 F9000
G1 X126.731 Y142.412 E-.01063
G1 X125.874 Y142.164 E-.10714
G1 X125.035 Y141.859 E-.10712
G1 X124.919 Y141.809 E-.0151
;WIPE_END
G17
G3 Z12.2 I1.217 J0 P1  F30000

;don't support timelapse gcode in spiral_mode and by object sequence for I3 structure printer
;time lapse begin
M5001 G92 E0
M5001 G17
M5001 G2 Z12.2 I0.86 J0.86 P1 F20000 ; spiral lift a little
M5001 G1 X0 Y180 F24000 ; move to safe pos
M5001 P15
M5001 M400 P300
M5001 G92 E0
;time lapse end

SET_VELOCITY_LIMIT ACCEL=6000 ACCEL_TO_DECEL=3000 SQUARE_CORNER_VELOCITY=12
G1 X118.811 Y134.337
G1 Z11.8
G1 E.8 F2400
;TYPE:Sparse infill
;WIDTH:0.45
G1 F3235
G1 X125.142 Y140.668 E.29704
G2 X129.965 Y141.653 I4.657 J-10.505 E.16456
G1 X118.17 Y129.858 E.55333
G3 X118.694 Y126.544 I13.2 J.386 E.11161
G1 X133.282 Y141.132 E.68439
G2 X135.922 Y139.934 I-3.739 J-11.741 E.09638
G1 X119.892 Y123.904 E.752
G3 X121.586 Y121.76 I11.609 J7.433 E.09079
G1 X138.066 Y138.24 E.77309
G2 X139.76 Y136.096 I-9.803 J-9.488 E.09079
G1 X123.73 Y120.066 E.752
G3 X126.373 Y118.871 I6.222 J10.244 E.09646
G1 X140.958 Y133.456 E.68422
G2 X141.482 Y130.142 I-12.677 J-3.7 E.11161
G1 X129.693 Y118.353 E.55303
G3 X134.501 Y119.323 I.195 J11.439 E.16395
G1 X140.841 Y125.663 E.29746
; stop printing object 圆柱体 id:0 copy 0
;LAYER_CHANGE
;Z:12
;HEIGHT:0.2
;BEFORE_LAYER_CHANGE
;12
G92 E0

G1 E-.56 F2400
;WIPE_START
G1 F13535.936
G1 X139.427 Y124.249 E-.24
;WIPE_END
EXCLUDE_OBJECT_END NAME=圆柱体_id_0_copy_0

;don't support timelapse gcode in spiral_mode and by object sequence for I3 structure printer
;time lapse begin
M5001 G92 E0
M5001 G17
M5001 G2 Z12.4 I0.86 J0.86 P1 F20000 ; spiral lift a little
M5001 G1 X0 Y180 F24000 ; move to safe pos
M5001 P15
M5001 M400 P300
M5001 G92 E0
;time lapse end

;AFTER_LAYER_CHANGE
;12
;_SET_FAN_SPEED_CHANGING_LAYER
; printing object 圆柱体 id:0 copy 0
EXCLUDE_OBJECT_START NAME=圆柱体_id_0_copy_0
G17
G3 Z12.4 I-.969 J-.736 P1  F30000
G1 X126.378 Y141.433 Z12.4
G1 Z12
G1 E.8 F2400
SET_VELOCITY_LIMIT SQUARE_CORNER_VELOCITY=8
;TYPE:Inner wall
G1 F3235
G1 X126.133 Y141.364 E.00841
G3 X127.751 Y118.234 I3.683 J-11.364 E1.05189
G3 X130.015 Y118.056 I2.19 J13.35 E.07542
G3 X126.935 Y141.593 I-.199 J11.944 E1.33486
G1 X126.435 Y141.449 E.01726
SET_VELOCITY_LIMIT SQUARE_CORNER_VELOCITY=12
G1 X126.425 Y141.87 F30000
SET_VELOCITY_LIMIT SQUARE_CORNER_VELOCITY=8
G1 F3235
G1 X126.008 Y141.751 E.01439
G3 X127.681 Y117.833 I3.808 J-11.751 E1.08773
G3 X130.022 Y117.649 I2.264 J13.804 E.07801
G3 X126.837 Y141.989 I-.206 J12.351 E1.38033
G1 X126.483 Y141.886 E.01222
SET_VELOCITY_LIMIT SQUARE_CORNER_VELOCITY=12
G1 E-.56 F2400
;WIPE_START
G1 F13535.936
G1 X126.008 Y141.751 E-.05927
G1 X125.198 Y141.455 E-.10348
G1 X124.801 Y141.287 E-.05176
G1 X124.61 Y141.194 E-.02549
;WIPE_END
G1 X126.76 Y142.417 Z12.4 F30000
G1 Z12
G1 E.8 F2400
SET_VELOCITY_LIMIT ACCEL=5000 ACCEL_TO_DECEL=2500 SQUARE_CORNER_VELOCITY=8
;TYPE:Outer wall
;WIDTH:0.42
G1 F3235
G1 X126.732 Y142.411 E.00089
G3 X127.605 Y117.404 I3.084 J-12.411 E1.07049
M73 P50 R11
G3 X130.03 Y117.214 I2.344 J14.289 E.07483
G3 X127.167 Y142.511 I-.214 J12.786 E1.30989
G1 X126.819 Y142.43 E.01098
G1 E-.56 F2400
;WIPE_START
G1 F9000
G1 X126.732 Y142.411 E-.01069
G1 X125.874 Y142.164 E-.10714
G1 X125.035 Y141.859 E-.10712
G1 X124.919 Y141.81 E-.01505
;WIPE_END
G17
G3 Z12.4 I1.217 J0 P1  F30000

;don't support timelapse gcode in spiral_mode and by object sequence for I3 structure printer
;time lapse begin
M5001 G92 E0
M5001 G17
M5001 G2 Z12.4 I0.86 J0.86 P1 F20000 ; spiral lift a little
M5001 G1 X0 Y180 F24000 ; move to safe pos
M5001 P15
M5001 M400 P300
M5001 G92 E0
;time lapse end

SET_VELOCITY_LIMIT ACCEL=6000 ACCEL_TO_DECEL=3000 SQUARE_CORNER_VELOCITY=12
G1 X118.811 Y134.337
G1 Z12
G1 E.8 F2400
;TYPE:Sparse infill
;WIDTH:0.45
G1 F3235
G1 X125.142 Y140.668 E.29704
G2 X129.965 Y141.653 I4.704 J-10.735 E.16451
G1 X118.17 Y129.858 E.55333
G3 X118.694 Y126.544 I12.713 J.309 E.11164
G1 X133.282 Y141.132 E.68439
G2 X135.922 Y139.934 I-3.739 J-11.741 E.09638
G1 X119.895 Y123.907 E.75187
G3 X121.586 Y121.76 I9.465 J5.718 E.09089
G1 X138.066 Y138.24 E.77309
G2 X139.76 Y136.096 I-9.803 J-9.489 E.09079
G1 X123.73 Y120.066 E.752
G3 X126.373 Y118.871 I6.222 J10.245 E.09646
G1 X140.955 Y133.453 E.68405
G2 X141.482 Y130.142 I-11.949 J-3.599 E.11155
M73 P50 R10
G1 X129.693 Y118.353 E.55303
G3 X134.498 Y119.32 I.055 J12.15 E.1637
G1 X140.841 Y125.663 E.29758
; stop printing object 圆柱体 id:0 copy 0
;LAYER_CHANGE
;Z:12.2
;HEIGHT:0.2
;BEFORE_LAYER_CHANGE
;12.2
G92 E0

G1 E-.56 F2400
;WIPE_START
G1 F13535.936
G1 X139.427 Y124.249 E-.24
;WIPE_END
EXCLUDE_OBJECT_END NAME=圆柱体_id_0_copy_0

;don't support timelapse gcode in spiral_mode and by object sequence for I3 structure printer
;time lapse begin
M5001 G92 E0
M5001 G17
M5001 G2 Z12.6 I0.86 J0.86 P1 F20000 ; spiral lift a little
M5001 G1 X0 Y180 F24000 ; move to safe pos
M5001 P15
M5001 M400 P300
M5001 G92 E0
;time lapse end

;AFTER_LAYER_CHANGE
;12.2
;_SET_FAN_SPEED_CHANGING_LAYER
; printing object 圆柱体 id:0 copy 0
EXCLUDE_OBJECT_START NAME=圆柱体_id_0_copy_0
G17
G3 Z12.6 I-.969 J-.736 P1  F30000
G1 X126.378 Y141.433 Z12.6
G1 Z12.2
G1 E.8 F2400
SET_VELOCITY_LIMIT SQUARE_CORNER_VELOCITY=8
;TYPE:Inner wall
G1 F3236
G1 X126.133 Y141.365 E.00843
G3 X127.751 Y118.234 I3.683 J-11.364 E1.05192
G3 X130.019 Y118.056 I2.083 J11.99 E.07556
G3 X126.935 Y141.594 I-.202 J11.945 E1.33478
G1 X126.436 Y141.45 E.01724
SET_VELOCITY_LIMIT SQUARE_CORNER_VELOCITY=12
G1 X126.425 Y141.87 F30000
SET_VELOCITY_LIMIT SQUARE_CORNER_VELOCITY=8
G1 F3236
G1 X126.007 Y141.752 E.0144
G3 X127.681 Y117.833 I3.809 J-11.752 E1.08776
G3 X130.026 Y117.649 I2.154 J12.399 E.07815
G3 X126.837 Y141.989 I-.21 J12.352 E1.38025
G1 X126.483 Y141.887 E.01222
SET_VELOCITY_LIMIT SQUARE_CORNER_VELOCITY=12
G1 E-.56 F2400
;WIPE_START
G1 F13535.936
G1 X126.007 Y141.752 E-.0593
G1 X125.198 Y141.455 E-.10349
G1 X124.61 Y141.194 E-.07721
;WIPE_END
G1 X126.761 Y142.416 Z12.6 F30000
G1 Z12.2
G1 E.8 F2400
SET_VELOCITY_LIMIT ACCEL=5000 ACCEL_TO_DECEL=2500 SQUARE_CORNER_VELOCITY=8
;TYPE:Outer wall
;WIDTH:0.42
G1 F3236
G1 X126.732 Y142.408 E.0009
G3 X121.424 Y120.359 I3.094 J-12.408 E.85678
G3 X130.033 Y117.214 I8.402 J9.641 E.28804
G3 X127.605 Y142.594 I-.207 J12.786 E1.29666
G1 X126.819 Y142.428 E.02468
G1 E-.56 F2400
;WIPE_START
G1 F9000
G1 X126.732 Y142.408 E-.01072
G1 X125.874 Y142.164 E-.10712
G1 X125.452 Y142.019 E-.05356
G1 X124.922 Y141.805 E-.06859
;WIPE_END
G17
G3 Z12.6 I1.217 J0 P1  F30000

;don't support timelapse gcode in spiral_mode and by object sequence for I3 structure printer
;time lapse begin
M5001 G92 E0
M5001 G17
M5001 G2 Z12.6 I0.86 J0.86 P1 F20000 ; spiral lift a little
M5001 G1 X0 Y180 F24000 ; move to safe pos
M5001 P15
M5001 M400 P300
M5001 G92 E0
;time lapse end

SET_VELOCITY_LIMIT ACCEL=6000 ACCEL_TO_DECEL=3000 SQUARE_CORNER_VELOCITY=12
G1 X118.811 Y134.337
G1 Z12.2
G1 E.8 F2400
;TYPE:Sparse infill
;WIDTH:0.45
G1 F3236
G1 X125.142 Y140.668 E.29704
G2 X129.968 Y141.656 I4.675 J-10.56 E.16465
G1 X118.17 Y129.858 E.55345
G3 X118.694 Y126.544 I12.722 J.31 E.11164
G1 X133.282 Y141.132 E.68439
G2 X135.922 Y139.934 I-3.739 J-11.741 E.09638
G1 X119.895 Y123.907 E.75187
G3 X121.586 Y121.76 I9.465 J5.718 E.09089
G1 X138.066 Y138.24 E.77309
G2 X139.76 Y136.096 I-9.803 J-9.488 E.09079
G1 X123.73 Y120.066 E.752
G3 X126.373 Y118.871 I6.222 J10.245 E.09646
G1 X140.958 Y133.456 E.68422
G2 X141.482 Y130.142 I-12.199 J-3.625 E.11164
M73 P51 R10
G1 X129.693 Y118.353 E.55302
G3 X134.501 Y119.323 I.06 J12.109 E.16381
G1 X140.841 Y125.663 E.29746
; stop printing object 圆柱体 id:0 copy 0
;LAYER_CHANGE
;Z:12.4
;HEIGHT:0.2
;BEFORE_LAYER_CHANGE
;12.4
G92 E0

G1 E-.56 F2400
;WIPE_START
G1 F13535.936
G1 X139.427 Y124.249 E-.24
;WIPE_END
EXCLUDE_OBJECT_END NAME=圆柱体_id_0_copy_0

;don't support timelapse gcode in spiral_mode and by object sequence for I3 structure printer
;time lapse begin
M5001 G92 E0
M5001 G17
M5001 G2 Z12.8 I0.86 J0.86 P1 F20000 ; spiral lift a little
M5001 G1 X0 Y180 F24000 ; move to safe pos
M5001 P15
M5001 M400 P300
M5001 G92 E0
;time lapse end

;AFTER_LAYER_CHANGE
;12.4
;_SET_FAN_SPEED_CHANGING_LAYER
; printing object 圆柱体 id:0 copy 0
EXCLUDE_OBJECT_START NAME=圆柱体_id_0_copy_0
G17
G3 Z12.8 I-.969 J-.736 P1  F30000
G1 X126.378 Y141.433 Z12.8
G1 Z12.4
G1 E.8 F2400
SET_VELOCITY_LIMIT SQUARE_CORNER_VELOCITY=8
;TYPE:Inner wall
G1 F3235
G1 X126.134 Y141.364 E.00844
G3 X127.751 Y118.234 I3.683 J-11.364 E1.05188
G3 X130.022 Y118.056 I2.188 J13.338 E.07565
G3 X126.935 Y141.593 I-.206 J11.944 E1.3346
G1 X126.436 Y141.45 E.01724
SET_VELOCITY_LIMIT SQUARE_CORNER_VELOCITY=12
G1 X126.425 Y141.87 F30000
SET_VELOCITY_LIMIT SQUARE_CORNER_VELOCITY=8
G1 F3235
G1 X126.008 Y141.751 E.0144
G3 X127.681 Y117.833 I3.808 J-11.751 E1.08772
G3 X130.029 Y117.649 I2.263 J13.792 E.07824
G3 X126.837 Y141.988 I-.213 J12.351 E1.38007
G1 X126.483 Y141.886 E.01222
SET_VELOCITY_LIMIT SQUARE_CORNER_VELOCITY=12
G1 E-.56 F2400
;WIPE_START
G1 F13535.936
G1 X126.008 Y141.751 E-.0593
G1 X125.198 Y141.455 E-.10349
G1 X124.801 Y141.287 E-.05175
G1 X124.608 Y141.197 E-.02546
;WIPE_END
G1 X126.761 Y142.416 Z12.8 F30000
G1 Z12.4
G1 E.8 F2400
SET_VELOCITY_LIMIT ACCEL=5000 ACCEL_TO_DECEL=2500 SQUARE_CORNER_VELOCITY=8
;TYPE:Outer wall
;WIDTH:0.42
G1 F3235
G1 X126.733 Y142.405 E.00091
G3 X130.037 Y117.214 I3.094 J-12.406 E1.14473
G3 X142.052 Y126.249 I-.209 J12.784 E.4938
G3 X127.606 Y142.59 I-12.224 J3.749 E.80267
G1 X126.819 Y142.428 E.02468
G1 E-.56 F2400
;WIPE_START
G1 F9000
G1 X126.733 Y142.405 E-.01072
G1 X125.874 Y142.164 E-.10711
G1 X125.035 Y141.859 E-.10712
G1 X124.92 Y141.808 E-.01504
;WIPE_END
G17
G3 Z12.8 I1.217 J0 P1  F30000

;don't support timelapse gcode in spiral_mode and by object sequence for I3 structure printer
;time lapse begin
M5001 G92 E0
M5001 G17
M5001 G2 Z12.8 I0.86 J0.86 P1 F20000 ; spiral lift a little
M5001 G1 X0 Y180 F24000 ; move to safe pos
M5001 P15
M5001 M400 P300
M5001 G92 E0
;time lapse end

SET_VELOCITY_LIMIT ACCEL=6000 ACCEL_TO_DECEL=3000 SQUARE_CORNER_VELOCITY=12
G1 X118.811 Y134.337
G1 Z12.4
G1 E.8 F2400
;TYPE:Sparse infill
;WIDTH:0.45
G1 F3235
G1 X125.142 Y140.668 E.29704
G2 X129.968 Y141.656 I4.675 J-10.56 E.16465
G1 X118.17 Y129.858 E.55345
G3 X118.696 Y126.546 I13.028 J.37 E.11156
G1 X133.282 Y141.132 E.68428
G2 X135.922 Y139.934 I-3.739 J-11.742 E.09638
G1 X119.893 Y123.905 E.75196
G3 X121.586 Y121.76 I9.588 J5.83 E.09087
G1 X138.066 Y138.24 E.77309
G2 X139.76 Y136.096 I-9.803 J-9.488 E.09079
G1 X123.73 Y120.066 E.752
G3 X126.37 Y118.868 I6.379 J10.543 E.09638
G1 X140.958 Y133.456 E.68439
G2 X141.479 Y130.139 I-12.666 J-3.689 E.11169
G1 X129.693 Y118.353 E.5529
G3 X134.498 Y119.32 I.056 J12.146 E.16369
G1 X140.841 Y125.663 E.29758
; stop printing object 圆柱体 id:0 copy 0
;LAYER_CHANGE
;Z:12.6
;HEIGHT:0.200001
;BEFORE_LAYER_CHANGE
;12.6
G92 E0

G1 E-.56 F2400
;WIPE_START
G1 F13535.936
G1 X139.427 Y124.249 E-.24
;WIPE_END
EXCLUDE_OBJECT_END NAME=圆柱体_id_0_copy_0

;don't support timelapse gcode in spiral_mode and by object sequence for I3 structure printer
;time lapse begin
M5001 G92 E0
M5001 G17
M5001 G2 Z13 I0.86 J0.86 P1 F20000 ; spiral lift a little
M5001 G1 X0 Y180 F24000 ; move to safe pos
M5001 P15
M5001 M400 P300
M5001 G92 E0
;time lapse end

;AFTER_LAYER_CHANGE
;12.6
;_SET_FAN_SPEED_CHANGING_LAYER
; printing object 圆柱体 id:0 copy 0
EXCLUDE_OBJECT_START NAME=圆柱体_id_0_copy_0
G17
G3 Z13 I-.969 J-.737 P1  F30000
G1 X126.364 Y141.429 Z13
G1 Z12.6
G1 E.8 F2400
SET_VELOCITY_LIMIT SQUARE_CORNER_VELOCITY=8
;TYPE:Inner wall
G1 F3236
G1 X126.133 Y141.365 E.00795
G3 X127.751 Y118.234 I3.683 J-11.364 E1.05191
G3 X130.026 Y118.056 I2.083 J11.989 E.07579
G3 X126.935 Y141.594 I-.209 J11.945 E1.33455
G1 X126.422 Y141.446 E.01773
SET_VELOCITY_LIMIT SQUARE_CORNER_VELOCITY=12
G1 X126.42 Y141.868 F30000
SET_VELOCITY_LIMIT SQUARE_CORNER_VELOCITY=8
G1 F3236
G1 X126.007 Y141.752 E.01422
G3 X127.681 Y117.833 I3.809 J-11.752 E1.08776
G3 X130.033 Y117.649 I2.154 J12.397 E.07838
G3 X126.837 Y141.989 I-.217 J12.352 E1.38002
G1 X126.478 Y141.885 E.0124
SET_VELOCITY_LIMIT SQUARE_CORNER_VELOCITY=12
G1 E-.56 F2400
;WIPE_START
G1 F13535.936
G1 X126.007 Y141.752 E-.05866
G1 X125.198 Y141.455 E-.10349
G1 X124.801 Y141.287 E-.05175
G1 X124.604 Y141.195 E-.0261
;WIPE_END
G1 X126.76 Y142.417 Z13 F30000
G1 Z12.6
G1 E.8 F2400
M73 P52 R10
SET_VELOCITY_LIMIT ACCEL=5000 ACCEL_TO_DECEL=2500 SQUARE_CORNER_VELOCITY=8
;TYPE:Outer wall
;WIDTH:0.42
G1 F3236
G1 X126.731 Y142.411 E.0009
G3 X127.605 Y117.404 I3.084 J-12.411 E1.07052
G3 X130.04 Y117.214 I2.229 J12.834 E.07517
G3 X127.167 Y142.512 I-.225 J12.787 E1.3096
G1 X126.819 Y142.43 E.01098
G1 E-.56 F2400
;WIPE_START
G1 F9000
G1 X126.731 Y142.411 E-.0107
G1 X125.874 Y142.164 E-.10714
G1 X125.035 Y141.859 E-.10713
G1 X124.919 Y141.81 E-.01504
;WIPE_END
G17
G3 Z13 I1.217 J0 P1  F30000

;don't support timelapse gcode in spiral_mode and by object sequence for I3 structure printer
;time lapse begin
M5001 G92 E0
M5001 G17
M5001 G2 Z13 I0.86 J0.86 P1 F20000 ; spiral lift a little
M5001 G1 X0 Y180 F24000 ; move to safe pos
M5001 P15
M5001 M400 P300
M5001 G92 E0
;time lapse end

SET_VELOCITY_LIMIT ACCEL=6000 ACCEL_TO_DECEL=3000 SQUARE_CORNER_VELOCITY=12
G1 X118.811 Y134.337
G1 Z12.6
G1 E.8 F2400
;TYPE:Sparse infill
;WIDTH:0.45
G1 F3236
G1 X125.142 Y140.668 E.29704
G2 X129.968 Y141.656 I4.721 J-10.788 E.1646
G1 X118.17 Y129.858 E.55345
G3 X118.697 Y126.547 I12.5 J.292 E.11155
G1 X133.282 Y141.132 E.68422
G2 X135.922 Y139.934 I-3.739 J-11.741 E.09638
G1 X119.892 Y123.904 E.752
G3 X121.586 Y121.76 I11.608 J7.432 E.09079
G1 X138.066 Y138.24 E.77309
G2 X139.76 Y136.096 I-9.803 J-9.488 E.09079
G1 X123.73 Y120.066 E.752
G3 X126.373 Y118.871 I6.222 J10.244 E.09646
G1 X140.958 Y133.456 E.68422
G2 X141.482 Y130.142 I-12.216 J-3.628 E.11164
G1 X129.693 Y118.354 E.55301
G3 X134.501 Y119.323 I.061 J12.105 E.1638
G1 X140.841 Y125.663 E.29746
; stop printing object 圆柱体 id:0 copy 0
;LAYER_CHANGE
;Z:12.8
;HEIGHT:0.2
;BEFORE_LAYER_CHANGE
;12.8
G92 E0

G1 E-.56 F2400
;WIPE_START
G1 F13535.936
G1 X139.427 Y124.249 E-.24
;WIPE_END
EXCLUDE_OBJECT_END NAME=圆柱体_id_0_copy_0

;don't support timelapse gcode in spiral_mode and by object sequence for I3 structure printer
;time lapse begin
M5001 G92 E0
M5001 G17
M5001 G2 Z13.2 I0.86 J0.86 P1 F20000 ; spiral lift a little
M5001 G1 X0 Y180 F24000 ; move to safe pos
M5001 P15
M5001 M400 P300
M5001 G92 E0
;time lapse end

;AFTER_LAYER_CHANGE
;12.8
;_SET_FAN_SPEED_CHANGING_LAYER
; printing object 圆柱体 id:0 copy 0
EXCLUDE_OBJECT_START NAME=圆柱体_id_0_copy_0
G17
G3 Z13.2 I-.969 J-.737 P1  F30000
G1 X126.365 Y141.429 Z13.2
G1 Z12.8
G1 E.8 F2400
SET_VELOCITY_LIMIT SQUARE_CORNER_VELOCITY=8
;TYPE:Inner wall
G1 F3235
G1 X126.136 Y141.357 E.00796
G3 X121.985 Y120.988 I3.689 J-11.359 E.83652
G3 X130.029 Y118.056 I7.841 J9.012 E.29048
G3 X126.937 Y141.586 I-.204 J11.942 E1.33462
G1 X126.422 Y141.445 E.01771
SET_VELOCITY_LIMIT SQUARE_CORNER_VELOCITY=12
G1 X126.425 Y141.87 F30000
SET_VELOCITY_LIMIT SQUARE_CORNER_VELOCITY=8
G1 F3235
G1 X126.007 Y141.753 E.01438
G3 X127.681 Y117.833 I3.809 J-11.752 E1.08779
G3 X130.036 Y117.649 I2.153 J12.397 E.0785
G3 X126.837 Y141.99 I-.22 J12.352 E1.37995
G1 X126.482 Y141.886 E.01224
SET_VELOCITY_LIMIT SQUARE_CORNER_VELOCITY=12
G1 E-.56 F2400
;WIPE_START
G1 F13535.936
G1 X126.007 Y141.753 E-.05922
G1 X125.198 Y141.455 E-.10349
G1 X124.609 Y141.193 E-.07729
;WIPE_END
G1 X126.76 Y142.416 Z13.2 F30000
G1 Z12.8
G1 E.8 F2400
SET_VELOCITY_LIMIT ACCEL=5000 ACCEL_TO_DECEL=2500 SQUARE_CORNER_VELOCITY=8
;TYPE:Outer wall
;WIDTH:0.42
G1 F3235
G1 X126.734 Y142.403 E.0009
G3 X121.432 Y120.352 I3.091 J-12.406 E.85693
G3 X130.044 Y117.214 I8.394 J9.648 E.28804
G3 X127.606 Y142.588 I-.219 J12.783 E1.29598
G1 X126.819 Y142.428 E.0247
G1 E-.56 F2400
;WIPE_START
G1 F9000
G1 X126.734 Y142.403 E-.01063
G1 X125.874 Y142.164 E-.10711
G1 X125.452 Y142.019 E-.05356
G1 X124.921 Y141.804 E-.0687
;WIPE_END
G17
G3 Z13.2 I1.217 J0 P1  F30000

;don't support timelapse gcode in spiral_mode and by object sequence for I3 structure printer
;time lapse begin
M5001 G92 E0
M5001 G17
M5001 G2 Z13.2 I0.86 J0.86 P1 F20000 ; spiral lift a little
M5001 G1 X0 Y180 F24000 ; move to safe pos
M5001 P15
M5001 M400 P300
M5001 G92 E0
;time lapse end

SET_VELOCITY_LIMIT ACCEL=6000 ACCEL_TO_DECEL=3000 SQUARE_CORNER_VELOCITY=12
G1 X118.811 Y134.337
G1 Z12.8
G1 E.8 F2400
;TYPE:Sparse infill
;WIDTH:0.45
G1 F3235
G1 X125.142 Y140.668 E.29704
G2 X129.968 Y141.656 I4.664 J-10.509 E.16466
G1 X118.17 Y129.858 E.55345
G3 X118.696 Y126.546 I13.043 J.371 E.11157
G1 X133.282 Y141.132 E.68429
G2 X135.922 Y139.934 I-3.739 J-11.741 E.09638
G1 X119.892 Y123.904 E.752
G3 X121.586 Y121.76 I11.609 J7.433 E.09079
G1 X138.066 Y138.24 E.77309
G2 X139.76 Y136.096 I-9.803 J-9.488 E.09079
G1 X123.73 Y120.066 E.752
G3 X126.373 Y118.871 I6.222 J10.244 E.09646
M73 P53 R10
G1 X140.955 Y133.453 E.68405
G2 X141.482 Y130.142 I-11.98 J-3.604 E.11155
G1 X129.694 Y118.354 E.55301
G3 X134.501 Y119.323 I.061 J12.103 E.1638
G1 X140.841 Y125.663 E.29746
; stop printing object 圆柱体 id:0 copy 0
;LAYER_CHANGE
;Z:13
;HEIGHT:0.2
;BEFORE_LAYER_CHANGE
;13
G92 E0

G1 E-.56 F2400
;WIPE_START
G1 F13535.936
G1 X139.427 Y124.249 E-.24
;WIPE_END
EXCLUDE_OBJECT_END NAME=圆柱体_id_0_copy_0

;don't support timelapse gcode in spiral_mode and by object sequence for I3 structure printer
;time lapse begin
M5001 G92 E0
M5001 G17
M5001 G2 Z13.4 I0.86 J0.86 P1 F20000 ; spiral lift a little
M5001 G1 X0 Y180 F24000 ; move to safe pos
M5001 P15
M5001 M400 P300
M5001 G92 E0
;time lapse end

;AFTER_LAYER_CHANGE
;13
;_SET_FAN_SPEED_CHANGING_LAYER
; printing object 圆柱体 id:0 copy 0
EXCLUDE_OBJECT_START NAME=圆柱体_id_0_copy_0
G17
G3 Z13.4 I-.969 J-.736 P1  F30000
G1 X126.377 Y141.433 Z13.4
G1 Z13
G1 E.8 F2400
SET_VELOCITY_LIMIT SQUARE_CORNER_VELOCITY=8
;TYPE:Inner wall
G1 F3235
G1 X126.134 Y141.364 E.00839
G3 X127.751 Y118.234 I3.683 J-11.364 E1.05189
G3 X130.033 Y118.056 I2.186 J13.32 E.076
G3 X126.935 Y141.593 I-.216 J11.944 E1.33428
G1 X126.435 Y141.449 E.01728
SET_VELOCITY_LIMIT SQUARE_CORNER_VELOCITY=12
G1 X126.424 Y141.869 F30000
SET_VELOCITY_LIMIT SQUARE_CORNER_VELOCITY=8
G1 F3235
G1 X126.008 Y141.751 E.01435
G3 X127.681 Y117.833 I3.808 J-11.751 E1.08773
G3 X130.04 Y117.649 I2.261 J13.774 E.07859
G3 X126.837 Y141.989 I-.224 J12.351 E1.37975
G1 X126.481 Y141.886 E.01227
SET_VELOCITY_LIMIT SQUARE_CORNER_VELOCITY=12
G1 E-.56 F2400
;WIPE_START
G1 F13535.936
G1 X126.008 Y141.751 E-.05911
G1 X125.198 Y141.455 E-.10348
G1 X124.801 Y141.287 E-.05175
G1 X124.609 Y141.193 E-.02565
;WIPE_END
G1 X126.759 Y142.416 Z13.4 F30000
G1 Z13
G1 E.8 F2400
SET_VELOCITY_LIMIT ACCEL=5000 ACCEL_TO_DECEL=2500 SQUARE_CORNER_VELOCITY=8
;TYPE:Outer wall
;WIDTH:0.42
G1 F3235
G1 X126.732 Y142.411 E.00085
G3 X127.605 Y117.404 I3.084 J-12.411 E1.07049
G3 X130.047 Y117.214 I2.34 J14.259 E.07537
G3 X127.167 Y142.511 I-.232 J12.786 E1.30935
G1 X126.817 Y142.43 E.01102
G1 E-.56 F2400
;WIPE_START
G1 F9000
G1 X126.732 Y142.411 E-.01053
G1 X125.874 Y142.164 E-.10714
G1 X125.035 Y141.859 E-.10712
G1 X124.918 Y141.809 E-.01521
;WIPE_END
G17
G3 Z13.4 I1.217 J0 P1  F30000

;don't support timelapse gcode in spiral_mode and by object sequence for I3 structure printer
;time lapse begin
M5001 G92 E0
M5001 G17
M5001 G2 Z13.4 I0.86 J0.86 P1 F20000 ; spiral lift a little
M5001 G1 X0 Y180 F24000 ; move to safe pos
M5001 P15
M5001 M400 P300
M5001 G92 E0
;time lapse end

SET_VELOCITY_LIMIT ACCEL=6000 ACCEL_TO_DECEL=3000 SQUARE_CORNER_VELOCITY=12
G1 X118.811 Y134.337
G1 Z13
G1 E.8 F2400
;TYPE:Sparse infill
;WIDTH:0.45
G1 F3235
G1 X125.142 Y140.668 E.29704
G2 X129.968 Y141.656 I4.675 J-10.56 E.16465
G1 X118.173 Y129.861 E.55333
G3 X118.694 Y126.544 I14.825 J.629 E.11162
G1 X133.282 Y141.132 E.68439
G2 X135.922 Y139.934 I-3.739 J-11.741 E.09638
G1 X119.892 Y123.904 E.752
G3 X121.586 Y121.76 I11.609 J7.432 E.09079
G1 X138.066 Y138.24 E.77309
G2 X139.76 Y136.096 I-9.803 J-9.488 E.09079
G1 X123.73 Y120.066 E.752
G3 X126.373 Y118.871 I6.222 J10.245 E.09646
G1 X140.958 Y133.456 E.68422
G2 X141.482 Y130.142 I-12.233 J-3.63 E.11164
G1 X129.694 Y118.354 E.55301
G3 X134.501 Y119.323 I.062 J12.101 E.16379
G1 X140.841 Y125.663 E.29746
; stop printing object 圆柱体 id:0 copy 0
;LAYER_CHANGE
;Z:13.2
;HEIGHT:0.2
;BEFORE_LAYER_CHANGE
;13.2
G92 E0

G1 E-.56 F2400
;WIPE_START
G1 F13535.936
G1 X139.427 Y124.249 E-.24
;WIPE_END
EXCLUDE_OBJECT_END NAME=圆柱体_id_0_copy_0

;don't support timelapse gcode in spiral_mode and by object sequence for I3 structure printer
;time lapse begin
M5001 G92 E0
M5001 G17
M5001 G2 Z13.6 I0.86 J0.86 P1 F20000 ; spiral lift a little
M5001 G1 X0 Y180 F24000 ; move to safe pos
M5001 P15
M5001 M400 P300
M5001 G92 E0
;time lapse end

;AFTER_LAYER_CHANGE
;13.2
;_SET_FAN_SPEED_CHANGING_LAYER
; printing object 圆柱体 id:0 copy 0
EXCLUDE_OBJECT_START NAME=圆柱体_id_0_copy_0
G17
G3 Z13.6 I-.969 J-.736 P1  F30000
G1 X126.384 Y141.44 Z13.6
G1 Z13.2
G1 E.8 F2400
SET_VELOCITY_LIMIT SQUARE_CORNER_VELOCITY=8
;TYPE:Inner wall
G1 F3235
G1 X126.133 Y141.365 E.00869
G3 X127.751 Y118.234 I3.683 J-11.364 E1.05191
G3 X130.036 Y118.056 I2.082 J11.987 E.07614
G3 X126.532 Y141.486 I-.22 J11.944 E1.34804
G1 X126.442 Y141.458 E.00316
SET_VELOCITY_LIMIT SQUARE_CORNER_VELOCITY=12
G1 X126.423 Y141.869 F30000
SET_VELOCITY_LIMIT SQUARE_CORNER_VELOCITY=8
G1 F3235
G1 X126.007 Y141.752 E.01431
G3 X127.681 Y117.833 I3.809 J-11.752 E1.08776
G3 X130.043 Y117.649 I2.153 J12.396 E.07873
G3 X126.837 Y141.989 I-.227 J12.351 E1.37967
M73 P54 R10
G1 X126.48 Y141.886 E.01231
SET_VELOCITY_LIMIT SQUARE_CORNER_VELOCITY=12
G1 E-.56 F2400
;WIPE_START
G1 F13535.936
G1 X126.007 Y141.752 E-.05897
G1 X125.198 Y141.455 E-.10348
G1 X124.801 Y141.287 E-.05176
G1 X124.608 Y141.193 E-.02579
;WIPE_END
G1 X126.758 Y142.416 Z13.6 F30000
G1 Z13.2
G1 E.8 F2400
SET_VELOCITY_LIMIT ACCEL=5000 ACCEL_TO_DECEL=2500 SQUARE_CORNER_VELOCITY=8
;TYPE:Outer wall
;WIDTH:0.42
G1 F3235
G1 X126.732 Y142.408 E.00082
G3 X117.597 Y126.259 I3.094 J-12.408 E.63786
G3 X130.051 Y117.214 I12.229 J3.741 E.5075
G3 X127.605 Y142.594 I-.225 J12.786 E1.29613
G1 X126.817 Y142.428 E.02477
G1 E-.56 F2400
;WIPE_START
G1 F9000
G1 X126.732 Y142.408 E-.01038
G1 X125.874 Y142.164 E-.10712
G1 X125.035 Y141.859 E-.10712
G1 X124.917 Y141.809 E-.01537
;WIPE_END
G17
G3 Z13.6 I1.217 J0 P1  F30000

;don't support timelapse gcode in spiral_mode and by object sequence for I3 structure printer
;time lapse begin
M5001 G92 E0
M5001 G17
M5001 G2 Z13.6 I0.86 J0.86 P1 F20000 ; spiral lift a little
M5001 G1 X0 Y180 F24000 ; move to safe pos
M5001 P15
M5001 M400 P300
M5001 G92 E0
;time lapse end

SET_VELOCITY_LIMIT ACCEL=6000 ACCEL_TO_DECEL=3000 SQUARE_CORNER_VELOCITY=12
G1 X118.807 Y134.333
G1 Z13.2
G1 E.8 F2400
;TYPE:Sparse infill
;WIDTH:0.45
G1 F3235
G1 X125.142 Y140.668 E.29719
G2 X129.963 Y141.651 I4.669 J-10.588 E.16445
G1 X118.175 Y129.863 E.553
G3 X118.697 Y126.547 I11.742 J.151 E.11173
G1 X133.279 Y141.129 E.68405
G2 X135.922 Y139.934 I-3.579 J-11.439 E.09646
G1 X119.892 Y123.904 E.752
G3 X121.586 Y121.76 I11.609 J7.432 E.09079
G1 X138.066 Y138.24 E.77309
G2 X139.76 Y136.096 I-9.81 J-9.494 E.09079
G1 X123.736 Y120.072 E.75174
G3 X126.373 Y118.871 I6.049 J9.795 E.09639
G1 X140.955 Y133.453 E.68405
G2 X141.477 Y130.137 I-11.004 J-3.432 E.11174
G1 X129.694 Y118.354 E.55278
G3 X134.5 Y119.323 I.063 J12.099 E.16379
G1 X140.845 Y125.667 E.29761
; stop printing object 圆柱体 id:0 copy 0
;LAYER_CHANGE
;Z:13.4
;HEIGHT:0.2
;BEFORE_LAYER_CHANGE
;13.4
G92 E0

G1 E-.56 F2400
;WIPE_START
G1 F13535.936
G1 X139.43 Y124.252 E-.24
;WIPE_END
EXCLUDE_OBJECT_END NAME=圆柱体_id_0_copy_0

;don't support timelapse gcode in spiral_mode and by object sequence for I3 structure printer
;time lapse begin
M5001 G92 E0
M5001 G17
M5001 G2 Z13.8 I0.86 J0.86 P1 F20000 ; spiral lift a little
M5001 G1 X0 Y180 F24000 ; move to safe pos
M5001 P15
M5001 M400 P300
M5001 G92 E0
;time lapse end

;AFTER_LAYER_CHANGE
;13.4
;_SET_FAN_SPEED_CHANGING_LAYER
; printing object 圆柱体 id:0 copy 0
EXCLUDE_OBJECT_START NAME=圆柱体_id_0_copy_0
G17
G3 Z13.8 I-.969 J-.736 P1  F30000
G1 X126.383 Y141.439 Z13.8
G1 Z13.4
G1 E.8 F2400
SET_VELOCITY_LIMIT SQUARE_CORNER_VELOCITY=8
;TYPE:Inner wall
G1 F3235
G1 X126.133 Y141.365 E.00864
G3 X127.751 Y118.234 I3.683 J-11.364 E1.05191
G3 X130.04 Y118.056 I2.185 J13.31 E.07623
G3 X126.532 Y141.486 I-.223 J11.944 E1.34793
G1 X126.44 Y141.457 E.00321
SET_VELOCITY_LIMIT SQUARE_CORNER_VELOCITY=12
G1 X126.421 Y141.869 F30000
SET_VELOCITY_LIMIT SQUARE_CORNER_VELOCITY=8
G1 F3235
G1 X126.007 Y141.752 E.01426
G3 X127.681 Y117.833 I3.809 J-11.752 E1.08776
G3 X130.047 Y117.649 I2.26 J13.763 E.07882
G3 X126.837 Y141.989 I-.231 J12.351 E1.37956
G1 X126.479 Y141.885 E.01236
SET_VELOCITY_LIMIT SQUARE_CORNER_VELOCITY=12
G1 E-.56 F2400
;WIPE_START
G1 F13535.936
G1 X126.007 Y141.752 E-.05879
G1 X125.198 Y141.455 E-.10349
G1 X124.606 Y141.192 E-.07772
;WIPE_END
G1 X126.756 Y142.416 Z13.8 F30000
G1 Z13.4
G1 E.8 F2400
SET_VELOCITY_LIMIT ACCEL=5000 ACCEL_TO_DECEL=2500 SQUARE_CORNER_VELOCITY=8
;TYPE:Outer wall
;WIDTH:0.42
G1 F3235
G1 X126.732 Y142.408 E.00077
G3 X126.082 Y142.228 I3.094 J-12.408 E.02074
G3 X130.054 Y117.214 I3.744 J-12.228 E1.12473
G3 X138.22 Y120.352 I-.228 J12.786 E.27432
G3 X127.167 Y142.509 I-8.394 J9.648 E1.03541
G1 X126.815 Y142.429 E.0111
G1 E-.56 F2400
;WIPE_START
G1 F9000
G1 X126.732 Y142.408 E-.01021
G1 X126.082 Y142.228 E-.08097
G1 X126.082 Y142.228 E0
G1 X125.452 Y142.019 E-.07972
G1 X125.035 Y141.859 E-.05357
G1 X124.916 Y141.808 E-.01553
;WIPE_END
G17
G3 Z13.8 I1.217 J0 P1  F30000

;don't support timelapse gcode in spiral_mode and by object sequence for I3 structure printer
;time lapse begin
M5001 G92 E0
M5001 G17
M5001 G2 Z13.8 I0.86 J0.86 P1 F20000 ; spiral lift a little
M5001 G1 X0 Y180 F24000 ; move to safe pos
M5001 P15
M5001 M400 P300
M5001 G92 E0
;time lapse end

SET_VELOCITY_LIMIT ACCEL=6000 ACCEL_TO_DECEL=3000 SQUARE_CORNER_VELOCITY=12
G1 X118.807 Y134.333
G1 Z13.4
G1 E.8 F2400
;TYPE:Sparse infill
;WIDTH:0.45
G1 F3235
G1 X125.142 Y140.668 E.29719
G2 X129.963 Y141.651 I4.689 J-10.688 E.16443
G1 X118.175 Y129.863 E.553
G3 X118.696 Y126.546 I12.296 J.232 E.11173
M73 P54 R9
G1 X133.279 Y141.129 E.68411
G2 X135.922 Y139.934 I-3.579 J-11.439 E.09646
G1 X119.891 Y123.903 E.75206
G3 X121.586 Y121.76 I10.398 J6.486 E.09082
G1 X138.061 Y138.235 E.77287
G2 X139.761 Y136.097 I-7.771 J-7.925 E.09084
G1 X123.73 Y120.066 E.75206
G3 X126.373 Y118.871 I6.222 J10.244 E.09646
M73 P55 R9
G1 X140.955 Y133.453 E.68405
G2 X141.477 Y130.137 I-11.008 J-3.433 E.11174
G1 X129.694 Y118.354 E.55277
G3 X134.5 Y119.323 I.063 J12.097 E.16379
G1 X140.841 Y125.663 E.29746
; stop printing object 圆柱体 id:0 copy 0
;LAYER_CHANGE
;Z:13.6
;HEIGHT:0.200001
;BEFORE_LAYER_CHANGE
;13.6
G92 E0

G1 E-.56 F2400
;WIPE_START
G1 F13535.936
G1 X139.427 Y124.249 E-.24
;WIPE_END
EXCLUDE_OBJECT_END NAME=圆柱体_id_0_copy_0

;don't support timelapse gcode in spiral_mode and by object sequence for I3 structure printer
;time lapse begin
M5001 G92 E0
M5001 G17
M5001 G2 Z14 I0.86 J0.86 P1 F20000 ; spiral lift a little
M5001 G1 X0 Y180 F24000 ; move to safe pos
M5001 P15
M5001 M400 P300
M5001 G92 E0
;time lapse end

;AFTER_LAYER_CHANGE
;13.6
;_SET_FAN_SPEED_CHANGING_LAYER
; printing object 圆柱体 id:0 copy 0
EXCLUDE_OBJECT_START NAME=圆柱体_id_0_copy_0
G17
G3 Z14 I-.969 J-.736 P1  F30000
G1 X126.373 Y141.432 Z14
G1 Z13.6
G1 E.8 F2400
SET_VELOCITY_LIMIT SQUARE_CORNER_VELOCITY=8
;TYPE:Inner wall
G1 F3235
G1 X126.133 Y141.365 E.00826
G3 X127.751 Y118.234 I3.683 J-11.364 E1.05191
G3 X130.043 Y118.056 I2.185 J13.304 E.07635
G3 X126.935 Y141.594 I-.227 J11.944 E1.33398
G1 X126.431 Y141.448 E.01742
SET_VELOCITY_LIMIT SQUARE_CORNER_VELOCITY=12
G1 X126.42 Y141.868 F30000
SET_VELOCITY_LIMIT SQUARE_CORNER_VELOCITY=8
G1 F3235
G1 X126.007 Y141.752 E.01421
G3 X127.681 Y117.833 I3.809 J-11.752 E1.08776
G3 X130.05 Y117.649 I2.259 J13.758 E.07894
G3 X126.837 Y141.989 I-.234 J12.351 E1.37944
G1 X126.477 Y141.885 E.01242
SET_VELOCITY_LIMIT SQUARE_CORNER_VELOCITY=12
G1 E-.56 F2400
;WIPE_START
G1 F13535.936
G1 X126.007 Y141.752 E-.05859
G1 X125.198 Y141.455 E-.10349
G1 X124.801 Y141.287 E-.05175
G1 X124.605 Y141.191 E-.02617
;WIPE_END
G1 X126.755 Y142.415 Z14 F30000
G1 Z13.6
G1 E.8 F2400
SET_VELOCITY_LIMIT ACCEL=5000 ACCEL_TO_DECEL=2500 SQUARE_CORNER_VELOCITY=8
;TYPE:Outer wall
;WIDTH:0.42
G1 F3235
G1 X126.732 Y142.408 E.00072
G3 X117.599 Y126.253 I3.094 J-12.408 E.63807
G3 X130.058 Y117.214 I12.244 J3.771 E.50735
G3 X127.167 Y142.509 I-.232 J12.786 E1.30963
G1 X126.813 Y142.429 E.01116
G1 E-.56 F2400
;WIPE_START
G1 F9000
G1 X126.732 Y142.408 E-.01
G1 X125.874 Y142.164 E-.10712
G1 X125.035 Y141.859 E-.10712
G1 X124.914 Y141.807 E-.01575
;WIPE_END
G17
G3 Z14 I1.217 J0 P1  F30000

;don't support timelapse gcode in spiral_mode and by object sequence for I3 structure printer
;time lapse begin
M5001 G92 E0
M5001 G17
M5001 G2 Z14 I0.86 J0.86 P1 F20000 ; spiral lift a little
M5001 G1 X0 Y180 F24000 ; move to safe pos
M5001 P15
M5001 M400 P300
M5001 G92 E0
;time lapse end

SET_VELOCITY_LIMIT ACCEL=6000 ACCEL_TO_DECEL=3000 SQUARE_CORNER_VELOCITY=12
G1 X118.817 Y134.343
G1 Z13.6
G1 E.8 F2400
;TYPE:Sparse infill
;WIDTH:0.45
G1 F3235
G1 X125.142 Y140.668 E.29674
G2 X129.963 Y141.651 I4.689 J-10.688 E.16443
G1 X118.175 Y129.863 E.553
G3 X118.697 Y126.547 I11.535 J.118 E.11174
G1 X133.279 Y141.129 E.68405
G2 X135.923 Y139.935 I-3.62 J-11.548 E.09647
G1 X119.891 Y123.903 E.75212
G3 X121.586 Y121.76 I10.398 J6.486 E.09082
G1 X138.066 Y138.24 E.77309
G2 X139.76 Y136.096 I-9.806 J-9.491 E.09079
G1 X123.729 Y120.065 E.75206
G3 X126.373 Y118.871 I6.265 J10.355 E.09647
G1 X140.956 Y133.454 E.68411
G2 X141.477 Y130.137 I-11.8 J-3.553 E.11173
G1 X129.694 Y118.354 E.55277
G3 X134.498 Y119.32 I.059 J12.133 E.16367
G1 X140.841 Y125.663 E.29758
; stop printing object 圆柱体 id:0 copy 0
;LAYER_CHANGE
;Z:13.8
;HEIGHT:0.2
;BEFORE_LAYER_CHANGE
;13.8
G92 E0

G1 E-.56 F2400
;WIPE_START
G1 F13535.936
G1 X139.427 Y124.249 E-.24
;WIPE_END
EXCLUDE_OBJECT_END NAME=圆柱体_id_0_copy_0

;don't support timelapse gcode in spiral_mode and by object sequence for I3 structure printer
;time lapse begin
M5001 G92 E0
M5001 G17
M5001 G2 Z14.2 I0.86 J0.86 P1 F20000 ; spiral lift a little
M5001 G1 X0 Y180 F24000 ; move to safe pos
M5001 P15
M5001 M400 P300
M5001 G92 E0
;time lapse end

;AFTER_LAYER_CHANGE
;13.8
;_SET_FAN_SPEED_CHANGING_LAYER
; printing object 圆柱体 id:0 copy 0
EXCLUDE_OBJECT_START NAME=圆柱体_id_0_copy_0
G17
G3 Z14.2 I-.969 J-.736 P1  F30000
G1 X126.379 Y141.438 Z14.2
G1 Z13.8
G1 E.8 F2400
SET_VELOCITY_LIMIT SQUARE_CORNER_VELOCITY=8
;TYPE:Inner wall
G1 F3235
G1 X126.133 Y141.365 E.00852
G3 X127.751 Y118.234 I3.683 J-11.365 E1.05194
G3 X130.047 Y118.056 I2.082 J11.987 E.07648
G3 X126.532 Y141.487 I-.23 J11.945 E1.34774
G1 X126.437 Y141.456 E.00333
SET_VELOCITY_LIMIT SQUARE_CORNER_VELOCITY=12
G1 X126.418 Y141.868 F30000
SET_VELOCITY_LIMIT SQUARE_CORNER_VELOCITY=8
G1 F3235
G1 X126.007 Y141.753 E.01414
G3 X127.681 Y117.833 I3.809 J-11.752 E1.08778
G3 X130.054 Y117.649 I2.153 J12.396 E.07908
G3 X126.837 Y141.99 I-.238 J12.352 E1.37937
M73 P56 R9
G1 X126.475 Y141.884 E.01248
SET_VELOCITY_LIMIT SQUARE_CORNER_VELOCITY=12
G1 E-.56 F2400
;WIPE_START
G1 F13535.936
G1 X126.007 Y141.753 E-.05834
G1 X125.198 Y141.455 E-.10349
G1 X124.603 Y141.19 E-.07816
;WIPE_END
G1 X126.753 Y142.414 Z14.2 F30000
G1 Z13.8
G1 E.8 F2400
SET_VELOCITY_LIMIT ACCEL=5000 ACCEL_TO_DECEL=2500 SQUARE_CORNER_VELOCITY=8
;TYPE:Outer wall
;WIDTH:0.42
G1 F3235
G1 X126.732 Y142.408 E.00066
G3 X126.075 Y142.226 I3.094 J-12.408 E.02095
G3 X130.061 Y117.214 I3.755 J-12.225 E1.12453
G3 X127.605 Y142.594 I-.235 J12.786 E1.29583
G1 X126.811 Y142.427 E.02493
G1 E-.56 F2400
;WIPE_START
G1 F9000
G1 X126.732 Y142.408 E-.00976
G1 X126.075 Y142.226 E-.08181
G1 X126.075 Y142.226 E0
G1 X125.452 Y142.019 E-.07888
G1 X125.035 Y141.859 E-.05357
G1 X124.912 Y141.807 E-.01599
;WIPE_END
G17
G3 Z14.2 I1.217 J0 P1  F30000

;don't support timelapse gcode in spiral_mode and by object sequence for I3 structure printer
;time lapse begin
M5001 G92 E0
M5001 G17
M5001 G2 Z14.2 I0.86 J0.86 P1 F20000 ; spiral lift a little
M5001 G1 X0 Y180 F24000 ; move to safe pos
M5001 P15
M5001 M400 P300
M5001 G92 E0
;time lapse end

SET_VELOCITY_LIMIT ACCEL=6000 ACCEL_TO_DECEL=3000 SQUARE_CORNER_VELOCITY=12
G1 X118.807 Y134.333
G1 Z13.8
G1 E.8 F2400
;TYPE:Sparse infill
;WIDTH:0.45
G1 F3235
G1 X125.142 Y140.668 E.29719
G2 X129.963 Y141.651 I4.689 J-10.688 E.16443
G1 X118.175 Y129.863 E.553
G3 X118.696 Y126.546 I12.329 J.237 E.11173
G1 X133.279 Y141.129 E.68411
G2 X135.922 Y139.934 I-3.579 J-11.439 E.09646
G1 X119.892 Y123.904 E.752
G3 X121.586 Y121.76 I11.608 J7.432 E.09079
G1 X138.068 Y138.242 E.7732
G2 X139.761 Y136.097 I-8.259 J-8.26 E.09085
G1 X123.729 Y120.065 E.75212
G3 X126.373 Y118.871 I6.265 J10.354 E.09647
G1 X140.955 Y133.453 E.68405
G2 X141.477 Y130.137 I-11.017 J-3.434 E.11174
G1 X129.694 Y118.354 E.55276
G3 X134.5 Y119.323 I.064 J12.093 E.16378
G1 X140.841 Y125.663 E.29746
; stop printing object 圆柱体 id:0 copy 0
;LAYER_CHANGE
;Z:14
;HEIGHT:0.2
;BEFORE_LAYER_CHANGE
;14
G92 E0

G1 E-.56 F2400
;WIPE_START
G1 F13535.936
G1 X139.427 Y124.249 E-.24
;WIPE_END
EXCLUDE_OBJECT_END NAME=圆柱体_id_0_copy_0

;don't support timelapse gcode in spiral_mode and by object sequence for I3 structure printer
;time lapse begin
M5001 G92 E0
M5001 G17
M5001 G2 Z14.4 I0.86 J0.86 P1 F20000 ; spiral lift a little
M5001 G1 X0 Y180 F24000 ; move to safe pos
M5001 P15
M5001 M400 P300
M5001 G92 E0
;time lapse end

;AFTER_LAYER_CHANGE
;14
;_SET_FAN_SPEED_CHANGING_LAYER
; printing object 圆柱体 id:0 copy 0
EXCLUDE_OBJECT_START NAME=圆柱体_id_0_copy_0
G17
G3 Z14.4 I-.969 J-.736 P1  F30000
G1 X126.369 Y141.43 Z14.4
G1 Z14
G1 E.8 F2400
SET_VELOCITY_LIMIT SQUARE_CORNER_VELOCITY=8
;TYPE:Inner wall
G1 F3235
G1 X126.133 Y141.365 E.00813
G3 X127.751 Y118.234 I3.683 J-11.365 E1.05193
G3 X130.05 Y118.056 I2.183 J13.295 E.07658
G3 X126.935 Y141.595 I-.234 J11.945 E1.33379
G1 X126.427 Y141.447 E.01755
SET_VELOCITY_LIMIT SQUARE_CORNER_VELOCITY=12
G1 X126.416 Y141.867 F30000
SET_VELOCITY_LIMIT SQUARE_CORNER_VELOCITY=8
G1 F3235
G1 X126.007 Y141.753 E.01406
G3 X127.681 Y117.833 I3.809 J-11.752 E1.08778
G3 X130.057 Y117.649 I2.258 J13.749 E.07917
G3 X126.837 Y141.99 I-.241 J12.352 E1.37926
G1 X126.473 Y141.884 E.01256
SET_VELOCITY_LIMIT SQUARE_CORNER_VELOCITY=12
G1 E-.56 F2400
;WIPE_START
G1 F13535.936
G1 X126.007 Y141.753 E-.05808
G1 X125.198 Y141.455 E-.10349
G1 X124.801 Y141.287 E-.05176
G1 X124.601 Y141.189 E-.02668
;WIPE_END
G1 X126.751 Y142.414 Z14.4 F30000
G1 Z14
G1 E.8 F2400
SET_VELOCITY_LIMIT ACCEL=5000 ACCEL_TO_DECEL=2500 SQUARE_CORNER_VELOCITY=8
;TYPE:Outer wall
;WIDTH:0.42
G1 F3235
G1 X126.732 Y142.408 E.00059
G3 X117.601 Y126.246 I3.094 J-12.408 E.63829
G3 X130.065 Y117.214 I12.225 J3.754 E.5075
G3 X138.228 Y120.359 I-.274 J12.877 E.27424
G3 X127.605 Y142.594 I-8.402 J9.641 E1.02137
G1 X126.809 Y142.426 E.025
G1 E-.56 F2400
;WIPE_START
G1 F9000
G1 X126.732 Y142.408 E-.00949
G1 X125.874 Y142.164 E-.10712
G1 X125.035 Y141.859 E-.10712
G1 X124.911 Y141.804 E-.01626
;WIPE_END
G17
G3 Z14.4 I1.217 J0 P1  F30000

;don't support timelapse gcode in spiral_mode and by object sequence for I3 structure printer
;time lapse begin
M5001 G92 E0
M5001 G17
M5001 G2 Z14.4 I0.86 J0.86 P1 F20000 ; spiral lift a little
M5001 G1 X0 Y180 F24000 ; move to safe pos
M5001 P15
M5001 M400 P300
M5001 G92 E0
;time lapse end

SET_VELOCITY_LIMIT ACCEL=6000 ACCEL_TO_DECEL=3000 SQUARE_CORNER_VELOCITY=12
G1 X118.807 Y134.333
G1 Z14
G1 E.8 F2400
;TYPE:Sparse infill
;WIDTH:0.45
G1 F3235
G1 X125.142 Y140.668 E.29719
G2 X129.963 Y141.651 I4.689 J-10.688 E.16443
G1 X118.175 Y129.863 E.553
G3 X118.696 Y126.546 I11.796 J.153 E.11176
G1 X133.279 Y141.129 E.68411
G2 X135.922 Y139.934 I-3.579 J-11.439 E.09646
G1 X119.892 Y123.904 E.752
G3 X121.586 Y121.76 I11.608 J7.432 E.09079
G1 X138.068 Y138.242 E.7732
G2 X139.761 Y136.097 I-8.255 J-8.258 E.09085
M73 P57 R9
G1 X123.73 Y120.066 E.75206
G3 X126.37 Y118.868 I6.379 J10.543 E.09638
G1 X140.956 Y133.454 E.68428
G2 X141.477 Y130.137 I-11.816 J-3.555 E.11173
G1 X129.694 Y118.354 E.55276
G3 X134.498 Y119.32 I.06 J12.129 E.16366
G1 X140.845 Y125.667 E.29774
; stop printing object 圆柱体 id:0 copy 0
;LAYER_CHANGE
;Z:14.2
;HEIGHT:0.2
;BEFORE_LAYER_CHANGE
;14.2
G92 E0

G1 E-.56 F2400
;WIPE_START
G1 F13535.936
G1 X139.43 Y124.252 E-.24
;WIPE_END
EXCLUDE_OBJECT_END NAME=圆柱体_id_0_copy_0

;don't support timelapse gcode in spiral_mode and by object sequence for I3 structure printer
;time lapse begin
M5001 G92 E0
M5001 G17
M5001 G2 Z14.6 I0.86 J0.86 P1 F20000 ; spiral lift a little
M5001 G1 X0 Y180 F24000 ; move to safe pos
M5001 P15
M5001 M400 P300
M5001 G92 E0
;time lapse end

;AFTER_LAYER_CHANGE
;14.2
;_SET_FAN_SPEED_CHANGING_LAYER
; printing object 圆柱体 id:0 copy 0
EXCLUDE_OBJECT_START NAME=圆柱体_id_0_copy_0
G17
G3 Z14.6 I-.969 J-.737 P1  F30000
G1 X126.365 Y141.429 Z14.6
G1 Z14.2
G1 E.8 F2400
SET_VELOCITY_LIMIT SQUARE_CORNER_VELOCITY=8
;TYPE:Inner wall
G1 F3235
G1 X126.133 Y141.365 E.00798
G3 X127.751 Y118.234 I3.683 J-11.364 E1.0519
G3 X130.054 Y118.056 I2.082 J11.987 E.07672
G3 X126.935 Y141.594 I-.237 J11.944 E1.33364
G1 X126.423 Y141.446 E.0177
SET_VELOCITY_LIMIT SQUARE_CORNER_VELOCITY=12
G1 X126.409 Y141.865 F30000
SET_VELOCITY_LIMIT SQUARE_CORNER_VELOCITY=8
G1 F3235
G1 X126.007 Y141.752 E.01383
G3 X127.681 Y117.833 I3.809 J-11.752 E1.08775
G3 X130.061 Y117.649 I2.153 J12.396 E.07931
G3 X126.837 Y141.989 I-.244 J12.351 E1.3791
G1 X126.466 Y141.882 E.0128
SET_VELOCITY_LIMIT SQUARE_CORNER_VELOCITY=12
G1 E-.56 F2400
;WIPE_START
G1 F13535.936
G1 X126.007 Y141.752 E-.05721
G1 X125.198 Y141.455 E-.10349
G1 X124.594 Y141.186 E-.0793
;WIPE_END
G1 X126.748 Y142.414 Z14.6 F30000
G1 Z14.2
G1 E.8 F2400
SET_VELOCITY_LIMIT ACCEL=5000 ACCEL_TO_DECEL=2500 SQUARE_CORNER_VELOCITY=8
;TYPE:Outer wall
;WIDTH:0.42
G1 F3235
G1 X126.732 Y142.408 E.00051
G3 X126.069 Y142.224 I3.094 J-12.408 E.02116
G3 X130.068 Y117.214 I3.757 J-12.224 E1.12473
G3 X142.05 Y133.757 I-.25 J12.791 E.72682
G3 X127.167 Y142.509 I-12.224 J-3.757 E.58235
G1 X126.807 Y142.427 E.01136
G1 E-.56 F2400
;WIPE_START
G1 F9000
G1 X126.732 Y142.408 E-.0092
G1 X126.069 Y142.224 E-.08264
G1 X126.069 Y142.224 E0
G1 X125.452 Y142.019 E-.07804
G1 X125.035 Y141.859 E-.05358
G1 X124.908 Y141.805 E-.01654
;WIPE_END
G17
G3 Z14.6 I1.217 J0 P1  F30000

;don't support timelapse gcode in spiral_mode and by object sequence for I3 structure printer
;time lapse begin
M5001 G92 E0
M5001 G17
M5001 G2 Z14.6 I0.86 J0.86 P1 F20000 ; spiral lift a little
M5001 G1 X0 Y180 F24000 ; move to safe pos
M5001 P15
M5001 M400 P300
M5001 G92 E0
;time lapse end

SET_VELOCITY_LIMIT ACCEL=6000 ACCEL_TO_DECEL=3000 SQUARE_CORNER_VELOCITY=12
G1 X118.807 Y134.333
G1 Z14.2
G1 E.8 F2400
;TYPE:Sparse infill
;WIDTH:0.45
G1 F3235
G1 X125.142 Y140.668 E.29719
G2 X129.963 Y141.651 I4.689 J-10.688 E.16443
G1 X118.175 Y129.863 E.553
G3 X118.696 Y126.546 I12.957 J.335 E.1117
G1 X133.279 Y141.129 E.68411
G2 X135.922 Y139.934 I-3.579 J-11.439 E.09646
G1 X119.892 Y123.904 E.752
G3 X121.586 Y121.76 I11.608 J7.432 E.09079
G1 X138.061 Y138.235 E.77286
G2 X139.757 Y136.093 I-7.43 J-7.628 E.09088
G1 X123.73 Y120.066 E.75187
G3 X126.37 Y118.868 I6.379 J10.543 E.09638
G1 X140.955 Y133.453 E.68422
G2 X141.477 Y130.137 I-11.025 J-3.436 E.11174
G1 X129.694 Y118.354 E.55276
G3 X134.501 Y119.323 I.065 J12.089 E.16377
G1 X140.845 Y125.667 E.29761
; stop printing object 圆柱体 id:0 copy 0
;LAYER_CHANGE
;Z:14.4
;HEIGHT:0.2
;BEFORE_LAYER_CHANGE
;14.4
G92 E0

G1 E-.56 F2400
;WIPE_START
G1 F13535.936
G1 X139.43 Y124.252 E-.24
;WIPE_END
EXCLUDE_OBJECT_END NAME=圆柱体_id_0_copy_0

;don't support timelapse gcode in spiral_mode and by object sequence for I3 structure printer
;time lapse begin
M5001 G92 E0
M5001 G17
M5001 G2 Z14.8 I0.86 J0.86 P1 F20000 ; spiral lift a little
M5001 G1 X0 Y180 F24000 ; move to safe pos
M5001 P15
M5001 M400 P300
M5001 G92 E0
;time lapse end

;AFTER_LAYER_CHANGE
;14.4
;_SET_FAN_SPEED_CHANGING_LAYER
; printing object 圆柱体 id:0 copy 0
EXCLUDE_OBJECT_START NAME=圆柱体_id_0_copy_0
G17
G3 Z14.8 I-.969 J-.737 P1  F30000
G1 X126.365 Y141.429 Z14.8
G1 Z14.4
G1 E.8 F2400
SET_VELOCITY_LIMIT SQUARE_CORNER_VELOCITY=8
;TYPE:Inner wall
G1 F3235
G1 X126.133 Y141.365 E.00798
G3 X127.751 Y118.234 I3.683 J-11.365 E1.05191
G3 X130.057 Y118.056 I2.082 J11.988 E.07683
G3 X126.935 Y141.594 I-.24 J11.944 E1.33355
G1 X126.423 Y141.446 E.0177
SET_VELOCITY_LIMIT SQUARE_CORNER_VELOCITY=12
G1 X126.406 Y141.864 F30000
SET_VELOCITY_LIMIT SQUARE_CORNER_VELOCITY=8
G1 F3235
G1 X126.007 Y141.752 E.01374
G3 X127.681 Y117.833 I3.809 J-11.752 E1.08776
G3 X130.064 Y117.649 I2.153 J12.396 E.07942
G3 X126.837 Y141.989 I-.248 J12.351 E1.37901
M73 P58 R9
G1 X126.464 Y141.881 E.01288
SET_VELOCITY_LIMIT SQUARE_CORNER_VELOCITY=12
G1 E-.56 F2400
;WIPE_START
G1 F13535.936
G1 X126.007 Y141.752 E-.05691
G1 X125.198 Y141.455 E-.10349
G1 X124.801 Y141.287 E-.05176
G1 X124.59 Y141.189 E-.02785
;WIPE_END
G1 X126.745 Y142.413 Z14.8 F30000
G1 Z14.4
G1 E.8 F2400
SET_VELOCITY_LIMIT ACCEL=5000 ACCEL_TO_DECEL=2500 SQUARE_CORNER_VELOCITY=8
;TYPE:Outer wall
;WIDTH:0.42
G1 F3235
G1 X126.731 Y142.412 E.00043
G3 X127.605 Y117.404 I3.085 J-12.411 E1.07052
G3 X130.072 Y117.214 I2.229 J12.833 E.07614
G3 X127.167 Y142.512 I-.256 J12.786 E1.30867
G1 X126.804 Y142.427 E.01144
G1 E-.56 F2400
;WIPE_START
G1 F9000
G1 X126.731 Y142.412 E-.00889
G1 X125.874 Y142.164 E-.10714
G1 X125.035 Y141.859 E-.10712
G1 X124.906 Y141.804 E-.01685
;WIPE_END
G17
G3 Z14.8 I1.217 J0 P1  F30000

;don't support timelapse gcode in spiral_mode and by object sequence for I3 structure printer
;time lapse begin
M5001 G92 E0
M5001 G17
M5001 G2 Z14.8 I0.86 J0.86 P1 F20000 ; spiral lift a little
M5001 G1 X0 Y180 F24000 ; move to safe pos
M5001 P15
M5001 M400 P300
M5001 G92 E0
;time lapse end

SET_VELOCITY_LIMIT ACCEL=6000 ACCEL_TO_DECEL=3000 SQUARE_CORNER_VELOCITY=12
G1 X118.807 Y134.333
G1 Z14.4
G1 E.8 F2400
;TYPE:Sparse infill
;WIDTH:0.45
G1 F3235
G1 X125.142 Y140.668 E.29719
G2 X129.963 Y141.651 I4.689 J-10.688 E.16443
G1 X118.175 Y129.863 E.553
G3 X118.696 Y126.546 I12.956 J.335 E.1117
G1 X133.279 Y141.129 E.68411
G2 X135.922 Y139.934 I-3.579 J-11.439 E.09646
G1 X119.895 Y123.907 E.75187
G3 X121.586 Y121.76 I9.465 J5.718 E.09089
G1 X138.066 Y138.24 E.77309
G2 X139.76 Y136.096 I-9.803 J-9.488 E.09079
G1 X123.729 Y120.065 E.75206
G3 X126.373 Y118.871 I6.265 J10.355 E.09647
G1 X140.955 Y133.453 E.68405
G2 X141.477 Y130.137 I-11.029 J-3.436 E.11174
G1 X129.688 Y118.348 E.55307
G3 X134.5 Y119.323 I.027 J12.234 E.16401
G1 X140.841 Y125.663 E.29746
; stop printing object 圆柱体 id:0 copy 0
;LAYER_CHANGE
;Z:14.6
;HEIGHT:0.200001
;BEFORE_LAYER_CHANGE
;14.6
G92 E0

G1 E-.56 F2400
;WIPE_START
G1 F13535.936
G1 X139.427 Y124.249 E-.24
;WIPE_END
EXCLUDE_OBJECT_END NAME=圆柱体_id_0_copy_0

;don't support timelapse gcode in spiral_mode and by object sequence for I3 structure printer
;time lapse begin
M5001 G92 E0
M5001 G17
M5001 G2 Z15 I0.86 J0.86 P1 F20000 ; spiral lift a little
M5001 G1 X0 Y180 F24000 ; move to safe pos
M5001 P15
M5001 M400 P300
M5001 G92 E0
;time lapse end

;AFTER_LAYER_CHANGE
;14.6
;_SET_FAN_SPEED_CHANGING_LAYER
; printing object 圆柱体 id:0 copy 0
EXCLUDE_OBJECT_START NAME=圆柱体_id_0_copy_0
G17
G3 Z15 I-.969 J-.737 P1  F30000
G1 X126.365 Y141.429 Z15
G1 Z14.6
G1 E.8 F2400
SET_VELOCITY_LIMIT SQUARE_CORNER_VELOCITY=8
;TYPE:Inner wall
G1 F3235
G1 X126.133 Y141.365 E.00798
G3 X127.751 Y118.234 I3.684 J-11.365 E1.05192
G3 X130.061 Y118.056 I2.182 J13.282 E.07693
G3 X126.935 Y141.595 I-.244 J11.944 E1.33345
G1 X126.423 Y141.446 E.0177
SET_VELOCITY_LIMIT SQUARE_CORNER_VELOCITY=12
G1 X126.408 Y141.865 F30000
SET_VELOCITY_LIMIT SQUARE_CORNER_VELOCITY=8
G1 F3235
G1 X126.007 Y141.753 E.0138
G3 X127.681 Y117.833 I3.809 J-11.752 E1.08777
G3 X130.068 Y117.649 I2.256 J13.736 E.07952
G3 X126.837 Y141.99 I-.251 J12.351 E1.37892
G1 X126.466 Y141.882 E.01282
SET_VELOCITY_LIMIT SQUARE_CORNER_VELOCITY=12
G1 E-.56 F2400
;WIPE_START
G1 F13535.936
G1 X126.007 Y141.753 E-.05714
G1 X125.198 Y141.455 E-.10349
G1 X124.594 Y141.186 E-.07937
;WIPE_END
G1 X126.743 Y142.412 Z15 F30000
G1 Z14.6
G1 E.8 F2400
SET_VELOCITY_LIMIT ACCEL=5000 ACCEL_TO_DECEL=2500 SQUARE_CORNER_VELOCITY=8
;TYPE:Outer wall
;WIDTH:0.42
G1 F3235
G1 X126.733 Y142.403 E.0004
G3 X130.075 Y117.214 I3.095 J-12.405 E1.14575
G3 X138.235 Y120.366 I-.25 J12.786 E.27432
G3 X142.048 Y133.764 I-8.41 J9.634 E.45263
G3 X127.606 Y142.589 I-12.219 J-3.766 E.56831
G1 X126.802 Y142.424 E.02523
G1 E-.56 F2400
;WIPE_START
G1 F9000
G1 X126.733 Y142.403 E-.00856
G1 X125.874 Y142.164 E-.10711
G1 X125.035 Y141.859 E-.10712
G1 X124.904 Y141.8 E-.01721
;WIPE_END
G17
G3 Z15 I1.217 J0 P1  F30000

;don't support timelapse gcode in spiral_mode and by object sequence for I3 structure printer
;time lapse begin
M5001 G92 E0
M5001 G17
M5001 G2 Z15 I0.86 J0.86 P1 F20000 ; spiral lift a little
M5001 G1 X0 Y180 F24000 ; move to safe pos
M5001 P15
M5001 M400 P300
M5001 G92 E0
;time lapse end

SET_VELOCITY_LIMIT ACCEL=6000 ACCEL_TO_DECEL=3000 SQUARE_CORNER_VELOCITY=12
G1 X118.807 Y134.333
G1 Z14.6
G1 E.8 F2400
;TYPE:Sparse infill
;WIDTH:0.45
G1 F3235
G1 X125.142 Y140.668 E.29719
G2 X129.963 Y141.651 I4.689 J-10.688 E.16443
G1 X118.175 Y129.863 E.553
G3 X118.696 Y126.546 I13.71 J.454 E.11166
G1 X133.28 Y141.13 E.68418
G2 X135.922 Y139.934 I-4.227 J-12.851 E.09638
G1 X119.895 Y123.907 E.75187
G3 X121.586 Y121.76 I9.465 J5.718 E.09089
G1 X138.066 Y138.24 E.77309
G2 X139.76 Y136.096 I-9.803 J-9.488 E.09079
M73 P59 R9
G1 X123.73 Y120.066 E.752
G3 X126.373 Y118.871 I6.222 J10.244 E.09646
G1 X140.955 Y133.453 E.68405
G2 X141.477 Y130.137 I-11.034 J-3.437 E.11174
G1 X129.688 Y118.348 E.55307
G3 X134.501 Y119.323 I.027 J12.233 E.16401
G1 X140.845 Y125.667 E.29761
; stop printing object 圆柱体 id:0 copy 0
;LAYER_CHANGE
;Z:14.8
;HEIGHT:0.2
;BEFORE_LAYER_CHANGE
;14.8
G92 E0

G1 E-.56 F2400
;WIPE_START
G1 F13535.936
G1 X139.43 Y124.252 E-.24
;WIPE_END
EXCLUDE_OBJECT_END NAME=圆柱体_id_0_copy_0

;don't support timelapse gcode in spiral_mode and by object sequence for I3 structure printer
;time lapse begin
M5001 G92 E0
M5001 G17
M5001 G2 Z15.2 I0.86 J0.86 P1 F20000 ; spiral lift a little
M5001 G1 X0 Y180 F24000 ; move to safe pos
M5001 P15
M5001 M400 P300
M5001 G92 E0
;time lapse end

;AFTER_LAYER_CHANGE
;14.8
;_SET_FAN_SPEED_CHANGING_LAYER
; printing object 圆柱体 id:0 copy 0
EXCLUDE_OBJECT_START NAME=圆柱体_id_0_copy_0
G17
G3 Z15.2 I-.969 J-.737 P1  F30000
G1 X126.365 Y141.429 Z15.2
G1 Z14.8
G1 E.8 F2400
SET_VELOCITY_LIMIT SQUARE_CORNER_VELOCITY=8
;TYPE:Inner wall
G1 F3236
G1 X126.133 Y141.365 E.00797
G3 X127.751 Y118.234 I3.684 J-11.365 E1.05192
G3 X130.064 Y118.056 I2.082 J11.988 E.07706
G3 X126.935 Y141.595 I-.247 J11.944 E1.33333
G1 X126.423 Y141.446 E.0177
SET_VELOCITY_LIMIT SQUARE_CORNER_VELOCITY=12
G1 X126.404 Y141.864 F30000
SET_VELOCITY_LIMIT SQUARE_CORNER_VELOCITY=8
G1 F3236
G1 X126.007 Y141.752 E.01368
G3 X127.681 Y117.833 I3.809 J-11.752 E1.08776
G3 X130.071 Y117.649 I2.153 J12.397 E.07966
G3 X126.837 Y141.99 I-.255 J12.351 E1.3788
G1 X126.462 Y141.881 E.01294
SET_VELOCITY_LIMIT SQUARE_CORNER_VELOCITY=12
G1 E-.56 F2400
;WIPE_START
G1 F13535.936
G1 X126.007 Y141.752 E-.0567
G1 X125.198 Y141.455 E-.10349
M73 P59 R8
G1 X124.801 Y141.287 E-.05175
G1 X124.589 Y141.188 E-.02806
;WIPE_END
G1 X126.74 Y142.412 Z15.2 F30000
G1 Z14.8
G1 E.8 F2400
SET_VELOCITY_LIMIT ACCEL=5000 ACCEL_TO_DECEL=2500 SQUARE_CORNER_VELOCITY=8
;TYPE:Outer wall
;WIDTH:0.42
G1 F3236
G1 X126.731 Y142.412 E.00026
G3 X127.605 Y117.404 I3.085 J-12.411 E1.07052
G3 X130.079 Y117.214 I2.229 J12.833 E.07635
G3 X127.166 Y142.512 I-.263 J12.786 E1.30847
G1 X126.798 Y142.426 E.01162
G1 E-.56 F2400
;WIPE_START
G1 F9000
G1 X126.731 Y142.412 E-.00821
G1 X125.874 Y142.164 E-.10714
G1 X125.035 Y141.859 E-.10712
G1 X124.9 Y141.802 E-.01753
;WIPE_END
G17
G3 Z15.2 I1.217 J0 P1  F30000

;don't support timelapse gcode in spiral_mode and by object sequence for I3 structure printer
;time lapse begin
M5001 G92 E0
M5001 G17
M5001 G2 Z15.2 I0.86 J0.86 P1 F20000 ; spiral lift a little
M5001 G1 X0 Y180 F24000 ; move to safe pos
M5001 P15
M5001 M400 P300
M5001 G92 E0
;time lapse end

SET_VELOCITY_LIMIT ACCEL=6000 ACCEL_TO_DECEL=3000 SQUARE_CORNER_VELOCITY=12
G1 X118.807 Y134.333
G1 Z14.8
G1 E.8 F2400
;TYPE:Sparse infill
;WIDTH:0.45
G1 F3236
G1 X125.142 Y140.668 E.29719
G2 X129.963 Y141.651 I4.689 J-10.688 E.16443
G1 X118.175 Y129.863 E.553
G3 X118.696 Y126.546 I11.796 J.153 E.11176
G1 X133.279 Y141.129 E.68411
G2 X135.922 Y139.934 I-3.579 J-11.439 E.09646
G1 X119.891 Y123.903 E.75206
G3 X121.586 Y121.76 I10.398 J6.486 E.09082
G1 X138.066 Y138.24 E.77309
G2 X139.76 Y136.096 I-9.803 J-9.488 E.09079
G1 X123.73 Y120.066 E.752
G3 X126.373 Y118.871 I6.222 J10.244 E.09646
G1 X140.955 Y133.453 E.68405
G2 X141.477 Y130.137 I-11.037 J-3.438 E.11174
G1 X129.688 Y118.348 E.55307
G3 X134.498 Y119.32 I.023 J12.272 E.1639
G1 X140.845 Y125.667 E.29774
; stop printing object 圆柱体 id:0 copy 0
;LAYER_CHANGE
;Z:15
;HEIGHT:0.2
;BEFORE_LAYER_CHANGE
;15
G92 E0

G1 E-.56 F2400
;WIPE_START
G1 F13535.936
G1 X139.43 Y124.252 E-.24
;WIPE_END
EXCLUDE_OBJECT_END NAME=圆柱体_id_0_copy_0

;don't support timelapse gcode in spiral_mode and by object sequence for I3 structure printer
;time lapse begin
M5001 G92 E0
M5001 G17
M5001 G2 Z15.4 I0.86 J0.86 P1 F20000 ; spiral lift a little
M5001 G1 X0 Y180 F24000 ; move to safe pos
M5001 P15
M5001 M400 P300
M5001 G92 E0
;time lapse end

;AFTER_LAYER_CHANGE
;15
;_SET_FAN_SPEED_CHANGING_LAYER
; printing object 圆柱体 id:0 copy 0
EXCLUDE_OBJECT_START NAME=圆柱体_id_0_copy_0
G17
G3 Z15.4 I-.969 J-.737 P1  F30000
G1 X126.364 Y141.433 Z15.4
G1 Z15
G1 E.8 F2400
SET_VELOCITY_LIMIT SQUARE_CORNER_VELOCITY=8
;TYPE:Inner wall
G1 F3235
G1 X126.133 Y141.365 E.00798
G3 X127.751 Y118.234 I3.683 J-11.364 E1.05189
G3 X130.068 Y118.056 I2.181 J13.274 E.07716
G3 X126.532 Y141.486 I-.251 J11.944 E1.34703
G1 X126.421 Y141.451 E.00386
SET_VELOCITY_LIMIT SQUARE_CORNER_VELOCITY=12
G1 X126.405 Y141.864 F30000
SET_VELOCITY_LIMIT SQUARE_CORNER_VELOCITY=8
G1 F3235
G1 X126.008 Y141.752 E.01368
G3 X127.681 Y117.833 I3.809 J-11.752 E1.08774
G3 X130.075 Y117.649 I2.255 J13.728 E.07975
G3 X126.837 Y141.989 I-.258 J12.351 E1.37866
M73 P60 R8
G1 X126.462 Y141.881 E.01294
SET_VELOCITY_LIMIT SQUARE_CORNER_VELOCITY=12
G1 E-.56 F2400
;WIPE_START
G1 F13535.936
G1 X126.008 Y141.752 E-.0567
G1 X125.198 Y141.455 E-.10349
G1 X124.801 Y141.287 E-.05175
G1 X124.589 Y141.188 E-.02806
;WIPE_END
G1 X126.737 Y142.411 Z15.4 F30000
G1 Z15
G1 E.8 F2400
SET_VELOCITY_LIMIT ACCEL=5000 ACCEL_TO_DECEL=2500 SQUARE_CORNER_VELOCITY=8
;TYPE:Outer wall
;WIDTH:0.42
G1 F3235
G1 X126.732 Y142.408 E.00018
G3 X126.055 Y142.22 I3.09 J-12.409 E.02159
G3 X130.082 Y117.215 I3.771 J-12.22 E1.12473
G3 X127.605 Y142.593 I-.26 J12.785 E1.29491
G1 X126.796 Y142.423 E.02542
G1 E-.56 F2400
;WIPE_START
G1 F9000
G1 X126.732 Y142.408 E-.00784
G1 X126.055 Y142.22 E-.08432
G1 X126.055 Y142.22 E0
G1 X125.035 Y141.859 E-.12991
G1 X124.897 Y141.8 E-.01793
;WIPE_END
G17
G3 Z15.4 I1.217 J0 P1  F30000

;don't support timelapse gcode in spiral_mode and by object sequence for I3 structure printer
;time lapse begin
M5001 G92 E0
M5001 G17
M5001 G2 Z15.4 I0.86 J0.86 P1 F20000 ; spiral lift a little
M5001 G1 X0 Y180 F24000 ; move to safe pos
M5001 P15
M5001 M400 P300
M5001 G92 E0
;time lapse end

SET_VELOCITY_LIMIT ACCEL=6000 ACCEL_TO_DECEL=3000 SQUARE_CORNER_VELOCITY=12
G1 X118.807 Y134.333
G1 Z15
G1 E.8 F2400
;TYPE:Sparse infill
;WIDTH:0.45
G1 F3235
G1 X125.142 Y140.668 E.29719
G2 X129.963 Y141.651 I4.689 J-10.688 E.16443
G1 X118.175 Y129.863 E.553
G3 X118.696 Y126.546 I12.376 J.244 E.11173
G1 X133.279 Y141.129 E.68411
G2 X135.922 Y139.934 I-3.579 J-11.439 E.09646
G1 X119.895 Y123.907 E.75187
G3 X121.586 Y121.76 I9.465 J5.718 E.09089
G1 X138.066 Y138.24 E.77309
G2 X139.76 Y136.096 I-9.803 J-9.489 E.09079
G1 X123.73 Y120.066 E.752
G3 X126.37 Y118.868 I6.379 J10.543 E.09638
G1 X140.955 Y133.453 E.68422
G2 X141.477 Y130.137 I-11.042 J-3.438 E.11174
G1 X129.688 Y118.348 E.55306
G3 X134.5 Y119.323 I.027 J12.232 E.16401
G1 X140.841 Y125.663 E.29746
; stop printing object 圆柱体 id:0 copy 0
;LAYER_CHANGE
;Z:15.2
;HEIGHT:0.2
;BEFORE_LAYER_CHANGE
;15.2
G92 E0

G1 E-.56 F2400
;WIPE_START
G1 F13535.936
G1 X139.427 Y124.249 E-.24
;WIPE_END
EXCLUDE_OBJECT_END NAME=圆柱体_id_0_copy_0

;don't support timelapse gcode in spiral_mode and by object sequence for I3 structure printer
;time lapse begin
M5001 G92 E0
M5001 G17
M5001 G2 Z15.6 I0.86 J0.86 P1 F20000 ; spiral lift a little
M5001 G1 X0 Y180 F24000 ; move to safe pos
M5001 P15
M5001 M400 P300
M5001 G92 E0
;time lapse end

;AFTER_LAYER_CHANGE
;15.2
;_SET_FAN_SPEED_CHANGING_LAYER
; printing object 圆柱体 id:0 copy 0
EXCLUDE_OBJECT_START NAME=圆柱体_id_0_copy_0
G17
G3 Z15.6 I-.969 J-.737 P1  F30000
G1 X126.365 Y141.43 Z15.6
G1 Z15.2
G1 E.8 F2400
SET_VELOCITY_LIMIT SQUARE_CORNER_VELOCITY=8
;TYPE:Inner wall
G1 F3235
G1 X125.74 Y141.226 E.0218
G3 X128.407 Y118.139 I4.086 J-11.226 E1.0594
G3 X130.071 Y118.057 I1.421 J11.884 E.05533
G3 X126.533 Y141.483 I-.245 J11.943 E1.34744
G1 X126.422 Y141.448 E.00387
SET_VELOCITY_LIMIT SQUARE_CORNER_VELOCITY=12
G1 X126.404 Y141.864 F30000
SET_VELOCITY_LIMIT SQUARE_CORNER_VELOCITY=8
G1 F3235
G1 X126.007 Y141.752 E.01368
G3 X127.681 Y117.833 I3.809 J-11.752 E1.08775
G3 X130.078 Y117.65 I2.154 J12.398 E.07989
G3 X126.837 Y141.989 I-.262 J12.351 E1.37857
G1 X126.462 Y141.881 E.01294
SET_VELOCITY_LIMIT SQUARE_CORNER_VELOCITY=12
G1 E-.56 F2400
;WIPE_START
G1 F13535.936
G1 X126.007 Y141.752 E-.0567
G1 X125.198 Y141.455 E-.10349
G1 X124.801 Y141.287 E-.05176
G1 X124.591 Y141.184 E-.02806
;WIPE_END
G1 X126.734 Y142.411 Z15.6 F30000
G1 Z15.2
G1 E.8 F2400
SET_VELOCITY_LIMIT ACCEL=5000 ACCEL_TO_DECEL=2500 SQUARE_CORNER_VELOCITY=8
;TYPE:Outer wall
;WIDTH:0.42
G1 F3235
G1 X126.731 Y142.412 E.00009
G3 X127.605 Y117.404 I3.085 J-12.411 E1.07051
G3 X130.086 Y117.215 I2.229 J12.834 E.07657
G3 X127.349 Y142.549 I-.27 J12.786 E1.30252
G1 X126.793 Y142.424 E.01753
G1 E-.56 F2400
;WIPE_START
G1 F9000
G1 X126.731 Y142.412 E-.00749
G1 X125.874 Y142.164 E-.10714
G1 X125.035 Y141.859 E-.10712
G1 X124.895 Y141.799 E-.01826
;WIPE_END
G17
G3 Z15.6 I1.217 J0 P1  F30000

;don't support timelapse gcode in spiral_mode and by object sequence for I3 structure printer
;time lapse begin
M5001 G92 E0
M5001 G17
M5001 G2 Z15.6 I0.86 J0.86 P1 F20000 ; spiral lift a little
M5001 G1 X0 Y180 F24000 ; move to safe pos
M5001 P15
M5001 M400 P300
M5001 G92 E0
;time lapse end

SET_VELOCITY_LIMIT ACCEL=6000 ACCEL_TO_DECEL=3000 SQUARE_CORNER_VELOCITY=12
G1 X118.807 Y134.333
G1 Z15.2
G1 E.8 F2400
;TYPE:Sparse infill
;WIDTH:0.45
G1 F3235
G1 X125.142 Y140.668 E.29719
G2 X129.963 Y141.651 I4.689 J-10.688 E.16443
G1 X118.175 Y129.863 E.553
G3 X118.696 Y126.546 I12.22 J.22 E.11173
G1 X133.279 Y141.129 E.68411
G2 X135.922 Y139.934 I-3.579 J-11.439 E.09646
G1 X119.892 Y123.904 E.752
G3 X121.586 Y121.76 I11.608 J7.432 E.09079
M73 P61 R8
G1 X138.068 Y138.242 E.77318
G2 X139.761 Y136.097 I-8.232 J-8.242 E.09085
G1 X123.73 Y120.066 E.75206
G3 X126.373 Y118.871 I6.222 J10.245 E.09646
G1 X140.955 Y133.453 E.68405
G2 X141.477 Y130.137 I-11.045 J-3.439 E.11174
G1 X129.688 Y118.348 E.55306
G3 X134.498 Y119.32 I.023 J12.271 E.1639
G1 X140.845 Y125.667 E.29774
; stop printing object 圆柱体 id:0 copy 0
;LAYER_CHANGE
;Z:15.4
;HEIGHT:0.2
;BEFORE_LAYER_CHANGE
;15.4
G92 E0

G1 E-.56 F2400
;WIPE_START
G1 F13535.936
G1 X139.43 Y124.252 E-.24
;WIPE_END
EXCLUDE_OBJECT_END NAME=圆柱体_id_0_copy_0

;don't support timelapse gcode in spiral_mode and by object sequence for I3 structure printer
;time lapse begin
M5001 G92 E0
M5001 G17
M5001 G2 Z15.8 I0.86 J0.86 P1 F20000 ; spiral lift a little
M5001 G1 X0 Y180 F24000 ; move to safe pos
M5001 P15
M5001 M400 P300
M5001 G92 E0
;time lapse end

;AFTER_LAYER_CHANGE
;15.4
;_SET_FAN_SPEED_CHANGING_LAYER
; printing object 圆柱体 id:0 copy 0
EXCLUDE_OBJECT_START NAME=圆柱体_id_0_copy_0
G17
G3 Z15.8 I-.969 J-.737 P1  F30000
G1 X126.365 Y141.429 Z15.8
G1 Z15.4
G1 E.8 F2400
SET_VELOCITY_LIMIT SQUARE_CORNER_VELOCITY=8
;TYPE:Inner wall
G1 F3235
G1 X126.134 Y141.361 E.00797
G3 X128.41 Y118.138 I3.692 J-11.361 E1.07334
G3 X130.075 Y118.057 I1.417 J11.889 E.05533
G3 X126.936 Y141.591 I-.249 J11.943 E1.3335
G1 X126.423 Y141.446 E.0177
SET_VELOCITY_LIMIT SQUARE_CORNER_VELOCITY=12
G1 X126.404 Y141.864 F30000
SET_VELOCITY_LIMIT SQUARE_CORNER_VELOCITY=8
G1 F3235
G1 X126.007 Y141.752 E.01368
G3 X127.681 Y117.833 I3.809 J-11.752 E1.08774
G3 X130.082 Y117.65 I2.154 J12.399 E.08
G3 X126.837 Y141.989 I-.265 J12.351 E1.37845
G1 X126.462 Y141.881 E.01294
SET_VELOCITY_LIMIT SQUARE_CORNER_VELOCITY=12
G1 E-.56 F2400
;WIPE_START
G1 F13535.936
G1 X126.007 Y141.752 E-.0567
G1 X125.198 Y141.455 E-.10349
G1 X124.59 Y141.185 E-.07981
;WIPE_END
G1 X126.731 Y142.41 Z15.8 F30000
G1 Z15.4
G1 E.8 F2400
SET_VELOCITY_LIMIT ACCEL=5000 ACCEL_TO_DECEL=2500 SQUARE_CORNER_VELOCITY=8
;TYPE:Outer wall
;WIDTH:0.42
G1 F3235
G1 X125.874 Y142.162 E.0274
G3 X125.206 Y141.924 I3.952 J-12.162 E.02181
G3 X130.089 Y117.215 I4.62 J-11.924 E1.09732
G3 X126.789 Y142.422 I-.263 J12.785 E1.32062
G1 E-.56 F2400
;WIPE_START
G1 F9000
G1 X125.874 Y142.162 E-.11407
G1 X125.206 Y141.924 E-.08515
G1 X125.206 Y141.924 E0
G1 X124.894 Y141.789 E-.04078
;WIPE_END
G17
G3 Z15.8 I1.217 J0 P1  F30000

;don't support timelapse gcode in spiral_mode and by object sequence for I3 structure printer
;time lapse begin
M5001 G92 E0
M5001 G17
M5001 G2 Z15.8 I0.86 J0.86 P1 F20000 ; spiral lift a little
M5001 G1 X0 Y180 F24000 ; move to safe pos
M5001 P15
M5001 M400 P300
M5001 G92 E0
;time lapse end

SET_VELOCITY_LIMIT ACCEL=6000 ACCEL_TO_DECEL=3000 SQUARE_CORNER_VELOCITY=12
G1 X118.807 Y134.333
G1 Z15.4
G1 E.8 F2400
;TYPE:Sparse infill
;WIDTH:0.45
G1 F3235
G1 X125.142 Y140.668 E.29719
G2 X129.963 Y141.651 I4.664 J-10.566 E.16446
G1 X118.175 Y129.863 E.553
G3 X118.696 Y126.546 I12.949 J.334 E.1117
G1 X133.279 Y141.129 E.68411
G2 X135.922 Y139.934 I-3.579 J-11.439 E.09646
G1 X119.892 Y123.904 E.752
G3 X121.586 Y121.76 I11.608 J7.432 E.09079
G1 X138.068 Y138.242 E.77318
G2 X139.761 Y136.097 I-8.229 J-8.239 E.09085
G1 X123.73 Y120.066 E.75206
G3 X126.373 Y118.871 I6.222 J10.244 E.09646
G1 X140.956 Y133.454 E.68411
G2 X141.477 Y130.137 I-11.871 J-3.564 E.11172
G1 X129.688 Y118.348 E.55306
G3 X134.501 Y119.323 I.028 J12.23 E.16401
G1 X140.841 Y125.663 E.29746
; stop printing object 圆柱体 id:0 copy 0
;LAYER_CHANGE
;Z:15.6
;HEIGHT:0.200001
;BEFORE_LAYER_CHANGE
;15.6
G92 E0

G1 E-.56 F2400
;WIPE_START
G1 F13535.936
G1 X139.427 Y124.249 E-.24
;WIPE_END
EXCLUDE_OBJECT_END NAME=圆柱体_id_0_copy_0

;don't support timelapse gcode in spiral_mode and by object sequence for I3 structure printer
;time lapse begin
M5001 G92 E0
M5001 G17
M5001 G2 Z16 I0.86 J0.86 P1 F20000 ; spiral lift a little
M5001 G1 X0 Y180 F24000 ; move to safe pos
M5001 P15
M5001 M400 P300
M5001 G92 E0
;time lapse end

;AFTER_LAYER_CHANGE
;15.6
;_SET_FAN_SPEED_CHANGING_LAYER
; printing object 圆柱体 id:0 copy 0
EXCLUDE_OBJECT_START NAME=圆柱体_id_0_copy_0
G17
G3 Z16 I-.969 J-.737 P1  F30000
G1 X126.365 Y141.429 Z16
G1 Z15.6
G1 E.8 F2400
SET_VELOCITY_LIMIT SQUARE_CORNER_VELOCITY=8
;TYPE:Inner wall
G1 F3236
G1 X126.133 Y141.366 E.00797
G3 X128.163 Y118.169 I3.682 J-11.365 E1.06587
G3 X130.078 Y118.057 I1.668 J12.111 E.0637
G3 X126.935 Y141.595 I-.263 J11.944 E1.33277
G1 X126.422 Y141.446 E.01771
SET_VELOCITY_LIMIT SQUARE_CORNER_VELOCITY=12
G1 X126.404 Y141.864 F30000
SET_VELOCITY_LIMIT SQUARE_CORNER_VELOCITY=8
G1 F3236
G1 X126.007 Y141.752 E.01368
G3 X127.681 Y117.833 I3.809 J-11.752 E1.08774
M73 P62 R8
G3 X130.085 Y117.65 I2.254 J13.717 E.0801
G3 X126.837 Y141.989 I-.268 J12.351 E1.37834
G1 X126.462 Y141.881 E.01294
SET_VELOCITY_LIMIT SQUARE_CORNER_VELOCITY=12
G1 E-.56 F2400
;WIPE_START
G1 F13535.936
G1 X126.007 Y141.752 E-.05669
G1 X125.198 Y141.455 E-.10349
G1 X124.801 Y141.287 E-.05176
G1 X124.589 Y141.188 E-.02806
;WIPE_END
G1 X126.728 Y142.409 Z16 F30000
G1 Z15.6
G1 E.8 F2400
SET_VELOCITY_LIMIT ACCEL=5000 ACCEL_TO_DECEL=2500 SQUARE_CORNER_VELOCITY=8
;TYPE:Outer wall
;WIDTH:0.42
G1 F3236
G1 X125.873 Y142.166 E.02731
G3 X127.605 Y117.404 I3.943 J-12.166 E1.04306
G3 X130.093 Y117.215 I2.334 J14.202 E.07676
G3 X126.785 Y142.425 I-.276 J12.786 E1.32006
G1 E-.56 F2400
;WIPE_START
G1 F9000
G1 X125.873 Y142.166 E-.11382
G1 X125.035 Y141.859 E-.10713
G1 X124.889 Y141.797 E-.01904
;WIPE_END
G17
G3 Z16 I1.217 J0 P1  F30000

;don't support timelapse gcode in spiral_mode and by object sequence for I3 structure printer
;time lapse begin
M5001 G92 E0
M5001 G17
M5001 G2 Z16 I0.86 J0.86 P1 F20000 ; spiral lift a little
M5001 G1 X0 Y180 F24000 ; move to safe pos
M5001 P15
M5001 M400 P300
M5001 G92 E0
;time lapse end

SET_VELOCITY_LIMIT ACCEL=6000 ACCEL_TO_DECEL=3000 SQUARE_CORNER_VELOCITY=12
G1 X118.807 Y134.333
G1 Z15.6
G1 E.8 F2400
;TYPE:Sparse infill
;WIDTH:0.45
G1 F3236
G1 X125.142 Y140.668 E.29719
G2 X129.963 Y141.651 I4.664 J-10.563 E.16446
G1 X118.175 Y129.863 E.553
G3 X118.696 Y126.546 I13.777 J.464 E.11166
G1 X133.279 Y141.129 E.68411
G2 X135.922 Y139.934 I-3.579 J-11.439 E.09646
G1 X119.895 Y123.907 E.75187
G3 X121.586 Y121.76 I9.465 J5.718 E.09089
G1 X138.066 Y138.24 E.77309
G2 X139.76 Y136.096 I-9.803 J-9.488 E.09079
G1 X123.73 Y120.066 E.752
G3 X126.373 Y118.871 I6.222 J10.244 E.09646
G1 X140.955 Y133.453 E.68405
G2 X141.477 Y130.137 I-11.054 J-3.44 E.11174
G1 X129.688 Y118.348 E.55306
G3 X134.5 Y119.323 I.028 J12.23 E.16401
G1 X140.845 Y125.667 E.29761
; stop printing object 圆柱体 id:0 copy 0
;LAYER_CHANGE
;Z:15.8
;HEIGHT:0.2
;BEFORE_LAYER_CHANGE
;15.8
G92 E0

G1 E-.56 F2400
;WIPE_START
G1 F13535.936
G1 X139.43 Y124.252 E-.24
;WIPE_END
EXCLUDE_OBJECT_END NAME=圆柱体_id_0_copy_0

;don't support timelapse gcode in spiral_mode and by object sequence for I3 structure printer
;time lapse begin
M5001 G92 E0
M5001 G17
M5001 G2 Z16.2 I0.86 J0.86 P1 F20000 ; spiral lift a little
M5001 G1 X0 Y180 F24000 ; move to safe pos
M5001 P15
M5001 M400 P300
M5001 G92 E0
;time lapse end

;AFTER_LAYER_CHANGE
;15.8
;_SET_FAN_SPEED_CHANGING_LAYER
; printing object 圆柱体 id:0 copy 0
EXCLUDE_OBJECT_START NAME=圆柱体_id_0_copy_0
G17
G3 Z16.2 I-.969 J-.737 P1  F30000
G1 X126.364 Y141.43 Z16.2
G1 Z15.8
G1 E.8 F2400
SET_VELOCITY_LIMIT SQUARE_CORNER_VELOCITY=8
;TYPE:Inner wall
G1 F3235
G1 X125.742 Y141.221 E.02178
G3 X128.417 Y118.137 I4.084 J-11.223 E1.05953
G3 X130.082 Y118.057 I1.411 J11.901 E.05533
G3 X126.535 Y141.478 I-.256 J11.941 E1.34676
G1 X126.422 Y141.446 E.00388
SET_VELOCITY_LIMIT SQUARE_CORNER_VELOCITY=12
G1 X126.396 Y141.869 F30000
SET_VELOCITY_LIMIT SQUARE_CORNER_VELOCITY=8
G1 F3235
G1 X126.007 Y141.752 E.01345
G3 X127.681 Y117.833 I3.81 J-11.752 E1.08775
G3 X130.089 Y117.65 I2.154 J12.4 E.08023
G3 X126.453 Y141.888 I-.272 J12.351 E1.39144
SET_VELOCITY_LIMIT SQUARE_CORNER_VELOCITY=12
G1 E-.56 F2400
;WIPE_START
G1 F13535.936
G1 X126.007 Y141.752 E-.05584
G1 X125.198 Y141.455 E-.10349
G1 X124.801 Y141.287 E-.05176
G1 X124.584 Y141.181 E-.02891
;WIPE_END
G1 X126.725 Y142.408 Z16.2 F30000
G1 Z15.8
G1 E.8 F2400
SET_VELOCITY_LIMIT ACCEL=5000 ACCEL_TO_DECEL=2500 SQUARE_CORNER_VELOCITY=8
;TYPE:Outer wall
;WIDTH:0.42
G1 F3235
G1 X126.041 Y142.22 E.02181
G3 X127.605 Y117.404 I3.776 J-12.219 E1.04848
G3 X130.096 Y117.215 I2.23 J12.837 E.07689
G3 X126.782 Y142.424 I-.28 J12.786 E1.32007
G1 E-.56 F2400
;WIPE_START
G1 F9000
G1 X126.041 Y142.22 E-.09233
G1 X125.035 Y141.859 E-.12825
G1 X124.886 Y141.795 E-.01942
;WIPE_END
G17
G3 Z16.2 I1.217 J0 P1  F30000

;don't support timelapse gcode in spiral_mode and by object sequence for I3 structure printer
;time lapse begin
M5001 G92 E0
M5001 G17
M5001 G2 Z16.2 I0.86 J0.86 P1 F20000 ; spiral lift a little
M5001 G1 X0 Y180 F24000 ; move to safe pos
M5001 P15
M5001 M400 P300
M5001 G92 E0
;time lapse end

SET_VELOCITY_LIMIT ACCEL=6000 ACCEL_TO_DECEL=3000 SQUARE_CORNER_VELOCITY=12
G1 X118.807 Y134.333
G1 Z15.8
G1 E.8 F2400
;TYPE:Sparse infill
;WIDTH:0.45
G1 F3235
G1 X125.142 Y140.668 E.29719
G2 X129.963 Y141.651 I4.689 J-10.688 E.16443
G1 X118.175 Y129.863 E.553
G3 X118.696 Y126.546 I11.796 J.153 E.11176
G1 X133.279 Y141.129 E.68411
G2 X135.922 Y139.934 I-3.579 J-11.439 E.09646
G1 X119.892 Y123.904 E.752
G3 X121.586 Y121.76 I11.608 J7.432 E.09079
M73 P63 R8
G1 X138.066 Y138.24 E.77312
G2 X139.761 Y136.097 I-10.009 J-9.657 E.09078
G1 X123.73 Y120.066 E.75206
G3 X126.373 Y118.871 I6.222 J10.244 E.09646
G1 X140.956 Y133.454 E.68411
G2 X141.477 Y130.137 I-11.275 J-3.47 E.11176
G1 X129.688 Y118.348 E.55306
G3 X134.5 Y119.323 I.028 J12.229 E.164
G1 X140.841 Y125.663 E.29746
; stop printing object 圆柱体 id:0 copy 0
;LAYER_CHANGE
;Z:16
;HEIGHT:0.2
;BEFORE_LAYER_CHANGE
;16
G92 E0

G1 E-.56 F2400
;WIPE_START
G1 F13535.936
G1 X139.427 Y124.249 E-.24
;WIPE_END
EXCLUDE_OBJECT_END NAME=圆柱体_id_0_copy_0

;don't support timelapse gcode in spiral_mode and by object sequence for I3 structure printer
;time lapse begin
M5001 G92 E0
M5001 G17
M5001 G2 Z16.4 I0.86 J0.86 P1 F20000 ; spiral lift a little
M5001 G1 X0 Y180 F24000 ; move to safe pos
M5001 P15
M5001 M400 P300
M5001 G92 E0
;time lapse end

;AFTER_LAYER_CHANGE
;16
;_SET_FAN_SPEED_CHANGING_LAYER
; printing object 圆柱体 id:0 copy 0
EXCLUDE_OBJECT_START NAME=圆柱体_id_0_copy_0
G17
G3 Z16.4 I-.969 J-.737 P1  F30000
G1 X126.364 Y141.43 Z16.4
G1 Z16
G1 E.8 F2400
SET_VELOCITY_LIMIT SQUARE_CORNER_VELOCITY=8
;TYPE:Inner wall
G1 F3235
G1 X125.742 Y141.221 E.02178
G3 X128.42 Y118.137 I4.084 J-11.223 E1.05965
G3 X130.085 Y118.057 I1.408 J11.907 E.05533
G3 X126.535 Y141.478 I-.259 J11.94 E1.34664
G1 X126.422 Y141.446 E.00388
SET_VELOCITY_LIMIT SQUARE_CORNER_VELOCITY=12
G1 X126.404 Y141.864 F30000
SET_VELOCITY_LIMIT SQUARE_CORNER_VELOCITY=8
G1 F3235
G1 X126.007 Y141.753 E.01368
G3 X127.681 Y117.833 I3.81 J-11.752 E1.08775
G3 X130.092 Y117.65 I2.154 J12.401 E.08035
G3 X126.837 Y141.99 I-.275 J12.351 E1.37815
G1 X126.462 Y141.881 E.01294
SET_VELOCITY_LIMIT SQUARE_CORNER_VELOCITY=12
G1 E-.56 F2400
;WIPE_START
G1 F13535.936
G1 X126.007 Y141.753 E-.0567
G1 X125.198 Y141.455 E-.10349
G1 X124.801 Y141.287 E-.05175
G1 X124.589 Y141.188 E-.02806
;WIPE_END
G1 X126.722 Y142.407 Z16.4 F30000
G1 Z16
G1 E.8 F2400
SET_VELOCITY_LIMIT ACCEL=5000 ACCEL_TO_DECEL=2500 SQUARE_CORNER_VELOCITY=8
;TYPE:Outer wall
;WIDTH:0.42
G1 F3235
G1 X125.873 Y142.166 E.02712
G3 X127.605 Y117.404 I3.944 J-12.166 E1.04307
G3 X130.1 Y117.215 I2.23 J12.838 E.077
G3 X126.78 Y142.424 I-.283 J12.786 E1.32007
G1 E-.56 F2400
;WIPE_START
G1 F9000
G1 X125.873 Y142.166 E-.1131
G1 X125.035 Y141.859 E-.10713
G1 X124.883 Y141.794 E-.01976
;WIPE_END
G17
G3 Z16.4 I1.217 J0 P1  F30000

;don't support timelapse gcode in spiral_mode and by object sequence for I3 structure printer
;time lapse begin
M5001 G92 E0
M5001 G17
M5001 G2 Z16.4 I0.86 J0.86 P1 F20000 ; spiral lift a little
M5001 G1 X0 Y180 F24000 ; move to safe pos
M5001 P15
M5001 M400 P300
M5001 G92 E0
;time lapse end

SET_VELOCITY_LIMIT ACCEL=6000 ACCEL_TO_DECEL=3000 SQUARE_CORNER_VELOCITY=12
G1 X118.807 Y134.333
G1 Z16
G1 E.8 F2400
;TYPE:Sparse infill
;WIDTH:0.45
G1 F3235
G1 X125.142 Y140.668 E.29719
G2 X129.963 Y141.651 I4.689 J-10.688 E.16443
G1 X118.175 Y129.863 E.553
G3 X118.696 Y126.546 I12.943 J.333 E.1117
G1 X133.279 Y141.129 E.68411
G2 X135.922 Y139.934 I-3.579 J-11.439 E.09646
G1 X119.895 Y123.907 E.75187
G3 X121.586 Y121.76 I9.465 J5.718 E.09089
G1 X138.066 Y138.24 E.77309
G2 X139.76 Y136.096 I-9.803 J-9.488 E.09079
G1 X123.73 Y120.066 E.752
G3 X126.37 Y118.868 I6.379 J10.543 E.09638
G1 X140.955 Y133.453 E.68422
G2 X141.477 Y130.137 I-11.062 J-3.441 E.11174
G1 X129.688 Y118.348 E.55306
G3 X134.498 Y119.32 I-.027 J12.519 E.16385
G1 X140.841 Y125.663 E.29758
; stop printing object 圆柱体 id:0 copy 0
;LAYER_CHANGE
;Z:16.2
;HEIGHT:0.200001
;BEFORE_LAYER_CHANGE
;16.2
G92 E0

G1 E-.56 F2400
;WIPE_START
G1 F13535.936
G1 X139.427 Y124.249 E-.24
;WIPE_END
EXCLUDE_OBJECT_END NAME=圆柱体_id_0_copy_0

;don't support timelapse gcode in spiral_mode and by object sequence for I3 structure printer
;time lapse begin
M5001 G92 E0
M5001 G17
M5001 G2 Z16.6 I0.86 J0.86 P1 F20000 ; spiral lift a little
M5001 G1 X0 Y180 F24000 ; move to safe pos
M5001 P15
M5001 M400 P300
M5001 G92 E0
;time lapse end

;AFTER_LAYER_CHANGE
;16.2
;_SET_FAN_SPEED_CHANGING_LAYER
; printing object 圆柱体 id:0 copy 0
EXCLUDE_OBJECT_START NAME=圆柱体_id_0_copy_0
G17
G3 Z16.6 I-.968 J-.737 P1  F30000
G1 X126.346 Y141.428 Z16.6
G1 Z16.2
G1 E.8 F2400
SET_VELOCITY_LIMIT SQUARE_CORNER_VELOCITY=8
;TYPE:Inner wall
G1 F3235
G1 X126.133 Y141.366 E.00735
G3 X128.163 Y118.169 I3.682 J-11.365 E1.06585
M73 P63 R7
G3 X130.089 Y118.057 I1.669 J12.116 E.06404
G3 X126.532 Y141.487 I-.273 J11.944 E1.34629
G1 X126.403 Y141.446 E.0045
SET_VELOCITY_LIMIT SQUARE_CORNER_VELOCITY=12
G1 X126.39 Y141.867 F30000
SET_VELOCITY_LIMIT SQUARE_CORNER_VELOCITY=8
G1 F3235
G1 X126.007 Y141.753 E.01325
G3 X128.106 Y117.765 I3.808 J-11.752 E1.10217
M73 P64 R7
G3 X130.096 Y117.65 I1.726 J12.528 E.06616
G3 X126.447 Y141.886 I-.281 J12.351 E1.39129
SET_VELOCITY_LIMIT SQUARE_CORNER_VELOCITY=12
G1 E-.56 F2400
;WIPE_START
G1 F13535.936
G1 X126.007 Y141.753 E-.05512
G1 X125.198 Y141.455 E-.10349
G1 X124.801 Y141.287 E-.05175
G1 X124.577 Y141.182 E-.02964
;WIPE_END
G1 X126.719 Y142.406 Z16.6 F30000
G1 Z16.2
G1 E.8 F2400
SET_VELOCITY_LIMIT ACCEL=5000 ACCEL_TO_DECEL=2500 SQUARE_CORNER_VELOCITY=8
;TYPE:Outer wall
;WIDTH:0.42
G1 F3235
G1 X125.876 Y142.158 E.02702
G3 X117.613 Y126.209 I3.948 J-12.161 E.61193
G3 X130.103 Y117.215 I12.214 J3.791 E.5075
G3 X126.778 Y142.415 I-.279 J12.782 E1.32015
G1 E-.56 F2400
;WIPE_START
G1 F9000
G1 X125.876 Y142.158 E-.11253
G1 X125.035 Y141.859 E-.1071
G1 X124.879 Y141.792 E-.02037
;WIPE_END
G17
G3 Z16.6 I1.217 J0 P1  F30000

;don't support timelapse gcode in spiral_mode and by object sequence for I3 structure printer
;time lapse begin
M5001 G92 E0
M5001 G17
M5001 G2 Z16.6 I0.86 J0.86 P1 F20000 ; spiral lift a little
M5001 G1 X0 Y180 F24000 ; move to safe pos
M5001 P15
M5001 M400 P300
M5001 G92 E0
;time lapse end

SET_VELOCITY_LIMIT ACCEL=6000 ACCEL_TO_DECEL=3000 SQUARE_CORNER_VELOCITY=12
G1 X118.807 Y134.333
G1 Z16.2
G1 E.8 F2400
;TYPE:Sparse infill
;WIDTH:0.45
G1 F3235
G1 X125.142 Y140.668 E.29719
G2 X129.963 Y141.651 I4.662 J-10.557 E.16446
G1 X118.175 Y129.863 E.553
G3 X118.696 Y126.546 I12.941 J.333 E.1117
G1 X133.279 Y141.129 E.68411
G2 X135.923 Y139.935 I-3.62 J-11.548 E.09647
G1 X119.895 Y123.907 E.75193
G3 X121.586 Y121.76 I9.465 J5.718 E.09089
G1 X138.066 Y138.24 E.77309
G2 X139.76 Y136.096 I-9.803 J-9.488 E.09079
G1 X123.73 Y120.066 E.752
G3 X126.373 Y118.871 I5.917 J9.568 E.09649
G1 X140.956 Y133.454 E.68411
G2 X141.477 Y130.137 I-11.902 J-3.569 E.11172
G1 X129.688 Y118.348 E.55306
G3 X134.501 Y119.323 I.029 J12.228 E.164
G1 X140.841 Y125.663 E.29746
; stop printing object 圆柱体 id:0 copy 0
;LAYER_CHANGE
;Z:16.4
;HEIGHT:0.199999
;BEFORE_LAYER_CHANGE
;16.4
G92 E0

G1 E-.56 F2400
;WIPE_START
G1 F13535.936
G1 X139.427 Y124.249 E-.24
;WIPE_END
EXCLUDE_OBJECT_END NAME=圆柱体_id_0_copy_0

;don't support timelapse gcode in spiral_mode and by object sequence for I3 structure printer
;time lapse begin
M5001 G92 E0
M5001 G17
M5001 G2 Z16.8 I0.86 J0.86 P1 F20000 ; spiral lift a little
M5001 G1 X0 Y180 F24000 ; move to safe pos
M5001 P15
M5001 M400 P300
M5001 G92 E0
;time lapse end

;AFTER_LAYER_CHANGE
;16.4
;_SET_FAN_SPEED_CHANGING_LAYER
; printing object 圆柱体 id:0 copy 0
EXCLUDE_OBJECT_START NAME=圆柱体_id_0_copy_0
G17
G3 Z16.8 I-.969 J-.737 P1  F30000
G1 X126.364 Y141.43 Z16.8
G1 Z16.4
G1 E.8 F2400
SET_VELOCITY_LIMIT SQUARE_CORNER_VELOCITY=8
;TYPE:Inner wall
G1 F3235
G1 X125.74 Y141.226 E.02177
G3 X128.427 Y118.136 I4.086 J-11.226 E1.0601
G3 X130.092 Y118.057 I1.401 J11.921 E.05533
G3 X126.533 Y141.483 I-.266 J11.943 E1.34675
G1 X126.421 Y141.448 E.0039
SET_VELOCITY_LIMIT SQUARE_CORNER_VELOCITY=12
G1 X126.402 Y141.865 F30000
SET_VELOCITY_LIMIT SQUARE_CORNER_VELOCITY=8
G1 F3235
G1 X126.159 Y141.796 E.00835
G3 X128.378 Y117.732 I3.667 J-11.796 E1.1157
G3 X130.099 Y117.65 I1.451 J12.323 E.05722
G3 X126.838 Y141.986 I-.273 J12.35 E1.37841
G1 X126.459 Y141.881 E.01302
SET_VELOCITY_LIMIT SQUARE_CORNER_VELOCITY=12
G1 E-.56 F2400
;WIPE_START
G1 F13535.936
G1 X126.159 Y141.796 E-.03742
G1 X125.6 Y141.61 E-.0707
G1 X125.198 Y141.455 E-.05175
G1 X124.588 Y141.184 E-.08013
;WIPE_END
G1 X126.716 Y142.406 Z16.8 F30000
G1 Z16.4
G1 E.8 F2400
SET_VELOCITY_LIMIT ACCEL=5000 ACCEL_TO_DECEL=2500 SQUARE_CORNER_VELOCITY=8
;TYPE:Outer wall
;WIDTH:0.42
G1 F3235
G1 X125.873 Y142.165 E.02694
G3 X127.605 Y117.404 I3.943 J-12.165 E1.04302
G3 X130.107 Y117.215 I2.23 J12.84 E.07721
G3 X126.774 Y142.421 I-.29 J12.785 E1.31997
G1 E-.56 F2400
;WIPE_START
G1 F9000
G1 X125.873 Y142.165 E-.11241
G1 X125.035 Y141.859 E-.10712
G1 X124.878 Y141.792 E-.02046
;WIPE_END
G17
G3 Z16.8 I1.217 J0 P1  F30000

;don't support timelapse gcode in spiral_mode and by object sequence for I3 structure printer
;time lapse begin
M5001 G92 E0
M5001 G17
M5001 G2 Z16.8 I0.86 J0.86 P1 F20000 ; spiral lift a little
M5001 G1 X0 Y180 F24000 ; move to safe pos
M5001 P15
M5001 M400 P300
M5001 G92 E0
;time lapse end

SET_VELOCITY_LIMIT ACCEL=6000 ACCEL_TO_DECEL=3000 SQUARE_CORNER_VELOCITY=12
G1 X118.807 Y134.333
G1 Z16.4
G1 E.8 F2400
;TYPE:Sparse infill
;WIDTH:0.45
G1 F3235
G1 X125.142 Y140.668 E.29719
G2 X129.963 Y141.651 I4.662 J-10.555 E.16446
G1 X118.175 Y129.863 E.553
G3 X118.696 Y126.546 I11.796 J.153 E.11176
G1 X133.279 Y141.129 E.68411
G2 X135.922 Y139.934 I-3.579 J-11.439 E.09646
G1 X119.895 Y123.907 E.75187
G3 X121.586 Y121.76 I9.465 J5.718 E.09089
M73 P65 R7
G1 X138.067 Y138.241 E.77317
G2 X139.76 Y136.096 I-8.093 J-8.124 E.09086
G1 X123.73 Y120.066 E.752
G3 X126.373 Y118.871 I6.222 J10.245 E.09646
G1 X140.955 Y133.453 E.68405
G2 X141.477 Y130.137 I-11.069 J-3.443 E.11174
G1 X129.688 Y118.348 E.55305
G3 X134.5 Y119.323 I.029 J12.227 E.164
G1 X140.841 Y125.663 E.29746
; stop printing object 圆柱体 id:0 copy 0
;LAYER_CHANGE
;Z:16.6
;HEIGHT:0.200001
;BEFORE_LAYER_CHANGE
;16.6
G92 E0

G1 E-.56 F2400
;WIPE_START
G1 F13535.936
G1 X139.427 Y124.249 E-.24
;WIPE_END
EXCLUDE_OBJECT_END NAME=圆柱体_id_0_copy_0

;don't support timelapse gcode in spiral_mode and by object sequence for I3 structure printer
;time lapse begin
M5001 G92 E0
M5001 G17
M5001 G2 Z17 I0.86 J0.86 P1 F20000 ; spiral lift a little
M5001 G1 X0 Y180 F24000 ; move to safe pos
M5001 P15
M5001 M400 P300
M5001 G92 E0
;time lapse end

;AFTER_LAYER_CHANGE
;16.6
;_SET_FAN_SPEED_CHANGING_LAYER
; printing object 圆柱体 id:0 copy 0
EXCLUDE_OBJECT_START NAME=圆柱体_id_0_copy_0
G17
G3 Z17 I-.969 J-.737 P1  F30000
G1 X126.364 Y141.429 Z17
G1 Z16.6
G1 E.8 F2400
SET_VELOCITY_LIMIT SQUARE_CORNER_VELOCITY=8
;TYPE:Inner wall
G1 F3235
G1 X126.133 Y141.366 E.00794
G3 X128.163 Y118.169 I3.683 J-11.365 E1.06583
G3 X130.096 Y118.057 I1.669 J12.121 E.06427
G3 X126.935 Y141.595 I-.28 J11.944 E1.33224
G1 X126.422 Y141.446 E.01774
SET_VELOCITY_LIMIT SQUARE_CORNER_VELOCITY=12
G1 X126.401 Y141.863 F30000
SET_VELOCITY_LIMIT SQUARE_CORNER_VELOCITY=8
G1 F3235
G1 X126.007 Y141.753 E.01356
G3 X128.106 Y117.765 I3.808 J-11.752 E1.10216
G3 X130.103 Y117.65 I1.726 J12.533 E.0664
G3 X126.837 Y141.99 I-.287 J12.351 E1.3777
G1 X126.459 Y141.88 E.01306
SET_VELOCITY_LIMIT SQUARE_CORNER_VELOCITY=12
G1 E-.56 F2400
;WIPE_START
G1 F13535.936
G1 X126.007 Y141.753 E-.05627
G1 X125.198 Y141.455 E-.10349
G1 X124.801 Y141.287 E-.05175
G1 X124.587 Y141.183 E-.02848
;WIPE_END
G1 X126.714 Y142.405 Z17 F30000
G1 Z16.6
G1 E.8 F2400
SET_VELOCITY_LIMIT ACCEL=5000 ACCEL_TO_DECEL=2500 SQUARE_CORNER_VELOCITY=8
;TYPE:Outer wall
;WIDTH:0.42
G1 F3235
G1 X125.874 Y142.162 E.02685
G3 X117.615 Y126.203 I3.952 J-12.162 E.61225
G3 X130.11 Y117.215 I12.229 J3.821 E.50735
G3 X126.772 Y142.418 I-.284 J12.785 E1.32048
G1 E-.56 F2400
;WIPE_START
G1 F9000
G1 X125.874 Y142.162 E-.11206
G1 X125.035 Y141.859 E-.10711
G1 X124.875 Y141.791 E-.02083
;WIPE_END
G17
G3 Z17 I1.217 J0 P1  F30000

;don't support timelapse gcode in spiral_mode and by object sequence for I3 structure printer
;time lapse begin
M5001 G92 E0
M5001 G17
M5001 G2 Z17 I0.86 J0.86 P1 F20000 ; spiral lift a little
M5001 G1 X0 Y180 F24000 ; move to safe pos
M5001 P15
M5001 M400 P300
M5001 G92 E0
;time lapse end

SET_VELOCITY_LIMIT ACCEL=6000 ACCEL_TO_DECEL=3000 SQUARE_CORNER_VELOCITY=12
G1 X118.807 Y134.333
G1 Z16.6
G1 E.8 F2400
;TYPE:Sparse infill
;WIDTH:0.45
G1 F3235
G1 X125.142 Y140.668 E.29719
G2 X129.963 Y141.651 I4.689 J-10.688 E.16443
G1 X118.175 Y129.863 E.553
G3 X118.696 Y126.546 I12.161 J.21 E.11174
G1 X133.279 Y141.129 E.68411
G2 X135.922 Y139.934 I-3.579 J-11.439 E.09646
G1 X119.891 Y123.903 E.75206
G3 X121.586 Y121.76 I9.786 J6.002 E.09085
G1 X138.066 Y138.24 E.77312
G2 X139.761 Y136.097 I-10 J-9.651 E.09078
G1 X123.729 Y120.065 E.75212
G3 X126.373 Y118.871 I6.265 J10.354 E.09647
G1 X140.955 Y133.453 E.68405
G2 X141.477 Y130.137 I-11.073 J-3.443 E.11174
G1 X129.688 Y118.348 E.55305
G3 X134.498 Y119.32 I.025 J12.266 E.16389
G1 X140.841 Y125.663 E.29758
; stop printing object 圆柱体 id:0 copy 0
;LAYER_CHANGE
;Z:16.8
;HEIGHT:0.199999
;BEFORE_LAYER_CHANGE
;16.8
G92 E0

G1 E-.56 F2400
;WIPE_START
G1 F13535.936
G1 X139.427 Y124.249 E-.24
;WIPE_END
EXCLUDE_OBJECT_END NAME=圆柱体_id_0_copy_0

;don't support timelapse gcode in spiral_mode and by object sequence for I3 structure printer
;time lapse begin
M5001 G92 E0
M5001 G17
M5001 G2 Z17.2 I0.86 J0.86 P1 F20000 ; spiral lift a little
M5001 G1 X0 Y180 F24000 ; move to safe pos
M5001 P15
M5001 M400 P300
M5001 G92 E0
;time lapse end

;AFTER_LAYER_CHANGE
;16.8
;_SET_FAN_SPEED_CHANGING_LAYER
; printing object 圆柱体 id:0 copy 0
EXCLUDE_OBJECT_START NAME=圆柱体_id_0_copy_0
G17
G3 Z17.2 I-.969 J-.737 P1  F30000
G1 X126.363 Y141.431 Z17.2
G1 Z16.8
G1 E.8 F2400
SET_VELOCITY_LIMIT SQUARE_CORNER_VELOCITY=8
;TYPE:Inner wall
G1 F3235
G1 X126.272 Y141.403 E.00315
G3 X128.434 Y118.135 I3.554 J-11.404 E1.07884
G3 X130.099 Y118.057 I1.395 J11.937 E.05533
G3 X126.937 Y141.589 I-.273 J11.942 E1.33255
G1 X126.421 Y141.447 E.01774
SET_VELOCITY_LIMIT SQUARE_CORNER_VELOCITY=12
G1 X126.397 Y141.863 F30000
SET_VELOCITY_LIMIT SQUARE_CORNER_VELOCITY=8
G1 F3235
G1 X126.153 Y141.792 E.00841
G3 X128.385 Y117.731 I3.673 J-11.793 E1.1156
M73 P66 R7
G3 X130.106 Y117.65 I1.445 J12.339 E.05722
G3 X126.838 Y141.984 I-.28 J12.349 E1.37803
G1 X126.454 Y141.879 E.01319
SET_VELOCITY_LIMIT SQUARE_CORNER_VELOCITY=12
G1 E-.56 F2400
;WIPE_START
G1 F13535.936
G1 X126.153 Y141.792 E-.03762
G1 X125.6 Y141.61 E-.06986
G1 X125.198 Y141.455 E-.05175
G1 X124.583 Y141.181 E-.08078
;WIPE_END
G1 X126.711 Y142.404 Z17.2 F30000
G1 Z16.8
G1 E.8 F2400
SET_VELOCITY_LIMIT ACCEL=5000 ACCEL_TO_DECEL=2500 SQUARE_CORNER_VELOCITY=8
;TYPE:Outer wall
;WIDTH:0.42
G1 F3235
G1 X126.024 Y142.213 E.0219
G3 X127.605 Y117.404 I3.792 J-12.213 E1.04788
G3 X130.114 Y117.215 I2.23 J12.842 E.07743
G3 X126.769 Y142.42 I-.297 J12.785 E1.31994
G1 E-.56 F2400
;WIPE_START
G1 F9000
G1 X126.024 Y142.213 E-.09273
G1 X125.035 Y141.859 E-.12616
G1 X124.873 Y141.79 E-.02111
;WIPE_END
G17
G3 Z17.2 I1.217 J0 P1  F30000

;don't support timelapse gcode in spiral_mode and by object sequence for I3 structure printer
;time lapse begin
M5001 G92 E0
M5001 G17
M5001 G2 Z17.2 I0.86 J0.86 P1 F20000 ; spiral lift a little
M5001 G1 X0 Y180 F24000 ; move to safe pos
M5001 P15
M5001 M400 P300
M5001 G92 E0
;time lapse end

SET_VELOCITY_LIMIT ACCEL=6000 ACCEL_TO_DECEL=3000 SQUARE_CORNER_VELOCITY=12
G1 X118.817 Y134.343
G1 Z16.8
G1 E.8 F2400
;TYPE:Sparse infill
;WIDTH:0.45
G1 F3235
G1 X125.142 Y140.668 E.29674
G2 X129.963 Y141.651 I4.661 J-10.55 E.16446
G1 X118.175 Y129.863 E.553
G3 X118.697 Y126.547 I11.237 J.071 E.11176
G1 X133.279 Y141.129 E.68405
G2 X135.919 Y139.931 I-3.212 J-10.592 E.09645
G1 X119.892 Y123.904 E.75187
G3 X121.586 Y121.76 I11.608 J7.432 E.09079
G1 X138.067 Y138.241 E.77316
G2 X139.761 Y136.097 I-8.204 J-8.223 E.09085
G1 X123.73 Y120.066 E.75206
G3 X126.37 Y118.868 I6.379 J10.543 E.09638
G1 X140.956 Y133.454 E.68428
G2 X141.477 Y130.137 I-12.414 J-3.649 E.1117
G1 X129.688 Y118.348 E.55305
G3 X134.501 Y119.323 I.029 J12.226 E.164
G1 X140.841 Y125.663 E.29746
; stop printing object 圆柱体 id:0 copy 0
;LAYER_CHANGE
;Z:17
;HEIGHT:0.200001
;BEFORE_LAYER_CHANGE
;17
G92 E0

G1 E-.56 F2400
;WIPE_START
G1 F13535.936
G1 X139.427 Y124.249 E-.24
;WIPE_END
EXCLUDE_OBJECT_END NAME=圆柱体_id_0_copy_0

;don't support timelapse gcode in spiral_mode and by object sequence for I3 structure printer
;time lapse begin
M5001 G92 E0
M5001 G17
M5001 G2 Z17.4 I0.86 J0.86 P1 F20000 ; spiral lift a little
M5001 G1 X0 Y180 F24000 ; move to safe pos
M5001 P15
M5001 M400 P300
M5001 G92 E0
;time lapse end

;AFTER_LAYER_CHANGE
;17
;_SET_FAN_SPEED_CHANGING_LAYER
; printing object 圆柱体 id:0 copy 0
EXCLUDE_OBJECT_START NAME=圆柱体_id_0_copy_0
G17
G3 Z17.4 I-.969 J-.737 P1  F30000
G1 X126.364 Y141.429 Z17.4
G1 Z17
G1 E.8 F2400
SET_VELOCITY_LIMIT SQUARE_CORNER_VELOCITY=8
;TYPE:Inner wall
G1 F3235
G1 X126.134 Y141.361 E.00792
G3 X128.438 Y118.135 I3.692 J-11.361 E1.07428
G3 X130.103 Y118.057 I1.392 J11.945 E.05533
G3 X126.936 Y141.591 I-.277 J11.943 E1.33258
G1 X126.421 Y141.445 E.01775
SET_VELOCITY_LIMIT SQUARE_CORNER_VELOCITY=12
G1 X126.396 Y141.861 F30000
SET_VELOCITY_LIMIT SQUARE_CORNER_VELOCITY=8
G1 F3235
G1 X126.009 Y141.748 E.01339
G3 X128.388 Y117.731 I3.817 J-11.749 E1.11081
G3 X130.11 Y117.65 I1.442 J12.347 E.05722
G3 X126.837 Y141.986 I-.284 J12.35 E1.37806
G1 X126.454 Y141.878 E.01322
SET_VELOCITY_LIMIT SQUARE_CORNER_VELOCITY=12
G1 E-.56 F2400
;WIPE_START
G1 F13535.936
G1 X126.009 Y141.748 E-.05564
G1 X125.6 Y141.61 E-.05174
G1 X125.198 Y141.455 E-.05176
G1 X124.582 Y141.181 E-.08087
;WIPE_END
G1 X126.709 Y142.403 Z17.4 F30000
G1 Z17
G1 E.8 F2400
SET_VELOCITY_LIMIT ACCEL=5000 ACCEL_TO_DECEL=2500 SQUARE_CORNER_VELOCITY=8
;TYPE:Outer wall
;WIDTH:0.42
G1 F3235
G1 X125.874 Y142.162 E.0267
G3 X125.18 Y141.914 I3.947 J-12.163 E.02266
G3 X130.117 Y117.215 I4.646 J-11.914 E1.09731
G3 X126.767 Y142.416 I-.296 J12.784 E1.32003
G1 E-.56 F2400
;WIPE_START
G1 F9000
G1 X125.874 Y142.162 E-.11145
G1 X125.18 Y141.914 E-.0885
G1 X125.18 Y141.914 E0
G1 X124.874 Y141.781 E-.04005
;WIPE_END
G17
G3 Z17.4 I1.217 J0 P1  F30000

;don't support timelapse gcode in spiral_mode and by object sequence for I3 structure printer
;time lapse begin
M5001 G92 E0
M5001 G17
M5001 G2 Z17.4 I0.86 J0.86 P1 F20000 ; spiral lift a little
M5001 G1 X0 Y180 F24000 ; move to safe pos
M5001 P15
M5001 M400 P300
M5001 G92 E0
;time lapse end

SET_VELOCITY_LIMIT ACCEL=6000 ACCEL_TO_DECEL=3000 SQUARE_CORNER_VELOCITY=12
G1 X118.817 Y134.343
G1 Z17
G1 E.8 F2400
;TYPE:Sparse infill
;WIDTH:0.45
G1 F3235
G1 X125.142 Y140.668 E.29674
G2 X129.963 Y141.651 I4.661 J-10.548 E.16446
G1 X118.175 Y129.863 E.553
G3 X118.694 Y126.544 I13.461 J.403 E.11174
G1 X133.279 Y141.129 E.68422
G2 X135.922 Y139.934 I-3.579 J-11.439 E.09646
M73 P67 R7
G1 X119.892 Y123.904 E.752
G3 X121.586 Y121.76 I11.609 J7.432 E.09079
G1 X138.066 Y138.24 E.77311
G2 X139.761 Y136.097 I-9.996 J-9.648 E.09078
G1 X123.73 Y120.066 E.75206
G3 X126.373 Y118.871 I6.222 J10.244 E.09646
G1 X140.956 Y133.454 E.68411
G2 X141.477 Y130.137 I-11.933 J-3.573 E.11172
G1 X129.688 Y118.348 E.55305
G3 X134.5 Y119.323 I.029 J12.225 E.164
G1 X140.845 Y125.667 E.29761
; stop printing object 圆柱体 id:0 copy 0
;LAYER_CHANGE
;Z:17.2
;HEIGHT:0.200001
;BEFORE_LAYER_CHANGE
;17.2
G92 E0

G1 E-.56 F2400
;WIPE_START
G1 F13535.936
G1 X139.43 Y124.252 E-.24
;WIPE_END
EXCLUDE_OBJECT_END NAME=圆柱体_id_0_copy_0

;don't support timelapse gcode in spiral_mode and by object sequence for I3 structure printer
;time lapse begin
M5001 G92 E0
M5001 G17
M5001 G2 Z17.6 I0.86 J0.86 P1 F20000 ; spiral lift a little
M5001 G1 X0 Y180 F24000 ; move to safe pos
M5001 P15
M5001 M400 P300
M5001 G92 E0
;time lapse end

;AFTER_LAYER_CHANGE
;17.2
;_SET_FAN_SPEED_CHANGING_LAYER
; printing object 圆柱体 id:0 copy 0
EXCLUDE_OBJECT_START NAME=圆柱体_id_0_copy_0
G17
G3 Z17.6 I-.969 J-.737 P1  F30000
G1 X126.363 Y141.429 Z17.6
G1 Z17.2
G1 E.8 F2400
SET_VELOCITY_LIMIT SQUARE_CORNER_VELOCITY=8
;TYPE:Inner wall
G1 F3235
G1 X126.133 Y141.364 E.00792
G3 X128.163 Y118.169 I3.683 J-11.365 E1.06576
G3 X130.106 Y118.057 I1.67 J12.129 E.06462
G3 X126.935 Y141.594 I-.29 J11.943 E1.33185
G1 X126.421 Y141.445 E.01776
SET_VELOCITY_LIMIT SQUARE_CORNER_VELOCITY=12
G1 X126.394 Y141.861 F30000
SET_VELOCITY_LIMIT SQUARE_CORNER_VELOCITY=8
G1 F3235
G1 X126.008 Y141.752 E.01332
G3 X128.106 Y117.765 I3.808 J-11.752 E1.10209
G3 X130.113 Y117.65 I1.727 J12.541 E.06674
G3 X126.837 Y141.989 I-.297 J12.35 E1.37731
G1 X126.452 Y141.878 E.0133
SET_VELOCITY_LIMIT SQUARE_CORNER_VELOCITY=12
G1 E-.56 F2400
;WIPE_START
G1 F13535.936
G1 X126.008 Y141.752 E-.05539
G1 X125.198 Y141.455 E-.10349
G1 X124.801 Y141.287 E-.05175
G1 X124.579 Y141.183 E-.02938
;WIPE_END
G1 X126.707 Y142.403 Z17.6 F30000
G1 Z17.2
G1 E.8 F2400
SET_VELOCITY_LIMIT ACCEL=5000 ACCEL_TO_DECEL=2500 SQUARE_CORNER_VELOCITY=8
;TYPE:Outer wall
;WIDTH:0.42
G1 F3235
G1 X126.301 Y142.292 E.01291
G3 X125.176 Y141.913 I3.516 J-12.309 E.03649
G3 X130.121 Y117.215 I4.65 J-11.913 E1.0973
G3 X142.034 Y133.807 I-.295 J12.785 E.72696
G3 X126.765 Y142.415 I-12.217 J-3.825 E.59323
G1 E-.56 F2400
;WIPE_START
G1 F9000
G1 X126.301 Y142.292 E-.05761
G1 X125.874 Y142.164 E-.05357
G1 X125.176 Y141.913 E-.08893
G1 X125.176 Y141.913 E0
G1 X124.872 Y141.78 E-.03989
;WIPE_END
G17
G3 Z17.6 I1.217 J0 P1  F30000

;don't support timelapse gcode in spiral_mode and by object sequence for I3 structure printer
;time lapse begin
M5001 G92 E0
M5001 G17
M5001 G2 Z17.6 I0.86 J0.86 P1 F20000 ; spiral lift a little
M5001 G1 X0 Y180 F24000 ; move to safe pos
M5001 P15
M5001 M400 P300
M5001 G92 E0
;time lapse end

SET_VELOCITY_LIMIT ACCEL=6000 ACCEL_TO_DECEL=3000 SQUARE_CORNER_VELOCITY=12
G1 X118.807 Y134.333
G1 Z17.2
G1 E.8 F2400
;TYPE:Sparse infill
;WIDTH:0.45
G1 F3235
G1 X125.142 Y140.668 E.29719
G2 X129.963 Y141.651 I4.689 J-10.689 E.16443
G1 X118.175 Y129.863 E.553
G3 X118.694 Y126.544 I13.447 J.401 E.11174
G1 X133.279 Y141.129 E.68422
G2 X135.922 Y139.934 I-3.579 J-11.439 E.09646
G1 X119.895 Y123.907 E.75187
G3 X121.586 Y121.76 I9.465 J5.718 E.09089
G1 X138.066 Y138.24 E.77309
G2 X139.76 Y136.096 I-9.803 J-9.488 E.09079
G1 X123.729 Y120.065 E.75206
G3 X126.373 Y118.871 I6.265 J10.355 E.09647
G1 X140.956 Y133.454 E.68411
G2 X141.477 Y130.137 I-13.362 J-3.798 E.11165
G1 X129.688 Y118.348 E.55305
G3 X134.5 Y119.323 I.029 J12.225 E.164
G1 X140.841 Y125.663 E.29746
; stop printing object 圆柱体 id:0 copy 0
;LAYER_CHANGE
;Z:17.4
;HEIGHT:0.199999
;BEFORE_LAYER_CHANGE
;17.4
G92 E0

G1 E-.56 F2400
;WIPE_START
G1 F13535.936
G1 X139.427 Y124.249 E-.24
;WIPE_END
EXCLUDE_OBJECT_END NAME=圆柱体_id_0_copy_0

;don't support timelapse gcode in spiral_mode and by object sequence for I3 structure printer
;time lapse begin
M5001 G92 E0
M5001 G17
M5001 G2 Z17.8 I0.86 J0.86 P1 F20000 ; spiral lift a little
M5001 G1 X0 Y180 F24000 ; move to safe pos
M5001 P15
M5001 M400 P300
M5001 G92 E0
;time lapse end

;AFTER_LAYER_CHANGE
;17.4
;_SET_FAN_SPEED_CHANGING_LAYER
; printing object 圆柱体 id:0 copy 0
EXCLUDE_OBJECT_START NAME=圆柱体_id_0_copy_0
G17
G3 Z17.8 I-.969 J-.737 P1  F30000
G1 X126.363 Y141.429 Z17.8
G1 Z17.4
G1 E.8 F2400
SET_VELOCITY_LIMIT SQUARE_CORNER_VELOCITY=8
;TYPE:Inner wall
G1 F3235
G1 X126.134 Y141.361 E.00792
G3 X128.445 Y118.134 I3.691 J-11.361 E1.07451
G3 X130.109 Y118.057 I1.386 J11.964 E.05533
G3 X126.936 Y141.591 I-.284 J11.943 E1.33235
M73 P68 R7
G1 X126.421 Y141.445 E.01775
SET_VELOCITY_LIMIT SQUARE_CORNER_VELOCITY=12
G1 X126.392 Y141.86 F30000
SET_VELOCITY_LIMIT SQUARE_CORNER_VELOCITY=8
G1 F3235
G1 X126.009 Y141.748 E.01324
G3 X128.395 Y117.73 I3.817 J-11.749 E1.11104
G3 X130.117 Y117.65 I1.435 J12.365 E.05722
G3 X126.837 Y141.986 I-.291 J12.35 E1.37783
G1 X126.45 Y141.877 E.01337
SET_VELOCITY_LIMIT SQUARE_CORNER_VELOCITY=12
G1 E-.56 F2400
;WIPE_START
G1 F13535.936
G1 X126.009 Y141.748 E-.0551
G1 X125.6 Y141.61 E-.05174
G1 X125.198 Y141.455 E-.05175
G1 X124.578 Y141.179 E-.08141
;WIPE_END
G1 X126.707 Y142.393 Z17.8 F30000
G1 Z17.4
G1 E.8 F2400
SET_VELOCITY_LIMIT ACCEL=5000 ACCEL_TO_DECEL=2500 SQUARE_CORNER_VELOCITY=8
;TYPE:Outer wall
;WIDTH:0.42
G1 F3235
G1 X126.301 Y142.293 E.01284
G3 X117.914 Y125.347 I3.525 J-12.293 E.65383
G3 X130.124 Y117.215 I11.912 J4.654 E.48007
G3 X127.312 Y142.539 I-.298 J12.785 E1.30305
G1 X126.765 Y142.407 E.01729
G1 E-.56 F2400
;WIPE_START
G1 F9000
G1 X126.301 Y142.293 E-.05735
G1 X125.452 Y142.019 E-.10712
G1 X124.868 Y141.783 E-.07554
;WIPE_END
G17
G3 Z17.8 I1.217 J0 P1  F30000

;don't support timelapse gcode in spiral_mode and by object sequence for I3 structure printer
;time lapse begin
M5001 G92 E0
M5001 G17
M5001 G2 Z17.8 I0.86 J0.86 P1 F20000 ; spiral lift a little
M5001 G1 X0 Y180 F24000 ; move to safe pos
M5001 P15
M5001 M400 P300
M5001 G92 E0
;time lapse end

SET_VELOCITY_LIMIT ACCEL=6000 ACCEL_TO_DECEL=3000 SQUARE_CORNER_VELOCITY=12
G1 X118.807 Y134.333
G1 Z17.4
G1 E.8 F2400
;TYPE:Sparse infill
;WIDTH:0.45
G1 F3235
G1 X125.142 Y140.668 E.29719
G2 X129.963 Y141.651 I4.66 J-10.544 E.16446
G1 X118.175 Y129.863 E.553
G3 X118.697 Y126.547 I11.742 J.151 E.11173
G1 X133.279 Y141.129 E.68405
G2 X135.922 Y139.934 I-3.579 J-11.439 E.09646
G1 X119.891 Y123.903 E.75206
G3 X121.586 Y121.76 I10.398 J6.486 E.09082
G1 X138.066 Y138.24 E.77309
G2 X139.761 Y136.097 I-9.925 J-9.596 E.09078
M73 P68 R6
G1 X123.73 Y120.066 E.75206
G3 X126.373 Y118.871 I6.222 J10.244 E.09646
G1 X140.955 Y133.453 E.68405
G2 X141.477 Y130.137 I-11.089 J-3.446 E.11174
G1 X129.688 Y118.348 E.55305
G3 X134.501 Y119.323 I.03 J12.224 E.164
G1 X140.841 Y125.663 E.29746
; stop printing object 圆柱体 id:0 copy 0
;LAYER_CHANGE
;Z:17.6
;HEIGHT:0.200001
;BEFORE_LAYER_CHANGE
;17.6
G92 E0

G1 E-.56 F2400
;WIPE_START
G1 F13535.936
G1 X139.427 Y124.249 E-.24
;WIPE_END
EXCLUDE_OBJECT_END NAME=圆柱体_id_0_copy_0

;don't support timelapse gcode in spiral_mode and by object sequence for I3 structure printer
;time lapse begin
M5001 G92 E0
M5001 G17
M5001 G2 Z18 I0.86 J0.86 P1 F20000 ; spiral lift a little
M5001 G1 X0 Y180 F24000 ; move to safe pos
M5001 P15
M5001 M400 P300
M5001 G92 E0
;time lapse end

;AFTER_LAYER_CHANGE
;17.6
;_SET_FAN_SPEED_CHANGING_LAYER
; printing object 圆柱体 id:0 copy 0
EXCLUDE_OBJECT_START NAME=圆柱体_id_0_copy_0
G17
G3 Z18 I-.969 J-.737 P1  F30000
G1 X126.363 Y141.429 Z18
G1 Z17.6
G1 E.8 F2400
SET_VELOCITY_LIMIT SQUARE_CORNER_VELOCITY=8
;TYPE:Inner wall
G1 F3235
G1 X126.133 Y141.365 E.00791
G3 X128.163 Y118.169 I3.683 J-11.365 E1.06579
G3 X130.113 Y118.057 I1.671 J12.135 E.06485
G3 X126.935 Y141.595 I-.297 J11.943 E1.33171
G1 X126.421 Y141.445 E.01777
SET_VELOCITY_LIMIT SQUARE_CORNER_VELOCITY=12
G1 X126.39 Y141.86 F30000
SET_VELOCITY_LIMIT SQUARE_CORNER_VELOCITY=8
G1 F3235
G1 X126.007 Y141.753 E.0132
G3 X128.106 Y117.765 I3.809 J-11.752 E1.10212
G3 X130.12 Y117.65 I1.727 J12.546 E.06697
G3 X126.837 Y141.99 I-.304 J12.35 E1.37717
G1 X126.448 Y141.877 E.01343
SET_VELOCITY_LIMIT SQUARE_CORNER_VELOCITY=12
G1 E-.56 F2400
;WIPE_START
G1 F13535.936
G1 X126.007 Y141.753 E-.05494
G1 X125.198 Y141.455 E-.10349
G1 X124.801 Y141.287 E-.05175
G1 X124.576 Y141.182 E-.02982
;WIPE_END
G1 X126.703 Y142.402 Z18 F30000
G1 Z17.6
G1 E.8 F2400
SET_VELOCITY_LIMIT ACCEL=5000 ACCEL_TO_DECEL=2500 SQUARE_CORNER_VELOCITY=8
;TYPE:Outer wall
;WIDTH:0.42
G1 F3235
G1 X125.875 Y142.16 E.02651
G3 X130.128 Y117.215 I3.957 J-12.16 E1.11993
G3 X142.032 Y133.814 I-.3 J12.784 E.727
G3 X130.862 Y142.746 I-12.229 J-3.842 E.46621
G3 X126.762 Y142.414 I-1.031 J-12.746 E.12696
G1 E-.56 F2400
;WIPE_START
G1 F9000
G1 X125.875 Y142.16 E-.1107
G1 X125.035 Y141.859 E-.10711
G1 X124.865 Y141.786 E-.02219
;WIPE_END
G17
G3 Z18 I1.217 J0 P1  F30000

;don't support timelapse gcode in spiral_mode and by object sequence for I3 structure printer
;time lapse begin
M5001 G92 E0
M5001 G17
M5001 G2 Z18 I0.86 J0.86 P1 F20000 ; spiral lift a little
M5001 G1 X0 Y180 F24000 ; move to safe pos
M5001 P15
M5001 M400 P300
M5001 G92 E0
;time lapse end

SET_VELOCITY_LIMIT ACCEL=6000 ACCEL_TO_DECEL=3000 SQUARE_CORNER_VELOCITY=12
G1 X118.807 Y134.333
G1 Z17.6
G1 E.8 F2400
;TYPE:Sparse infill
;WIDTH:0.45
G1 F3235
G1 X125.142 Y140.668 E.29719
G2 X129.963 Y141.651 I4.659 J-10.541 E.16446
G1 X118.175 Y129.863 E.553
G3 X118.696 Y126.546 I12.477 J.26 E.11172
G1 X133.279 Y141.129 E.68411
G2 X135.922 Y139.934 I-3.579 J-11.439 E.09646
M73 P69 R6
G1 X119.895 Y123.907 E.75187
G3 X121.586 Y121.76 I9.465 J5.718 E.09089
G1 X138.066 Y138.24 E.77309
G2 X139.761 Y136.097 I-9.925 J-9.596 E.09078
G1 X123.729 Y120.065 E.75212
G3 X126.373 Y118.871 I6.265 J10.355 E.09647
G1 X140.955 Y133.453 E.68405
G2 X141.477 Y130.137 I-11.093 J-3.446 E.11173
G1 X129.688 Y118.348 E.55305
G3 X134.501 Y119.323 I.03 J12.223 E.164
G1 X140.845 Y125.667 E.29761
; stop printing object 圆柱体 id:0 copy 0
;LAYER_CHANGE
;Z:17.8
;HEIGHT:0.199999
;BEFORE_LAYER_CHANGE
;17.8
G92 E0

G1 E-.56 F2400
;WIPE_START
G1 F13535.936
G1 X139.43 Y124.252 E-.24
;WIPE_END
EXCLUDE_OBJECT_END NAME=圆柱体_id_0_copy_0

;don't support timelapse gcode in spiral_mode and by object sequence for I3 structure printer
;time lapse begin
M5001 G92 E0
M5001 G17
M5001 G2 Z18.2 I0.86 J0.86 P1 F20000 ; spiral lift a little
M5001 G1 X0 Y180 F24000 ; move to safe pos
M5001 P15
M5001 M400 P300
M5001 G92 E0
;time lapse end

;AFTER_LAYER_CHANGE
;17.8
;_SET_FAN_SPEED_CHANGING_LAYER
; printing object 圆柱体 id:0 copy 0
EXCLUDE_OBJECT_START NAME=圆柱体_id_0_copy_0
G17
G3 Z18.2 I-.968 J-.738 P1  F30000
G1 X126.347 Y141.425 Z18.2
G1 Z17.8
G1 E.8 F2400
SET_VELOCITY_LIMIT SQUARE_CORNER_VELOCITY=8
;TYPE:Inner wall
G1 F3235
G1 X125.742 Y141.221 E.02118
G3 X128.452 Y118.133 I4.084 J-11.223 E1.0607
G3 X130.116 Y118.057 I1.38 J11.984 E.05533
G3 X126.535 Y141.478 I-.291 J11.94 E1.34561
G1 X126.405 Y141.441 E.00448
SET_VELOCITY_LIMIT SQUARE_CORNER_VELOCITY=12
G1 X126.389 Y141.859 F30000
SET_VELOCITY_LIMIT SQUARE_CORNER_VELOCITY=8
G1 F3235
G1 X126.01 Y141.743 E.01314
G3 X128.402 Y117.729 I3.815 J-11.746 E1.11105
G3 X130.124 Y117.65 I1.429 J12.385 E.05722
G3 X126.839 Y141.981 I-.298 J12.347 E1.37726
G1 X126.447 Y141.875 E.01347
SET_VELOCITY_LIMIT SQUARE_CORNER_VELOCITY=12
G1 E-.56 F2400
;WIPE_START
G1 F13535.936
G1 X126.01 Y141.743 E-.05472
G1 X125.6 Y141.61 E-.05174
G1 X125.198 Y141.455 E-.05175
G1 X124.575 Y141.178 E-.08179
;WIPE_END
G1 X126.702 Y142.401 Z18.2 F30000
G1 Z17.8
G1 E.8 F2400
SET_VELOCITY_LIMIT ACCEL=5000 ACCEL_TO_DECEL=2500 SQUARE_CORNER_VELOCITY=8
;TYPE:Outer wall
;WIDTH:0.42
G1 F3235
G1 X125.876 Y142.158 E.02646
G3 X117.621 Y126.183 I3.948 J-12.161 E.61279
G3 X130.131 Y117.215 I12.223 J3.842 E.50735
G3 X126.761 Y142.41 I-.307 J12.782 E1.31983
G1 E-.56 F2400
;WIPE_START
G1 F9000
G1 X125.876 Y142.158 E-.11046
G1 X125.035 Y141.859 E-.10709
G1 X124.863 Y141.786 E-.02245
;WIPE_END
G17
G3 Z18.2 I1.217 J0 P1  F30000

;don't support timelapse gcode in spiral_mode and by object sequence for I3 structure printer
;time lapse begin
M5001 G92 E0
M5001 G17
M5001 G2 Z18.2 I0.86 J0.86 P1 F20000 ; spiral lift a little
M5001 G1 X0 Y180 F24000 ; move to safe pos
M5001 P15
M5001 M400 P300
M5001 G92 E0
;time lapse end

SET_VELOCITY_LIMIT ACCEL=6000 ACCEL_TO_DECEL=3000 SQUARE_CORNER_VELOCITY=12
G1 X118.807 Y134.333
G1 Z17.8
G1 E.8 F2400
;TYPE:Sparse infill
;WIDTH:0.45
G1 F3235
G1 X125.142 Y140.668 E.29719
G2 X129.963 Y141.651 I4.659 J-10.539 E.16446
G1 X118.175 Y129.863 E.553
G3 X118.697 Y126.547 I11.237 J.071 E.11176
G1 X133.279 Y141.129 E.68405
G2 X135.922 Y139.934 I-3.579 J-11.439 E.09646
G1 X119.895 Y123.907 E.75187
G3 X121.586 Y121.76 I9.464 J5.718 E.09089
G1 X138.066 Y138.24 E.77311
G2 X139.761 Y136.097 I-9.988 J-9.642 E.09078
G1 X123.733 Y120.069 E.75193
G3 X126.373 Y118.871 I6.665 J11.186 E.09638
G1 X140.955 Y133.453 E.68405
G2 X141.477 Y130.137 I-10.714 J-3.387 E.11176
G1 X129.688 Y118.348 E.55305
G3 X134.501 Y119.323 I.03 J12.223 E.16399
G1 X140.845 Y125.667 E.29761
; stop printing object 圆柱体 id:0 copy 0
;LAYER_CHANGE
;Z:18
;HEIGHT:0.200001
;BEFORE_LAYER_CHANGE
;18
G92 E0

G1 E-.56 F2400
;WIPE_START
G1 F13535.936
G1 X139.43 Y124.252 E-.24
;WIPE_END
EXCLUDE_OBJECT_END NAME=圆柱体_id_0_copy_0

;don't support timelapse gcode in spiral_mode and by object sequence for I3 structure printer
;time lapse begin
M5001 G92 E0
M5001 G17
M5001 G2 Z18.4 I0.86 J0.86 P1 F20000 ; spiral lift a little
M5001 G1 X0 Y180 F24000 ; move to safe pos
M5001 P15
M5001 M400 P300
M5001 G92 E0
;time lapse end

;AFTER_LAYER_CHANGE
;18
;_SET_FAN_SPEED_CHANGING_LAYER
; printing object 圆柱体 id:0 copy 0
EXCLUDE_OBJECT_START NAME=圆柱体_id_0_copy_0
G17
G3 Z18.4 I-.968 J-.737 P1  F30000
G1 X126.357 Y141.429 Z18.4
G1 Z18
G1 E.8 F2400
SET_VELOCITY_LIMIT SQUARE_CORNER_VELOCITY=8
;TYPE:Inner wall
G1 F3235
G1 X126.252 Y141.399 E.00363
G3 X130.12 Y118.057 I3.575 J-11.399 E1.13428
G3 X126.936 Y141.591 I-.296 J11.942 E1.33186
M73 P70 R6
G1 X126.415 Y141.445 E.01796
SET_VELOCITY_LIMIT SQUARE_CORNER_VELOCITY=12
G1 X126.379 Y141.863 F30000
SET_VELOCITY_LIMIT SQUARE_CORNER_VELOCITY=8
G1 F3235
G1 X125.603 Y141.603 E.02715
G3 X128.405 Y117.729 I4.223 J-11.606 E1.09687
G3 X130.127 Y117.65 I1.426 J12.395 E.05722
G3 X126.438 Y141.874 I-.301 J12.347 E1.39091
SET_VELOCITY_LIMIT SQUARE_CORNER_VELOCITY=12
G1 E-.56 F2400
;WIPE_START
G1 F13535.936
G1 X125.603 Y141.603 E-.10533
G1 X125.198 Y141.455 E-.05174
G1 X124.566 Y141.174 E-.08292
;WIPE_END
G1 X126.701 Y142.401 Z18.4 F30000
G1 Z18
G1 E.8 F2400
SET_VELOCITY_LIMIT ACCEL=5000 ACCEL_TO_DECEL=2500 SQUARE_CORNER_VELOCITY=8
;TYPE:Outer wall
;WIDTH:0.42
G1 F3235
G1 X125.876 Y142.157 E.02643
G3 X128.352 Y117.297 I3.95 J-12.16 E1.06543
G3 X130.135 Y117.215 I1.479 J12.823 E.05487
G3 X126.76 Y142.409 I-.309 J12.782 E1.31984
G1 E-.56 F2400
;WIPE_START
G1 F9000
G1 X125.876 Y142.157 E-.11029
G1 X125.452 Y142.019 E-.05356
G1 X125.035 Y141.859 E-.05357
G1 X124.863 Y141.782 E-.02258
;WIPE_END
G17
G3 Z18.4 I1.217 J0 P1  F30000

;don't support timelapse gcode in spiral_mode and by object sequence for I3 structure printer
;time lapse begin
M5001 G92 E0
M5001 G17
M5001 G2 Z18.4 I0.86 J0.86 P1 F20000 ; spiral lift a little
M5001 G1 X0 Y180 F24000 ; move to safe pos
M5001 P15
M5001 M400 P300
M5001 G92 E0
;time lapse end

SET_VELOCITY_LIMIT ACCEL=6000 ACCEL_TO_DECEL=3000 SQUARE_CORNER_VELOCITY=12
G1 X118.807 Y134.333
G1 Z18
G1 E.8 F2400
;TYPE:Sparse infill
;WIDTH:0.45
G1 F3235
G1 X125.142 Y140.668 E.29719
G2 X129.963 Y141.651 I4.658 J-10.537 E.16446
G1 X118.175 Y129.863 E.553
G3 X118.697 Y126.547 I11.236 J.071 E.11176
G1 X133.279 Y141.129 E.68405
G2 X135.923 Y139.935 I-3.62 J-11.548 E.09647
G1 X119.892 Y123.904 E.75206
G3 X121.586 Y121.76 I11.608 J7.432 E.09079
G1 X138.067 Y138.241 E.77315
G2 X139.76 Y136.096 I-8.067 J-8.107 E.09086
G1 X123.73 Y120.066 E.752
G3 X126.373 Y118.871 I6.222 J10.244 E.09646
G1 X140.956 Y133.454 E.68411
G2 X141.477 Y130.137 I-11.971 J-3.579 E.11172
G1 X129.688 Y118.348 E.55304
G3 X134.501 Y119.323 I.03 J12.222 E.16399
G1 X140.841 Y125.663 E.29746
; stop printing object 圆柱体 id:0 copy 0
;LAYER_CHANGE
;Z:18.2
;HEIGHT:0.200001
;BEFORE_LAYER_CHANGE
;18.2
G92 E0

G1 E-.56 F2400
;WIPE_START
G1 F13535.936
G1 X139.427 Y124.249 E-.24
;WIPE_END
EXCLUDE_OBJECT_END NAME=圆柱体_id_0_copy_0

;don't support timelapse gcode in spiral_mode and by object sequence for I3 structure printer
;time lapse begin
M5001 G92 E0
M5001 G17
M5001 G2 Z18.6 I0.86 J0.86 P1 F20000 ; spiral lift a little
M5001 G1 X0 Y180 F24000 ; move to safe pos
M5001 P15
M5001 M400 P300
M5001 G92 E0
;time lapse end

;AFTER_LAYER_CHANGE
;18.2
;_SET_FAN_SPEED_CHANGING_LAYER
; printing object 圆柱体 id:0 copy 0
EXCLUDE_OBJECT_START NAME=圆柱体_id_0_copy_0
G17
G3 Z18.6 I-.969 J-.737 P1  F30000
G1 X126.359 Y141.428 Z18.6
G1 Z18.2
G1 E.8 F2400
SET_VELOCITY_LIMIT SQUARE_CORNER_VELOCITY=8
;TYPE:Inner wall
G1 F3235
G1 X126.134 Y141.364 E.00776
G3 X128.163 Y118.169 I3.683 J-11.364 E1.06571
G3 X130.123 Y118.057 I1.672 J12.145 E.0652
G3 X126.935 Y141.593 I-.307 J11.942 E1.33132
G1 X126.417 Y141.444 E.01791
SET_VELOCITY_LIMIT SQUARE_CORNER_VELOCITY=12
G1 X126.387 Y141.859 F30000
SET_VELOCITY_LIMIT SQUARE_CORNER_VELOCITY=8
G1 F3235
G1 X126.008 Y141.751 E.01308
G3 X128.106 Y117.765 I3.809 J-11.752 E1.10204
G3 X130.131 Y117.65 I1.728 J12.556 E.06732
G3 X126.837 Y141.988 I-.314 J12.349 E1.37678
G1 X126.445 Y141.875 E.01354
SET_VELOCITY_LIMIT SQUARE_CORNER_VELOCITY=12
G1 E-.56 F2400
;WIPE_START
G1 F13535.936
G1 X126.008 Y141.751 E-.05451
G1 X125.198 Y141.455 E-.10348
G1 X124.573 Y141.177 E-.082
;WIPE_END
G1 X126.7 Y142.401 Z18.6 F30000
G1 Z18.2
G1 E.8 F2400
SET_VELOCITY_LIMIT ACCEL=5000 ACCEL_TO_DECEL=2500 SQUARE_CORNER_VELOCITY=8
;TYPE:Outer wall
;WIDTH:0.42
G1 F3235
G1 X125.874 Y142.162 E.02641
G3 X117.623 Y126.176 I3.952 J-12.162 E.61311
G3 X119.667 Y122.233 I12.221 J3.833 E.13716
G3 X130.138 Y117.215 I10.184 J7.819 E.37023
G3 X140.599 Y123.11 I-.338 J12.831 E.38394
G3 X126.758 Y142.415 I-10.773 J6.89 E.93601
G1 E-.56 F2400
;WIPE_START
G1 F9000
G1 X125.874 Y142.162 E-.11031
G1 X125.035 Y141.859 E-.10711
G1 X124.862 Y141.785 E-.02257
;WIPE_END
G17
G3 Z18.6 I1.217 J0 P1  F30000

;don't support timelapse gcode in spiral_mode and by object sequence for I3 structure printer
;time lapse begin
M5001 G92 E0
M5001 G17
M5001 G2 Z18.6 I0.86 J0.86 P1 F20000 ; spiral lift a little
M5001 G1 X0 Y180 F24000 ; move to safe pos
M5001 P15
M5001 M400 P300
M5001 G92 E0
;time lapse end

SET_VELOCITY_LIMIT ACCEL=6000 ACCEL_TO_DECEL=3000 SQUARE_CORNER_VELOCITY=12
G1 X118.807 Y134.333
G1 Z18.2
G1 E.8 F2400
;TYPE:Sparse infill
;WIDTH:0.45
G1 F3235
G1 X125.142 Y140.668 E.29719
G2 X129.963 Y141.651 I4.658 J-10.535 E.16446
G1 X118.175 Y129.863 E.553
G3 X118.697 Y126.547 I11.626 J.132 E.11173
M73 P71 R6
G1 X133.279 Y141.129 E.68405
G2 X135.922 Y139.934 I-3.579 J-11.439 E.09646
G1 X119.895 Y123.907 E.75187
G3 X121.586 Y121.76 I9.669 J5.879 E.09088
G1 X138.066 Y138.24 E.77309
G2 X139.76 Y136.096 I-9.803 J-9.488 E.09079
G1 X123.73 Y120.066 E.752
G3 X126.37 Y118.868 I6.379 J10.543 E.09638
G1 X140.956 Y133.454 E.68428
G2 X141.477 Y130.137 I-11.979 J-3.581 E.11172
G1 X129.688 Y118.348 E.55304
G3 X134.498 Y119.32 I.026 J12.261 E.16388
G1 X140.845 Y125.667 E.29774
; stop printing object 圆柱体 id:0 copy 0
;LAYER_CHANGE
;Z:18.4
;HEIGHT:0.199999
;BEFORE_LAYER_CHANGE
;18.4
G92 E0

G1 E-.56 F2400
;WIPE_START
G1 F13535.936
G1 X139.43 Y124.252 E-.24
;WIPE_END
EXCLUDE_OBJECT_END NAME=圆柱体_id_0_copy_0

;don't support timelapse gcode in spiral_mode and by object sequence for I3 structure printer
;time lapse begin
M5001 G92 E0
M5001 G17
M5001 G2 Z18.8 I0.86 J0.86 P1 F20000 ; spiral lift a little
M5001 G1 X0 Y180 F24000 ; move to safe pos
M5001 P15
M5001 M400 P300
M5001 G92 E0
;time lapse end

;AFTER_LAYER_CHANGE
;18.4
;_SET_FAN_SPEED_CHANGING_LAYER
; printing object 圆柱体 id:0 copy 0
EXCLUDE_OBJECT_START NAME=圆柱体_id_0_copy_0
G17
G3 Z18.8 I-.968 J-.737 P1  F30000
G1 X126.356 Y141.428 Z18.8
G1 Z18.4
G1 E.8 F2400
SET_VELOCITY_LIMIT SQUARE_CORNER_VELOCITY=8
;TYPE:Inner wall
G1 F3235
G1 X126.245 Y141.397 E.00382
G3 X118.429 Y126.419 I3.582 J-11.397 E.62246
G3 X130.127 Y118.057 I11.414 J3.605 E.51165
G3 X126.936 Y141.591 I-.306 J11.942 E1.33138
G1 X126.413 Y141.445 E.018
SET_VELOCITY_LIMIT SQUARE_CORNER_VELOCITY=12
G1 X126.378 Y141.862 F30000
SET_VELOCITY_LIMIT SQUARE_CORNER_VELOCITY=8
G1 F3235
G1 X125.603 Y141.603 E.02711
G3 X128.412 Y117.728 I4.223 J-11.606 E1.0971
G3 X130.134 Y117.65 I1.42 J12.417 E.05722
G3 X126.437 Y141.873 I-.308 J12.347 E1.39072
SET_VELOCITY_LIMIT SQUARE_CORNER_VELOCITY=12
G1 E-.56 F2400
;WIPE_START
G1 F13535.936
G1 X125.603 Y141.603 E-.10518
G1 X125.198 Y141.455 E-.05174
G1 X124.565 Y141.174 E-.08308
;WIPE_END
G1 X126.699 Y142.401 Z18.8 F30000
G1 Z18.4
G1 E.8 F2400
SET_VELOCITY_LIMIT ACCEL=5000 ACCEL_TO_DECEL=2500 SQUARE_CORNER_VELOCITY=8
;TYPE:Outer wall
;WIDTH:0.42
G1 F3235
G1 X125.874 Y142.162 E.02639
G3 X121.366 Y139.591 I3.952 J-12.162 E.16058
G3 X130.142 Y117.216 I8.463 J-9.589 E.96004
G3 X126.758 Y142.415 I-.316 J12.784 E1.31998
G1 E-.56 F2400
;WIPE_START
G1 F9000
G1 X125.874 Y142.162 E-.11026
G1 X125.035 Y141.859 E-.10712
G1 X124.861 Y141.785 E-.02263
;WIPE_END
G17
G3 Z18.8 I1.217 J0 P1  F30000

;don't support timelapse gcode in spiral_mode and by object sequence for I3 structure printer
;time lapse begin
M5001 G92 E0
M5001 G17
M5001 G2 Z18.8 I0.86 J0.86 P1 F20000 ; spiral lift a little
M5001 G1 X0 Y180 F24000 ; move to safe pos
M5001 P15
M5001 M400 P300
M5001 G92 E0
;time lapse end

SET_VELOCITY_LIMIT ACCEL=6000 ACCEL_TO_DECEL=3000 SQUARE_CORNER_VELOCITY=12
G1 X118.807 Y134.333
G1 Z18.4
G1 E.8 F2400
;TYPE:Sparse infill
;WIDTH:0.45
G1 F3235
G1 X125.142 Y140.668 E.29719
G2 X129.963 Y141.651 I4.689 J-10.688 E.16443
G1 X118.175 Y129.863 E.553
G3 X118.697 Y126.547 I11.236 J.071 E.11176
G1 X133.279 Y141.129 E.68405
G2 X135.922 Y139.934 I-3.301 J-10.823 E.09649
G1 X119.891 Y123.903 E.75206
G3 X121.586 Y121.76 I10.398 J6.486 E.09082
G1 X138.066 Y138.24 E.77309
G2 X139.76 Y136.096 I-9.803 J-9.488 E.09079
G1 X123.73 Y120.066 E.752
G3 X126.373 Y118.871 I6.222 J10.244 E.09646
G1 X140.956 Y133.454 E.68411
G2 X141.477 Y130.137 I-11.986 J-3.582 E.11172
G1 X129.688 Y118.348 E.55304
G3 X134.5 Y119.323 I.03 J12.221 E.16399
G1 X140.845 Y125.667 E.29761
; stop printing object 圆柱体 id:0 copy 0
;LAYER_CHANGE
;Z:18.6
;HEIGHT:0.200001
;BEFORE_LAYER_CHANGE
;18.6
G92 E0

G1 E-.56 F2400
;WIPE_START
G1 F13535.936
G1 X139.43 Y124.252 E-.24
;WIPE_END
EXCLUDE_OBJECT_END NAME=圆柱体_id_0_copy_0

;don't support timelapse gcode in spiral_mode and by object sequence for I3 structure printer
;time lapse begin
M5001 G92 E0
M5001 G17
M5001 G2 Z19 I0.86 J0.86 P1 F20000 ; spiral lift a little
M5001 G1 X0 Y180 F24000 ; move to safe pos
M5001 P15
M5001 M400 P300
M5001 G92 E0
;time lapse end

;AFTER_LAYER_CHANGE
;18.6
;_SET_FAN_SPEED_CHANGING_LAYER
; printing object 圆柱体 id:0 copy 0
EXCLUDE_OBJECT_START NAME=圆柱体_id_0_copy_0
G17
G3 Z19 I-.968 J-.737 P1  F30000
G1 X126.358 Y141.427 Z19
G1 Z18.6
G1 E.8 F2400
SET_VELOCITY_LIMIT SQUARE_CORNER_VELOCITY=8
;TYPE:Inner wall
G1 F3235
G1 X126.133 Y141.366 E.00774
G3 X128.577 Y118.118 I3.682 J-11.365 E1.07972
G3 X130.13 Y118.058 I1.399 J16.044 E.05159
G3 X126.935 Y141.595 I-.315 J11.943 E1.33103
M73 P72 R6
G1 X126.416 Y141.444 E.01793
SET_VELOCITY_LIMIT SQUARE_CORNER_VELOCITY=12
G1 X126.387 Y141.859 F30000
SET_VELOCITY_LIMIT SQUARE_CORNER_VELOCITY=8
G1 F3235
G1 X126.009 Y141.748 E.01306
G3 X128.416 Y117.727 I3.817 J-11.749 E1.11174
G3 X130.138 Y117.651 I1.417 J12.429 E.05722
G3 X126.837 Y141.986 I-.312 J12.349 E1.37715
G1 X126.444 Y141.875 E.01355
SET_VELOCITY_LIMIT SQUARE_CORNER_VELOCITY=12
G1 E-.56 F2400
;WIPE_START
G1 F13535.936
G1 X126.009 Y141.748 E-.05443
G1 X125.6 Y141.61 E-.05174
G1 X125.198 Y141.455 E-.05176
G1 X124.573 Y141.177 E-.08207
;WIPE_END
G1 X126.699 Y142.401 Z19 F30000
G1 Z18.6
G1 E.8 F2400
SET_VELOCITY_LIMIT ACCEL=5000 ACCEL_TO_DECEL=2500 SQUARE_CORNER_VELOCITY=8
;TYPE:Outer wall
;WIDTH:0.42
G1 F3235
G1 X125.875 Y142.159 E.02639
G3 X117.625 Y126.169 I3.962 J-12.168 E.61312
G3 X130.145 Y117.216 I12.219 J3.856 E.50735
G3 X141.949 Y125.927 I-.32 J12.786 E.48007
G3 X130.845 Y142.748 I-12.136 J4.064 E.71303
G3 X126.758 Y142.412 I-1.008 J-12.757 E.12654
G1 E-.56 F2400
;WIPE_START
G1 F9000
G1 X125.875 Y142.159 E-.1102
G1 X125.035 Y141.859 E-.1071
G1 X124.861 Y141.785 E-.0227
;WIPE_END
G17
G3 Z19 I1.217 J0 P1  F30000

;don't support timelapse gcode in spiral_mode and by object sequence for I3 structure printer
;time lapse begin
M5001 G92 E0
M5001 G17
M5001 G2 Z19 I0.86 J0.86 P1 F20000 ; spiral lift a little
M5001 G1 X0 Y180 F24000 ; move to safe pos
M5001 P15
M5001 M400 P300
M5001 G92 E0
;time lapse end

SET_VELOCITY_LIMIT ACCEL=6000 ACCEL_TO_DECEL=3000 SQUARE_CORNER_VELOCITY=12
G1 X118.817 Y134.343
G1 Z18.6
G1 E.8 F2400
;TYPE:Sparse infill
;WIDTH:0.45
G1 F3235
G1 X125.142 Y140.668 E.29674
G2 X129.963 Y141.651 I4.657 J-10.53 E.16446
G1 X118.175 Y129.863 E.553
G3 X118.694 Y126.544 I12.908 J.317 E.11176
G1 X133.279 Y141.129 E.68422
G2 X135.922 Y139.934 I-3.579 J-11.439 E.09646
G1 X119.892 Y123.904 E.752
G3 X121.586 Y121.76 I11.609 J7.433 E.09079
G1 X138.066 Y138.24 E.77311
G2 X139.761 Y136.097 I-9.98 J-9.636 E.09078
G1 X123.73 Y120.066 E.75206
G3 X126.373 Y118.871 I6.222 J10.244 E.09646
G1 X140.955 Y133.453 E.68405
G2 X141.477 Y130.137 I-10.714 J-3.387 E.11176
G1 X129.688 Y118.348 E.55304
G3 X134.501 Y119.323 I.031 J12.22 E.16399
G1 X140.845 Y125.667 E.29761
; stop printing object 圆柱体 id:0 copy 0
;LAYER_CHANGE
;Z:18.8
;HEIGHT:0.199999
;BEFORE_LAYER_CHANGE
;18.8
G92 E0

G1 E-.56 F2400
;WIPE_START
G1 F13535.936
G1 X139.43 Y124.252 E-.24
;WIPE_END
EXCLUDE_OBJECT_END NAME=圆柱体_id_0_copy_0

;don't support timelapse gcode in spiral_mode and by object sequence for I3 structure printer
;time lapse begin
M5001 G92 E0
M5001 G17
M5001 G2 Z19.2 I0.86 J0.86 P1 F20000 ; spiral lift a little
M5001 G1 X0 Y180 F24000 ; move to safe pos
M5001 P15
M5001 M400 P300
M5001 G92 E0
;time lapse end

;AFTER_LAYER_CHANGE
;18.8
;_SET_FAN_SPEED_CHANGING_LAYER
; printing object 圆柱体 id:0 copy 0
EXCLUDE_OBJECT_START NAME=圆柱体_id_0_copy_0
G17
G3 Z19.2 I-.968 J-.738 P1  F30000
G1 X126.344 Y141.424 Z19.2
G1 Z18.8
G1 E.8 F2400
SET_VELOCITY_LIMIT SQUARE_CORNER_VELOCITY=8
;TYPE:Inner wall
G1 F3235
G1 X125.739 Y141.23 E.0211
G3 X128.577 Y118.118 I4.077 J-11.23 E1.06587
G3 X130.134 Y118.058 I1.398 J16.033 E.0517
G3 X126.532 Y141.487 I-.319 J11.943 E1.34476
G1 X126.401 Y141.443 E.00458
SET_VELOCITY_LIMIT SQUARE_CORNER_VELOCITY=12
G1 X126.387 Y141.859 F30000
SET_VELOCITY_LIMIT SQUARE_CORNER_VELOCITY=8
G1 F3235
G1 X126.007 Y141.752 E.01307
G3 X128.106 Y117.765 I3.81 J-11.752 E1.10205
G3 X130.141 Y117.651 I1.729 J12.567 E.06767
G3 X126.837 Y141.989 I-.324 J12.35 E1.37653
G1 X126.444 Y141.876 E.01355
SET_VELOCITY_LIMIT SQUARE_CORNER_VELOCITY=12
G1 E-.56 F2400
;WIPE_START
G1 F13535.936
G1 X126.007 Y141.752 E-.05449
G1 X125.198 Y141.455 E-.10349
G1 X124.801 Y141.287 E-.05175
G1 X124.572 Y141.18 E-.03027
;WIPE_END
G1 X126.7 Y142.401 Z19.2 F30000
G1 Z18.8
G1 E.8 F2400
SET_VELOCITY_LIMIT ACCEL=5000 ACCEL_TO_DECEL=2500 SQUARE_CORNER_VELOCITY=8
;TYPE:Outer wall
;WIDTH:0.42
G1 F3235
G1 X125.874 Y142.162 E.0264
G3 X117.626 Y126.166 I3.952 J-12.162 E.61344
G3 X130.149 Y117.216 I12.218 J3.859 E.50735
G3 X126.758 Y142.415 I-.323 J12.784 E1.31976
M73 P72 R5
G1 E-.56 F2400
;WIPE_START
G1 F9000
G1 X125.874 Y142.162 E-.11029
G1 X125.035 Y141.859 E-.10712
G1 X124.863 Y141.782 E-.02259
;WIPE_END
G17
G3 Z19.2 I1.217 J0 P1  F30000

;don't support timelapse gcode in spiral_mode and by object sequence for I3 structure printer
;time lapse begin
M5001 G92 E0
M5001 G17
M5001 G2 Z19.2 I0.86 J0.86 P1 F20000 ; spiral lift a little
M5001 G1 X0 Y180 F24000 ; move to safe pos
M5001 P15
M5001 M400 P300
M5001 G92 E0
;time lapse end

SET_VELOCITY_LIMIT ACCEL=6000 ACCEL_TO_DECEL=3000 SQUARE_CORNER_VELOCITY=12
G1 X118.817 Y134.343
G1 Z18.8
G1 E.8 F2400
;TYPE:Sparse infill
;WIDTH:0.45
G1 F3235
G1 X125.142 Y140.668 E.29674
G2 X129.963 Y141.651 I4.656 J-10.528 E.16447
G1 X118.175 Y129.863 E.553
M73 P73 R5
G3 X118.697 Y126.547 I11.637 J.134 E.11173
G1 X133.279 Y141.129 E.68405
G2 X135.922 Y139.934 I-3.579 J-11.439 E.09646
G1 X119.895 Y123.907 E.75187
G3 X121.586 Y121.76 I9.464 J5.718 E.09089
G1 X138.066 Y138.24 E.77309
G2 X139.761 Y136.097 I-9.925 J-9.596 E.09078
G1 X123.73 Y120.066 E.75206
G3 X126.373 Y118.871 I6.222 J10.244 E.09646
G1 X140.956 Y133.454 E.68411
G2 X141.477 Y130.137 I-12.384 J-3.644 E.1117
G1 X129.688 Y118.348 E.55304
G3 X134.501 Y119.323 I.031 J12.22 E.16399
G1 X140.845 Y125.667 E.29761
; stop printing object 圆柱体 id:0 copy 0
;LAYER_CHANGE
;Z:19
;HEIGHT:0.200001
;BEFORE_LAYER_CHANGE
;19
G92 E0

G1 E-.56 F2400
;WIPE_START
G1 F13535.936
G1 X139.43 Y124.252 E-.24
;WIPE_END
EXCLUDE_OBJECT_END NAME=圆柱体_id_0_copy_0

;don't support timelapse gcode in spiral_mode and by object sequence for I3 structure printer
;time lapse begin
M5001 G92 E0
M5001 G17
M5001 G2 Z19.4 I0.86 J0.86 P1 F20000 ; spiral lift a little
M5001 G1 X0 Y180 F24000 ; move to safe pos
M5001 P15
M5001 M400 P300
M5001 G92 E0
;time lapse end

;AFTER_LAYER_CHANGE
;19
;_SET_FAN_SPEED_CHANGING_LAYER
; printing object 圆柱体 id:0 copy 0
EXCLUDE_OBJECT_START NAME=圆柱体_id_0_copy_0
G17
G3 Z19.4 I-.968 J-.737 P1  F30000
G1 X126.359 Y141.428 Z19.4
G1 Z19
G1 E.8 F2400
SET_VELOCITY_LIMIT SQUARE_CORNER_VELOCITY=8
;TYPE:Inner wall
G1 F3235
G1 X126.133 Y141.365 E.00778
G3 X128.577 Y118.118 I3.682 J-11.365 E1.07969
G3 X130.137 Y118.058 I1.397 J16.02 E.05182
G3 X126.935 Y141.595 I-.322 J11.943 E1.33082
G1 X126.417 Y141.444 E.0179
SET_VELOCITY_LIMIT SQUARE_CORNER_VELOCITY=12
G1 X126.388 Y141.859 F30000
SET_VELOCITY_LIMIT SQUARE_CORNER_VELOCITY=8
G1 F3235
G1 X126.01 Y141.743 E.0131
G3 X128.423 Y117.727 I3.815 J-11.746 E1.11175
G3 X130.145 Y117.651 I1.411 J12.455 E.05722
G3 X126.839 Y141.981 I-.319 J12.346 E1.37657
G1 X126.446 Y141.875 E.01351
SET_VELOCITY_LIMIT SQUARE_CORNER_VELOCITY=12
G1 E-.56 F2400
;WIPE_START
G1 F13535.936
G1 X126.01 Y141.743 E-.05457
G1 X125.6 Y141.61 E-.05173
G1 X125.198 Y141.455 E-.05175
G1 X124.574 Y141.178 E-.08195
;WIPE_END
G1 X126.702 Y142.395 Z19.4 F30000
G1 Z19
G1 E.8 F2400
SET_VELOCITY_LIMIT ACCEL=5000 ACCEL_TO_DECEL=2500 SQUARE_CORNER_VELOCITY=8
;TYPE:Outer wall
;WIDTH:0.42
G1 F3235
G1 X126.303 Y142.287 E.01271
G3 X117.768 Y125.739 I3.523 J-12.292 E.64083
G3 X130.152 Y117.216 I12.059 J4.263 E.49379
G3 X139.545 Y121.688 I-.357 J12.85 E.32909
G3 X127.168 Y142.503 I-9.72 J8.308 E.97726
G1 X126.76 Y142.408 E.01287
G1 E-.56 F2400
;WIPE_START
G1 F9000
G1 X126.303 Y142.287 E-.05682
G1 X125.452 Y142.019 E-.1071
G1 X125.035 Y141.859 E-.05358
G1 X124.863 Y141.782 E-.02251
;WIPE_END
G17
G3 Z19.4 I1.217 J0 P1  F30000

;don't support timelapse gcode in spiral_mode and by object sequence for I3 structure printer
;time lapse begin
M5001 G92 E0
M5001 G17
M5001 G2 Z19.4 I0.86 J0.86 P1 F20000 ; spiral lift a little
M5001 G1 X0 Y180 F24000 ; move to safe pos
M5001 P15
M5001 M400 P300
M5001 G92 E0
;time lapse end

SET_VELOCITY_LIMIT ACCEL=6000 ACCEL_TO_DECEL=3000 SQUARE_CORNER_VELOCITY=12
G1 X118.817 Y134.343
G1 Z19
G1 E.8 F2400
;TYPE:Sparse infill
;WIDTH:0.45
G1 F3235
G1 X125.142 Y140.668 E.29674
G2 X129.963 Y141.651 I4.656 J-10.526 E.16447
G1 X118.175 Y129.863 E.553
G3 X118.696 Y126.546 I12.901 J.327 E.1117
G1 X133.279 Y141.129 E.68411
G2 X135.923 Y139.935 I-3.62 J-11.548 E.09647
G1 X119.891 Y123.903 E.75212
G3 X121.586 Y121.76 I10.398 J6.486 E.09082
G1 X138.067 Y138.241 E.77314
G2 X139.76 Y136.096 I-8.052 J-8.097 E.09086
G1 X123.729 Y120.065 E.75206
G3 X126.373 Y118.871 I6.265 J10.355 E.09647
G1 X140.955 Y133.453 E.68405
G2 X141.477 Y130.137 I-11.119 J-3.45 E.11173
G1 X129.688 Y118.348 E.55304
G3 X134.501 Y119.323 I.031 J12.219 E.16399
G1 X140.845 Y125.667 E.29761
; stop printing object 圆柱体 id:0 copy 0
;LAYER_CHANGE
;Z:19.2
;HEIGHT:0.200001
;BEFORE_LAYER_CHANGE
;19.2
G92 E0

G1 E-.56 F2400
;WIPE_START
G1 F13535.936
G1 X139.43 Y124.252 E-.24
;WIPE_END
EXCLUDE_OBJECT_END NAME=圆柱体_id_0_copy_0

;don't support timelapse gcode in spiral_mode and by object sequence for I3 structure printer
;time lapse begin
M5001 G92 E0
M5001 G17
M5001 G2 Z19.6 I0.86 J0.86 P1 F20000 ; spiral lift a little
M5001 G1 X0 Y180 F24000 ; move to safe pos
M5001 P15
M5001 M400 P300
M5001 G92 E0
;time lapse end

;AFTER_LAYER_CHANGE
;19.2
;_SET_FAN_SPEED_CHANGING_LAYER
; printing object 圆柱体 id:0 copy 0
EXCLUDE_OBJECT_START NAME=圆柱体_id_0_copy_0
G17
G3 Z19.6 I-.968 J-.737 P1  F30000
G1 X126.36 Y141.428 Z19.6
G1 Z19.2
G1 E.8 F2400
SET_VELOCITY_LIMIT SQUARE_CORNER_VELOCITY=8
;TYPE:Inner wall
G1 F3235
G1 X126.133 Y141.365 E.00782
G3 X128.577 Y118.118 I3.683 J-11.365 E1.07968
G3 X130.141 Y118.058 I1.397 J16.009 E.05193
M73 P74 R5
G3 X126.935 Y141.595 I-.325 J11.943 E1.33074
G1 X126.418 Y141.445 E.01786
SET_VELOCITY_LIMIT SQUARE_CORNER_VELOCITY=12
G1 X126.389 Y141.859 F30000
SET_VELOCITY_LIMIT SQUARE_CORNER_VELOCITY=8
G1 F3235
G1 X126.007 Y141.753 E.01314
G3 X128.535 Y117.713 I3.808 J-11.753 E1.11649
G3 X130.148 Y117.651 I1.445 J16.567 E.05358
G3 X126.837 Y141.99 I-.333 J12.35 E1.37619
G1 X126.446 Y141.876 E.01348
SET_VELOCITY_LIMIT SQUARE_CORNER_VELOCITY=12
G1 E-.56 F2400
;WIPE_START
G1 F13535.936
G1 X126.007 Y141.753 E-.05474
G1 X125.6 Y141.61 E-.05175
G1 X124.801 Y141.287 E-.10349
G1 X124.574 Y141.181 E-.03002
;WIPE_END
G1 X126.702 Y142.401 Z19.6 F30000
G1 Z19.2
G1 E.8 F2400
SET_VELOCITY_LIMIT ACCEL=5000 ACCEL_TO_DECEL=2500 SQUARE_CORNER_VELOCITY=8
;TYPE:Outer wall
;WIDTH:0.42
G1 F3235
G1 X125.876 Y142.158 E.02646
G3 X117.628 Y126.159 I3.948 J-12.161 E.61355
G3 X130.156 Y117.216 I12.216 J3.866 E.50735
G3 X126.761 Y142.41 I-.332 J12.781 E1.31909
G1 E-.56 F2400
;WIPE_START
G1 F9000
G1 X125.876 Y142.158 E-.11044
G1 X125.035 Y141.859 E-.1071
G1 X124.862 Y141.786 E-.02247
;WIPE_END
G17
G3 Z19.6 I1.217 J0 P1  F30000

;don't support timelapse gcode in spiral_mode and by object sequence for I3 structure printer
;time lapse begin
M5001 G92 E0
M5001 G17
M5001 G2 Z19.6 I0.86 J0.86 P1 F20000 ; spiral lift a little
M5001 G1 X0 Y180 F24000 ; move to safe pos
M5001 P15
M5001 M400 P300
M5001 G92 E0
;time lapse end

SET_VELOCITY_LIMIT ACCEL=6000 ACCEL_TO_DECEL=3000 SQUARE_CORNER_VELOCITY=12
G1 X118.807 Y134.333
G1 Z19.2
G1 E.8 F2400
;TYPE:Sparse infill
;WIDTH:0.45
G1 F3235
G1 X125.142 Y140.668 E.29719
G2 X129.963 Y141.651 I4.689 J-10.689 E.16443
G1 X118.175 Y129.863 E.553
G3 X118.697 Y126.547 I11.236 J.071 E.11176
G1 X133.279 Y141.129 E.68405
G2 X135.922 Y139.934 I-3.579 J-11.439 E.09646
G1 X119.895 Y123.907 E.75187
G3 X121.586 Y121.76 I9.465 J5.718 E.09089
G1 X138.066 Y138.24 E.77311
G2 X139.761 Y136.097 I-9.974 J-9.632 E.09078
G1 X123.73 Y120.066 E.75206
G3 X126.373 Y118.871 I6.222 J10.245 E.09646
G1 X140.956 Y133.454 E.68411
G2 X141.477 Y130.137 I-12.016 J-3.587 E.11172
G1 X129.688 Y118.348 E.55304
G3 X134.501 Y119.323 I.031 J12.218 E.16399
G1 X140.841 Y125.663 E.29746
; stop printing object 圆柱体 id:0 copy 0
;LAYER_CHANGE
;Z:19.4
;HEIGHT:0.199999
;BEFORE_LAYER_CHANGE
;19.4
G92 E0

G1 E-.56 F2400
;WIPE_START
G1 F13535.936
G1 X139.427 Y124.249 E-.24
;WIPE_END
EXCLUDE_OBJECT_END NAME=圆柱体_id_0_copy_0

;don't support timelapse gcode in spiral_mode and by object sequence for I3 structure printer
;time lapse begin
M5001 G92 E0
M5001 G17
M5001 G2 Z19.8 I0.86 J0.86 P1 F20000 ; spiral lift a little
M5001 G1 X0 Y180 F24000 ; move to safe pos
M5001 P15
M5001 M400 P300
M5001 G92 E0
;time lapse end

;AFTER_LAYER_CHANGE
;19.4
;_SET_FAN_SPEED_CHANGING_LAYER
; printing object 圆柱体 id:0 copy 0
EXCLUDE_OBJECT_START NAME=圆柱体_id_0_copy_0
G17
G3 Z19.8 I-.969 J-.737 P1  F30000
G1 X126.362 Y141.428 Z19.8
G1 Z19.4
G1 E.8 F2400
SET_VELOCITY_LIMIT SQUARE_CORNER_VELOCITY=8
;TYPE:Inner wall
G1 F3235
G1 X126.134 Y141.361 E.00788
G3 X130.144 Y118.058 I3.692 J-11.361 E1.131
G3 X141.218 Y133.598 I-.329 J11.95 E.73295
G3 X126.936 Y141.591 I-11.392 J-3.598 E.59808
G1 X126.42 Y141.445 E.01779
SET_VELOCITY_LIMIT SQUARE_CORNER_VELOCITY=12
G1 X126.39 Y141.86 F30000
SET_VELOCITY_LIMIT SQUARE_CORNER_VELOCITY=8
G1 F3235
G1 X126.007 Y141.753 E.0132
G3 X128.535 Y117.713 I3.808 J-11.753 E1.11647
G3 X130.151 Y117.651 I1.444 J16.556 E.0537
G3 X126.837 Y141.99 I-.336 J12.349 E1.37609
G1 X126.448 Y141.877 E.01342
SET_VELOCITY_LIMIT SQUARE_CORNER_VELOCITY=12
G1 E-.56 F2400
;WIPE_START
G1 F13535.936
G1 X126.007 Y141.753 E-.05495
G1 X125.6 Y141.61 E-.05175
G1 X125.198 Y141.455 E-.05175
G1 X124.577 Y141.179 E-.08155
;WIPE_END
G1 X126.703 Y142.402 Z19.8 F30000
G1 Z19.4
G1 E.8 F2400
SET_VELOCITY_LIMIT ACCEL=5000 ACCEL_TO_DECEL=2500 SQUARE_CORNER_VELOCITY=8
;TYPE:Outer wall
;WIDTH:0.42
G1 F3235
G1 X125.875 Y142.16 E.02651
G3 X130.159 Y117.216 I3.957 J-12.161 E1.1209
G3 X130.831 Y142.749 I-.334 J12.784 E1.19333
G3 X126.762 Y142.414 I-.999 J-12.749 E.12599
G1 E-.56 F2400
;WIPE_START
G1 F9000
G1 X125.875 Y142.16 E-.11072
G1 X125.035 Y141.859 E-.1071
G1 X124.865 Y141.786 E-.02218
;WIPE_END
G17
G3 Z19.8 I1.217 J0 P1  F30000

;don't support timelapse gcode in spiral_mode and by object sequence for I3 structure printer
;time lapse begin
M5001 G92 E0
M5001 G17
M5001 G2 Z19.8 I0.86 J0.86 P1 F20000 ; spiral lift a little
M5001 G1 X0 Y180 F24000 ; move to safe pos
M5001 P15
M5001 M400 P300
M5001 G92 E0
;time lapse end

SET_VELOCITY_LIMIT ACCEL=6000 ACCEL_TO_DECEL=3000 SQUARE_CORNER_VELOCITY=12
G1 X118.807 Y134.333
G1 Z19.4
G1 E.8 F2400
;TYPE:Sparse infill
;WIDTH:0.45
G1 F3235
G1 X125.142 Y140.668 E.29719
G2 X129.963 Y141.651 I4.655 J-10.521 E.16447
M73 P75 R5
G1 X118.175 Y129.863 E.553
G3 X118.696 Y126.546 I12.75 J.303 E.11171
G1 X133.279 Y141.129 E.68411
G2 X135.922 Y139.934 I-3.579 J-11.439 E.09646
G1 X119.892 Y123.904 E.752
G3 X121.586 Y121.76 I11.608 J7.432 E.09079
G1 X138.066 Y138.24 E.77309
G2 X139.76 Y136.096 I-9.803 J-9.488 E.09079
G1 X123.733 Y120.069 E.75186
G3 X126.37 Y118.868 I6.279 J10.286 E.09635
G1 X140.956 Y133.454 E.68428
G2 X141.477 Y130.137 I-12.373 J-3.643 E.1117
G1 X129.688 Y118.348 E.55303
G3 X134.5 Y119.323 I.031 J12.218 E.16399
G1 X140.845 Y125.667 E.29761
; stop printing object 圆柱体 id:0 copy 0
;LAYER_CHANGE
;Z:19.6
;HEIGHT:0.200001
;BEFORE_LAYER_CHANGE
;19.6
G92 E0

G1 E-.56 F2400
;WIPE_START
G1 F13535.936
G1 X139.43 Y124.252 E-.24
;WIPE_END
EXCLUDE_OBJECT_END NAME=圆柱体_id_0_copy_0

;don't support timelapse gcode in spiral_mode and by object sequence for I3 structure printer
;time lapse begin
M5001 G92 E0
M5001 G17
M5001 G2 Z20 I0.86 J0.86 P1 F20000 ; spiral lift a little
M5001 G1 X0 Y180 F24000 ; move to safe pos
M5001 P15
M5001 M400 P300
M5001 G92 E0
;time lapse end

;AFTER_LAYER_CHANGE
;19.6
;_SET_FAN_SPEED_CHANGING_LAYER
; printing object 圆柱体 id:0 copy 0
EXCLUDE_OBJECT_START NAME=圆柱体_id_0_copy_0
G17
G3 Z20 I-.968 J-.737 P1  F30000
G1 X126.35 Y141.426 Z20
G1 Z19.6
G1 E.8 F2400
SET_VELOCITY_LIMIT SQUARE_CORNER_VELOCITY=8
;TYPE:Inner wall
G1 F3235
G1 X125.739 Y141.23 E.02129
G3 X128.577 Y118.118 I4.078 J-11.23 E1.06581
G3 X130.148 Y118.058 I1.396 J15.988 E.05216
G3 X126.532 Y141.487 I-.332 J11.942 E1.34438
G1 X126.407 Y141.445 E.00439
SET_VELOCITY_LIMIT SQUARE_CORNER_VELOCITY=12
G1 X126.391 Y141.861 F30000
SET_VELOCITY_LIMIT SQUARE_CORNER_VELOCITY=8
G1 F3235
G1 X126.105 Y141.784 E.00985
G3 X128.535 Y117.713 I3.711 J-11.784 E1.11985
G3 X130.155 Y117.651 I1.444 J16.545 E.05381
G3 X126.837 Y141.99 I-.339 J12.349 E1.37599
G1 X126.449 Y141.878 E.01338
SET_VELOCITY_LIMIT SQUARE_CORNER_VELOCITY=12
G1 E-.56 F2400
;WIPE_START
G1 F13535.936
G1 X126.105 Y141.784 E-.04284
G1 X125.6 Y141.61 E-.06401
G1 X125.198 Y141.455 E-.05175
G1 X124.578 Y141.179 E-.0814
;WIPE_END
G1 X126.705 Y142.402 Z20 F30000
G1 Z19.6
G1 E.8 F2400
SET_VELOCITY_LIMIT ACCEL=5000 ACCEL_TO_DECEL=2500 SQUARE_CORNER_VELOCITY=8
;TYPE:Outer wall
;WIDTH:0.42
G1 F3235
G1 X125.874 Y142.162 E.02658
G3 X130.163 Y117.216 I3.952 J-12.162 E1.12137
G3 X139.552 Y121.696 I-.339 J12.789 E.32919
G3 X130.828 Y142.749 I-9.736 J8.3 E.86387
G3 X126.764 Y142.416 I-1.001 J-12.749 E.12582
G1 E-.56 F2400
;WIPE_START
G1 F9000
G1 X125.874 Y142.162 E-.11101
G1 X125.035 Y141.859 E-.10712
G1 X124.867 Y141.787 E-.02187
;WIPE_END
G17
G3 Z20 I1.217 J0 P1  F30000

;don't support timelapse gcode in spiral_mode and by object sequence for I3 structure printer
;time lapse begin
M5001 G92 E0
M5001 G17
M5001 G2 Z20 I0.86 J0.86 P1 F20000 ; spiral lift a little
M5001 G1 X0 Y180 F24000 ; move to safe pos
M5001 P15
M5001 M400 P300
M5001 G92 E0
;time lapse end

SET_VELOCITY_LIMIT ACCEL=6000 ACCEL_TO_DECEL=3000 SQUARE_CORNER_VELOCITY=12
G1 X118.817 Y134.343
G1 Z19.6
G1 E.8 F2400
;TYPE:Sparse infill
;WIDTH:0.45
G1 F3235
G1 X125.142 Y140.668 E.29674
G2 X129.963 Y141.651 I4.655 J-10.518 E.16447
G1 X118.175 Y129.863 E.553
G3 X118.696 Y126.546 I12.033 J.19 E.11175
G1 X133.28 Y141.13 E.68416
G2 X135.922 Y139.934 I-3.623 J-11.523 E.09644
G1 X119.891 Y123.903 E.75206
G3 X121.586 Y121.76 I10.398 J6.486 E.09082
G1 X138.066 Y138.24 E.77309
G2 X139.76 Y136.096 I-9.806 J-9.491 E.09079
G1 X123.73 Y120.066 E.752
G3 X126.373 Y118.871 I6.222 J10.244 E.09646
G1 X140.956 Y133.454 E.68411
G2 X141.477 Y130.137 I-12.369 J-3.642 E.1117
G1 X129.688 Y118.348 E.55303
G3 X134.498 Y119.32 I.027 J12.257 E.16387
G1 X140.845 Y125.667 E.29774
; stop printing object 圆柱体 id:0 copy 0
;LAYER_CHANGE
;Z:19.8
;HEIGHT:0.199999
;BEFORE_LAYER_CHANGE
;19.8
G92 E0

G1 E-.56 F2400
;WIPE_START
G1 F13535.936
G1 X139.43 Y124.252 E-.24
;WIPE_END
EXCLUDE_OBJECT_END NAME=圆柱体_id_0_copy_0

;don't support timelapse gcode in spiral_mode and by object sequence for I3 structure printer
;time lapse begin
M5001 G92 E0
M5001 G17
M5001 G2 Z20.2 I0.86 J0.86 P1 F20000 ; spiral lift a little
M5001 G1 X0 Y180 F24000 ; move to safe pos
M5001 P15
M5001 M400 P300
M5001 G92 E0
;time lapse end

;AFTER_LAYER_CHANGE
;19.8
;_SET_FAN_SPEED_CHANGING_LAYER
; printing object 圆柱体 id:0 copy 0
EXCLUDE_OBJECT_START NAME=圆柱体_id_0_copy_0
G17
G3 Z20.2 I-.969 J-.737 P1  F30000
G1 X126.362 Y141.429 Z20.2
G1 Z19.8
G1 E.8 F2400
SET_VELOCITY_LIMIT SQUARE_CORNER_VELOCITY=8
;TYPE:Inner wall
G1 F3235
G1 X126.136 Y141.357 E.00788
G3 X130.151 Y118.058 I3.693 J-11.359 E1.13088
M73 P76 R5
G3 X141.216 Y133.604 I-.327 J11.943 E.73313
G3 X126.937 Y141.587 I-11.387 J-3.607 E.59773
G1 X126.42 Y141.444 E.01778
SET_VELOCITY_LIMIT SQUARE_CORNER_VELOCITY=12
G1 X126.395 Y141.861 F30000
SET_VELOCITY_LIMIT SQUARE_CORNER_VELOCITY=8
G1 F3235
G1 X126.008 Y141.752 E.01337
G3 X128.535 Y117.713 I3.808 J-11.752 E1.11641
G3 X130.158 Y117.651 I1.443 J16.534 E.05393
G3 X126.837 Y141.989 I-.343 J12.349 E1.37585
G1 X126.453 Y141.878 E.01325
SET_VELOCITY_LIMIT SQUARE_CORNER_VELOCITY=12
G1 E-.56 F2400
;WIPE_START
G1 F13535.936
G1 X126.008 Y141.752 E-.05555
G1 X125.6 Y141.61 E-.05175
G1 X125.198 Y141.455 E-.05175
G1 X124.581 Y141.181 E-.08095
;WIPE_END
G1 X126.708 Y142.403 Z20.2 F30000
G1 Z19.8
G1 E.8 F2400
SET_VELOCITY_LIMIT ACCEL=5000 ACCEL_TO_DECEL=2500 SQUARE_CORNER_VELOCITY=8
;TYPE:Outer wall
;WIDTH:0.42
G1 F3235
G1 X125.876 Y142.157 E.02667
G3 X130.166 Y117.216 I3.953 J-12.16 E1.12113
G3 X142.021 Y133.851 I-.341 J12.785 E.72697
G3 X126.767 Y142.412 I-12.192 J-3.853 E.59189
G1 E-.56 F2400
;WIPE_START
G1 F9000
G1 X125.876 Y142.157 E-.11122
G1 X125.035 Y141.859 E-.1071
G1 X124.87 Y141.785 E-.02168
;WIPE_END
G17
G3 Z20.2 I1.217 J0 P1  F30000

;don't support timelapse gcode in spiral_mode and by object sequence for I3 structure printer
;time lapse begin
M5001 G92 E0
M5001 G17
M5001 G2 Z20.2 I0.86 J0.86 P1 F20000 ; spiral lift a little
M5001 G1 X0 Y180 F24000 ; move to safe pos
M5001 P15
M5001 M400 P300
M5001 G92 E0
;time lapse end

SET_VELOCITY_LIMIT ACCEL=6000 ACCEL_TO_DECEL=3000 SQUARE_CORNER_VELOCITY=12
G1 X118.807 Y134.333
G1 Z19.8
G1 E.8 F2400
;TYPE:Sparse infill
;WIDTH:0.45
G1 F3235
G1 X125.142 Y140.668 E.29719
G2 X129.963 Y141.651 I4.641 J-10.451 E.16448
G1 X118.175 Y129.863 E.553
G3 X118.696 Y126.546 I12.024 J.189 E.11175
G1 X133.279 Y141.129 E.68411
G2 X135.922 Y139.934 I-3.579 J-11.439 E.09646
G1 X119.891 Y123.903 E.75206
G3 X121.586 Y121.76 I9.786 J6.002 E.09085
G1 X138.066 Y138.24 E.77309
G2 X139.76 Y136.096 I-9.803 J-9.488 E.09079
G1 X123.73 Y120.066 E.752
G3 X126.373 Y118.871 I6.222 J10.244 E.09646
G1 X140.956 Y133.454 E.68411
G2 X141.477 Y130.137 I-11.503 J-3.506 E.11175
G1 X129.688 Y118.348 E.55303
G3 X134.498 Y119.32 I.027 J12.256 E.16387
G1 X140.841 Y125.663 E.29758
; stop printing object 圆柱体 id:0 copy 0
;LAYER_CHANGE
;Z:20
;HEIGHT:0.200001
;BEFORE_LAYER_CHANGE
;20
G92 E0

G1 E-.56 F2400
;WIPE_START
G1 F13535.936
G1 X139.427 Y124.249 E-.24
;WIPE_END
EXCLUDE_OBJECT_END NAME=圆柱体_id_0_copy_0

;don't support timelapse gcode in spiral_mode and by object sequence for I3 structure printer
;time lapse begin
M5001 G92 E0
M5001 G17
M5001 G2 Z20.4 I0.86 J0.86 P1 F20000 ; spiral lift a little
M5001 G1 X0 Y180 F24000 ; move to safe pos
M5001 P15
M5001 M400 P300
M5001 G92 E0
;time lapse end

;AFTER_LAYER_CHANGE
;20
;_SET_FAN_SPEED_CHANGING_LAYER
; printing object 圆柱体 id:0 copy 0
EXCLUDE_OBJECT_START NAME=圆柱体_id_0_copy_0
G17
G3 Z20.4 I-.969 J-.737 P1  F30000
G1 X126.363 Y141.429 Z20.4
G1 Z20
G1 E.8 F2400
SET_VELOCITY_LIMIT SQUARE_CORNER_VELOCITY=8
;TYPE:Inner wall
G1 F3235
G1 X126.133 Y141.365 E.00789
G3 X128.577 Y118.118 I3.684 J-11.365 E1.07961
G3 X130.155 Y118.058 I1.394 J15.968 E.0524
G3 X126.935 Y141.594 I-.338 J11.942 E1.33035
G1 X126.42 Y141.445 E.01779
SET_VELOCITY_LIMIT SQUARE_CORNER_VELOCITY=12
G1 X126.399 Y141.862 F30000
SET_VELOCITY_LIMIT SQUARE_CORNER_VELOCITY=8
G1 F3235
G1 X126.007 Y141.752 E.01348
G3 X128.535 Y117.713 I3.809 J-11.752 E1.11642
G3 X130.162 Y117.651 I1.443 J16.524 E.05405
G3 X126.837 Y141.99 I-.346 J12.349 E1.37579
G1 X126.456 Y141.879 E.01314
SET_VELOCITY_LIMIT SQUARE_CORNER_VELOCITY=12
G1 E-.56 F2400
;WIPE_START
G1 F13535.936
G1 X126.007 Y141.752 E-.05595
G1 X125.6 Y141.61 E-.05175
G1 X124.801 Y141.287 E-.10349
G1 X124.583 Y141.185 E-.02881
;WIPE_END
G1 X126.711 Y142.404 Z20.4 F30000
G1 Z20
G1 E.8 F2400
SET_VELOCITY_LIMIT ACCEL=5000 ACCEL_TO_DECEL=2500 SQUARE_CORNER_VELOCITY=8
;TYPE:Outer wall
;WIDTH:0.42
G1 F3235
G1 X125.873 Y142.166 E.02678
G3 X128.489 Y117.28 I3.943 J-12.166 E1.07058
G3 X130.17 Y117.216 I1.494 J17.119 E.0517
G3 X126.769 Y142.421 I-.354 J12.784 E1.3182
G1 E-.56 F2400
;WIPE_START
G1 F9000
G1 X125.873 Y142.166 E-.11176
G1 X125.452 Y142.019 E-.05357
G1 X124.875 Y141.786 E-.07467
;WIPE_END
G17
G3 Z20.4 I1.217 J0 P1  F30000
M73 P77 R5

;don't support timelapse gcode in spiral_mode and by object sequence for I3 structure printer
;time lapse begin
M5001 G92 E0
M5001 G17
M5001 G2 Z20.4 I0.86 J0.86 P1 F20000 ; spiral lift a little
M5001 G1 X0 Y180 F24000 ; move to safe pos
M5001 P15
M5001 M400 P300
M5001 G92 E0
;time lapse end

SET_VELOCITY_LIMIT ACCEL=6000 ACCEL_TO_DECEL=3000 SQUARE_CORNER_VELOCITY=12
G1 X118.807 Y134.333
G1 Z20
G1 E.8 F2400
;TYPE:Sparse infill
;WIDTH:0.45
G1 F3235
G1 X125.142 Y140.668 E.29719
G2 X129.963 Y141.651 I4.641 J-10.451 E.16448
G1 X118.175 Y129.863 E.553
G3 X118.696 Y126.546 I12.016 J.188 E.11175
G1 X133.28 Y141.13 E.68416
G2 X135.922 Y139.934 I-3.62 J-11.515 E.09644
G1 X119.895 Y123.907 E.75187
G3 X121.586 Y121.76 I9.465 J5.718 E.09089
G1 X138.066 Y138.24 E.77309
G2 X139.76 Y136.096 I-9.803 J-9.488 E.09079
G1 X123.73 Y120.066 E.752
G3 X126.373 Y118.871 I6.222 J10.244 E.09646
G1 X140.956 Y133.454 E.68411
G2 X141.477 Y130.137 I-12.227 J-3.62 E.11171
G1 X129.688 Y118.348 E.55303
G3 X134.501 Y119.323 I.032 J12.216 E.16398
G1 X140.841 Y125.663 E.29746
; stop printing object 圆柱体 id:0 copy 0
;LAYER_CHANGE
;Z:20.2
;HEIGHT:0.200001
;BEFORE_LAYER_CHANGE
;20.2
G92 E0

G1 E-.56 F2400
;WIPE_START
G1 F13535.936
G1 X139.427 Y124.249 E-.24
;WIPE_END
EXCLUDE_OBJECT_END NAME=圆柱体_id_0_copy_0

;don't support timelapse gcode in spiral_mode and by object sequence for I3 structure printer
;time lapse begin
M5001 G92 E0
M5001 G17
M5001 G2 Z20.6 I0.86 J0.86 P1 F20000 ; spiral lift a little
M5001 G1 X0 Y180 F24000 ; move to safe pos
M5001 P15
M5001 M400 P300
M5001 G92 E0
;time lapse end

;AFTER_LAYER_CHANGE
;20.2
;_SET_FAN_SPEED_CHANGING_LAYER
; printing object 圆柱体 id:0 copy 0
EXCLUDE_OBJECT_START NAME=圆柱体_id_0_copy_0
G17
G3 Z20.6 I-.969 J-.737 P1  F30000
G1 X126.363 Y141.429 Z20.6
G1 Z20.2
G1 E.8 F2400
SET_VELOCITY_LIMIT SQUARE_CORNER_VELOCITY=8
;TYPE:Inner wall
G1 F3235
G1 X126.134 Y141.361 E.00789
G3 X130.158 Y118.058 I3.692 J-11.362 E1.13147
G3 X141.214 Y133.611 I-.345 J11.951 E.73291
G3 X126.936 Y141.591 I-11.387 J-3.611 E.59762
G1 X126.42 Y141.445 E.01778
SET_VELOCITY_LIMIT SQUARE_CORNER_VELOCITY=12
G1 X126.402 Y141.863 F30000
SET_VELOCITY_LIMIT SQUARE_CORNER_VELOCITY=8
G1 F3235
G1 X126.007 Y141.752 E.0136
G3 X128.535 Y117.713 I3.809 J-11.752 E1.11639
M73 P77 R4
G3 X130.165 Y117.651 I1.442 J16.515 E.05416
G3 X126.837 Y141.989 I-.349 J12.349 E1.37568
G1 X126.46 Y141.88 E.01302
SET_VELOCITY_LIMIT SQUARE_CORNER_VELOCITY=12
G1 E-.56 F2400
;WIPE_START
G1 F13535.936
G1 X126.007 Y141.752 E-.05641
G1 X125.6 Y141.61 E-.05175
G1 X125.198 Y141.455 E-.05175
G1 X124.588 Y141.184 E-.0801
;WIPE_END
G1 X126.715 Y142.405 Z20.6 F30000
G1 Z20.2
G1 E.8 F2400
SET_VELOCITY_LIMIT ACCEL=5000 ACCEL_TO_DECEL=2500 SQUARE_CORNER_VELOCITY=8
;TYPE:Outer wall
;WIDTH:0.42
G1 F3235
G1 X125.874 Y142.162 E.02689
G3 X130.173 Y117.216 I3.952 J-12.162 E1.12169
G3 X139.559 Y121.704 I-.35 J12.79 E.32919
G3 X142.019 Y133.857 I-9.737 J8.297 E.39778
G3 X126.773 Y142.418 I-12.193 J-3.858 E.59156
G1 E-.56 F2400
;WIPE_START
G1 F9000
G1 X125.874 Y142.162 E-.11219
G1 X125.035 Y141.859 E-.10712
G1 X124.877 Y141.789 E-.02069
;WIPE_END
G17
G3 Z20.6 I1.217 J0 P1  F30000

;don't support timelapse gcode in spiral_mode and by object sequence for I3 structure printer
;time lapse begin
M5001 G92 E0
M5001 G17
M5001 G2 Z20.6 I0.86 J0.86 P1 F20000 ; spiral lift a little
M5001 G1 X0 Y180 F24000 ; move to safe pos
M5001 P15
M5001 M400 P300
M5001 G92 E0
;time lapse end

SET_VELOCITY_LIMIT ACCEL=6000 ACCEL_TO_DECEL=3000 SQUARE_CORNER_VELOCITY=12
G1 X118.807 Y134.333
G1 Z20.2
G1 E.8 F2400
;TYPE:Sparse infill
;WIDTH:0.45
G1 F3235
G1 X125.142 Y140.668 E.29719
G2 X129.963 Y141.651 I4.641 J-10.451 E.16448
G1 X118.175 Y129.863 E.553
G3 X118.696 Y126.546 I11.796 J.153 E.11176
G1 X133.279 Y141.129 E.68411
G2 X135.922 Y139.934 I-3.579 J-11.439 E.09646
G1 X119.892 Y123.904 E.752
G3 X121.586 Y121.76 I11.608 J7.432 E.09079
G1 X138.066 Y138.24 E.77309
G2 X139.76 Y136.096 I-9.803 J-9.488 E.09079
G1 X123.73 Y120.066 E.752
G3 X126.373 Y118.871 I6.222 J10.244 E.09646
G1 X140.956 Y133.454 E.68411
G2 X141.477 Y130.137 I-12.226 J-3.62 E.11171
G1 X129.688 Y118.348 E.55303
G3 X134.501 Y119.323 I.032 J12.216 E.16398
G1 X140.845 Y125.667 E.29761
; stop printing object 圆柱体 id:0 copy 0
;LAYER_CHANGE
;Z:20.4
;HEIGHT:0.199999
;BEFORE_LAYER_CHANGE
;20.4
G92 E0

G1 E-.56 F2400
;WIPE_START
G1 F13535.936
G1 X139.43 Y124.252 E-.24
;WIPE_END
EXCLUDE_OBJECT_END NAME=圆柱体_id_0_copy_0

;don't support timelapse gcode in spiral_mode and by object sequence for I3 structure printer
;time lapse begin
M5001 G92 E0
M5001 G17
M5001 G2 Z20.8 I0.86 J0.86 P1 F20000 ; spiral lift a little
M5001 G1 X0 Y180 F24000 ; move to safe pos
M5001 P15
M5001 M400 P300
M5001 G92 E0
;time lapse end

;AFTER_LAYER_CHANGE
;20.4
;_SET_FAN_SPEED_CHANGING_LAYER
; printing object 圆柱体 id:0 copy 0
EXCLUDE_OBJECT_START NAME=圆柱体_id_0_copy_0
G17
G3 Z20.8 I-.969 J-.737 P1  F30000
G1 X126.362 Y141.43 Z20.8
G1 Z20.4
G1 E.8 F2400
SET_VELOCITY_LIMIT SQUARE_CORNER_VELOCITY=8
;TYPE:Inner wall
G1 F3235
G1 X126.211 Y141.389 E.00521
G3 X128.577 Y118.118 I3.607 J-11.389 E1.08226
M73 P78 R4
G3 X130.162 Y118.058 I1.393 J15.951 E.05263
G3 X126.935 Y141.594 I-.344 J11.942 E1.33014
G1 X126.42 Y141.446 E.01778
SET_VELOCITY_LIMIT SQUARE_CORNER_VELOCITY=12
G1 X126.404 Y141.865 F30000
SET_VELOCITY_LIMIT SQUARE_CORNER_VELOCITY=8
G1 F3235
G1 X126.092 Y141.778 E.01076
G3 X128.535 Y117.713 I3.725 J-11.779 E1.11927
G3 X130.169 Y117.651 I1.441 J16.506 E.05428
G3 X126.837 Y141.988 I-.352 J12.349 E1.37554
G1 X126.462 Y141.881 E.01294
SET_VELOCITY_LIMIT SQUARE_CORNER_VELOCITY=12
G1 E-.56 F2400
;WIPE_START
G1 F13535.936
G1 X126.092 Y141.778 E-.04611
G1 X125.6 Y141.61 E-.06234
G1 X124.801 Y141.287 E-.10349
G1 X124.589 Y141.188 E-.02807
;WIPE_END
G1 X126.719 Y142.406 Z20.8 F30000
G1 Z20.4
G1 E.8 F2400
SET_VELOCITY_LIMIT ACCEL=5000 ACCEL_TO_DECEL=2500 SQUARE_CORNER_VELOCITY=8
;TYPE:Outer wall
;WIDTH:0.42
G1 F3235
G1 X125.876 Y142.158 E.02702
G3 X117.634 Y126.139 I3.948 J-12.161 E.6142
G3 X130.177 Y117.216 I12.211 J3.887 E.50735
G3 X126.777 Y142.415 I-.353 J12.781 E1.31792
G1 E-.56 F2400
;WIPE_START
G1 F9000
G1 X125.876 Y142.158 E-.11251
G1 X125.035 Y141.859 E-.1071
G1 X124.878 Y141.792 E-.02039
;WIPE_END
G17
G3 Z20.8 I1.217 J0 P1  F30000

;don't support timelapse gcode in spiral_mode and by object sequence for I3 structure printer
;time lapse begin
M5001 G92 E0
M5001 G17
M5001 G2 Z20.8 I0.86 J0.86 P1 F20000 ; spiral lift a little
M5001 G1 X0 Y180 F24000 ; move to safe pos
M5001 P15
M5001 M400 P300
M5001 G92 E0
;time lapse end

SET_VELOCITY_LIMIT ACCEL=6000 ACCEL_TO_DECEL=3000 SQUARE_CORNER_VELOCITY=12
G1 X118.807 Y134.333
G1 Z20.4
G1 E.8 F2400
;TYPE:Sparse infill
;WIDTH:0.45
G1 F3235
G1 X125.142 Y140.668 E.29719
G2 X129.963 Y141.651 I4.689 J-10.689 E.16443
G1 X118.175 Y129.863 E.553
G3 X118.694 Y126.544 I12.908 J.317 E.11176
G1 X133.279 Y141.129 E.68422
G2 X135.922 Y139.934 I-3.538 J-11.348 E.09646
G1 X119.892 Y123.904 E.752
G3 X121.586 Y121.76 I11.609 J7.433 E.09079
G1 X138.066 Y138.24 E.77309
G2 X139.76 Y136.096 I-9.803 J-9.488 E.09079
G1 X123.73 Y120.066 E.752
G3 X126.37 Y118.868 I6.379 J10.543 E.09638
G1 X140.956 Y133.454 E.68428
G2 X141.477 Y130.137 I-12.542 J-3.669 E.11169
G1 X129.688 Y118.348 E.55303
G3 X134.501 Y119.323 I.006 J12.345 E.16396
G1 X140.841 Y125.663 E.29746
; stop printing object 圆柱体 id:0 copy 0
;LAYER_CHANGE
;Z:20.6
;HEIGHT:0.200001
;BEFORE_LAYER_CHANGE
;20.6
G92 E0

G1 E-.56 F2400
;WIPE_START
G1 F13535.936
G1 X139.427 Y124.249 E-.24
;WIPE_END
EXCLUDE_OBJECT_END NAME=圆柱体_id_0_copy_0

;don't support timelapse gcode in spiral_mode and by object sequence for I3 structure printer
;time lapse begin
M5001 G92 E0
M5001 G17
M5001 G2 Z21 I0.86 J0.86 P1 F20000 ; spiral lift a little
M5001 G1 X0 Y180 F24000 ; move to safe pos
M5001 P15
M5001 M400 P300
M5001 G92 E0
;time lapse end

;AFTER_LAYER_CHANGE
;20.6
;_SET_FAN_SPEED_CHANGING_LAYER
; printing object 圆柱体 id:0 copy 0
EXCLUDE_OBJECT_START NAME=圆柱体_id_0_copy_0
G17
G3 Z21 I-.969 J-.737 P1  F30000
G1 X126.363 Y141.429 Z21
G1 Z20.6
G1 E.8 F2400
SET_VELOCITY_LIMIT SQUARE_CORNER_VELOCITY=8
;TYPE:Inner wall
G1 F3235
G1 X126.134 Y141.364 E.0079
G3 X128.577 Y118.118 I3.684 J-11.364 E1.07953
G3 X130.165 Y118.058 I1.393 J15.944 E.05274
G3 X126.935 Y141.593 I-.348 J11.942 E1.33002
G1 X126.42 Y141.445 E.01778
SET_VELOCITY_LIMIT SQUARE_CORNER_VELOCITY=12
G1 X126.404 Y141.864 F30000
SET_VELOCITY_LIMIT SQUARE_CORNER_VELOCITY=8
G1 F3235
G1 X126.008 Y141.752 E.01368
G3 X128.535 Y117.713 I3.809 J-11.752 E1.11634
G3 X130.172 Y117.651 I1.441 J16.498 E.05439
G3 X126.837 Y141.989 I-.355 J12.349 E1.37546
G1 X126.462 Y141.881 E.01294
SET_VELOCITY_LIMIT SQUARE_CORNER_VELOCITY=12
G1 E-.56 F2400
;WIPE_START
G1 F13535.936
G1 X126.008 Y141.752 E-.05669
G1 X125.6 Y141.61 E-.05174
G1 X124.801 Y141.287 E-.10349
G1 X124.589 Y141.188 E-.02807
;WIPE_END
G1 X126.723 Y142.408 Z21 F30000
G1 Z20.6
G1 E.8 F2400
SET_VELOCITY_LIMIT ACCEL=5000 ACCEL_TO_DECEL=2500 SQUARE_CORNER_VELOCITY=8
;TYPE:Outer wall
;WIDTH:0.42
G1 F3235
G1 X125.874 Y142.162 E.02716
G3 X130.18 Y117.216 I3.952 J-12.162 E1.12191
G3 X142.017 Y133.864 I-.355 J12.785 E.72697
G3 X126.782 Y142.421 I-12.191 J-3.864 E.59108
G1 E-.56 F2400
;WIPE_START
G1 F9000
G1 X125.874 Y142.162 E-.11325
G1 X125.035 Y141.859 E-.10711
M73 P79 R4
G1 X124.885 Y141.792 E-.01963
;WIPE_END
G17
G3 Z21 I1.217 J0 P1  F30000

;don't support timelapse gcode in spiral_mode and by object sequence for I3 structure printer
;time lapse begin
M5001 G92 E0
M5001 G17
M5001 G2 Z21 I0.86 J0.86 P1 F20000 ; spiral lift a little
M5001 G1 X0 Y180 F24000 ; move to safe pos
M5001 P15
M5001 M400 P300
M5001 G92 E0
;time lapse end

SET_VELOCITY_LIMIT ACCEL=6000 ACCEL_TO_DECEL=3000 SQUARE_CORNER_VELOCITY=12
G1 X118.807 Y134.333
G1 Z20.6
G1 E.8 F2400
;TYPE:Sparse infill
;WIDTH:0.45
G1 F3235
G1 X125.142 Y140.668 E.29719
G2 X129.963 Y141.651 I4.641 J-10.451 E.16448
G1 X118.175 Y129.863 E.553
G3 X118.696 Y126.546 I11.99 J.183 E.11175
G1 X133.279 Y141.129 E.68411
G2 X135.922 Y139.934 I-3.579 J-11.439 E.09646
G1 X119.895 Y123.907 E.75187
G3 X121.586 Y121.76 I9.465 J5.718 E.09089
G1 X138.066 Y138.24 E.77309
G2 X139.76 Y136.096 I-9.803 J-9.488 E.09079
G1 X123.729 Y120.065 E.75206
G3 X126.373 Y118.871 I6.265 J10.355 E.09647
G1 X140.956 Y133.454 E.68411
G2 X141.477 Y130.137 I-11.469 J-3.501 E.11175
G1 X129.688 Y118.348 E.55303
G3 X134.5 Y119.323 I.007 J12.339 E.16396
G1 X140.841 Y125.663 E.29746
; stop printing object 圆柱体 id:0 copy 0
;LAYER_CHANGE
;Z:20.8
;HEIGHT:0.199999
;BEFORE_LAYER_CHANGE
;20.8
G92 E0

G1 E-.56 F2400
;WIPE_START
G1 F13535.936
G1 X139.427 Y124.249 E-.24
;WIPE_END
EXCLUDE_OBJECT_END NAME=圆柱体_id_0_copy_0

;don't support timelapse gcode in spiral_mode and by object sequence for I3 structure printer
;time lapse begin
M5001 G92 E0
M5001 G17
M5001 G2 Z21.2 I0.86 J0.86 P1 F20000 ; spiral lift a little
M5001 G1 X0 Y180 F24000 ; move to safe pos
M5001 P15
M5001 M400 P300
M5001 G92 E0
;time lapse end

;AFTER_LAYER_CHANGE
;20.8
;_SET_FAN_SPEED_CHANGING_LAYER
; printing object 圆柱体 id:0 copy 0
EXCLUDE_OBJECT_START NAME=圆柱体_id_0_copy_0
G17
G3 Z21.2 I-.969 J-.737 P1  F30000
G1 X126.363 Y141.429 Z21.2
G1 Z20.8
G1 E.8 F2400
SET_VELOCITY_LIMIT SQUARE_CORNER_VELOCITY=8
;TYPE:Inner wall
G1 F3235
G1 X126.136 Y141.357 E.0079
G3 X130.169 Y118.058 I3.693 J-11.359 E1.13147
G3 X141.211 Y133.621 I-.344 J11.943 E.73313
G3 X126.937 Y141.587 I-11.382 J-3.623 E.59715
G1 X126.421 Y141.445 E.01777
SET_VELOCITY_LIMIT SQUARE_CORNER_VELOCITY=12
G1 X126.404 Y141.864 F30000
SET_VELOCITY_LIMIT SQUARE_CORNER_VELOCITY=8
G1 F3235
G1 X126.008 Y141.752 E.01368
G3 X128.535 Y117.713 I3.81 J-11.752 E1.11633
G3 X130.176 Y117.651 I1.44 J16.49 E.05451
G3 X126.837 Y141.989 I-.359 J12.349 E1.37538
G1 X126.462 Y141.881 E.01294
SET_VELOCITY_LIMIT SQUARE_CORNER_VELOCITY=12
G1 E-.56 F2400
;WIPE_START
G1 F13535.936
G1 X126.008 Y141.752 E-.05669
G1 X125.6 Y141.61 E-.05175
G1 X124.801 Y141.287 E-.10349
G1 X124.589 Y141.188 E-.02807
;WIPE_END
G1 X126.728 Y142.409 Z21.2 F30000
G1 Z20.8
G1 E.8 F2400
SET_VELOCITY_LIMIT ACCEL=5000 ACCEL_TO_DECEL=2500 SQUARE_CORNER_VELOCITY=8
;TYPE:Outer wall
;WIDTH:0.42
G1 F3235
G1 X125.874 Y142.163 E.02732
G3 X117.636 Y126.133 I3.952 J-12.163 E.61454
G3 X130.184 Y117.216 I12.209 J3.894 E.50735
G3 X126.787 Y142.423 I-.357 J12.784 E1.31786
G1 E-.56 F2400
;WIPE_START
G1 F9000
G1 X125.874 Y142.163 E-.11388
G1 X125.035 Y141.859 E-.10712
G1 X124.889 Y141.797 E-.01901
;WIPE_END
G17
G3 Z21.2 I1.217 J0 P1  F30000

;don't support timelapse gcode in spiral_mode and by object sequence for I3 structure printer
;time lapse begin
M5001 G92 E0
M5001 G17
M5001 G2 Z21.2 I0.86 J0.86 P1 F20000 ; spiral lift a little
M5001 G1 X0 Y180 F24000 ; move to safe pos
M5001 P15
M5001 M400 P300
M5001 G92 E0
;time lapse end

SET_VELOCITY_LIMIT ACCEL=6000 ACCEL_TO_DECEL=3000 SQUARE_CORNER_VELOCITY=12
G1 X118.807 Y134.333
G1 Z20.8
G1 E.8 F2400
;TYPE:Sparse infill
;WIDTH:0.45
G1 F3235
G1 X125.142 Y140.668 E.29719
G2 X129.963 Y141.651 I4.641 J-10.451 E.16448
G1 X118.175 Y129.863 E.553
G3 X118.694 Y126.544 I13.199 J.362 E.11175
G1 X133.279 Y141.129 E.68422
G2 X135.922 Y139.934 I-3.579 J-11.439 E.09646
G1 X119.892 Y123.904 E.752
G3 X121.586 Y121.76 I11.609 J7.433 E.09079
G1 X138.066 Y138.24 E.77309
G2 X139.761 Y136.097 I-9.925 J-9.596 E.09078
G1 X123.73 Y120.066 E.75206
G3 X126.373 Y118.871 I6.222 J10.244 E.09646
G1 X140.957 Y133.455 E.68416
G2 X141.477 Y130.137 I-11.513 J-3.504 E.11177
G1 X129.688 Y118.348 E.55303
G3 X134.498 Y119.32 I.004 J12.373 E.16385
G1 X140.845 Y125.667 E.29774
; stop printing object 圆柱体 id:0 copy 0
;LAYER_CHANGE
;Z:21
;HEIGHT:0.200001
;BEFORE_LAYER_CHANGE
;21
G92 E0

G1 E-.56 F2400
;WIPE_START
G1 F13535.936
G1 X139.43 Y124.252 E-.24
;WIPE_END
EXCLUDE_OBJECT_END NAME=圆柱体_id_0_copy_0

;don't support timelapse gcode in spiral_mode and by object sequence for I3 structure printer
;time lapse begin
M5001 G92 E0
M5001 G17
M5001 G2 Z21.4 I0.86 J0.86 P1 F20000 ; spiral lift a little
M5001 G1 X0 Y180 F24000 ; move to safe pos
M5001 P15
M5001 M400 P300
M5001 G92 E0
;time lapse end

;AFTER_LAYER_CHANGE
;21
;_SET_FAN_SPEED_CHANGING_LAYER
; printing object 圆柱体 id:0 copy 0
EXCLUDE_OBJECT_START NAME=圆柱体_id_0_copy_0
G17
G3 Z21.4 I-.969 J-.737 P1  F30000
G1 X126.363 Y141.429 Z21.4
G1 Z21
G1 E.8 F2400
SET_VELOCITY_LIMIT SQUARE_CORNER_VELOCITY=8
;TYPE:Inner wall
G1 F3235
G1 X126.133 Y141.365 E.00791
G3 X128.993 Y118.081 I3.682 J-11.365 E1.09351
M73 P80 R4
G3 X130.172 Y118.058 I.846 J13.071 E.03916
G3 X126.935 Y141.594 I-.357 J11.941 E1.32966
G1 X126.421 Y141.445 E.01777
SET_VELOCITY_LIMIT SQUARE_CORNER_VELOCITY=12
G1 X126.404 Y141.864 F30000
SET_VELOCITY_LIMIT SQUARE_CORNER_VELOCITY=8
G1 F3235
G1 X126.008 Y141.75 E.01368
G3 X128.535 Y117.713 I3.809 J-11.751 E1.11625
G3 X130.179 Y117.651 I1.44 J16.482 E.05462
G3 X126.837 Y141.987 I-.362 J12.348 E1.37519
G1 X126.462 Y141.88 E.01294
SET_VELOCITY_LIMIT SQUARE_CORNER_VELOCITY=12
G1 E-.56 F2400
;WIPE_START
G1 F13535.936
G1 X126.008 Y141.75 E-.05668
G1 X125.6 Y141.61 E-.05175
G1 X125.198 Y141.455 E-.05175
G1 X124.59 Y141.185 E-.07982
;WIPE_END
G1 X126.734 Y142.41 Z21.4 F30000
G1 Z21
G1 E.8 F2400
SET_VELOCITY_LIMIT ACCEL=5000 ACCEL_TO_DECEL=2500 SQUARE_CORNER_VELOCITY=8
;TYPE:Outer wall
;WIDTH:0.42
G1 F3235
G1 X126.732 Y142.409 E.00006
G3 X128.489 Y117.28 I3.085 J-12.41 E1.09785
G3 X130.187 Y117.216 I1.491 J17.073 E.05223
G3 X127.605 Y142.594 I-.37 J12.783 E1.29139
G1 X126.792 Y142.423 E.02553
G1 E-.56 F2400
;WIPE_START
G1 F9000
G1 X126.732 Y142.409 E-.00741
G1 X125.874 Y142.164 E-.10713
G1 X125.452 Y142.019 E-.05356
G1 X125.035 Y141.859 E-.05357
G1 X124.895 Y141.797 E-.01832
;WIPE_END
G17
G3 Z21.4 I1.217 J0 P1  F30000

;don't support timelapse gcode in spiral_mode and by object sequence for I3 structure printer
;time lapse begin
M5001 G92 E0
M5001 G17
M5001 G2 Z21.4 I0.86 J0.86 P1 F20000 ; spiral lift a little
M5001 G1 X0 Y180 F24000 ; move to safe pos
M5001 P15
M5001 M400 P300
M5001 G92 E0
;time lapse end

SET_VELOCITY_LIMIT ACCEL=6000 ACCEL_TO_DECEL=3000 SQUARE_CORNER_VELOCITY=12
G1 X118.807 Y134.333
G1 Z21
G1 E.8 F2400
;TYPE:Sparse infill
;WIDTH:0.45
G1 F3235
G1 X125.142 Y140.668 E.29719
G2 X129.963 Y141.651 I4.689 J-10.689 E.16443
G1 X118.175 Y129.863 E.553
G3 X118.696 Y126.546 I11.796 J.153 E.11176
G1 X133.279 Y141.129 E.68411
G2 X135.922 Y139.934 I-3.579 J-11.439 E.09646
G1 X119.892 Y123.904 E.752
G3 X121.586 Y121.76 I11.609 J7.433 E.09079
G1 X138.066 Y138.24 E.77309
G2 X139.761 Y136.097 I-9.925 J-9.596 E.09078
G1 X123.73 Y120.066 E.75206
G3 X126.373 Y118.871 I6.222 J10.244 E.09646
G1 X140.955 Y133.453 E.68405
G2 X141.477 Y130.137 I-11.22 J-3.466 E.11173
G1 X129.688 Y118.349 E.55303
G3 X134.498 Y119.32 I.005 J12.367 E.16385
G1 X140.845 Y125.667 E.29774
; stop printing object 圆柱体 id:0 copy 0
;LAYER_CHANGE
;Z:21.2
;HEIGHT:0.200001
;BEFORE_LAYER_CHANGE
;21.2
G92 E0

G1 E-.56 F2400
;WIPE_START
G1 F13535.936
G1 X139.43 Y124.252 E-.24
;WIPE_END
EXCLUDE_OBJECT_END NAME=圆柱体_id_0_copy_0

;don't support timelapse gcode in spiral_mode and by object sequence for I3 structure printer
;time lapse begin
M5001 G92 E0
M5001 G17
M5001 G2 Z21.6 I0.86 J0.86 P1 F20000 ; spiral lift a little
M5001 G1 X0 Y180 F24000 ; move to safe pos
M5001 P15
M5001 M400 P300
M5001 G92 E0
;time lapse end

;AFTER_LAYER_CHANGE
;21.2
;_SET_FAN_SPEED_CHANGING_LAYER
; printing object 圆柱体 id:0 copy 0
EXCLUDE_OBJECT_START NAME=圆柱体_id_0_copy_0
G17
G3 Z21.6 I-.969 J-.737 P1  F30000
G1 X126.363 Y141.43 Z21.6
G1 Z21.2
G1 E.8 F2400
SET_VELOCITY_LIMIT SQUARE_CORNER_VELOCITY=8
;TYPE:Inner wall
G1 F3235
G1 X125.739 Y141.229 E.02174
G3 X128.993 Y118.081 I4.077 J-11.23 E1.07965
G3 X130.176 Y118.058 I.846 J13.086 E.03927
G3 X126.532 Y141.487 I-.36 J11.941 E1.34343
G1 X126.42 Y141.449 E.00394
SET_VELOCITY_LIMIT SQUARE_CORNER_VELOCITY=12
G1 X126.404 Y141.864 F30000
SET_VELOCITY_LIMIT SQUARE_CORNER_VELOCITY=8
G1 F3235
G1 X126.007 Y141.752 E.01368
G3 X128.964 Y117.675 I3.808 J-11.753 E1.13079
G3 X130.183 Y117.651 I.874 J13.511 E.04045
G3 X126.837 Y141.989 I-.368 J12.348 E1.37501
G1 X126.462 Y141.881 E.01294
SET_VELOCITY_LIMIT SQUARE_CORNER_VELOCITY=12
G1 E-.56 F2400
;WIPE_START
G1 F13535.936
G1 X126.007 Y141.752 E-.05669
G1 X125.6 Y141.61 E-.05176
G1 X125.198 Y141.455 E-.05175
G1 X124.59 Y141.185 E-.0798
;WIPE_END
G1 X126.739 Y142.412 Z21.6 F30000
G1 Z21.2
G1 E.8 F2400
SET_VELOCITY_LIMIT ACCEL=5000 ACCEL_TO_DECEL=2500 SQUARE_CORNER_VELOCITY=8
;TYPE:Outer wall
;WIDTH:0.42
G1 F3235
G1 X126.732 Y142.409 E.00023
G3 X117.638 Y126.126 I3.093 J-12.408 E.64221
G3 X130.19 Y117.216 I12.19 J3.877 E.50751
G3 X141.963 Y125.97 I-.367 J12.787 E.48008
G3 X130.8 Y142.752 I-12.139 J4.029 E.71326
M73 P81 R4
G3 X127.605 Y142.595 I-.975 J-12.751 E.09853
G1 X126.798 Y142.424 E.02535
G1 E-.56 F2400
;WIPE_START
G1 F9000
G1 X126.732 Y142.409 E-.00811
G1 X125.952 Y142.188 E-.0973
G1 X125.452 Y142.019 E-.06339
G1 X124.901 Y141.796 E-.0712
;WIPE_END
G17
G3 Z21.6 I1.217 J0 P1  F30000

;don't support timelapse gcode in spiral_mode and by object sequence for I3 structure printer
;time lapse begin
M5001 G92 E0
M5001 G17
M5001 G2 Z21.6 I0.86 J0.86 P1 F20000 ; spiral lift a little
M5001 G1 X0 Y180 F24000 ; move to safe pos
M5001 P15
M5001 M400 P300
M5001 G92 E0
;time lapse end

SET_VELOCITY_LIMIT ACCEL=6000 ACCEL_TO_DECEL=3000 SQUARE_CORNER_VELOCITY=12
G1 X118.811 Y134.337
G1 Z21.2
G1 E.8 F2400
;TYPE:Sparse infill
;WIDTH:0.45
G1 F3235
G1 X125.151 Y140.677 E.29746
G2 X129.963 Y141.651 I4.772 J-11.208 E.16397
G1 X118.175 Y129.863 E.553
G3 X118.694 Y126.544 I12.908 J.317 E.11176
G1 X133.279 Y141.129 E.68422
G2 X135.922 Y139.934 I-3.579 J-11.439 E.09646
G1 X119.892 Y123.904 E.752
G3 X121.586 Y121.76 I11.608 J7.432 E.09079
G1 X138.066 Y138.24 E.77309
G2 X139.76 Y136.096 I-9.803 J-9.488 E.09079
G1 X123.729 Y120.065 E.75206
G3 X126.373 Y118.871 I6.265 J10.355 E.09647
G1 X140.955 Y133.453 E.68405
G2 X141.477 Y130.137 I-10.715 J-3.387 E.11176
G1 X129.688 Y118.349 E.55302
G3 X134.501 Y119.323 I.011 J12.321 E.16396
G1 X140.841 Y125.663 E.29746
; stop printing object 圆柱体 id:0 copy 0
;LAYER_CHANGE
;Z:21.4
;HEIGHT:0.199999
;BEFORE_LAYER_CHANGE
;21.4
G92 E0

G1 E-.56 F2400
;WIPE_START
G1 F13535.936
G1 X139.427 Y124.249 E-.24
;WIPE_END
EXCLUDE_OBJECT_END NAME=圆柱体_id_0_copy_0

;don't support timelapse gcode in spiral_mode and by object sequence for I3 structure printer
;time lapse begin
M5001 G92 E0
M5001 G17
M5001 G2 Z21.8 I0.86 J0.86 P1 F20000 ; spiral lift a little
M5001 G1 X0 Y180 F24000 ; move to safe pos
M5001 P15
M5001 M400 P300
M5001 G92 E0
;time lapse end

;AFTER_LAYER_CHANGE
;21.4
;_SET_FAN_SPEED_CHANGING_LAYER
; printing object 圆柱体 id:0 copy 0
EXCLUDE_OBJECT_START NAME=圆柱体_id_0_copy_0
G17
G3 Z21.8 I-.969 J-.736 P1  F30000
G1 X126.371 Y141.432 Z21.8
G1 Z21.4
G1 E.8 F2400
SET_VELOCITY_LIMIT SQUARE_CORNER_VELOCITY=8
;TYPE:Inner wall
G1 F3235
G1 X125.736 Y141.228 E.02212
G3 X128.577 Y118.118 I4.081 J-11.228 E1.06564
G3 X130.164 Y118.058 I1.393 J15.948 E.05269
G3 X126.532 Y141.487 I-.346 J11.942 E1.34394
G1 X126.428 Y141.451 E.00365
SET_VELOCITY_LIMIT SQUARE_CORNER_VELOCITY=12
G1 X126.416 Y141.875 F30000
SET_VELOCITY_LIMIT SQUARE_CORNER_VELOCITY=8
G1 F3235
G1 X125.598 Y141.611 E.0285
G3 X128.535 Y117.713 I4.219 J-11.611 E1.10198
G3 X130.177 Y117.651 I1.44 J16.488 E.05454
G3 X126.472 Y141.893 I-.359 J12.349 E1.38789
SET_VELOCITY_LIMIT SQUARE_CORNER_VELOCITY=12
G1 E-.56 F2400
;WIPE_START
G1 F13535.936
G1 X125.598 Y141.611 E-.11025
G1 X124.801 Y141.287 E-.10329
G1 X124.601 Y141.194 E-.02646
;WIPE_END
G1 X126.745 Y142.413 Z21.8 F30000
G1 Z21.4
G1 E.8 F2400
SET_VELOCITY_LIMIT ACCEL=5000 ACCEL_TO_DECEL=2500 SQUARE_CORNER_VELOCITY=8
;TYPE:Outer wall
;WIDTH:0.42
G1 F3235
G1 X126.732 Y142.411 E.00042
G3 X128.489 Y117.28 I3.086 J-12.411 E1.0979
G3 X130.191 Y117.216 I1.491 J17.065 E.05235
G3 X127.605 Y142.596 I-.374 J12.783 E1.29138
G1 X126.804 Y142.425 E.02517
G1 E-.56 F2400
;WIPE_START
G1 F9000
G1 X126.732 Y142.411 E-.00885
G1 X126.301 Y142.295 E-.05357
G1 X125.451 Y142.018 E-.1072
G1 X124.907 Y141.799 E-.07038
;WIPE_END
G17
G3 Z21.8 I1.217 J0 P1  F30000

;don't support timelapse gcode in spiral_mode and by object sequence for I3 structure printer
;time lapse begin
M5001 G92 E0
M5001 G17
M5001 G2 Z21.8 I0.86 J0.86 P1 F20000 ; spiral lift a little
M5001 G1 X0 Y180 F24000 ; move to safe pos
M5001 P15
M5001 M400 P300
M5001 G92 E0
;time lapse end

SET_VELOCITY_LIMIT ACCEL=6000 ACCEL_TO_DECEL=3000 SQUARE_CORNER_VELOCITY=12
G1 X118.817 Y134.343
G1 Z21.4
G1 E.8 F2400
;TYPE:Sparse infill
;WIDTH:0.45
G1 F3235
G1 X125.151 Y140.677 E.29716
G2 X129.963 Y141.651 I4.772 J-11.204 E.16397
G1 X118.175 Y129.863 E.55301
G3 X118.695 Y126.545 I13.128 J.357 E.11171
G1 X133.279 Y141.129 E.68416
G2 X135.923 Y139.935 I-3.62 J-11.548 E.09647
G1 X119.891 Y123.903 E.75212
G3 X121.586 Y121.76 I10.407 J6.493 E.09082
G1 X138.066 Y138.24 E.77309
G2 X139.76 Y136.096 I-9.803 J-9.488 E.09079
G1 X123.729 Y120.065 E.75206
G3 X126.37 Y118.868 I6.548 J10.934 E.09639
G1 X140.955 Y133.453 E.68422
G2 X141.477 Y130.137 I-11.217 J-3.466 E.11173
G1 X129.688 Y118.348 E.55303
G3 X134.498 Y119.32 I.002 J12.382 E.16385
M73 P81 R3
G1 X140.845 Y125.667 E.29774
; stop printing object 圆柱体 id:0 copy 0
;LAYER_CHANGE
;Z:21.6
;HEIGHT:0.200001
;BEFORE_LAYER_CHANGE
;21.6
G92 E0

G1 E-.56 F2400
;WIPE_START
G1 F13535.936
G1 X139.43 Y124.252 E-.24
;WIPE_END
EXCLUDE_OBJECT_END NAME=圆柱体_id_0_copy_0

;don't support timelapse gcode in spiral_mode and by object sequence for I3 structure printer
;time lapse begin
M5001 G92 E0
M5001 G17
M5001 G2 Z22 I0.86 J0.86 P1 F20000 ; spiral lift a little
M5001 G1 X0 Y180 F24000 ; move to safe pos
M5001 P15
M5001 M400 P300
M5001 G92 E0
;time lapse end

;AFTER_LAYER_CHANGE
;21.6
;_SET_FAN_SPEED_CHANGING_LAYER
; printing object 圆柱体 id:0 copy 0
EXCLUDE_OBJECT_START NAME=圆柱体_id_0_copy_0
G17
G3 Z22 I-.969 J-.737 P1  F30000
M73 P82 R3
G1 X126.363 Y141.43 Z22
G1 Z21.6
G1 E.8 F2400
SET_VELOCITY_LIMIT SQUARE_CORNER_VELOCITY=8
;TYPE:Inner wall
G1 F3235
G1 X125.743 Y141.219 E.02173
G3 X128.502 Y118.127 I4.083 J-11.223 E1.06233
G3 X130.167 Y118.058 I1.458 J15.122 E.05531
G3 X126.535 Y141.476 I-.341 J11.938 E1.34383
G1 X126.421 Y141.445 E.00393
SET_VELOCITY_LIMIT SQUARE_CORNER_VELOCITY=12
G1 X126.409 Y141.865 F30000
SET_VELOCITY_LIMIT SQUARE_CORNER_VELOCITY=8
G1 F3235
G1 X126.011 Y141.741 E.01384
G3 X128.458 Y117.722 I3.815 J-11.746 E1.11287
G3 X130.18 Y117.651 I1.507 J15.653 E.0572
G3 X126.839 Y141.979 I-.354 J12.345 E1.37528
G1 X126.467 Y141.881 E.01277
SET_VELOCITY_LIMIT SQUARE_CORNER_VELOCITY=12
G1 E-.56 F2400
;WIPE_START
G1 F13535.936
G1 X126.011 Y141.741 E-.05725
G1 X125.6 Y141.61 E-.05173
G1 X124.799 Y141.286 E-.10369
G1 X124.593 Y141.19 E-.02733
;WIPE_END
G1 X126.751 Y142.414 Z22 F30000
G1 Z21.6
G1 E.8 F2400
SET_VELOCITY_LIMIT ACCEL=5000 ACCEL_TO_DECEL=2500 SQUARE_CORNER_VELOCITY=8
;TYPE:Outer wall
;WIDTH:0.42
G1 F3235
G1 X126.734 Y142.401 E.00068
G3 X128.412 Y117.29 I3.092 J-12.405 E1.09463
G3 X130.194 Y117.216 I1.558 J16.222 E.05485
G3 X127.607 Y142.586 I-.369 J12.779 E1.29133
G1 X126.81 Y142.426 E.02496
G1 E-.56 F2400
;WIPE_START
G1 F9000
G1 X126.734 Y142.401 E-.00963
G1 X125.874 Y142.164 E-.1071
G1 X125.452 Y142.019 E-.05356
G1 X124.913 Y141.801 E-.06971
;WIPE_END
G17
G3 Z22 I1.217 J0 P1  F30000

;don't support timelapse gcode in spiral_mode and by object sequence for I3 structure printer
;time lapse begin
M5001 G92 E0
M5001 G17
M5001 G2 Z22 I0.86 J0.86 P1 F20000 ; spiral lift a little
M5001 G1 X0 Y180 F24000 ; move to safe pos
M5001 P15
M5001 M400 P300
M5001 G92 E0
;time lapse end

SET_VELOCITY_LIMIT ACCEL=6000 ACCEL_TO_DECEL=3000 SQUARE_CORNER_VELOCITY=12
G1 X118.807 Y134.333
G1 Z21.6
G1 E.8 F2400
;TYPE:Sparse infill
;WIDTH:0.45
G1 F3235
G1 X125.151 Y140.677 E.2976
G2 X129.963 Y141.651 I4.772 J-11.203 E.16398
G1 X118.175 Y129.863 E.55301
G3 X118.696 Y126.546 I13.042 J.349 E.11169
G1 X133.28 Y141.13 E.68415
G2 X135.923 Y139.935 I-3.655 J-11.614 E.09646
G1 X119.895 Y123.907 E.75193
G3 X121.586 Y121.76 I9.465 J5.718 E.09089
G1 X138.066 Y138.24 E.77309
G2 X139.76 Y136.096 I-12.223 J-11.401 E.09074
G1 X123.73 Y120.066 E.752
G3 X126.373 Y118.871 I6.222 J10.244 E.09646
G1 X140.957 Y133.455 E.68416
G2 X141.482 Y130.142 I-12.895 J-3.74 E.11157
G1 X129.688 Y118.348 E.55325
G3 X134.501 Y119.323 I.007 J12.336 E.16396
G1 X140.841 Y125.663 E.29746
; stop printing object 圆柱体 id:0 copy 0
;LAYER_CHANGE
;Z:21.8
;HEIGHT:0.199999
;BEFORE_LAYER_CHANGE
;21.8
G92 E0

G1 E-.56 F2400
;WIPE_START
G1 F13535.936
G1 X139.427 Y124.249 E-.24
;WIPE_END
EXCLUDE_OBJECT_END NAME=圆柱体_id_0_copy_0

;don't support timelapse gcode in spiral_mode and by object sequence for I3 structure printer
;time lapse begin
M5001 G92 E0
M5001 G17
M5001 G2 Z22.2 I0.86 J0.86 P1 F20000 ; spiral lift a little
M5001 G1 X0 Y180 F24000 ; move to safe pos
M5001 P15
M5001 M400 P300
M5001 G92 E0
;time lapse end

;AFTER_LAYER_CHANGE
;21.8
;_SET_FAN_SPEED_CHANGING_LAYER
; printing object 圆柱体 id:0 copy 0
EXCLUDE_OBJECT_START NAME=圆柱体_id_0_copy_0
G17
G3 Z22.2 I-.969 J-.737 P1  F30000
G1 X126.363 Y141.43 Z22.2
G1 Z21.8
G1 E.8 F2400
SET_VELOCITY_LIMIT SQUARE_CORNER_VELOCITY=8
;TYPE:Inner wall
G1 F3236
G1 X125.739 Y141.229 E.02174
G3 X128.577 Y118.118 I4.079 J-11.229 E1.06568
G3 X130.171 Y118.058 I1.392 J15.933 E.05291
G3 X126.532 Y141.486 I-.352 J11.942 E1.34373
G1 X126.42 Y141.449 E.00394
SET_VELOCITY_LIMIT SQUARE_CORNER_VELOCITY=12
G1 X126.416 Y141.867 F30000
SET_VELOCITY_LIMIT SQUARE_CORNER_VELOCITY=8
G1 F3236
G1 X126.008 Y141.751 E.01407
G3 X128.535 Y117.713 I3.81 J-11.752 E1.11629
G3 X130.184 Y117.651 I1.439 J16.474 E.05477
G3 X126.837 Y141.989 I-.366 J12.349 E1.37517
G1 X126.473 Y141.884 E.01255
SET_VELOCITY_LIMIT SQUARE_CORNER_VELOCITY=12
G1 E-.56 F2400
;WIPE_START
G1 F13535.936
G1 X126.008 Y141.751 E-.05808
G1 X125.6 Y141.61 E-.05174
G1 X124.799 Y141.286 E-.10368
G1 X124.599 Y141.193 E-.02649
;WIPE_END
G1 X126.758 Y142.416 Z22.2 F30000
G1 Z21.8
G1 E.8 F2400
SET_VELOCITY_LIMIT ACCEL=5000 ACCEL_TO_DECEL=2500 SQUARE_CORNER_VELOCITY=8
;TYPE:Outer wall
;WIDTH:0.42
G1 F3236
G1 X126.732 Y142.411 E.00082
G3 X128.489 Y117.28 I3.086 J-12.411 E1.09787
G3 X130.198 Y117.217 I1.49 J17.05 E.05256
G3 X127.605 Y142.596 I-.38 J12.783 E1.29121
M73 P83 R3
G1 X126.817 Y142.428 E.02476
G1 E-.56 F2400
;WIPE_START
G1 F9000
G1 X126.732 Y142.411 E-.01042
G1 X125.874 Y142.164 E-.10714
G1 X125.452 Y142.019 E-.05356
G1 X124.919 Y141.804 E-.06888
;WIPE_END
G17
G3 Z22.2 I1.217 J0 P1  F30000

;don't support timelapse gcode in spiral_mode and by object sequence for I3 structure printer
;time lapse begin
M5001 G92 E0
M5001 G17
M5001 G2 Z22.2 I0.86 J0.86 P1 F20000 ; spiral lift a little
M5001 G1 X0 Y180 F24000 ; move to safe pos
M5001 P15
M5001 M400 P300
M5001 G92 E0
;time lapse end

SET_VELOCITY_LIMIT ACCEL=6000 ACCEL_TO_DECEL=3000 SQUARE_CORNER_VELOCITY=12
G1 X118.807 Y134.333
G1 Z21.8
G1 E.8 F2400
;TYPE:Sparse infill
;WIDTH:0.45
G1 F3236
G1 X125.151 Y140.677 E.2976
G2 X129.964 Y141.652 I4.779 J-11.225 E.16401
G1 X118.175 Y129.863 E.55305
G3 X118.695 Y126.545 I13.094 J.353 E.11171
G1 X133.279 Y141.129 E.68415
G2 X135.922 Y139.934 I-3.579 J-11.439 E.09646
G1 X119.891 Y123.903 E.75204
G3 X121.586 Y121.76 I10.36 J6.453 E.09083
G1 X138.066 Y138.24 E.77309
G2 X139.761 Y136.097 I-8.626 J-8.568 E.09082
G1 X123.732 Y120.068 E.75195
G3 X126.373 Y118.871 I6.151 J10.059 E.09643
G1 X140.956 Y133.454 E.68411
G2 X141.477 Y130.137 I-12.226 J-3.62 E.11171
G1 X129.688 Y118.349 E.55303
G3 X134.498 Y119.32 I.004 J12.37 E.16385
G1 X140.845 Y125.667 E.29774
; stop printing object 圆柱体 id:0 copy 0
;LAYER_CHANGE
;Z:22
;HEIGHT:0.200001
;BEFORE_LAYER_CHANGE
;22
G92 E0

G1 E-.56 F2400
;WIPE_START
G1 F13535.936
G1 X139.43 Y124.252 E-.24
;WIPE_END
EXCLUDE_OBJECT_END NAME=圆柱体_id_0_copy_0

;don't support timelapse gcode in spiral_mode and by object sequence for I3 structure printer
;time lapse begin
M5001 G92 E0
M5001 G17
M5001 G2 Z22.4 I0.86 J0.86 P1 F20000 ; spiral lift a little
M5001 G1 X0 Y180 F24000 ; move to safe pos
M5001 P15
M5001 M400 P300
M5001 G92 E0
;time lapse end

;AFTER_LAYER_CHANGE
;22
;_SET_FAN_SPEED_CHANGING_LAYER
; printing object 圆柱体 id:0 copy 0
EXCLUDE_OBJECT_START NAME=圆柱体_id_0_copy_0
G17
G3 Z22.4 I-.969 J-.736 P1  F30000
G1 X126.39 Y141.439 Z22.4
G1 Z22
G1 E.8 F2400
SET_VELOCITY_LIMIT SQUARE_CORNER_VELOCITY=8
;TYPE:Inner wall
G1 F3235
G1 X125.737 Y141.228 E.02278
G3 X128.995 Y118.081 I4.08 J-11.228 E1.07962
G3 X130.174 Y118.058 I.843 J13.063 E.03913
G3 X126.532 Y141.486 I-.358 J11.941 E1.34346
G1 X126.447 Y141.458 E.00298
SET_VELOCITY_LIMIT SQUARE_CORNER_VELOCITY=12
G1 X126.435 Y141.88 F30000
SET_VELOCITY_LIMIT SQUARE_CORNER_VELOCITY=8
G1 F3235
G1 X126.42 Y141.877 E.0005
G3 X128.966 Y117.675 I3.396 J-11.878 E1.14507
G3 X130.187 Y117.651 I.873 J13.52 E.04054
G3 X127.257 Y142.085 I-.371 J12.348 E1.36059
G1 X126.493 Y141.894 E.02612
SET_VELOCITY_LIMIT SQUARE_CORNER_VELOCITY=12
G1 E-.56 F2400
;WIPE_START
G1 F13535.936
G1 X126.42 Y141.877 E-.00899
G1 X125.599 Y141.609 E-.10367
G1 X125.198 Y141.455 E-.05156
G1 X124.621 Y141.198 E-.07577
;WIPE_END
G1 X126.765 Y142.417 Z22.4 F30000
G1 Z22
G1 E.8 F2400
SET_VELOCITY_LIMIT ACCEL=5000 ACCEL_TO_DECEL=2500 SQUARE_CORNER_VELOCITY=8
;TYPE:Outer wall
;WIDTH:0.42
G1 F3235
G1 X126.734 Y142.403 E.00105
G3 X128.419 Y117.289 I3.092 J-12.406 E1.09492
G3 X130.201 Y117.217 I1.552 J16.271 E.05485
G3 X127.606 Y142.588 I-.375 J12.78 E1.29123
G1 X126.824 Y142.429 E.02454
G1 E-.56 F2400
;WIPE_START
G1 F9000
G1 X126.734 Y142.403 E-.01124
G1 X126.301 Y142.295 E-.05356
G1 X125.451 Y142.018 E-.10719
G1 X124.926 Y141.806 E-.06801
;WIPE_END
G17
G3 Z22.4 I1.217 J0 P1  F30000

;don't support timelapse gcode in spiral_mode and by object sequence for I3 structure printer
;time lapse begin
M5001 G92 E0
M5001 G17
M5001 G2 Z22.4 I0.86 J0.86 P1 F20000 ; spiral lift a little
M5001 G1 X0 Y180 F24000 ; move to safe pos
M5001 P15
M5001 M400 P300
M5001 G92 E0
;time lapse end

SET_VELOCITY_LIMIT ACCEL=6000 ACCEL_TO_DECEL=3000 SQUARE_CORNER_VELOCITY=12
G1 X118.807 Y134.333
G1 Z22
G1 E.8 F2400
;TYPE:Sparse infill
;WIDTH:0.45
G1 F3235
G1 X125.151 Y140.677 E.29761
G2 X129.964 Y141.652 I4.778 J-11.227 E.164
G1 X118.175 Y129.863 E.55305
G3 X118.695 Y126.545 I12.811 J.308 E.11173
G1 X133.279 Y141.129 E.68419
G2 X135.922 Y139.934 I-3.61 J-11.498 E.09644
G1 X119.892 Y123.904 E.752
G3 X121.584 Y121.758 I11.884 J7.626 E.0908
G1 X138.066 Y138.24 E.77321
G2 X139.76 Y136.096 I-9.803 J-9.488 E.09079
G1 X123.732 Y120.068 E.7519
G3 X126.373 Y118.871 I5.865 J9.429 E.09646
G1 X140.957 Y133.455 E.68415
G2 X141.482 Y130.142 I-12.859 J-3.735 E.11157
G1 X129.688 Y118.349 E.55325
G3 X134.498 Y119.32 I.005 J12.364 E.16385
G1 X140.845 Y125.667 E.29774
; stop printing object 圆柱体 id:0 copy 0
;LAYER_CHANGE
;Z:22.2
;HEIGHT:0.200001
;BEFORE_LAYER_CHANGE
;22.2
G92 E0

G1 E-.56 F2400
M73 P84 R3
;WIPE_START
G1 F13535.936
G1 X139.43 Y124.252 E-.24
;WIPE_END
EXCLUDE_OBJECT_END NAME=圆柱体_id_0_copy_0

;don't support timelapse gcode in spiral_mode and by object sequence for I3 structure printer
;time lapse begin
M5001 G92 E0
M5001 G17
M5001 G2 Z22.6 I0.86 J0.86 P1 F20000 ; spiral lift a little
M5001 G1 X0 Y180 F24000 ; move to safe pos
M5001 P15
M5001 M400 P300
M5001 G92 E0
;time lapse end

;AFTER_LAYER_CHANGE
;22.2
;_SET_FAN_SPEED_CHANGING_LAYER
; printing object 圆柱体 id:0 copy 0
EXCLUDE_OBJECT_START NAME=圆柱体_id_0_copy_0
G17
G3 Z22.6 I-.969 J-.736 P1  F30000
G1 X126.373 Y141.433 Z22.6
G1 Z22.2
G1 E.8 F2400
SET_VELOCITY_LIMIT SQUARE_CORNER_VELOCITY=8
;TYPE:Inner wall
G1 F3235
G1 X125.737 Y141.228 E.02219
G3 X128.995 Y118.081 I4.08 J-11.228 E1.07959
G3 X130.177 Y118.058 I.844 J13.078 E.03924
G3 X126.532 Y141.486 I-.361 J11.941 E1.34338
G1 X126.43 Y141.452 E.00356
SET_VELOCITY_LIMIT SQUARE_CORNER_VELOCITY=12
G1 X126.427 Y141.878 F30000
SET_VELOCITY_LIMIT SQUARE_CORNER_VELOCITY=8
G1 F3235
G1 X126.42 Y141.877 E.00023
G3 X128.966 Y117.675 I3.396 J-11.878 E1.14504
G3 X130.191 Y117.651 I.874 J13.535 E.04066
G3 X126.837 Y141.989 I-.374 J12.348 E1.37481
G1 X126.485 Y141.894 E.01209
SET_VELOCITY_LIMIT SQUARE_CORNER_VELOCITY=12
G1 E-.56 F2400
;WIPE_START
G1 F13535.936
G1 X126.42 Y141.877 E-.00803
G1 X125.599 Y141.609 E-.10366
G1 X124.801 Y141.287 E-.10331
G1 X124.612 Y141.199 E-.025
;WIPE_END
G1 X126.772 Y142.419 Z22.6 F30000
G1 Z22.2
G1 E.8 F2400
SET_VELOCITY_LIMIT ACCEL=5000 ACCEL_TO_DECEL=2500 SQUARE_CORNER_VELOCITY=8
;TYPE:Outer wall
;WIDTH:0.42
G1 F3235
G1 X126.732 Y142.411 E.00125
G3 X128.934 Y117.241 I3.084 J-12.411 E1.1117
G3 X130.205 Y117.217 I.906 J14.024 E.03906
G3 X127.605 Y142.596 I-.389 J12.783 E1.29086
G1 X126.83 Y142.431 E.02433
G1 E-.56 F2400
;WIPE_START
G1 F9000
G1 X126.732 Y142.411 E-.0121
G1 X126.301 Y142.295 E-.05357
G1 X125.451 Y142.018 E-.10719
G1 X125.035 Y141.859 E-.05351
G1 X124.931 Y141.812 E-.01363
;WIPE_END
G17
G3 Z22.6 I1.217 J0 P1  F30000

;don't support timelapse gcode in spiral_mode and by object sequence for I3 structure printer
;time lapse begin
M5001 G92 E0
M5001 G17
M5001 G2 Z22.6 I0.86 J0.86 P1 F20000 ; spiral lift a little
M5001 G1 X0 Y180 F24000 ; move to safe pos
M5001 P15
M5001 M400 P300
M5001 G92 E0
;time lapse end

SET_VELOCITY_LIMIT ACCEL=6000 ACCEL_TO_DECEL=3000 SQUARE_CORNER_VELOCITY=12
G1 X118.807 Y134.333
G1 Z22.2
G1 E.8 F2400
;TYPE:Sparse infill
;WIDTH:0.45
G1 F3235
G1 X125.151 Y140.677 E.29761
G2 X129.963 Y141.651 I4.771 J-11.204 E.16397
G1 X118.175 Y129.863 E.553
G3 X118.697 Y126.547 I11.761 J.152 E.11173
G1 X133.279 Y141.129 E.68406
G2 X135.922 Y139.934 I-3.579 J-11.439 E.09646
G1 X119.892 Y123.904 E.752
G3 X121.586 Y121.76 I11.608 J7.432 E.09079
G1 X138.066 Y138.24 E.77309
G2 X139.76 Y136.096 I-9.803 J-9.488 E.09079
G1 X123.732 Y120.068 E.7519
G3 X126.373 Y118.871 I6.157 J10.075 E.09643
G1 X140.955 Y133.453 E.68405
G2 X141.477 Y130.137 I-11.218 J-3.466 E.11173
G1 X129.688 Y118.349 E.55302
G3 X134.498 Y119.32 I.007 J12.358 E.16385
G1 X140.845 Y125.667 E.29774
; stop printing object 圆柱体 id:0 copy 0
;LAYER_CHANGE
;Z:22.4
;HEIGHT:0.199999
;BEFORE_LAYER_CHANGE
;22.4
G92 E0

G1 E-.56 F2400
;WIPE_START
G1 F13535.936
G1 X139.43 Y124.252 E-.24
;WIPE_END
EXCLUDE_OBJECT_END NAME=圆柱体_id_0_copy_0

;don't support timelapse gcode in spiral_mode and by object sequence for I3 structure printer
;time lapse begin
M5001 G92 E0
M5001 G17
M5001 G2 Z22.8 I0.86 J0.86 P1 F20000 ; spiral lift a little
M5001 G1 X0 Y180 F24000 ; move to safe pos
M5001 P15
M5001 M400 P300
M5001 G92 E0
;time lapse end

;AFTER_LAYER_CHANGE
;22.4
;_SET_FAN_SPEED_CHANGING_LAYER
; printing object 圆柱体 id:0 copy 0
EXCLUDE_OBJECT_START NAME=圆柱体_id_0_copy_0
G17
G3 Z22.8 I-.97 J-.735 P1  F30000
G1 X126.395 Y141.438 Z22.8
G1 Z22.4
G1 E.8 F2400
SET_VELOCITY_LIMIT SQUARE_CORNER_VELOCITY=8
;TYPE:Inner wall
G1 F3235
G1 X126.133 Y141.364 E.00902
G3 X128.993 Y118.081 I3.683 J-11.365 E1.09343
G3 X130.181 Y118.058 I.847 J13.107 E.03943
G3 X126.935 Y141.593 I-.364 J11.941 E1.32944
G1 X126.453 Y141.454 E.01666
SET_VELOCITY_LIMIT SQUARE_CORNER_VELOCITY=12
G1 X126.443 Y141.875 F30000
SET_VELOCITY_LIMIT SQUARE_CORNER_VELOCITY=8
G1 F3235
G1 X126.008 Y141.751 E.01503
G3 X128.964 Y117.675 I3.809 J-11.752 E1.13067
G3 X130.194 Y117.652 I.876 J13.559 E.04082
G3 X126.837 Y141.988 I-.377 J12.348 E1.37471
G1 X126.501 Y141.892 E.01159
SET_VELOCITY_LIMIT SQUARE_CORNER_VELOCITY=12
G1 E-.56 F2400
;WIPE_START
G1 F13535.936
G1 X126.008 Y141.751 E-.06155
G1 X125.6 Y141.61 E-.05175
G1 X125.198 Y141.455 E-.05175
G1 X124.627 Y141.201 E-.07495
;WIPE_END
G1 X126.779 Y142.421 Z22.8 F30000
G1 Z22.4
G1 E.8 F2400
SET_VELOCITY_LIMIT ACCEL=5000 ACCEL_TO_DECEL=2500 SQUARE_CORNER_VELOCITY=8
;TYPE:Outer wall
;WIDTH:0.42
G1 F3235
G1 X126.732 Y142.411 E.00148
G3 X128.934 Y117.241 I3.085 J-12.411 E1.11166
G3 X130.208 Y117.217 I.907 J14.042 E.03918
G3 X127.167 Y142.511 I-.392 J12.783 E1.30449
M73 P85 R3
G1 X126.837 Y142.434 E.0104
G1 E-.56 F2400
;WIPE_START
G1 F9000
G1 X126.732 Y142.411 E-.01297
G1 X125.874 Y142.164 E-.10714
G1 X125.452 Y142.019 E-.05357
G1 X124.939 Y141.812 E-.06633
;WIPE_END
G17
G3 Z22.8 I1.217 J0 P1  F30000

;don't support timelapse gcode in spiral_mode and by object sequence for I3 structure printer
;time lapse begin
M5001 G92 E0
M5001 G17
M5001 G2 Z22.8 I0.86 J0.86 P1 F20000 ; spiral lift a little
M5001 G1 X0 Y180 F24000 ; move to safe pos
M5001 P15
M5001 M400 P300
M5001 G92 E0
;time lapse end

SET_VELOCITY_LIMIT ACCEL=6000 ACCEL_TO_DECEL=3000 SQUARE_CORNER_VELOCITY=12
G1 X118.817 Y134.343
G1 Z22.4
G1 E.8 F2400
;TYPE:Sparse infill
;WIDTH:0.45
G1 F3235
G1 X125.142 Y140.668 E.29674
G2 X129.963 Y141.651 I4.641 J-10.451 E.16448
G1 X118.175 Y129.863 E.553
G3 X118.695 Y126.545 I13.045 J.345 E.11171
G1 X133.279 Y141.129 E.68415
G2 X135.922 Y139.934 I-3.579 J-11.439 E.09646
G1 X119.892 Y123.904 E.752
G3 X121.584 Y121.758 I11.883 J7.625 E.0908
G1 X138.066 Y138.24 E.77321
G2 X139.76 Y136.096 I-9.806 J-9.491 E.09079
G1 X123.729 Y120.065 E.75206
G3 X126.373 Y118.871 I6.265 J10.354 E.09647
G1 X140.957 Y133.455 E.68415
G2 X141.477 Y130.137 I-12.525 J-3.663 E.11171
G1 X129.689 Y118.349 E.55302
G3 X134.498 Y119.32 I.008 J12.352 E.16385
G1 X140.845 Y125.667 E.29774
; stop printing object 圆柱体 id:0 copy 0
;LAYER_CHANGE
;Z:22.6
;HEIGHT:0.200001
;BEFORE_LAYER_CHANGE
;22.6
G92 E0

G1 E-.56 F2400
;WIPE_START
G1 F13535.936
G1 X139.43 Y124.252 E-.24
;WIPE_END
EXCLUDE_OBJECT_END NAME=圆柱体_id_0_copy_0

;don't support timelapse gcode in spiral_mode and by object sequence for I3 structure printer
;time lapse begin
M5001 G92 E0
M5001 G17
M5001 G2 Z23 I0.86 J0.86 P1 F20000 ; spiral lift a little
M5001 G1 X0 Y180 F24000 ; move to safe pos
M5001 P15
M5001 M400 P300
M5001 G92 E0
;time lapse end

;AFTER_LAYER_CHANGE
;22.6
;_SET_FAN_SPEED_CHANGING_LAYER
; printing object 圆柱体 id:0 copy 0
EXCLUDE_OBJECT_START NAME=圆柱体_id_0_copy_0
G17
G3 Z23 I-.969 J-.736 P1  F30000
G1 X126.387 Y141.438 Z23
G1 Z22.6
G1 E.8 F2400
SET_VELOCITY_LIMIT SQUARE_CORNER_VELOCITY=8
;TYPE:Inner wall
G1 F3235
G1 X125.737 Y141.228 E.02267
G3 X128.995 Y118.081 I4.08 J-11.228 E1.07954
G3 X130.184 Y118.058 I.846 J13.109 E.03947
G3 X126.533 Y141.486 I-.367 J11.941 E1.34321
G1 X126.444 Y141.456 E.00308
SET_VELOCITY_LIMIT SQUARE_CORNER_VELOCITY=12
G1 X126.456 Y141.885 F30000
SET_VELOCITY_LIMIT SQUARE_CORNER_VELOCITY=8
G1 F3235
G1 X126.42 Y141.877 E.00122
G3 X128.965 Y117.675 I3.397 J-11.878 E1.14498
G3 X130.197 Y117.652 I.875 J13.566 E.04089
G3 X127.257 Y142.085 I-.38 J12.348 E1.36033
G1 X126.514 Y141.9 E.0254
SET_VELOCITY_LIMIT SQUARE_CORNER_VELOCITY=12
G1 E-.56 F2400
;WIPE_START
G1 F13535.936
G1 X126.42 Y141.877 E-.01161
G1 X125.599 Y141.609 E-.10365
G1 X124.801 Y141.287 E-.10332
G1 X124.639 Y141.211 E-.02142
;WIPE_END
G1 X126.786 Y142.422 Z23 F30000
G1 Z22.6
G1 E.8 F2400
SET_VELOCITY_LIMIT ACCEL=5000 ACCEL_TO_DECEL=2500 SQUARE_CORNER_VELOCITY=8
;TYPE:Outer wall
;WIDTH:0.42
G1 F3235
G1 X126.732 Y142.41 E.00171
G3 X128.934 Y117.241 I3.085 J-12.411 E1.11164
G3 X130.212 Y117.217 I.907 J14.055 E.03927
G3 X127.605 Y142.595 I-.395 J12.783 E1.2907
G1 X126.845 Y142.434 E.02388
G1 E-.56 F2400
;WIPE_START
G1 F9000
G1 X126.732 Y142.41 E-.01386
G1 X126.301 Y142.295 E-.05357
G1 X125.451 Y142.018 E-.10718
G1 X124.946 Y141.814 E-.06538
;WIPE_END
G17
G3 Z23 I1.217 J0 P1  F30000

;don't support timelapse gcode in spiral_mode and by object sequence for I3 structure printer
;time lapse begin
M5001 G92 E0
M5001 G17
M5001 G2 Z23 I0.86 J0.86 P1 F20000 ; spiral lift a little
M5001 G1 X0 Y180 F24000 ; move to safe pos
M5001 P15
M5001 M400 P300
M5001 G92 E0
;time lapse end

SET_VELOCITY_LIMIT ACCEL=6000 ACCEL_TO_DECEL=3000 SQUARE_CORNER_VELOCITY=12
G1 X118.811 Y134.337
G1 Z22.6
G1 E.8 F2400
;TYPE:Sparse infill
;WIDTH:0.45
G1 F3235
G1 X125.151 Y140.677 E.29746
G2 X129.963 Y141.651 I4.771 J-11.204 E.16397
G1 X118.17 Y129.858 E.55323
G3 X118.696 Y126.546 I12.204 J.241 E.11159
G1 X133.279 Y141.129 E.68409
G2 X135.923 Y139.935 I-3.62 J-11.548 E.09647
G1 X119.892 Y123.904 E.75206
G3 X121.586 Y121.76 I11.608 J7.432 E.09079
G1 X138.066 Y138.24 E.77309
G2 X139.76 Y136.096 I-9.803 J-9.488 E.09079
G1 X123.733 Y120.069 E.75186
G3 X126.37 Y118.868 I6.823 J11.482 E.0963
G1 X140.956 Y133.454 E.68428
G2 X141.482 Y130.142 I-12.75 J-3.721 E.11155
G1 X129.689 Y118.349 E.55324
G3 X134.501 Y119.323 I.014 J12.307 E.16396
M73 P86 R3
G1 X140.845 Y125.667 E.29761
; stop printing object 圆柱体 id:0 copy 0
;LAYER_CHANGE
;Z:22.8
;HEIGHT:0.199999
;BEFORE_LAYER_CHANGE
;22.8
G92 E0

G1 E-.56 F2400
;WIPE_START
G1 F13535.936
G1 X139.43 Y124.252 E-.24
;WIPE_END
EXCLUDE_OBJECT_END NAME=圆柱体_id_0_copy_0

;don't support timelapse gcode in spiral_mode and by object sequence for I3 structure printer
;time lapse begin
M5001 G92 E0
M5001 G17
M5001 G2 Z23.2 I0.86 J0.86 P1 F20000 ; spiral lift a little
M5001 G1 X0 Y180 F24000 ; move to safe pos
M5001 P15
M5001 M400 P300
M5001 G92 E0
;time lapse end

;AFTER_LAYER_CHANGE
;22.8
;_SET_FAN_SPEED_CHANGING_LAYER
; printing object 圆柱体 id:0 copy 0
EXCLUDE_OBJECT_START NAME=圆柱体_id_0_copy_0
G17
G3 Z23.2 I-.97 J-.734 P1  F30000
G1 X126.416 Y141.447 Z23.2
G1 Z22.8
G1 E.8 F2400
SET_VELOCITY_LIMIT SQUARE_CORNER_VELOCITY=8
;TYPE:Inner wall
G1 F3235
G1 X125.739 Y141.228 E.02358
G3 X128.995 Y118.081 I4.079 J-11.229 E1.07958
G3 X130.187 Y118.059 I.846 J13.125 E.03959
G3 X126.531 Y141.485 I-.37 J11.941 E1.3432
G1 X126.473 Y141.466 E.00202
SET_VELOCITY_LIMIT SQUARE_CORNER_VELOCITY=12
G1 X126.457 Y141.886 F30000
SET_VELOCITY_LIMIT SQUARE_CORNER_VELOCITY=8
G1 F3235
G1 X126.419 Y141.877 E.00129
G3 X128.965 Y117.675 I3.398 J-11.877 E1.14491
G3 X130.201 Y117.652 I.876 J13.582 E.041
G3 X126.892 Y142.002 I-.383 J12.348 E1.37269
G1 X126.515 Y141.901 E.01294
SET_VELOCITY_LIMIT SQUARE_CORNER_VELOCITY=12
G1 E-.56 F2400
;WIPE_START
G1 F13535.936
G1 X126.419 Y141.877 E-.01185
G1 X125.6 Y141.61 E-.10334
G1 X125.198 Y141.455 E-.05175
G1 X124.642 Y141.208 E-.07306
;WIPE_END
G1 X126.793 Y142.424 Z23.2 F30000
G1 Z22.8
G1 E.8 F2400
SET_VELOCITY_LIMIT ACCEL=5000 ACCEL_TO_DECEL=2500 SQUARE_CORNER_VELOCITY=8
;TYPE:Outer wall
;WIDTH:0.42
G1 F3235
G1 X126.787 Y142.424 E.00019
G3 X128.934 Y117.241 I3.03 J-12.425 E1.11337
G3 X130.215 Y117.217 I.908 J14.07 E.03938
G3 X127.605 Y142.595 I-.398 J12.783 E1.29062
G1 X126.852 Y142.437 E.02365
G1 E-.56 F2400
;WIPE_START
G1 F9000
G1 X126.787 Y142.424 E-.00791
G1 X126.3 Y142.294 E-.06048
G1 X125.452 Y142.019 E-.10708
G1 X125.035 Y141.859 E-.05357
G1 X124.951 Y141.822 E-.01095
;WIPE_END
G17
G3 Z23.2 I1.217 J0 P1  F30000

;don't support timelapse gcode in spiral_mode and by object sequence for I3 structure printer
;time lapse begin
M5001 G92 E0
M5001 G17
M5001 G2 Z23.2 I0.86 J0.86 P1 F20000 ; spiral lift a little
M5001 G1 X0 Y180 F24000 ; move to safe pos
M5001 P15
M5001 M400 P300
M5001 G92 E0
;time lapse end

SET_VELOCITY_LIMIT ACCEL=6000 ACCEL_TO_DECEL=3000 SQUARE_CORNER_VELOCITY=12
G1 X118.817 Y134.343
G1 Z22.8
G1 E.8 F2400
;TYPE:Sparse infill
;WIDTH:0.45
G1 F3235
G1 X125.142 Y140.668 E.29674
G2 X129.963 Y141.651 I4.685 J-10.666 E.16443
G1 X118.175 Y129.863 E.553
G3 X118.694 Y126.544 I13.126 J.351 E.11175
G1 X133.279 Y141.129 E.68422
G2 X135.922 Y139.934 I-3.552 J-11.379 E.09646
M73 P86 R2
G1 X119.895 Y123.907 E.75187
G3 X121.586 Y121.76 I10.058 J6.186 E.09086
G1 X138.066 Y138.24 E.7731
G2 X139.761 Y136.097 I-9.95 J-9.614 E.09078
G1 X123.732 Y120.068 E.75198
G3 X126.37 Y118.868 I6.319 J10.39 E.09636
G1 X140.957 Y133.455 E.68431
G2 X141.482 Y130.142 I-12.556 J-3.688 E.11158
G1 X129.689 Y118.349 E.55324
G3 X134.498 Y119.32 I.01 J12.34 E.16385
G1 X140.845 Y125.667 E.29774
; stop printing object 圆柱体 id:0 copy 0
;LAYER_CHANGE
;Z:23
;HEIGHT:0.200001
;BEFORE_LAYER_CHANGE
;23
G92 E0

G1 E-.56 F2400
;WIPE_START
G1 F13535.936
G1 X139.43 Y124.252 E-.24
;WIPE_END
EXCLUDE_OBJECT_END NAME=圆柱体_id_0_copy_0

;don't support timelapse gcode in spiral_mode and by object sequence for I3 structure printer
;time lapse begin
M5001 G92 E0
M5001 G17
M5001 G2 Z23.4 I0.86 J0.86 P1 F20000 ; spiral lift a little
M5001 G1 X0 Y180 F24000 ; move to safe pos
M5001 P15
M5001 M400 P300
M5001 G92 E0
;time lapse end

;AFTER_LAYER_CHANGE
;23
;_SET_FAN_SPEED_CHANGING_LAYER
; printing object 圆柱体 id:0 copy 0
EXCLUDE_OBJECT_START NAME=圆柱体_id_0_copy_0
G17
G3 Z23.4 I-.97 J-.735 P1  F30000
G1 X126.402 Y141.442 Z23.4
G1 Z23
G1 E.8 F2400
SET_VELOCITY_LIMIT SQUARE_CORNER_VELOCITY=8
;TYPE:Inner wall
G1 F3236
G1 X125.737 Y141.227 E.02316
G3 X128.995 Y118.081 I4.081 J-11.228 E1.07949
G3 X130.191 Y118.059 I.847 J13.142 E.0397
G3 X126.533 Y141.485 I-.372 J11.941 E1.34305
G1 X126.459 Y141.461 E.00258
SET_VELOCITY_LIMIT SQUARE_CORNER_VELOCITY=12
G1 X126.456 Y141.886 F30000
SET_VELOCITY_LIMIT SQUARE_CORNER_VELOCITY=8
G1 F3236
G1 X126.42 Y141.877 E.00122
G3 X128.965 Y117.675 I3.398 J-11.877 E1.14492
G3 X130.204 Y117.652 I.877 J13.599 E.04112
G3 X126.837 Y141.988 I-.386 J12.348 E1.37447
G1 X126.514 Y141.901 E.01109
SET_VELOCITY_LIMIT SQUARE_CORNER_VELOCITY=12
G1 E-.56 F2400
;WIPE_START
G1 F13535.936
G1 X126.42 Y141.877 E-.01162
G1 X125.599 Y141.609 E-.10363
G1 X124.801 Y141.287 E-.10334
G1 X124.639 Y141.211 E-.02141
;WIPE_END
G1 X126.801 Y142.425 Z23.4 F30000
G1 Z23
G1 E.8 F2400
SET_VELOCITY_LIMIT ACCEL=5000 ACCEL_TO_DECEL=2500 SQUARE_CORNER_VELOCITY=8
;TYPE:Outer wall
;WIDTH:0.42
G1 F3236
G1 X126.732 Y142.41 E.00217
G3 X128.934 Y117.241 I3.086 J-12.411 E1.11159
M73 P87 R2
G3 X130.219 Y117.217 I.909 J14.087 E.03949
G3 X127.605 Y142.595 I-.401 J12.782 E1.29055
G1 X126.86 Y142.437 E.02341
G1 E-.56 F2400
;WIPE_START
G1 F9000
G1 X126.732 Y142.41 E-.01569
G1 X126.301 Y142.295 E-.05357
G1 X125.451 Y142.018 E-.10718
G1 X124.96 Y141.82 E-.06356
;WIPE_END
G17
G3 Z23.4 I1.217 J0 P1  F30000

;don't support timelapse gcode in spiral_mode and by object sequence for I3 structure printer
;time lapse begin
M5001 G92 E0
M5001 G17
M5001 G2 Z23.4 I0.86 J0.86 P1 F20000 ; spiral lift a little
M5001 G1 X0 Y180 F24000 ; move to safe pos
M5001 P15
M5001 M400 P300
M5001 G92 E0
;time lapse end

SET_VELOCITY_LIMIT ACCEL=6000 ACCEL_TO_DECEL=3000 SQUARE_CORNER_VELOCITY=12
G1 X118.811 Y134.337
G1 Z23
G1 E.8 F2400
;TYPE:Sparse infill
;WIDTH:0.45
G1 F3236
G1 X125.151 Y140.677 E.29746
G2 X129.963 Y141.651 I4.771 J-11.204 E.16397
G1 X118.17 Y129.858 E.55323
G3 X118.695 Y126.545 I13.295 J.409 E.11156
G1 X133.279 Y141.129 E.68414
G2 X135.923 Y139.935 I-3.344 J-10.935 E.0965
G1 X119.892 Y123.904 E.75206
G3 X121.584 Y121.758 I11.88 J7.623 E.0908
G1 X138.066 Y138.24 E.77321
G2 X139.76 Y136.096 I-9.801 J-9.487 E.09079
G1 X123.729 Y120.065 E.75206
G3 X126.373 Y118.871 I6.265 J10.355 E.09647
G1 X140.955 Y133.453 E.68405
G2 X141.482 Y130.142 I-11.425 J-3.516 E.11158
G1 X129.689 Y118.349 E.55324
G3 X134.498 Y119.32 I.029 J12.25 E.16386
G1 X140.845 Y125.667 E.29774
; stop printing object 圆柱体 id:0 copy 0
;LAYER_CHANGE
;Z:23.2
;HEIGHT:0.200001
;BEFORE_LAYER_CHANGE
;23.2
G92 E0

G1 E-.56 F2400
;WIPE_START
G1 F13535.936
G1 X139.43 Y124.252 E-.24
;WIPE_END
EXCLUDE_OBJECT_END NAME=圆柱体_id_0_copy_0

;don't support timelapse gcode in spiral_mode and by object sequence for I3 structure printer
;time lapse begin
M5001 G92 E0
M5001 G17
M5001 G2 Z23.6 I0.86 J0.86 P1 F20000 ; spiral lift a little
M5001 G1 X0 Y180 F24000 ; move to safe pos
M5001 P15
M5001 M400 P300
M5001 G92 E0
;time lapse end

;AFTER_LAYER_CHANGE
;23.2
;_SET_FAN_SPEED_CHANGING_LAYER
; printing object 圆柱体 id:0 copy 0
EXCLUDE_OBJECT_START NAME=圆柱体_id_0_copy_0
G17
G3 Z23.6 I-.971 J-.734 P1  F30000
G1 X126.433 Y141.454 Z23.6
G1 Z23.2
G1 E.8 F2400
SET_VELOCITY_LIMIT SQUARE_CORNER_VELOCITY=8
;TYPE:Inner wall
G1 F3235
G1 X126.134 Y141.364 E.01038
G3 X128.994 Y118.081 I3.685 J-11.364 E1.09335
G3 X130.194 Y118.059 I.848 J13.157 E.03982
G3 X126.533 Y141.485 I-.375 J11.941 E1.34296
G1 X126.49 Y141.472 E.00147
SET_VELOCITY_LIMIT SQUARE_CORNER_VELOCITY=12
G1 X126.478 Y141.891 F30000
SET_VELOCITY_LIMIT SQUARE_CORNER_VELOCITY=8
G1 F3235
G1 X126.42 Y141.877 E.00198
G3 X128.965 Y117.675 I3.398 J-11.877 E1.14489
G3 X130.208 Y117.652 I.878 J13.614 E.04124
G3 X127.257 Y142.085 I-.389 J12.348 E1.36009
G1 X126.537 Y141.905 E.02464
SET_VELOCITY_LIMIT SQUARE_CORNER_VELOCITY=12
G1 E-.56 F2400
;WIPE_START
G1 F13535.936
G1 X126.42 Y141.877 E-.01436
G1 X126.008 Y141.75 E-.05176
G1 X125.198 Y141.455 E-.10348
G1 X124.662 Y141.217 E-.07041
;WIPE_END
G1 X126.809 Y142.426 Z23.6 F30000
G1 Z23.2
G1 E.8 F2400
SET_VELOCITY_LIMIT ACCEL=5000 ACCEL_TO_DECEL=2500 SQUARE_CORNER_VELOCITY=8
;TYPE:Outer wall
;WIDTH:0.42
G1 F3235
G1 X126.732 Y142.41 E.00241
G3 X128.934 Y117.241 I3.086 J-12.411 E1.11156
G3 X130.222 Y117.217 I.909 J14.103 E.0396
G3 X127.605 Y142.595 I-.404 J12.782 E1.29047
G1 X126.867 Y142.439 E.02318
G1 E-.56 F2400
;WIPE_START
G1 F9000
G1 X126.732 Y142.41 E-.01662
G1 X126.301 Y142.295 E-.05357
G1 X125.874 Y142.164 E-.05358
G1 X125.035 Y141.859 E-.10712
G1 X124.965 Y141.829 E-.00911
;WIPE_END
G17
G3 Z23.6 I1.217 J0 P1  F30000

;don't support timelapse gcode in spiral_mode and by object sequence for I3 structure printer
;time lapse begin
M5001 G92 E0
M5001 G17
M5001 G2 Z23.6 I0.86 J0.86 P1 F20000 ; spiral lift a little
M5001 G1 X0 Y180 F24000 ; move to safe pos
M5001 P15
M5001 M400 P300
M5001 G92 E0
;time lapse end

SET_VELOCITY_LIMIT ACCEL=6000 ACCEL_TO_DECEL=3000 SQUARE_CORNER_VELOCITY=12
G1 X118.811 Y134.337
G1 Z23.2
G1 E.8 F2400
;TYPE:Sparse infill
;WIDTH:0.45
G1 F3235
G1 X125.151 Y140.677 E.29746
G2 X129.963 Y141.651 I4.771 J-11.204 E.16397
G1 X118.17 Y129.858 E.55323
G3 X118.697 Y126.547 I11.969 J.207 E.11159
G1 X133.279 Y141.129 E.68406
G2 X135.922 Y139.934 I-3.579 J-11.439 E.09646
G1 X119.892 Y123.904 E.752
G3 X121.586 Y121.76 I11.609 J7.433 E.09079
G1 X138.066 Y138.24 E.77309
G2 X139.76 Y136.096 I-9.803 J-9.488 E.09079
G1 X123.733 Y120.069 E.75186
G3 X126.373 Y118.871 I6.663 J11.182 E.09637
G1 X140.957 Y133.455 E.68414
G2 X141.482 Y130.142 I-12.753 J-3.719 E.11156
G1 X129.689 Y118.349 E.55324
G3 X134.5 Y119.323 I.033 J12.21 E.16397
M73 P88 R2
G1 X140.845 Y125.667 E.29761
; stop printing object 圆柱体 id:0 copy 0
;LAYER_CHANGE
;Z:23.4
;HEIGHT:0.199999
;BEFORE_LAYER_CHANGE
;23.4
G92 E0

G1 E-.56 F2400
;WIPE_START
G1 F13535.936
G1 X139.43 Y124.252 E-.24
;WIPE_END
EXCLUDE_OBJECT_END NAME=圆柱体_id_0_copy_0

;don't support timelapse gcode in spiral_mode and by object sequence for I3 structure printer
;time lapse begin
M5001 G92 E0
M5001 G17
M5001 G2 Z23.8 I0.86 J0.86 P1 F20000 ; spiral lift a little
M5001 G1 X0 Y180 F24000 ; move to safe pos
M5001 P15
M5001 M400 P300
M5001 G92 E0
;time lapse end

;AFTER_LAYER_CHANGE
;23.4
;_SET_FAN_SPEED_CHANGING_LAYER
; printing object 圆柱体 id:0 copy 0
EXCLUDE_OBJECT_START NAME=圆柱体_id_0_copy_0
G17
G3 Z23.8 I-.971 J-.734 P1  F30000
G1 X126.432 Y141.448 Z23.8
G1 Z23.4
G1 E.8 F2400
SET_VELOCITY_LIMIT SQUARE_CORNER_VELOCITY=8
;TYPE:Inner wall
G1 F3235
G1 X126.134 Y141.363 E.01029
G3 X128.993 Y118.081 I3.685 J-11.364 E1.09328
G3 X130.198 Y118.059 I.85 J13.184 E.03999
G3 X126.936 Y141.593 I-.379 J11.941 E1.32903
G1 X126.49 Y141.465 E.01538
SET_VELOCITY_LIMIT SQUARE_CORNER_VELOCITY=12
G1 X126.48 Y141.886 F30000
SET_VELOCITY_LIMIT SQUARE_CORNER_VELOCITY=8
G1 F3235
G1 X126.008 Y141.751 E.01629
G3 X128.964 Y117.675 I3.811 J-11.751 E1.13053
G3 X130.211 Y117.652 I.879 J13.637 E.04139
G3 X126.837 Y141.988 I-.392 J12.348 E1.3743
G1 X126.538 Y141.902 E.01033
SET_VELOCITY_LIMIT SQUARE_CORNER_VELOCITY=12
G1 E-.56 F2400
;WIPE_START
G1 F13535.936
G1 X126.008 Y141.751 E-.06613
G1 X125.6 Y141.61 E-.05175
G1 X124.8 Y141.286 E-.10362
G1 X124.66 Y141.221 E-.01851
;WIPE_END
G1 X126.816 Y142.428 Z23.8 F30000
G1 Z23.4
G1 E.8 F2400
SET_VELOCITY_LIMIT ACCEL=5000 ACCEL_TO_DECEL=2500 SQUARE_CORNER_VELOCITY=8
;TYPE:Outer wall
;WIDTH:0.42
G1 F3235
G1 X126.732 Y142.41 E.00265
G3 X128.934 Y117.241 I3.087 J-12.411 E1.11152
G3 X130.226 Y117.217 I.91 J14.121 E.03971
G3 X127.605 Y142.595 I-.407 J12.782 E1.29039
G1 X126.875 Y142.44 E.02294
G1 E-.56 F2400
;WIPE_START
G1 F9000
G1 X126.732 Y142.41 E-.01755
G1 X126.301 Y142.295 E-.05357
G1 X125.874 Y142.164 E-.05358
G1 X125.078 Y141.875 E-.10151
G1 X124.973 Y141.829 E-.01379
;WIPE_END
G17
G3 Z23.8 I1.217 J0 P1  F30000

;don't support timelapse gcode in spiral_mode and by object sequence for I3 structure printer
;time lapse begin
M5001 G92 E0
M5001 G17
M5001 G2 Z23.8 I0.86 J0.86 P1 F20000 ; spiral lift a little
M5001 G1 X0 Y180 F24000 ; move to safe pos
M5001 P15
M5001 M400 P300
M5001 G92 E0
;time lapse end

SET_VELOCITY_LIMIT ACCEL=6000 ACCEL_TO_DECEL=3000 SQUARE_CORNER_VELOCITY=12
G1 X118.817 Y134.343
G1 Z23.4
G1 E.8 F2400
;TYPE:Sparse infill
;WIDTH:0.45
G1 F3235
G1 X125.151 Y140.677 E.29715
G2 X129.963 Y141.651 I4.771 J-11.202 E.16397
G1 X118.175 Y129.863 E.553
G3 X118.696 Y126.546 I12.92 J.329 E.1117
G1 X133.279 Y141.129 E.68411
G2 X135.922 Y139.934 I-3.579 J-11.439 E.09646
G1 X119.892 Y123.904 E.752
G3 X121.586 Y121.76 I11.609 J7.433 E.09079
G1 X138.068 Y138.242 E.77321
G2 X139.757 Y136.093 I-8.087 J-8.093 E.09089
G1 X123.731 Y120.067 E.7518
G3 X126.37 Y118.868 I6.081 J9.871 E.09639
G1 X140.957 Y133.455 E.68431
G2 X141.477 Y130.137 I-12.443 J-3.651 E.11171
G1 X129.689 Y118.349 E.55302
G3 X134.498 Y119.32 I.029 J12.249 E.16386
G1 X140.841 Y125.664 E.29759
; stop printing object 圆柱体 id:0 copy 0
;LAYER_CHANGE
;Z:23.6
;HEIGHT:0.200001
;BEFORE_LAYER_CHANGE
;23.6
G92 E0

G1 E-.56 F2400
;WIPE_START
G1 F13535.936
G1 X139.427 Y124.249 E-.24
;WIPE_END
EXCLUDE_OBJECT_END NAME=圆柱体_id_0_copy_0

;don't support timelapse gcode in spiral_mode and by object sequence for I3 structure printer
;time lapse begin
M5001 G92 E0
M5001 G17
M5001 G2 Z24 I0.86 J0.86 P1 F20000 ; spiral lift a little
M5001 G1 X0 Y180 F24000 ; move to safe pos
M5001 P15
M5001 M400 P300
M5001 G92 E0
;time lapse end

;AFTER_LAYER_CHANGE
;23.6
;_SET_FAN_SPEED_CHANGING_LAYER
; printing object 圆柱体 id:0 copy 0
EXCLUDE_OBJECT_START NAME=圆柱体_id_0_copy_0
G17
G3 Z24 I-.972 J-.733 P1  F30000
G1 X126.448 Y141.459 Z24
G1 Z23.6
G1 E.8 F2400
SET_VELOCITY_LIMIT SQUARE_CORNER_VELOCITY=8
;TYPE:Inner wall
G1 F3235
G1 X126.133 Y141.365 E.0109
G3 X129.409 Y118.06 I3.683 J-11.365 E1.10733
G3 X130.201 Y118.059 I.406 J11.342 E.02628
G3 X126.532 Y141.486 I-.385 J11.941 E1.34259
G1 X126.505 Y141.478 E.00094
SET_VELOCITY_LIMIT SQUARE_CORNER_VELOCITY=12
G1 X126.493 Y141.894 F30000
SET_VELOCITY_LIMIT SQUARE_CORNER_VELOCITY=8
G1 F3235
G1 X126.42 Y141.878 E.0025
G3 X129.395 Y117.653 I3.396 J-11.878 E1.15936
G3 X130.215 Y117.652 I.421 J11.741 E.0272
G3 X127.257 Y142.086 I-.399 J12.348 E1.35971
G1 X126.552 Y141.909 E.02412
SET_VELOCITY_LIMIT SQUARE_CORNER_VELOCITY=12
G1 E-.56 F2400
;WIPE_START
G1 F13535.936
G1 X126.42 Y141.878 E-.01623
G1 X126.008 Y141.75 E-.05176
G1 X125.198 Y141.455 E-.10348
G1 X124.676 Y141.223 E-.06854
;WIPE_END
G1 X126.824 Y142.43 Z24 F30000
G1 Z23.6
G1 E.8 F2400
SET_VELOCITY_LIMIT ACCEL=5000 ACCEL_TO_DECEL=2500 SQUARE_CORNER_VELOCITY=8
;TYPE:Outer wall
;WIDTH:0.42
G1 F3235
G1 X126.732 Y142.411 E.00289
G3 X129.38 Y117.218 I3.084 J-12.411 E1.12544
M73 P89 R2
G3 X130.229 Y117.217 I.436 J12.164 E.02611
G3 X127.605 Y142.596 I-.413 J12.782 E1.29011
G1 X126.882 Y142.442 E.0227
G1 E-.56 F2400
;WIPE_START
G1 F9000
G1 X126.732 Y142.411 E-.01849
G1 X126.301 Y142.295 E-.05357
G1 X125.874 Y142.164 E-.05358
G1 X125.035 Y141.859 E-.10712
G1 X124.98 Y141.834 E-.00724
;WIPE_END
G17
G3 Z24 I1.217 J0 P1  F30000

;don't support timelapse gcode in spiral_mode and by object sequence for I3 structure printer
;time lapse begin
M5001 G92 E0
M5001 G17
M5001 G2 Z24 I0.86 J0.86 P1 F20000 ; spiral lift a little
M5001 G1 X0 Y180 F24000 ; move to safe pos
M5001 P15
M5001 M400 P300
M5001 G92 E0
;time lapse end

SET_VELOCITY_LIMIT ACCEL=6000 ACCEL_TO_DECEL=3000 SQUARE_CORNER_VELOCITY=12
G1 X118.817 Y134.343
G1 Z23.6
G1 E.8 F2400
;TYPE:Sparse infill
;WIDTH:0.45
G1 F3235
G1 X125.142 Y140.668 E.29674
G2 X129.963 Y141.651 I4.641 J-10.451 E.16448
G1 X118.175 Y129.863 E.553
G3 X118.695 Y126.545 I12.943 J.331 E.11171
G1 X133.279 Y141.129 E.68414
G2 X135.922 Y139.934 I-3.559 J-11.394 E.09646
G1 X119.895 Y123.907 E.75187
G3 X121.584 Y121.758 I9.77 J5.939 E.09089
G1 X138.066 Y138.24 E.77322
G2 X139.761 Y136.097 I-9.958 J-9.621 E.09078
G1 X123.73 Y120.066 E.75206
G3 X126.37 Y118.868 I6.379 J10.543 E.09638
G1 X140.957 Y133.455 E.68431
G2 X141.482 Y130.142 I-12.718 J-3.714 E.11156
G1 X129.689 Y118.349 E.55324
G3 X134.501 Y119.323 I.033 J12.209 E.16397
G1 X140.841 Y125.663 E.29746
; stop printing object 圆柱体 id:0 copy 0
;LAYER_CHANGE
;Z:23.8
;HEIGHT:0.199999
;BEFORE_LAYER_CHANGE
;23.8
G92 E0

G1 E-.56 F2400
;WIPE_START
G1 F13535.936
G1 X139.427 Y124.249 E-.24
;WIPE_END
EXCLUDE_OBJECT_END NAME=圆柱体_id_0_copy_0

;don't support timelapse gcode in spiral_mode and by object sequence for I3 structure printer
;time lapse begin
M5001 G92 E0
M5001 G17
M5001 G2 Z24.2 I0.86 J0.86 P1 F20000 ; spiral lift a little
M5001 G1 X0 Y180 F24000 ; move to safe pos
M5001 P15
M5001 M400 P300
M5001 G92 E0
;time lapse end

;AFTER_LAYER_CHANGE
;23.8
;_SET_FAN_SPEED_CHANGING_LAYER
; printing object 圆柱体 id:0 copy 0
EXCLUDE_OBJECT_START NAME=圆柱体_id_0_copy_0
G17
G3 Z24.2 I-.971 J-.734 P1  F30000
G1 X126.431 Y141.452 Z24.2
G1 Z23.8
G1 E.8 F2400
SET_VELOCITY_LIMIT SQUARE_CORNER_VELOCITY=8
;TYPE:Inner wall
G1 F3235
G1 X125.738 Y141.228 E.02417
G3 X129.409 Y118.06 I4.079 J-11.229 E1.0934
G3 X130.204 Y118.059 I.407 J11.393 E.02639
G3 X126.532 Y141.486 I-.388 J11.941 E1.34254
G1 X126.488 Y141.471 E.00155
SET_VELOCITY_LIMIT SQUARE_CORNER_VELOCITY=12
G1 X126.486 Y141.894 F30000
SET_VELOCITY_LIMIT SQUARE_CORNER_VELOCITY=8
G1 F3235
G1 X126.42 Y141.878 E.00225
G3 X129.395 Y117.653 I3.397 J-11.878 E1.15931
G3 X130.218 Y117.652 I.421 J11.791 E.02731
G3 X126.837 Y141.989 I-.401 J12.348 E1.37396
G1 X126.544 Y141.91 E.01007
SET_VELOCITY_LIMIT SQUARE_CORNER_VELOCITY=12
G1 E-.56 F2400
;WIPE_START
G1 F13535.936
G1 X126.42 Y141.878 E-.01535
G1 X125.599 Y141.609 E-.1036
G1 X125.198 Y141.455 E-.05164
G1 X124.669 Y141.22 E-.06942
;WIPE_END
G1 X126.831 Y142.431 Z24.2 F30000
G1 Z23.8
G1 E.8 F2400
SET_VELOCITY_LIMIT ACCEL=5000 ACCEL_TO_DECEL=2500 SQUARE_CORNER_VELOCITY=8
;TYPE:Outer wall
;WIDTH:0.42
G1 F3235
G1 X126.732 Y142.411 E.00313
G3 X129.38 Y117.218 I3.085 J-12.412 E1.1254
G3 X130.233 Y117.217 I.436 J12.215 E.02621
G3 X127.605 Y142.596 I-.416 J12.782 E1.29008
G1 X126.89 Y142.444 E.02246
G1 E-.56 F2400
;WIPE_START
G1 F9000
G1 X126.732 Y142.411 E-.01942
G1 X126.301 Y142.295 E-.05357
G1 X125.451 Y142.019 E-.10717
G1 X125.035 Y141.859 E-.05354
G1 X124.987 Y141.837 E-.00631
;WIPE_END
G17
G3 Z24.2 I1.217 J0 P1  F30000

;don't support timelapse gcode in spiral_mode and by object sequence for I3 structure printer
;time lapse begin
M5001 G92 E0
M5001 G17
M5001 G2 Z24.2 I0.86 J0.86 P1 F20000 ; spiral lift a little
M5001 G1 X0 Y180 F24000 ; move to safe pos
M5001 P15
M5001 M400 P300
M5001 G92 E0
;time lapse end

SET_VELOCITY_LIMIT ACCEL=6000 ACCEL_TO_DECEL=3000 SQUARE_CORNER_VELOCITY=12
G1 X118.817 Y134.343
G1 Z23.8
G1 E.8 F2400
;TYPE:Sparse infill
;WIDTH:0.45
G1 F3235
G1 X125.151 Y140.677 E.29716
G2 X129.964 Y141.651 I4.775 J-11.217 E.16398
G1 X118.17 Y129.858 E.55325
G3 X118.696 Y126.546 I12.052 J.216 E.1116
G1 X133.28 Y141.13 E.68416
G2 X135.919 Y139.931 I-4.22 J-12.793 E.09634
G1 X119.892 Y123.904 E.75187
G3 X121.586 Y121.76 I11.609 J7.433 E.09079
G1 X138.066 Y138.24 E.77309
G2 X139.76 Y136.096 I-9.803 J-9.488 E.09079
G1 X123.729 Y120.065 E.75206
G3 X126.37 Y118.868 I6.485 J10.794 E.0964
G1 X140.957 Y133.455 E.6843
G2 X141.477 Y130.137 I-12.26 J-3.623 E.11172
M73 P90 R2
G1 X129.689 Y118.349 E.55302
G3 X134.501 Y119.323 I.034 J12.209 E.16397
G1 X140.845 Y125.667 E.29761
; stop printing object 圆柱体 id:0 copy 0
;LAYER_CHANGE
;Z:24
;HEIGHT:0.200001
;BEFORE_LAYER_CHANGE
;24
G92 E0

G1 E-.56 F2400
;WIPE_START
G1 F13535.936
G1 X139.43 Y124.252 E-.24
;WIPE_END
EXCLUDE_OBJECT_END NAME=圆柱体_id_0_copy_0

;don't support timelapse gcode in spiral_mode and by object sequence for I3 structure printer
;time lapse begin
M5001 G92 E0
M5001 G17
M5001 G2 Z24.4 I0.86 J0.86 P1 F20000 ; spiral lift a little
M5001 G1 X0 Y180 F24000 ; move to safe pos
M5001 P15
M5001 M400 P300
M5001 G92 E0
;time lapse end

;AFTER_LAYER_CHANGE
;24
;_SET_FAN_SPEED_CHANGING_LAYER
; printing object 圆柱体 id:0 copy 0
EXCLUDE_OBJECT_START NAME=圆柱体_id_0_copy_0
G17
G3 Z24.4 I-.971 J-.733 P1  F30000
G1 X126.438 Y141.456 Z24.4
G1 Z24
G1 E.8 F2400
SET_VELOCITY_LIMIT SQUARE_CORNER_VELOCITY=8
;TYPE:Inner wall
G1 F3236
G1 X126.133 Y141.364 E.01055
G3 X129.409 Y118.06 I3.684 J-11.365 E1.10724
G3 X130.208 Y118.059 I.408 J11.438 E.0265
G3 X126.532 Y141.486 I-.39 J11.941 E1.34248
G1 X126.495 Y141.474 E.0013
SET_VELOCITY_LIMIT SQUARE_CORNER_VELOCITY=12
G1 X126.493 Y141.896 F30000
SET_VELOCITY_LIMIT SQUARE_CORNER_VELOCITY=8
G1 F3236
G1 X126.42 Y141.877 E.00251
G3 X129.395 Y117.653 I3.397 J-11.878 E1.15927
G3 X130.221 Y117.652 I.422 J11.838 E.02743
G3 X126.837 Y141.989 I-.404 J12.348 E1.37391
G1 X126.551 Y141.912 E.00981
SET_VELOCITY_LIMIT SQUARE_CORNER_VELOCITY=12
G1 E-.56 F2400
;WIPE_START
G1 F13535.936
G1 X126.42 Y141.877 E-.01627
G1 X126.008 Y141.75 E-.05176
G1 X125.198 Y141.455 E-.10348
G1 X124.676 Y141.223 E-.06849
;WIPE_END
G1 X126.839 Y142.433 Z24.4 F30000
G1 Z24
G1 E.8 F2400
SET_VELOCITY_LIMIT ACCEL=5000 ACCEL_TO_DECEL=2500 SQUARE_CORNER_VELOCITY=8
;TYPE:Outer wall
;WIDTH:0.42
G1 F3236
G1 X126.732 Y142.411 E.00337
G3 X129.38 Y117.218 I3.086 J-12.411 E1.12536
G3 X130.236 Y117.217 I.437 J12.264 E.02632
G3 X127.605 Y142.596 I-.419 J12.782 E1.29003
G1 X126.898 Y142.445 E.02222
G1 E-.56 F2400
;WIPE_START
G1 F9000
G1 X126.732 Y142.411 E-.02034
G1 X126.301 Y142.295 E-.05357
G1 X125.874 Y142.164 E-.05358
G1 X125.035 Y141.859 E-.10712
G1 X124.994 Y141.84 E-.00538
;WIPE_END
G17
G3 Z24.4 I1.217 J0 P1  F30000

;don't support timelapse gcode in spiral_mode and by object sequence for I3 structure printer
;time lapse begin
M5001 G92 E0
M5001 G17
M5001 G2 Z24.4 I0.86 J0.86 P1 F20000 ; spiral lift a little
M5001 G1 X0 Y180 F24000 ; move to safe pos
M5001 P15
M5001 M400 P300
M5001 G92 E0
;time lapse end

SET_VELOCITY_LIMIT ACCEL=6000 ACCEL_TO_DECEL=3000 SQUARE_CORNER_VELOCITY=12
G1 X118.807 Y134.333
G1 Z24
G1 E.8 F2400
;TYPE:Sparse infill
;WIDTH:0.45
G1 F3236
G1 X125.142 Y140.668 E.29719
G2 X129.963 Y141.651 I4.643 J-10.459 E.1645
G1 X118.175 Y129.863 E.55302
G3 X118.696 Y126.546 I12.884 J.324 E.1117
G1 X133.279 Y141.129 E.68411
G2 X135.922 Y139.934 I-3.579 J-11.439 E.09646
G1 X119.892 Y123.904 E.752
G3 X121.584 Y121.758 I11.876 J7.62 E.0908
G1 X138.066 Y138.24 E.77321
G2 X139.76 Y136.096 I-8.555 J-8.502 E.09083
G1 X123.731 Y120.067 E.75194
G3 X126.373 Y118.871 I6.186 J10.15 E.09644
G1 X140.956 Y133.455 E.68413
G2 X141.477 Y130.137 I-12.394 J-3.644 E.11171
G1 X129.689 Y118.349 E.55301
G3 X134.498 Y119.32 I.029 J12.248 E.16386
G1 X140.845 Y125.667 E.29774
; stop printing object 圆柱体 id:0 copy 0
;LAYER_CHANGE
;Z:24.2
;HEIGHT:0.200001
;BEFORE_LAYER_CHANGE
;24.2
G92 E0

G1 E-.56 F2400
;WIPE_START
G1 F13535.936
G1 X139.43 Y124.252 E-.24
;WIPE_END
EXCLUDE_OBJECT_END NAME=圆柱体_id_0_copy_0

;don't support timelapse gcode in spiral_mode and by object sequence for I3 structure printer
;time lapse begin
M5001 G92 E0
M5001 G17
M5001 G2 Z24.6 I0.86 J0.86 P1 F20000 ; spiral lift a little
M5001 G1 X0 Y180 F24000 ; move to safe pos
M5001 P15
M5001 M400 P300
M5001 G92 E0
;time lapse end

;AFTER_LAYER_CHANGE
;24.2
;_SET_FAN_SPEED_CHANGING_LAYER
; printing object 圆柱体 id:0 copy 0
EXCLUDE_OBJECT_START NAME=圆柱体_id_0_copy_0
G17
G3 Z24.6 I-.971 J-.733 P1  F30000
G1 X126.446 Y141.457 Z24.6
G1 Z24.2
G1 E.8 F2400
SET_VELOCITY_LIMIT SQUARE_CORNER_VELOCITY=8
;TYPE:Inner wall
G1 F3236
G1 X125.738 Y141.228 E.02467
G3 X129.409 Y118.06 I4.08 J-11.229 E1.09331
G3 X130.211 Y118.059 I.409 J11.486 E.02661
G3 X126.532 Y141.486 I-.393 J11.941 E1.34241
G1 X126.503 Y141.476 E.00105
SET_VELOCITY_LIMIT SQUARE_CORNER_VELOCITY=12
G1 X126.501 Y141.898 F30000
SET_VELOCITY_LIMIT SQUARE_CORNER_VELOCITY=8
G1 F3236
G1 X126.42 Y141.877 E.00276
G3 X129.395 Y117.653 I3.398 J-11.878 E1.15922
G3 X130.225 Y117.652 I.423 J11.887 E.02754
G3 X126.837 Y141.988 I-.407 J12.347 E1.37384
G1 X126.559 Y141.913 E.00955
SET_VELOCITY_LIMIT SQUARE_CORNER_VELOCITY=12
G1 E-.56 F2400
;WIPE_START
G1 F13535.936
G1 X126.42 Y141.877 E-.01719
G1 X125.6 Y141.61 E-.10358
G1 X125.198 Y141.455 E-.05166
G1 X124.683 Y141.226 E-.06758
;WIPE_END
G1 X126.846 Y142.434 Z24.6 F30000
G1 Z24.2
G1 E.8 F2400
SET_VELOCITY_LIMIT ACCEL=5000 ACCEL_TO_DECEL=2500 SQUARE_CORNER_VELOCITY=8
;TYPE:Outer wall
;WIDTH:0.42
G1 F3236
G1 X126.732 Y142.411 E.0036
G3 X129.38 Y117.218 I3.086 J-12.411 E1.12531
M73 P91 R1
G3 X130.239 Y117.217 I.438 J12.314 E.02643
G3 X127.605 Y142.596 I-.421 J12.782 E1.28996
G1 X126.905 Y142.447 E.02199
G1 E-.56 F2400
;WIPE_START
G1 F9000
G1 X126.732 Y142.411 E-.02126
G1 X126.301 Y142.295 E-.05357
G1 X125.451 Y142.019 E-.10716
G1 X125.035 Y141.859 E-.05354
G1 X125.001 Y141.844 E-.00447
;WIPE_END
G17
G3 Z24.6 I1.217 J0 P1  F30000

;don't support timelapse gcode in spiral_mode and by object sequence for I3 structure printer
;time lapse begin
M5001 G92 E0
M5001 G17
M5001 G2 Z24.6 I0.86 J0.86 P1 F20000 ; spiral lift a little
M5001 G1 X0 Y180 F24000 ; move to safe pos
M5001 P15
M5001 M400 P300
M5001 G92 E0
;time lapse end

SET_VELOCITY_LIMIT ACCEL=6000 ACCEL_TO_DECEL=3000 SQUARE_CORNER_VELOCITY=12
G1 X118.807 Y134.333
G1 Z24.2
G1 E.8 F2400
;TYPE:Sparse infill
;WIDTH:0.45
G1 F3236
G1 X125.151 Y140.677 E.29761
G2 X129.963 Y141.651 I4.774 J-11.214 E.16398
G1 X118.175 Y129.863 E.55302
G3 X118.695 Y126.545 I12.898 J.324 E.11171
G1 X133.28 Y141.13 E.68419
G2 X135.923 Y139.935 I-5.345 J-15.344 E.09635
G1 X119.892 Y123.904 E.75206
G3 X121.584 Y121.758 I11.875 J7.619 E.0908
G1 X138.066 Y138.24 E.77321
G2 X139.76 Y136.096 I-9.803 J-9.488 E.09079
G1 X123.73 Y120.066 E.752
G3 X126.373 Y118.871 I6.222 J10.244 E.09646
G1 X140.956 Y133.455 E.68413
G2 X141.482 Y130.142 I-12.667 J-3.707 E.11156
G1 X129.689 Y118.349 E.55324
G3 X134.501 Y119.323 I.034 J12.208 E.16397
G1 X140.845 Y125.667 E.29761
; stop printing object 圆柱体 id:0 copy 0
;LAYER_CHANGE
;Z:24.4
;HEIGHT:0.199999
;BEFORE_LAYER_CHANGE
;24.4
G92 E0

G1 E-.56 F2400
;WIPE_START
G1 F13535.936
G1 X139.43 Y124.252 E-.24
;WIPE_END
EXCLUDE_OBJECT_END NAME=圆柱体_id_0_copy_0

;don't support timelapse gcode in spiral_mode and by object sequence for I3 structure printer
;time lapse begin
M5001 G92 E0
M5001 G17
M5001 G2 Z24.8 I0.86 J0.86 P1 F20000 ; spiral lift a little
M5001 G1 X0 Y180 F24000 ; move to safe pos
M5001 P15
M5001 M400 P300
M5001 G92 E0
;time lapse end

;AFTER_LAYER_CHANGE
;24.4
;_SET_FAN_SPEED_CHANGING_LAYER
; printing object 圆柱体 id:0 copy 0
EXCLUDE_OBJECT_START NAME=圆柱体_id_0_copy_0
G17
G3 Z24.8 I-.972 J-.732 P1  F30000
G1 X126.478 Y141.468 Z24.8
G1 Z24.4
G1 E.8 F2400
SET_VELOCITY_LIMIT SQUARE_CORNER_VELOCITY=8
;TYPE:Inner wall
G1 F3245
G1 X126.135 Y141.358 E.01194
G3 X129.409 Y118.06 I3.684 J-11.362 E1.1069
G3 X130.214 Y118.059 I.41 J11.536 E.02672
G3 X126.537 Y141.481 I-.395 J11.938 E1.34191
SET_VELOCITY_LIMIT SQUARE_CORNER_VELOCITY=12
G1 X126.523 Y141.902 F30000
SET_VELOCITY_LIMIT SQUARE_CORNER_VELOCITY=8
G1 F3245
G1 X126.422 Y141.871 E.00351
G3 X129.395 Y117.653 I3.397 J-11.875 E1.15891
G3 X130.228 Y117.652 I.424 J11.937 E.02765
G3 X127.258 Y142.079 I-.409 J12.344 E1.35912
G1 X126.582 Y141.916 E.0231
SET_VELOCITY_LIMIT SQUARE_CORNER_VELOCITY=12
G1 E-.56 F2400
;WIPE_START
G1 F13535.936
G1 X126.422 Y141.871 E-.01989
G1 X126.008 Y141.75 E-.05175
G1 X125.198 Y141.455 E-.10348
G1 X124.704 Y141.235 E-.06489
;WIPE_END
G1 X126.854 Y142.436 Z24.8 F30000
G1 Z24.4
G1 E.8 F2400
SET_VELOCITY_LIMIT ACCEL=5000 ACCEL_TO_DECEL=2500 SQUARE_CORNER_VELOCITY=8
;TYPE:Outer wall
;WIDTH:0.42
G1 F3245
G1 X126.733 Y142.405 E.00383
G3 X129.38 Y117.218 I3.086 J-12.408 E1.12501
G3 X130.243 Y117.217 I.439 J12.363 E.02653
G3 X127.606 Y142.59 I-.424 J12.779 E1.28957
G1 X126.913 Y142.448 E.02175
G1 E-.56 F2400
;WIPE_START
G1 F9000
G1 X126.733 Y142.405 E-.02215
G1 X126.301 Y142.295 E-.05356
G1 X125.874 Y142.164 E-.05358
G1 X125.035 Y141.859 E-.10712
G1 X125.007 Y141.847 E-.00359
;WIPE_END
G17
G3 Z24.8 I1.217 J0 P1  F30000

;don't support timelapse gcode in spiral_mode and by object sequence for I3 structure printer
;time lapse begin
M5001 G92 E0
M5001 G17
M5001 G2 Z24.8 I0.86 J0.86 P1 F20000 ; spiral lift a little
M5001 G1 X0 Y180 F24000 ; move to safe pos
M5001 P15
M5001 M400 P300
M5001 G92 E0
;time lapse end

SET_VELOCITY_LIMIT ACCEL=6000 ACCEL_TO_DECEL=3000 SQUARE_CORNER_VELOCITY=12
G1 X118.817 Y134.343
G1 Z24.4
G1 E.8 F2400
;TYPE:Sparse infill
;WIDTH:0.45
G1 F3245
G1 X125.142 Y140.668 E.29674
G2 X129.963 Y141.651 I4.643 J-10.457 E.1645
G1 X118.175 Y129.863 E.55302
G3 X118.697 Y126.547 I11.75 J.151 E.11173
G1 X133.279 Y141.129 E.68405
G2 X135.923 Y139.935 I-3.62 J-11.548 E.09647
G1 X119.895 Y123.907 E.75193
G3 X121.586 Y121.76 I9.465 J5.718 E.09089
G1 X138.066 Y138.24 E.77309
G2 X139.761 Y136.097 I-9.937 J-9.605 E.09078
G1 X123.729 Y120.065 E.75212
G3 X126.373 Y118.871 I6.308 J10.451 E.09647
G1 X140.956 Y133.454 E.68413
G2 X141.482 Y130.142 I-12.649 J-3.704 E.11156
M73 P92 R1
G1 X129.689 Y118.349 E.55324
G3 X134.498 Y119.32 I.03 J12.247 E.16386
G1 X140.845 Y125.667 E.29774
; stop printing object 圆柱体 id:0 copy 0
;LAYER_CHANGE
;Z:24.6
;HEIGHT:0.200001
;BEFORE_LAYER_CHANGE
;24.6
G92 E0

G1 E-.56 F2400
;WIPE_START
G1 F13535.936
G1 X139.43 Y124.252 E-.24
;WIPE_END
EXCLUDE_OBJECT_END NAME=圆柱体_id_0_copy_0

;don't support timelapse gcode in spiral_mode and by object sequence for I3 structure printer
;time lapse begin
M5001 G92 E0
M5001 G17
M5001 G2 Z25 I0.86 J0.86 P1 F20000 ; spiral lift a little
M5001 G1 X0 Y180 F24000 ; move to safe pos
M5001 P15
M5001 M400 P300
M5001 G92 E0
;time lapse end

;AFTER_LAYER_CHANGE
;24.6
;_SET_FAN_SPEED_CHANGING_LAYER
; printing object 圆柱体 id:0 copy 0
EXCLUDE_OBJECT_START NAME=圆柱体_id_0_copy_0
G17
G3 Z25 I-.973 J-.731 P1  F30000
G1 X126.485 Y141.47 Z25
G1 Z24.6
G1 E.8 F2400
SET_VELOCITY_LIMIT SQUARE_CORNER_VELOCITY=8
;TYPE:Inner wall
G1 F3245
G1 X126.135 Y141.358 E.01219
G3 X129.409 Y118.06 I3.684 J-11.362 E1.10684
G3 X130.218 Y118.059 I.411 J11.584 E.02684
G3 X126.544 Y141.483 I-.398 J11.937 E1.34158
SET_VELOCITY_LIMIT SQUARE_CORNER_VELOCITY=12
G1 X126.53 Y141.904 F30000
SET_VELOCITY_LIMIT SQUARE_CORNER_VELOCITY=8
G1 F3245
G1 X126.422 Y141.871 E.00376
G3 X129.395 Y117.653 I3.398 J-11.874 E1.15885
G3 X130.232 Y117.652 I.425 J11.986 E.02777
G3 X127.259 Y142.079 I-.412 J12.344 E1.35905
G1 X126.589 Y141.918 E.02285
SET_VELOCITY_LIMIT SQUARE_CORNER_VELOCITY=12
G1 E-.56 F2400
;WIPE_START
G1 F13535.936
G1 X126.422 Y141.871 E-.02078
G1 X126.008 Y141.75 E-.05175
G1 X125.197 Y141.455 E-.10355
G1 X124.711 Y141.238 E-.06392
;WIPE_END
G1 X126.861 Y142.44 Z25 F30000
G1 Z24.6
G1 E.8 F2400
SET_VELOCITY_LIMIT ACCEL=5000 ACCEL_TO_DECEL=2500 SQUARE_CORNER_VELOCITY=8
;TYPE:Outer wall
;WIDTH:0.42
G1 F3245
G1 X126.733 Y142.404 E.00406
G3 X129.38 Y117.218 I3.086 J-12.408 E1.12495
G3 X130.246 Y117.217 I.44 J12.413 E.02664
G3 X127.168 Y142.504 I-.427 J12.779 E1.30322
G1 X126.919 Y142.452 E.00781
G1 E-.56 F2400
;WIPE_START
G1 F9000
G1 X126.733 Y142.404 E-.02305
G1 X125.874 Y142.164 E-.10711
G1 X125.035 Y141.859 E-.10715
G1 X125.014 Y141.849 E-.00269
;WIPE_END
G17
G3 Z25 I1.217 J0 P1  F30000

;don't support timelapse gcode in spiral_mode and by object sequence for I3 structure printer
;time lapse begin
M5001 G92 E0
M5001 G17
M5001 G2 Z25 I0.86 J0.86 P1 F20000 ; spiral lift a little
M5001 G1 X0 Y180 F24000 ; move to safe pos
M5001 P15
M5001 M400 P300
M5001 G92 E0
;time lapse end

SET_VELOCITY_LIMIT ACCEL=6000 ACCEL_TO_DECEL=3000 SQUARE_CORNER_VELOCITY=12
G1 X118.817 Y134.343
G1 Z24.6
G1 E.8 F2400
;TYPE:Sparse infill
;WIDTH:0.45
G1 F3245
G1 X125.142 Y140.668 E.29674
G2 X129.963 Y141.651 I4.641 J-10.451 E.16448
G1 X118.175 Y129.863 E.553
G3 X118.697 Y126.547 I11.749 J.151 E.11173
G1 X133.279 Y141.129 E.68405
G2 X135.923 Y139.935 I-3.344 J-10.935 E.0965
G1 X119.891 Y123.903 E.75211
G3 X121.584 Y121.758 I10.625 J6.643 E.09083
G1 X138.066 Y138.24 E.77321
G2 X139.76 Y136.096 I-9.806 J-9.491 E.09079
G1 X123.733 Y120.069 E.75187
G3 X126.373 Y118.871 I6.664 J11.184 E.09637
G1 X140.956 Y133.454 E.68413
G2 X141.482 Y130.142 I-12.579 J-3.693 E.11156
G1 X129.689 Y118.349 E.55323
G3 X134.498 Y119.32 I.03 J12.241 E.16387
G1 X140.845 Y125.667 E.29772
; stop printing object 圆柱体 id:0 copy 0
;LAYER_CHANGE
;Z:24.8
;HEIGHT:0.199999
;BEFORE_LAYER_CHANGE
;24.8
G92 E0

G1 E-.56 F2400
;WIPE_START
G1 F13535.936
G1 X139.43 Y124.252 E-.24
;WIPE_END
EXCLUDE_OBJECT_END NAME=圆柱体_id_0_copy_0

;don't support timelapse gcode in spiral_mode and by object sequence for I3 structure printer
;time lapse begin
M5001 G92 E0
M5001 G17
M5001 G2 Z25.2 I0.86 J0.86 P1 F20000 ; spiral lift a little
M5001 G1 X0 Y180 F24000 ; move to safe pos
M5001 P15
M5001 M400 P300
M5001 G92 E0
;time lapse end

;AFTER_LAYER_CHANGE
;24.8
;_SET_FAN_SPEED_CHANGING_LAYER
; printing object 圆柱体 id:0 copy 0
EXCLUDE_OBJECT_START NAME=圆柱体_id_0_copy_0
G17
G3 Z25.2 I-.972 J-.732 P1  F30000
G1 X126.466 Y141.465 Z25.2
G1 Z24.8
G1 E.8 F2400
SET_VELOCITY_LIMIT SQUARE_CORNER_VELOCITY=8
;TYPE:Inner wall
G1 F3235
G1 X126.136 Y141.358 E.01154
G3 X129.409 Y118.06 I3.685 J-11.361 E1.10679
G3 X130.221 Y118.059 I.412 J11.632 E.02695
G3 X126.534 Y141.479 I-.401 J11.937 E1.34187
G1 X126.525 Y141.477 E.00031
SET_VELOCITY_LIMIT SQUARE_CORNER_VELOCITY=12
G1 X126.522 Y141.904 F30000
SET_VELOCITY_LIMIT SQUARE_CORNER_VELOCITY=8
G1 F3235
G1 X126.422 Y141.871 E.0035
G3 X129.395 Y117.653 I3.398 J-11.874 E1.1588
G3 X130.235 Y117.652 I.426 J12.034 E.02788
G3 X126.838 Y141.982 I-.414 J12.344 E1.37331
G1 X126.581 Y141.918 E.0088
SET_VELOCITY_LIMIT SQUARE_CORNER_VELOCITY=12
G1 E-.56 F2400
;WIPE_START
G1 F13535.936
G1 X126.422 Y141.871 E-.01985
G1 X126.008 Y141.75 E-.05175
G1 X125.198 Y141.455 E-.10348
G1 X124.704 Y141.235 E-.06492
;WIPE_END
G1 X126.868 Y142.439 Z25.2 F30000
G1 Z24.8
G1 E.8 F2400
SET_VELOCITY_LIMIT ACCEL=5000 ACCEL_TO_DECEL=2500 SQUARE_CORNER_VELOCITY=8
;TYPE:Outer wall
;WIDTH:0.42
G1 F3235
G1 X126.733 Y142.404 E.00429
G3 X129.38 Y117.218 I3.087 J-12.408 E1.1249
M73 P93 R1
G3 X130.25 Y117.217 I.441 J12.462 E.02675
G3 X127.606 Y142.589 I-.429 J12.779 E1.28945
G1 X126.927 Y142.451 E.0213
G1 E-.56 F2400
;WIPE_START
G1 F9000
G1 X126.733 Y142.404 E-.02394
G1 X126.301 Y142.295 E-.05354
G1 X125.874 Y142.164 E-.05357
G1 X125.035 Y141.859 E-.10712
G1 X125.021 Y141.852 E-.00182
;WIPE_END
G17
G3 Z25.2 I1.217 J0 P1  F30000

;don't support timelapse gcode in spiral_mode and by object sequence for I3 structure printer
;time lapse begin
M5001 G92 E0
M5001 G17
M5001 G2 Z25.2 I0.86 J0.86 P1 F20000 ; spiral lift a little
M5001 G1 X0 Y180 F24000 ; move to safe pos
M5001 P15
M5001 M400 P300
M5001 G92 E0
;time lapse end

SET_VELOCITY_LIMIT ACCEL=6000 ACCEL_TO_DECEL=3000 SQUARE_CORNER_VELOCITY=12
G1 X118.807 Y134.333
G1 Z24.8
G1 E.8 F2400
;TYPE:Sparse infill
;WIDTH:0.45
G1 F3235
G1 X125.142 Y140.668 E.29719
G2 X129.963 Y141.651 I4.644 J-10.468 E.16448
G1 X118.175 Y129.863 E.553
G3 X118.696 Y126.546 I11.841 J.161 E.11175
G1 X133.279 Y141.129 E.6841
G2 X135.923 Y139.935 I-3.344 J-10.935 E.0965
G1 X119.891 Y123.903 E.75212
G3 X121.586 Y121.76 I9.786 J6.002 E.09085
G1 X138.066 Y138.24 E.77309
G2 X139.76 Y136.096 I-12.229 J-11.405 E.09074
G1 X123.729 Y120.065 E.75206
G3 X126.37 Y118.868 I6.442 J10.704 E.09641
G1 X140.956 Y133.454 E.68427
G2 X141.482 Y130.142 I-12.55 J-3.69 E.11156
G1 X129.689 Y118.349 E.55323
G3 X134.498 Y119.32 I.03 J12.246 E.16386
G1 X140.845 Y125.667 E.29774
; stop printing object 圆柱体 id:0 copy 0
;LAYER_CHANGE
;Z:25
;HEIGHT:0.200001
;BEFORE_LAYER_CHANGE
;25
G92 E0

G1 E-.56 F2400
;WIPE_START
G1 F13535.936
G1 X139.43 Y124.252 E-.24
;WIPE_END
EXCLUDE_OBJECT_END NAME=圆柱体_id_0_copy_0

;don't support timelapse gcode in spiral_mode and by object sequence for I3 structure printer
;time lapse begin
M5001 G92 E0
M5001 G17
M5001 G2 Z25.4 I0.86 J0.86 P1 F20000 ; spiral lift a little
M5001 G1 X0 Y180 F24000 ; move to safe pos
M5001 P15
M5001 M400 P300
M5001 G92 E0
;time lapse end

;AFTER_LAYER_CHANGE
;25
;_SET_FAN_SPEED_CHANGING_LAYER
; printing object 圆柱体 id:0 copy 0
EXCLUDE_OBJECT_START NAME=圆柱体_id_0_copy_0
G17
G3 Z25.4 I-.972 J-.732 P1  F30000
G1 X126.473 Y141.466 Z25.4
G1 Z25
G1 E.8 F2400
SET_VELOCITY_LIMIT SQUARE_CORNER_VELOCITY=8
;TYPE:Inner wall
G1 F3721
G1 X125.739 Y141.228 E.02559
G3 X129.826 Y118.052 I4.078 J-11.229 E1.10727
G1 X130.225 Y118.059 E.01322
G3 X126.532 Y141.485 I-.408 J11.94 E1.34187
G1 X126.53 Y141.485 E.00006
SET_VELOCITY_LIMIT SQUARE_CORNER_VELOCITY=12
G1 X126.529 Y141.905 F30000
SET_VELOCITY_LIMIT SQUARE_CORNER_VELOCITY=8
G1 F3721
G1 X126.42 Y141.877 E.00374
G3 X129.826 Y117.645 I3.397 J-11.878 E1.17359
G1 X130.238 Y117.652 E.01368
G3 X126.855 Y141.993 I-.422 J12.347 E1.37264
G1 X126.587 Y141.921 E.00921
SET_VELOCITY_LIMIT SQUARE_CORNER_VELOCITY=12
G1 E-.56 F2400
;WIPE_START
G1 F13535.936
G1 X126.42 Y141.877 E-.02074
G1 X125.6 Y141.61 E-.10343
G1 X125.198 Y141.455 E-.05175
G1 X124.71 Y141.238 E-.06408
;WIPE_END
G1 X126.875 Y142.441 Z25.4 F30000
G1 Z25
G1 E.8 F2400
SET_VELOCITY_LIMIT ACCEL=5000 ACCEL_TO_DECEL=2500 SQUARE_CORNER_VELOCITY=8
;TYPE:Outer wall
;WIDTH:0.42
G1 F3721
G1 X126.75 Y142.415 E.00392
G3 X129.826 Y117.21 I3.066 J-12.416 E1.13969
G1 X130.253 Y117.217 E.01313
G3 X127.605 Y142.595 I-.437 J12.781 E1.28941
G1 X126.934 Y142.453 E.02108
G1 E-.56 F2400
;WIPE_START
G1 F9000
G1 X126.75 Y142.415 E-.0225
G1 X126.3 Y142.294 E-.05588
G1 X125.874 Y142.164 E-.05356
G1 X125.035 Y141.859 E-.10712
G1 X125.028 Y141.855 E-.00095
;WIPE_END
G17
G3 Z25.4 I1.217 J0 P1  F30000

;don't support timelapse gcode in spiral_mode and by object sequence for I3 structure printer
;time lapse begin
M5001 G92 E0
M5001 G17
M5001 G2 Z25.4 I0.86 J0.86 P1 F20000 ; spiral lift a little
M5001 G1 X0 Y180 F24000 ; move to safe pos
M5001 P15
M5001 M400 P300
M5001 G92 E0
;time lapse end

SET_VELOCITY_LIMIT ACCEL=6000 ACCEL_TO_DECEL=3000 SQUARE_CORNER_VELOCITY=12
G1 X126.435 Y141.097
G1 Z25
G1 E.8 F2400
SET_VELOCITY_LIMIT ACCEL=4800 ACCEL_TO_DECEL=2400
;TYPE:Internal solid infill
;WIDTH:0.38292
G1 F3721
G2 X140.736 Y133.96 I3.396 J-11.092 E.48851
G1 X141.088 Y132.81 E.0333
G1 X141.319 Y131.619 E.03363
G1 X141.433 Y130.412 E.03357
G2 X141.258 Y127.997 I-13.327 J-.253 E.06719
G1 X140.984 Y126.804 E.0339
G2 X140.254 Y124.902 I-10.97 J3.12 E.05652
G1 X139.671 Y123.852 E.03328
G1 X138.974 Y122.857 E.03366
G1 X138.177 Y121.939 E.03369
G1 X137.289 Y121.11 E.03366
G1 X136.337 Y120.383 E.03318
G2 X134.538 Y119.392 I-7.451 J11.396 E.05697
G1 X133.415 Y118.962 E.03331
G1 X132.242 Y118.648 E.03363
G1 X131.047 Y118.45 E.03357
G2 X127.8 Y118.571 I-1.204 J11.348 E.09033
G1 X126.631 Y118.834 E.03319
G1 X125.846 Y119.096 E.02293
G1 X124.74 Y119.567 E.03331
G2 X123.671 Y120.16 I5.04 J10.344 E.03389
G1 X122.683 Y120.852 E.03341
G1 X121.763 Y121.641 E.03358
G2 X120.554 Y123.023 I9.156 J9.228 E.05091
G2 X118.222 Y130.404 I9.256 J6.983 E.21866
G1 X118.324 Y131.608 E.03347
G2 X119.219 Y134.721 I11.375 J-1.584 E.09006
G1 X119.764 Y135.8 E.03347
G2 X122.058 Y138.624 I10.589 J-6.256 E.10119
G1 X123.002 Y139.389 E.03366
G1 X124.013 Y140.055 E.03356
G1 X124.735 Y140.435 E.0226
G1 X125.846 Y140.911 E.03347
G1 X126.378 Y141.079 E.01546
SET_VELOCITY_LIMIT ACCEL=6000 ACCEL_TO_DECEL=3000
G1 X119.545 Y135.071 F30000
;TYPE:Sparse infill
;WIDTH:0.45
G1 F3721
G1 X124.316 Y139.842 E.22383
G2 X129.586 Y141.274 I5.506 J-9.852 E.18295
G1 X118.552 Y130.24 E.51762
G3 X118.996 Y126.846 I11.164 J-.264 E.11398
G1 X132.979 Y140.829 E.65597
G2 X135.646 Y139.658 I-3.154 J-10.798 E.09688
G1 X120.168 Y124.18 E.72608
G3 X121.85 Y122.024 I9.34 J5.551 E.09095
G1 X137.802 Y137.976 E.74832
G2 X139.486 Y135.822 I-7.995 J-7.991 E.09091
G1 X124.004 Y120.34 E.72633
G3 X126.672 Y119.171 I5.82 J9.656 E.09693
M73 P94 R1
G1 X140.651 Y133.149 E.65578
G2 X141.1 Y129.76 I-10.385 J-3.099 E.11389
G1 X130.066 Y118.726 E.51764
G3 X135.117 Y120.037 I-.203 J11.164 E.17473
G1 X135.336 Y120.158 E.00831
G1 X140.107 Y124.929 E.2238
; stop printing object 圆柱体 id:0 copy 0
;LAYER_CHANGE
;Z:25.2
;HEIGHT:0.200001
;BEFORE_LAYER_CHANGE
;25.2
G92 E0

G1 E-.56 F2400
;WIPE_START
G1 F13535.936
G1 X138.693 Y123.515 E-.24
;WIPE_END
EXCLUDE_OBJECT_END NAME=圆柱体_id_0_copy_0

;don't support timelapse gcode in spiral_mode and by object sequence for I3 structure printer
;time lapse begin
M5001 G92 E0
M5001 G17
M5001 G2 Z25.6 I0.86 J0.86 P1 F20000 ; spiral lift a little
M5001 G1 X0 Y180 F24000 ; move to safe pos
M5001 P15
M5001 M400 P300
M5001 G92 E0
;time lapse end

;AFTER_LAYER_CHANGE
;25.2
;_SET_FAN_SPEED_CHANGING_LAYER
; printing object 圆柱体 id:0 copy 0
EXCLUDE_OBJECT_START NAME=圆柱体_id_0_copy_0
G17
G3 Z25.6 I-1.006 J-.684 P1  F30000
G1 X126.48 Y141.469 Z25.6
G1 Z25.2
G1 E.8 F2400
SET_VELOCITY_LIMIT SQUARE_CORNER_VELOCITY=8
;TYPE:Inner wall
G1 F13535.936
G1 X126.134 Y141.363 E.012
G3 X129.826 Y118.052 I3.685 J-11.364 E1.121
G1 X130.228 Y118.059 E.01333
G3 X126.537 Y141.486 I-.409 J11.94 E1.34169
SET_VELOCITY_LIMIT SQUARE_CORNER_VELOCITY=12
G1 X126.536 Y141.907 F30000
SET_VELOCITY_LIMIT SQUARE_CORNER_VELOCITY=8
G1 F13535.936
G1 X126.42 Y141.876 E.00396
G3 X129.826 Y117.645 I3.398 J-11.877 E1.17349
G1 X130.242 Y117.652 E.0138
G3 X126.837 Y141.988 I-.423 J12.347 E1.37326
G1 X126.594 Y141.923 E.00835
SET_VELOCITY_LIMIT SQUARE_CORNER_VELOCITY=12
G1 E-.56 F2400
;WIPE_START
G1 F13535.936
G1 X126.42 Y141.876 E-.02154
G1 X126.008 Y141.75 E-.05175
G1 X125.212 Y141.461 E-.10165
G1 X124.716 Y141.241 E-.06507
;WIPE_END
G1 X126.882 Y142.442 Z25.6 F30000
G1 Z25.2
G1 E.8 F2400
SET_VELOCITY_LIMIT ACCEL=5000 ACCEL_TO_DECEL=2500 SQUARE_CORNER_VELOCITY=8
;TYPE:Outer wall
;WIDTH:0.42
G1 F9000
G1 X126.732 Y142.41 E.00471
G3 X129.826 Y117.21 I3.086 J-12.411 E1.139
G1 X130.257 Y117.218 E.01324
G3 X127.605 Y142.595 I-.439 J12.781 E1.28941
G1 X126.941 Y142.454 E.02087
G1 E-.56 F2400
;WIPE_START
G1 F9000
G1 X126.732 Y142.41 E-.0256
G1 X126.301 Y142.295 E-.05358
G1 X125.874 Y142.164 E-.05357
G1 X125.049 Y141.864 E-.10526
G1 X125.034 Y141.857 E-.00199
;WIPE_END
G17
G3 Z25.6 I1.217 J0 P1  F30000

;don't support timelapse gcode in spiral_mode and by object sequence for I3 structure printer
;time lapse begin
M5001 G92 E0
M5001 G17
M5001 G2 Z25.6 I0.86 J0.86 P1 F20000 ; spiral lift a little
M5001 G1 X0 Y180 F24000 ; move to safe pos
M5001 P15
M5001 M400 P300
M5001 G92 E0
;time lapse end

SET_VELOCITY_LIMIT ACCEL=6000 ACCEL_TO_DECEL=3000 SQUARE_CORNER_VELOCITY=12
G1 X135.079 Y140.609
G1 Z25.2
G1 E.8 F2400
SET_VELOCITY_LIMIT ACCEL=2500 ACCEL_TO_DECEL=1250
;TYPE:Internal Bridge
;WIDTH:0.389872
;HEIGHT:0.389872
G1 F3000
G1 X139.958 Y135.73 E.33561
G2 X140.549 Y134.518 I-12.407 J-6.794 E.06565
G1 X134.341 Y140.725 E.42702
G3 X133.359 Y141.085 I-3.441 J-7.867 E.05091
G1 X140.918 Y133.526 E.51997
G2 X141.157 Y132.666 I-8.09 J-2.705 E.04346
G1 X132.498 Y141.325 E.59563
G3 X131.717 Y141.483 I-1.954 J-7.621 E.03876
G1 X141.306 Y131.894 E.65959
G2 X141.407 Y131.171 I-9.487 J-1.698 E.03554
G1 X130.996 Y141.582 E.71616
G3 X130.326 Y141.63 I-1.017 J-9.568 E.03266
G1 X141.454 Y130.502 E.76543
G2 X141.463 Y129.871 I-8.313 J-.438 E.03072
G1 X129.7 Y141.635 E.80919
G3 X129.1 Y141.612 I-.14 J-4.32 E.02922
G1 X141.442 Y129.27 E.849
G2 X141.392 Y128.698 I-9.936 J.581 E.02793
G1 X128.523 Y141.567 E.88524
G3 X127.979 Y141.489 I.461 J-5.11 E.02672
G1 X141.315 Y128.153 E.91734
G2 X141.222 Y127.624 I-5.122 J.631 E.02613
G1 X127.451 Y141.395 E.9473
G3 X126.946 Y141.278 I2.243 J-10.767 E.0252
G1 X141.1 Y127.124 E.97359
G2 X140.966 Y126.636 I-3.56 J.711 E.02465
G1 X126.463 Y141.139 E.99766
G3 X125.99 Y140.99 I1.187 J-4.586 E.02413
G1 X140.814 Y126.166 E1.01969
G2 X140.647 Y125.71 I-4.433 J1.357 E.02361
G1 X125.541 Y140.817 E1.03916
G1 X125.098 Y140.638 E.02324
G1 X140.459 Y125.277 E1.05665
G2 X140.265 Y124.848 I-4.185 J1.634 E.02288
G1 X124.679 Y140.434 E1.07212
G3 X124.265 Y140.226 I1.779 J-4.055 E.02255
G1 X140.051 Y124.441 E1.08585
G1 X139.823 Y124.046 E.02215
G1 X123.871 Y139.998 E1.0973
G1 X123.488 Y139.759 E.02196
G1 X139.588 Y123.66 E1.10743
G2 X139.334 Y123.292 I-3.698 J2.28 E.02176
G1 X123.115 Y139.511 E1.11566
G3 X122.76 Y139.244 I2.368 J-3.519 E.02162
G1 X139.072 Y122.931 E1.12207
G2 X138.798 Y122.583 I-3.405 J2.399 E.02156
G1 X122.41 Y138.971 E1.12724
G3 X122.074 Y138.685 I2.563 J-3.353 E.02147
M73 P95 R1
G1 X138.506 Y122.253 E1.13032
G1 X138.212 Y121.925 E.02142
G1 X121.756 Y138.381 E1.13193
G3 X121.44 Y138.075 I2.032 J-2.409 E.02142
G1 X137.9 Y121.614 E1.13225
G1 X137.573 Y121.32 E.02142
G1 X121.146 Y137.747 E1.13001
G3 X120.854 Y137.417 I3.007 J-2.948 E.02145
G1 X137.243 Y121.028 E1.12733
G2 X136.895 Y120.754 I-2.83 J3.238 E.02156
G1 X120.579 Y137.07 E1.12233
G3 X120.317 Y136.709 I3.313 J-2.673 E.02168
G1 X136.534 Y120.492 E1.1155
G2 X136.166 Y120.238 I-2.624 J3.404 E.02176
G1 X120.067 Y136.338 E1.10744
G3 X119.829 Y135.954 I2.626 J-1.894 E.02199
G1 X135.78 Y120.003 E1.09721
G1 X135.385 Y119.775 E.02215
G1 X119.601 Y135.559 E1.08575
G3 X119.387 Y135.151 I3.784 J-2.249 E.02242
G1 X134.973 Y119.566 E1.07212
G2 X134.554 Y119.362 I-2.162 J3.907 E.02264
G1 X119.193 Y134.723 E1.05666
G3 X119.004 Y134.29 I4.041 J-2.017 E.023
G1 X134.115 Y119.18 E1.03939
G1 X133.658 Y119.014 E.02361
G1 X118.838 Y133.834 E1.01944
G1 X118.686 Y133.364 E.02401
M73 P95 R0
G1 X133.193 Y118.857 E.99789
G2 X132.702 Y118.726 I-1.497 J4.618 E.02473
G1 X118.547 Y132.881 E.97366
G3 X118.435 Y132.371 I4.812 J-1.322 E.02542
G1 X132.202 Y118.604 E.94697
G2 X131.673 Y118.511 I-1.154 J4.998 E.02613
G1 X118.337 Y131.847 E.91739
G1 X118.26 Y131.302 E.02678
G1 X131.128 Y118.434 E.88516
G2 X130.551 Y118.388 I-.611 J4.043 E.02814
G1 X118.21 Y130.73 E.84896
G1 X118.189 Y130.129 E.02925
G1 X129.952 Y118.365 E.80919
G2 X129.325 Y118.37 I-.266 J6.021 E.03051
G1 X118.198 Y129.497 E.76542
G1 X118.245 Y128.829 E.0326
G1 X128.655 Y118.418 E.71611
G2 X127.935 Y118.517 I.595 J7.038 E.03539
G1 X118.346 Y128.105 E.65958
G3 X118.495 Y127.334 I7.435 J1.039 E.03823
G1 X127.154 Y118.675 E.59561
G2 X126.293 Y118.915 I1.28 J6.279 E.04352
G1 X118.741 Y126.467 E.51948
G3 X119.103 Y125.482 I7.286 J2.125 E.05109
G1 X125.31 Y119.275 E.42694
G2 X124.091 Y119.872 I3.699 J9.095 E.0661
G1 X119.22 Y124.743 E.33505
; stop printing object 圆柱体 id:0 copy 0
;LAYER_CHANGE
;Z:25.4
;HEIGHT:0.199999
;BEFORE_LAYER_CHANGE
;25.4
G92 E0

G1 E-.56 F2400
;WIPE_START
G1 F3000
G1 X120.634 Y123.329 E-.24
;WIPE_END
EXCLUDE_OBJECT_END NAME=圆柱体_id_0_copy_0

;don't support timelapse gcode in spiral_mode and by object sequence for I3 structure printer
;time lapse begin
M5001 G92 E0
M5001 G17
M5001 G2 Z25.8 I0.86 J0.86 P1 F20000 ; spiral lift a little
M5001 G1 X0 Y180 F24000 ; move to safe pos
M5001 P15
M5001 M400 P300
M5001 G92 E0
;time lapse end

;AFTER_LAYER_CHANGE
;25.4
;_SET_FAN_SPEED_CHANGING_LAYER
; printing object 圆柱体 id:0 copy 0
SET_VELOCITY_LIMIT ACCEL=6000 ACCEL_TO_DECEL=3000
EXCLUDE_OBJECT_START NAME=圆柱体_id_0_copy_0
G17
G3 Z25.8 I-1.158 J.375 P1  F30000
G1 X126.513 Y141.479 Z25.8
G1 Z25.4
G1 E.8 F2400
SET_VELOCITY_LIMIT SQUARE_CORNER_VELOCITY=8
;TYPE:Inner wall
;WIDTH:0.45
G1 F11066
M106 S255
G1 X126.134 Y141.363 E.01315
G3 X129.826 Y118.052 I3.686 J-11.364 E1.12089
G1 X130.231 Y118.059 E.01345
G3 X126.571 Y141.495 I-.411 J11.94 E1.34054
SET_VELOCITY_LIMIT SQUARE_CORNER_VELOCITY=12
G1 X126.558 Y141.91 F30000
SET_VELOCITY_LIMIT SQUARE_CORNER_VELOCITY=8
G1 F11066
G1 X126.42 Y141.876 E.0047
G3 X129.826 Y117.645 I3.4 J-11.877 E1.17338
M73 P96 R0
G1 X130.245 Y117.652 E.01391
G3 X127.257 Y142.084 I-.425 J12.347 E1.35896
G1 X126.616 Y141.925 E.02193
SET_VELOCITY_LIMIT SQUARE_CORNER_VELOCITY=12
G1 E-.56 F2400
;WIPE_START
G1 F13535.936
G1 X126.42 Y141.876 E-.02419
G1 X126.008 Y141.75 E-.05172
G1 X125.198 Y141.455 E-.10348
G1 X124.801 Y141.287 E-.05175
G1 X124.734 Y141.254 E-.00886
;WIPE_END
G1 X126.889 Y142.441 Z25.8 F30000
G1 Z25.4
G1 E.8 F2400
SET_VELOCITY_LIMIT ACCEL=5000 ACCEL_TO_DECEL=2500 SQUARE_CORNER_VELOCITY=8
;TYPE:Outer wall
;WIDTH:0.42
G1 F9000
G1 X126.301 Y142.294 E.01864
G3 X129.826 Y117.21 I3.519 J-12.295 E1.12518
G1 X130.26 Y117.218 E.01335
G3 X127.167 Y142.51 I-.44 J12.781 E1.30313
G1 X126.947 Y142.456 E.00695
G1 E-.56 F2400
;WIPE_START
G1 F9000
G1 X126.301 Y142.294 E-.07999
G1 X125.874 Y142.164 E-.05357
G1 X125.04 Y141.861 E-.10644
;WIPE_END
G17
G3 Z25.8 I1.217 J0 P1  F30000

;don't support timelapse gcode in spiral_mode and by object sequence for I3 structure printer
;time lapse begin
M5001 G92 E0
M5001 G17
M5001 G2 Z25.8 I0.86 J0.86 P1 F20000 ; spiral lift a little
M5001 G1 X0 Y180 F24000 ; move to safe pos
M5001 P15
M5001 M400 P300
M5001 G92 E0
;time lapse end

SET_VELOCITY_LIMIT ACCEL=6000 ACCEL_TO_DECEL=3000 SQUARE_CORNER_VELOCITY=12
G1 X140.273 Y124.424
G1 Z25.4
G1 E.8 F2400
SET_VELOCITY_LIMIT ACCEL=4800 ACCEL_TO_DECEL=2400
;TYPE:Internal solid infill
;WIDTH:0.419999
G1 F11066
G1 X135.857 Y120.007 E.19191
G2 X134.721 Y119.404 I-8.495 J14.634 E.03954
G1 X140.413 Y125.097 E.24736
G3 X140.797 Y126.014 I-10.912 J5.11 E.03058
G1 X133.811 Y119.028 E.30358
G2 X133.024 Y118.774 I-4.86 J13.714 E.02542
G1 X141.053 Y126.803 E.34888
G3 X141.223 Y127.506 I-6.623 J1.973 E.02224
G1 X132.313 Y118.597 E.38714
G2 X131.66 Y118.477 I-1.878 J8.391 E.02041
G1 X141.353 Y128.17 E.4212
G3 X141.428 Y128.778 I-5.759 J1.016 E.01883
G1 X131.04 Y118.39 E.45139
G1 X130.467 Y118.351 E.01765
G1 X141.48 Y129.364 E.47856
G3 X141.492 Y129.909 I-5.194 J.386 E.01676
G1 X129.917 Y118.334 E.50298
G2 X129.386 Y118.336 I-.249 J5.098 E.01634
G1 X141.49 Y130.44 E.52598
G1 X141.455 Y130.938 E.01535
G1 X128.883 Y118.366 E.5463
G2 X128.403 Y118.419 I.265 J4.609 E.01486
G1 X141.41 Y131.426 E.56522
G3 X141.343 Y131.893 I-6.71 J-.723 E.01448
G1 X127.935 Y118.485 E.58263
G2 X127.483 Y118.566 I.542 J4.36 E.01414
G1 X141.256 Y132.339 E.5985
G1 X141.162 Y132.779 E.01382
G1 X127.052 Y118.668 E.61315
G1 X126.625 Y118.775 E.01352
G1 X141.051 Y133.201 E.62688
G3 X140.921 Y133.604 I-3.845 J-1.019 E.01302
G1 X126.216 Y118.899 E.639
G2 X125.825 Y119.041 I1.176 J3.846 E.01279
G1 X140.79 Y134.006 E.65029
G3 X140.641 Y134.391 I-3.743 J-1.228 E.01267
G1 X125.435 Y119.184 E.66078
G2 X125.062 Y119.344 I1.337 J3.643 E.01249
G1 X140.477 Y134.76 E.66987
G3 X140.312 Y135.128 I-3.597 J-1.386 E.01241
G1 X124.703 Y119.519 E.67829
G1 X124.345 Y119.694 E.01225
G1 X140.132 Y135.481 E.68604
G1 X139.937 Y135.819 E.012
G1 X124.007 Y119.889 E.69225
G1 X123.669 Y120.084 E.012
G1 X139.742 Y136.157 E.69846
G3 X139.529 Y136.478 I-2.394 J-1.363 E.01183
G1 X123.344 Y120.293 E.7033
G2 X123.033 Y120.515 I1.967 J3.077 E.01175
G1 X139.314 Y136.796 E.70747
G3 X139.088 Y137.103 I-3.045 J-2.005 E.01172
G1 X122.724 Y120.74 E.71107
G2 X122.426 Y120.974 I2.089 J2.967 E.01168
G1 X138.848 Y137.397 E.71364
G1 X138.605 Y137.687 E.01163
G1 X122.14 Y121.222 E.71547
G1 X121.86 Y121.475 E.0116
G1 X138.354 Y137.969 E.71675
G3 X138.089 Y138.238 I-2.699 J-2.387 E.01159
G1 X121.586 Y121.734 E.71716
G2 X121.325 Y122.007 I2.47 J2.625 E.01159
G1 X137.818 Y138.5 E.7167
G3 X137.541 Y138.756 I-1.974 J-1.863 E.01161
G1 X121.072 Y122.287 E.71563
G2 X120.823 Y122.572 I2.54 J2.477 E.01162
G1 X137.251 Y138.999 E.71385
G3 X136.958 Y139.24 I-2.471 J-2.709 E.01165
G1 X120.587 Y122.869 E.7114
G1 X120.363 Y123.178 E.01173
G1 X136.653 Y139.468 E.70789
G3 X136.339 Y139.687 I-2.255 J-2.903 E.01178
G1 X120.139 Y123.487 E.70394
G1 X119.934 Y123.816 E.01189
G1 X136.01 Y139.892 E.69859
G1 X135.682 Y140.097 E.01189
G1 X119.729 Y124.144 E.69325
G2 X119.543 Y124.491 I2.388 J1.506 E.01211
G1 X135.335 Y140.283 E.68625
G1 X134.987 Y140.468 E.01211
G1 X119.358 Y124.839 E.67917
G2 X119.186 Y125.201 I3.364 J1.818 E.01231
G1 X134.621 Y140.635 E.67071
G1 X134.252 Y140.8 E.01241
G1 X119.03 Y125.578 E.66144
G1 X118.877 Y125.958 E.01259
G1 X133.869 Y140.95 E.65147
G3 X133.468 Y141.083 I-1.469 J-3.754 E.01297
G1 X118.738 Y126.352 E.64011
G2 X118.617 Y126.765 I3.878 J1.357 E.01322
G1 X133.066 Y141.214 E.62786
G3 X132.646 Y141.327 I-7.745 J-27.797 E.01336
G1 X118.499 Y127.18 E.61478
G2 X118.4 Y127.615 I4.157 J1.167 E.01371
G1 X132.207 Y141.421 E.59994
G3 X131.762 Y141.51 I-1.084 J-4.247 E.01392
G1 X118.321 Y128.068 E.58412
G2 X118.248 Y128.528 I4.301 J.917 E.01433
G1 X131.295 Y141.576 E.56698
G1 X130.813 Y141.627 E.01491
G1 X118.2 Y129.014 E.54807
G1 X118.166 Y129.513 E.01536
G1 X130.315 Y141.662 E.52793
G3 X129.785 Y141.666 I-.304 J-4.957 E.01626
G1 X118.16 Y130.04 E.50519
G2 X118.172 Y130.586 I3.909 J.183 E.01679
G1 X129.24 Y141.654 E.48092
G1 X128.666 Y141.613 E.01766
G1 X118.213 Y131.16 E.45427
G2 X118.289 Y131.77 I11.29 J-1.11 E.01889
G1 X128.056 Y141.537 E.42442
G3 X127.397 Y141.41 I.88 J-6.385 E.02064
G1 X118.416 Y132.429 E.39027
G2 X118.581 Y133.128 I6.746 J-1.226 E.02206
G1 X126.69 Y141.236 E.35236
G3 X125.909 Y140.989 I1.361 J-5.648 E.02519
G1 X118.83 Y133.91 E.3076
G2 X119.198 Y134.812 I8.684 J-3.02 E.02993
G1 X125.027 Y140.64 E.25328
G3 X123.922 Y140.069 I8.306 J-17.418 E.0382
G1 X119.324 Y135.47 E.19984
SET_VELOCITY_LIMIT ACCEL=6000 ACCEL_TO_DECEL=3000
G1 X123.265 Y139.707 F30000
;TYPE:Gap infill
;WIDTH:0.106172
G1 F11066
G1 X123.111 Y139.58 E.00103
;WIDTH:0.142174
G1 X122.957 Y139.454 E.00161
;WIDTH:0.185149
G1 X122.651 Y139.183 E.00474
;WIDTH:0.235094
G1 X122.345 Y138.912 E.00641
;WIDTH:0.285256
G3 X120.911 Y137.477 I19.057 J-20.486 E.04006
;WIDTH:0.238564
G1 X120.642 Y137.179 E.00641
;WIDTH:0.195781
G1 X120.459 Y136.964 E.00352
;WIDTH:0.152273
G1 X120.276 Y136.749 E.00251
;WIDTH:0.130519
G1 X120.092 Y136.534 E.00201
G1 X125.538 Y140.914 F30000
;WIDTH:0.147129
G1 F11066
G1 X125.377 Y140.805 E.00164
;WIDTH:0.165316
G1 X125.217 Y140.697 E.00193
G1 X140.255 Y124.645 F30000
;WIDTH:0.0881681
G1 F11066
G1 X140.169 Y124.527 E.00054
G1 X134.531 Y119.346 F30000
;WIDTH:0.202994
G1 F11066
G1 X134.206 Y119.13 E.0051
G1 X136.65 Y120.609 F30000
SET_VELOCITY_LIMIT ACCEL=4800 ACCEL_TO_DECEL=2400
;TYPE:Internal solid infill
;WIDTH:0.397733
G1 F11066
G1 X137.256 Y121.145 E.02339
;WIDTH:0.433586
G3 X138.681 Y122.57 I-15.63 J17.055 E.06416
;WIDTH:0.412522
G1 X139.442 Y123.445 E.03492
; stop printing object 圆柱体 id:0 copy 0
;LAYER_CHANGE
;Z:25.6
;HEIGHT:0.200001
;BEFORE_LAYER_CHANGE
;25.6
G92 E0

G1 E-.61334 F2400
;WIPE_START
G1 F14908.48
G1 X138.681 Y122.57 E-.18666
;WIPE_END
EXCLUDE_OBJECT_END NAME=圆柱体_id_0_copy_0

;don't support timelapse gcode in spiral_mode and by object sequence for I3 structure printer
;time lapse begin
M5001 G92 E0
M5001 G17
M5001 G2 Z26 I0.86 J0.86 P1 F20000 ; spiral lift a little
M5001 G1 X0 Y180 F24000 ; move to safe pos
M5001 P15
M5001 M400 P300
M5001 G92 E0
;time lapse end

;AFTER_LAYER_CHANGE
;25.6
;_SET_FAN_SPEED_CHANGING_LAYER
; printing object 圆柱体 id:0 copy 0
SET_VELOCITY_LIMIT ACCEL=6000 ACCEL_TO_DECEL=3000
EXCLUDE_OBJECT_START NAME=圆柱体_id_0_copy_0
G17
G3 Z26 I-1.023 J-.66 P1  F30000
G1 X126.494 Y141.466 Z26
G1 Z25.6
G1 E.8 F2400
SET_VELOCITY_LIMIT SQUARE_CORNER_VELOCITY=8
;TYPE:Inner wall
;WIDTH:0.45
G1 F10997
G1 X126.134 Y141.362 E.01243
G3 X129.826 Y118.052 I3.688 J-11.363 E1.12078
G1 X130.235 Y118.059 E.01356
G3 X126.944 Y141.594 I-.413 J11.94 E1.32773
G1 X126.552 Y141.483 E.01352
SET_VELOCITY_LIMIT SQUARE_CORNER_VELOCITY=12
G1 X126.55 Y141.905 F30000
SET_VELOCITY_LIMIT SQUARE_CORNER_VELOCITY=8
G1 F10997
G1 X126.008 Y141.75 E.0187
G3 X129.826 Y117.645 I3.813 J-11.751 E1.15897
G1 X130.249 Y117.652 E.01402
G3 X126.846 Y141.989 I-.427 J12.347 E1.37298
G1 X126.608 Y141.922 E.0082
SET_VELOCITY_LIMIT SQUARE_CORNER_VELOCITY=12
G1 E-.56 F2400
;WIPE_START
G1 F13535.936
G1 X126.008 Y141.75 E-.07483
G1 X125.198 Y141.455 E-.10348
G1 X124.801 Y141.287 E-.05175
M73 P97 R0
G1 X124.726 Y141.252 E-.00993
;WIPE_END
G1 X126.895 Y142.443 Z26 F30000
G1 Z25.6
G1 E.8 F2400
SET_VELOCITY_LIMIT ACCEL=5000 ACCEL_TO_DECEL=2500 SQUARE_CORNER_VELOCITY=8
;TYPE:Outer wall
;WIDTH:0.42
G1 F9000
G1 X126.301 Y142.294 E.01883
G3 X129.826 Y117.21 I3.521 J-12.295 E1.12507
G1 X130.264 Y117.218 E.01345
G3 X127.167 Y142.509 I-.442 J12.781 E1.30313
G1 X126.954 Y142.457 E.00675
G1 E-.56 F2400
;WIPE_START
G1 F9000
G1 X126.301 Y142.294 E-.08075
G1 X125.874 Y142.164 E-.05356
G1 X125.452 Y142.019 E-.05357
G1 X125.049 Y141.856 E-.05211
;WIPE_END
G17
G3 Z26 I1.217 J0 P1  F30000

;don't support timelapse gcode in spiral_mode and by object sequence for I3 structure printer
;time lapse begin
M5001 G92 E0
M5001 G17
M5001 G2 Z26 I0.86 J0.86 P1 F20000 ; spiral lift a little
M5001 G1 X0 Y180 F24000 ; move to safe pos
M5001 P15
M5001 M400 P300
M5001 G92 E0
;time lapse end

SET_VELOCITY_LIMIT ACCEL=6000 ACCEL_TO_DECEL=3000 SQUARE_CORNER_VELOCITY=12
G1 X135.419 Y140.431
G1 Z25.6
G1 E.8 F2400
SET_VELOCITY_LIMIT ACCEL=4800 ACCEL_TO_DECEL=2400
;TYPE:Internal solid infill
;WIDTH:0.419999
G1 F10997
G1 X139.81 Y136.04 E.19082
G2 X140.422 Y134.894 I-9.382 J-5.75 E.03992
G1 X134.729 Y140.587 E.24737
G3 X133.811 Y140.971 I-5.202 J-11.133 E.03058
G1 X140.798 Y133.985 E.30359
G2 X141.043 Y133.207 I-7.3 J-2.724 E.02507
G1 X133.023 Y141.227 E.34848
G3 X132.32 Y141.397 I-1.974 J-6.625 E.02224
G1 X141.223 Y132.494 E.38687
G2 X141.353 Y131.83 I-6.268 J-1.578 E.0208
G1 X131.656 Y141.527 E.42139
G3 X131.048 Y141.602 I-1.02 J-5.784 E.01883
G1 X141.436 Y131.214 E.4514
G1 X141.476 Y130.641 E.01766
G1 X130.463 Y141.654 E.47857
G3 X129.917 Y141.666 I-.386 J-5.131 E.01677
G1 X141.498 Y130.086 E.50323
G2 X141.484 Y129.566 I-4.964 J-.128 E.01598
G1 X129.386 Y141.664 E.52573
G3 X128.885 Y141.631 I.065 J-4.789 E.01541
G1 X141.459 Y129.057 E.54641
G2 X141.407 Y128.577 I-4.653 J.267 E.01486
G1 X128.403 Y141.581 E.56508
G3 X127.933 Y141.517 I.371 J-4.513 E.01457
G1 X141.341 Y128.109 E.58264
G2 X141.26 Y127.657 I-4.374 J.545 E.01414
G1 X127.487 Y141.43 E.59851
G1 X127.047 Y141.336 E.01382
G1 X141.158 Y127.226 E.61315
G1 X141.051 Y126.799 E.01352
G1 X126.631 Y141.22 E.62664
G1 X126.216 Y141.101 E.01325
G1 X140.927 Y126.39 E.63925
G1 X140.785 Y125.999 E.01278
G1 X125.825 Y140.959 E.65005
G3 X125.435 Y140.816 I1.17 J-3.796 E.01278
G1 X140.641 Y125.609 E.66078
G1 X140.477 Y125.24 E.01241
G1 X125.061 Y140.656 E.66989
G3 X124.698 Y140.486 I1.447 J-3.56 E.01233
G1 X140.312 Y124.872 E.67851
G1 X140.132 Y124.519 E.01218
G1 X124.35 Y140.301 E.68582
G1 X124.002 Y140.116 E.01212
G1 X139.937 Y124.181 E.69246
G1 X139.742 Y123.843 E.012
G1 X123.673 Y139.911 E.69826
G1 X123.345 Y139.706 E.01189
G1 X139.533 Y123.518 E.70346
G2 X139.311 Y123.207 I-3.076 J1.967 E.01175
G1 X123.033 Y139.485 E.70734
G1 X122.724 Y139.26 E.01173
G1 X139.086 Y122.898 E.71101
G2 X138.851 Y122.6 I-2.93 J2.062 E.01167
G1 X122.426 Y139.026 E.71378
G3 X122.14 Y138.778 I2.192 J-2.814 E.01162
G1 X138.604 Y122.314 E.71543
G1 X138.351 Y122.033 E.0116
G1 X121.859 Y138.525 E.71664
G3 X121.586 Y138.266 I2.339 J-2.742 E.0116
G1 X138.092 Y121.76 E.71726
G2 X137.819 Y121.499 I-2.624 J2.469 E.01159
G1 X121.325 Y137.993 E.71676
G1 X121.072 Y137.713 E.0116
G1 X137.539 Y121.246 E.71554
G2 X137.254 Y120.997 I-2.489 J2.553 E.01162
G1 X120.823 Y137.428 E.71402
G3 X120.586 Y137.132 I4.125 J-3.54 E.01166
G1 X136.957 Y120.761 E.7114
G1 X136.648 Y120.537 E.01173
G1 X120.359 Y136.826 E.70787
G1 X120.144 Y136.508 E.0118
G1 X136.339 Y120.313 E.70374
G1 X136.01 Y120.108 E.01189
G1 X119.929 Y136.189 E.6988
G3 X119.729 Y135.857 I3.08 J-2.081 E.01194
G1 X135.682 Y119.903 E.69324
G2 X135.335 Y119.717 I-1.514 J2.396 E.01211
G1 X119.543 Y135.509 E.68626
G1 X119.358 Y135.161 E.01212
G1 X134.987 Y119.532 E.67918
G2 X134.625 Y119.36 I-1.824 J3.377 E.01231
G1 X119.191 Y134.795 E.67071
G1 X119.026 Y134.426 E.01241
G1 X134.253 Y119.2 E.66165
G2 X133.864 Y119.055 I-1.574 J3.637 E.01275
G1 X118.881 Y134.038 E.65108
G1 X118.739 Y133.647 E.01278
G1 X133.473 Y118.913 E.64027
G2 X133.066 Y118.786 I-1.395 J3.767 E.0131
G1 X118.612 Y133.24 E.62811
G3 X118.505 Y132.814 I4.009 J-1.237 E.0135
G1 X132.641 Y118.678 E.61428
G2 X132.212 Y118.574 I-1.203 J3.998 E.01356
G1 X118.4 Y132.386 E.6002
G3 X118.316 Y131.937 I6.391 J-1.428 E.01405
G1 X131.761 Y118.491 E.58427
G1 X131.294 Y118.426 E.01451
G1 X118.25 Y131.469 E.5668
G1 X118.199 Y130.987 E.01491
G1 X130.811 Y118.375 E.54805
G1 X130.313 Y118.34 E.01536
G1 X118.164 Y130.489 E.52792
G3 X118.16 Y129.959 I5.046 J-.304 E.01627
G1 X129.785 Y118.334 E.50518
G2 X129.243 Y118.343 I-.184 J5.197 E.01668
G1 X118.172 Y129.414 E.48107
G1 X118.213 Y128.84 E.01766
G1 X128.668 Y118.385 E.45432
G2 X128.051 Y118.469 I.489 J5.926 E.01913
G1 X118.289 Y128.23 E.42418
G3 X118.416 Y127.571 I6.357 J.876 E.02065
G1 X127.406 Y118.58 E.39066
G2 X126.696 Y118.757 I1.328 J6.849 E.02249
G1 X118.589 Y126.864 E.35228
G3 X118.828 Y126.092 I7.554 J1.913 E.02484
G1 X125.909 Y119.011 E.30771
G2 X125.024 Y119.362 I3.103 J9.101 E.02926
G1 X119.186 Y125.201 E.25369
G3 X119.763 Y124.09 I15.154 J7.17 E.03845
G1 X124.352 Y119.502 E.1994
SET_VELOCITY_LIMIT ACCEL=6000 ACCEL_TO_DECEL=3000
G1 X123.291 Y120.267 F30000
;TYPE:Gap infill
;WIDTH:0.0882548
G1 F10997
G1 X123.273 Y120.281 E.00009
;WIDTH:0.109854
G1 X123.065 Y120.459 E.0015
;WIDTH:0.152879
G1 X122.856 Y120.637 E.00246
;WIDTH:0.195905
G1 X122.648 Y120.816 E.00342
;WIDTH:0.238765
G1 X122.343 Y121.09 E.00655
;WIDTH:0.285273
G2 X120.911 Y122.522 I16.341 J17.768 E.04
;WIDTH:0.237945
G1 X120.636 Y122.828 E.00652
;WIDTH:0.195048
G1 X120.46 Y123.034 E.00336
;WIDTH:0.152495
G1 X120.285 Y123.24 E.00242
;WIDTH:0.127648
G2 X120.093 Y123.465 I3.103 J2.828 E.00204
G1 X135.315 Y140.327 F30000
;WIDTH:0.115463
G1 F10997
G1 X135.193 Y140.417 E.0009
G1 X141.215 Y132.79 F30000
;WIDTH:0.0881698
G1 F10997
G1 X141.092 Y133.018 E.00095
G1 X136.648 Y139.393 F30000
SET_VELOCITY_LIMIT ACCEL=4800 ACCEL_TO_DECEL=2400
;TYPE:Internal solid infill
;WIDTH:0.39733
G1 F10997
G1 X137.099 Y138.987 E.01752
;WIDTH:0.435805
G2 X138.404 Y137.726 I-11.373 J-13.086 E.05812
;WIDTH:0.426288
G1 X138.791 Y137.298 E.01803
;WIDTH:0.411832
G1 X139.177 Y136.869 E.01735
; stop printing object 圆柱体 id:0 copy 0
;LAYER_CHANGE
;Z:25.8
;HEIGHT:0.199999
;BEFORE_LAYER_CHANGE
;25.8
G92 E0

G1 E-.70727 F2400
;WIPE_START
G1 F14936.363
G1 X138.791 Y137.298 E-.09273
;WIPE_END
EXCLUDE_OBJECT_END NAME=圆柱体_id_0_copy_0

;don't support timelapse gcode in spiral_mode and by object sequence for I3 structure printer
;time lapse begin
M5001 G92 E0
M5001 G17
M5001 G2 Z26.2 I0.86 J0.86 P1 F20000 ; spiral lift a little
M5001 G1 X0 Y180 F24000 ; move to safe pos
M5001 P15
M5001 M400 P300
M5001 G92 E0
;time lapse end

;AFTER_LAYER_CHANGE
;25.8
;_SET_FAN_SPEED_CHANGING_LAYER
; printing object 圆柱体 id:0 copy 0
SET_VELOCITY_LIMIT ACCEL=6000 ACCEL_TO_DECEL=3000
EXCLUDE_OBJECT_START NAME=圆柱体_id_0_copy_0
G17
G3 Z26.2 I-.392 J-1.152 P1  F30000
G1 X126.516 Y141.472 Z26.2
G1 Z25.8
G1 E.8 F2400
SET_VELOCITY_LIMIT SQUARE_CORNER_VELOCITY=8
;TYPE:Inner wall
;WIDTH:0.45
G1 F11055
G1 X126.134 Y141.362 E.01318
G3 X129.826 Y118.052 I3.689 J-11.363 E1.12067
G1 X130.238 Y118.059 E.01367
G3 X126.936 Y141.592 I-.414 J11.94 E1.328
G1 X126.573 Y141.489 E.0125
SET_VELOCITY_LIMIT SQUARE_CORNER_VELOCITY=12
G1 X126.563 Y141.909 F30000
SET_VELOCITY_LIMIT SQUARE_CORNER_VELOCITY=8
G1 F11055
G1 X126.008 Y141.749 E.01915
G3 X129.826 Y117.645 I3.815 J-11.75 E1.15886
G1 X130.252 Y117.653 E.01414
G3 X126.837 Y141.987 I-.429 J12.347 E1.37326
G1 X126.621 Y141.926 E.00746
SET_VELOCITY_LIMIT SQUARE_CORNER_VELOCITY=12
G1 E-.56 F2400
;WIPE_START
G1 F13535.936
G1 X126.008 Y141.749 E-.07648
G1 X125.198 Y141.455 E-.10349
G1 X124.801 Y141.287 E-.05174
G1 X124.739 Y141.256 E-.00829
;WIPE_END
G1 X126.9 Y142.449 Z26.2 F30000
G1 Z25.8
G1 E.8 F2400
SET_VELOCITY_LIMIT ACCEL=5000 ACCEL_TO_DECEL=2500 SQUARE_CORNER_VELOCITY=8
;TYPE:Outer wall
;WIDTH:0.42
G1 F9000
G1 X126.732 Y142.409 E.0053
G3 X129.826 Y117.21 I3.091 J-12.41 E1.13869
G1 X130.267 Y117.218 E.01356
G3 X127.167 Y142.509 I-.444 J12.781 E1.30313
M73 P98 R0
G1 X126.959 Y142.462 E.00657
G1 E-.56 F2400
;WIPE_START
G1 F9000
G1 X126.732 Y142.409 E-.02791
G1 X125.874 Y142.164 E-.10713
G1 X125.052 Y141.865 E-.10496
;WIPE_END
G17
G3 Z26.2 I1.217 J0 P1  F30000

;don't support timelapse gcode in spiral_mode and by object sequence for I3 structure printer
;time lapse begin
M5001 G92 E0
M5001 G17
M5001 G2 Z26.2 I0.86 J0.86 P1 F20000 ; spiral lift a little
M5001 G1 X0 Y180 F24000 ; move to safe pos
M5001 P15
M5001 M400 P300
M5001 G92 E0
;time lapse end

SET_VELOCITY_LIMIT ACCEL=6000 ACCEL_TO_DECEL=3000 SQUARE_CORNER_VELOCITY=12
G1 X140.257 Y124.408
G1 Z25.8
G1 E.8 F2400
SET_VELOCITY_LIMIT ACCEL=4800 ACCEL_TO_DECEL=2400
;TYPE:Internal solid infill
;WIDTH:0.419999
G1 F11055
G1 X135.87 Y120.02 E.19067
G2 X134.727 Y119.411 I-4.996 J7.992 E.03983
G1 X140.413 Y125.097 E.24709
G3 X140.797 Y126.014 I-10.909 J5.109 E.03058
G1 X133.823 Y119.04 E.30307
G2 X133.024 Y118.774 I-3.754 J9.944 E.02589
G1 X141.052 Y126.802 E.34886
G1 X141.229 Y127.513 E.0225
G1 X132.313 Y118.597 E.38742
G2 X131.66 Y118.477 I-1.879 J8.398 E.02041
G1 X141.349 Y128.166 E.42102
G3 X141.436 Y128.786 I-5.901 J1.142 E.01925
G1 X131.04 Y118.39 E.45173
G1 X130.467 Y118.351 E.01765
G1 X141.48 Y129.364 E.47857
G3 X141.492 Y129.909 I-5.194 J.386 E.01676
G1 X129.917 Y118.334 E.50298
G2 X129.386 Y118.336 I-.25 J5.083 E.01634
G1 X141.49 Y130.44 E.52598
G1 X141.455 Y130.938 E.01535
G1 X128.883 Y118.366 E.5463
G2 X128.403 Y118.419 I.265 J4.609 E.01486
G1 X141.41 Y131.426 E.56522
G3 X141.343 Y131.893 I-6.637 J-.711 E.01448
G1 X127.935 Y118.485 E.58264
G2 X127.487 Y118.57 I.387 J3.245 E.01402
G1 X141.256 Y132.339 E.59829
G1 X141.162 Y132.778 E.01382
G1 X127.048 Y118.664 E.61334
G2 X126.625 Y118.775 I.844 J4.088 E.01343
G1 X141.046 Y133.195 E.62665
G1 X140.927 Y133.61 E.01325
G1 X126.222 Y118.905 E.63901
G2 X125.82 Y119.036 I1.052 J3.901 E.013
G1 X140.79 Y134.006 E.65051
G1 X140.636 Y134.386 E.01259
G1 X125.435 Y119.184 E.66057
G2 X125.061 Y119.344 I1.337 J3.642 E.01249
G1 X140.482 Y134.764 E.67009
G1 X140.307 Y135.123 E.01225
G1 X124.703 Y119.519 E.67807
G1 X124.345 Y119.694 E.01225
G1 X140.132 Y135.481 E.68605
G1 X139.942 Y135.825 E.01205
G1 X124.001 Y119.884 E.69269
G2 X123.673 Y120.089 I1.787 J3.236 E.0119
G1 X139.737 Y136.153 E.69808
G1 X139.532 Y136.481 E.01189
G1 X123.345 Y120.294 E.70343
G2 X123.033 Y120.515 I1.429 J2.338 E.01176
G1 X139.315 Y136.797 E.70752
G3 X139.084 Y137.099 I-2.998 J-2.053 E.01169
G1 X122.724 Y120.74 E.7109
G2 X122.426 Y120.974 I2.072 J2.944 E.01167
G1 X138.85 Y137.399 E.71371
G3 X138.607 Y137.689 I-2.892 J-2.174 E.01164
G1 X122.14 Y121.222 E.71556
G1 X121.859 Y121.475 E.0116
G1 X138.351 Y137.966 E.71663
G1 X138.089 Y138.237 E.01159
G1 X121.588 Y121.737 E.71704
G1 X121.326 Y122.008 E.01159
G1 X137.819 Y138.501 E.7167
G1 X137.539 Y138.754 E.0116
G1 X121.069 Y122.284 E.7157
G2 X120.823 Y122.571 I3.997 J3.661 E.01162
G1 X137.254 Y139.003 E.71402
G3 X136.958 Y139.24 I-3.541 J-4.126 E.01166
G1 X120.587 Y122.869 E.7114
G1 X120.363 Y123.178 E.01173
G1 X136.652 Y139.467 E.70786
G1 X136.334 Y139.682 E.0118
G1 X120.139 Y123.487 E.70375
G1 X119.929 Y123.81 E.01185
G1 X136.015 Y139.897 E.69904
G3 X135.683 Y140.097 I-2.081 J-3.08 E.01194
G1 X119.734 Y124.148 E.69306
G1 X119.538 Y124.486 E.012
G1 X135.335 Y140.283 E.68645
G1 X134.987 Y140.468 E.01212
G1 X119.362 Y124.843 E.679
G1 X119.187 Y125.201 E.01225
G1 X134.621 Y140.635 E.67068
G1 X134.252 Y140.8 E.01241
G1 X119.026 Y125.573 E.66165
G2 X118.881 Y125.962 I3.637 J1.574 E.01275
G1 X133.864 Y140.945 E.65108
G1 X133.473 Y141.087 E.01278
G1 X118.739 Y126.353 E.64028
G2 X118.612 Y126.76 I3.816 J1.413 E.01309
G1 X133.066 Y141.214 E.62812
G3 X132.64 Y141.321 I-1.237 J-4.011 E.0135
G1 X118.505 Y127.185 E.61427
G2 X118.401 Y127.615 I3.017 J.958 E.01358
G1 X132.212 Y141.426 E.60017
G3 X131.761 Y141.509 I-1.013 J-4.259 E.01409
G1 X118.321 Y128.068 E.58406
G2 X118.248 Y128.528 I4.321 J.921 E.01433
G1 X131.294 Y141.574 E.56691
G3 X130.815 Y141.63 I-.765 J-4.535 E.0148
G1 X118.2 Y129.014 E.54819
G1 X118.166 Y129.513 E.01535
G1 X130.315 Y141.662 E.52794
G3 X129.785 Y141.666 I-.304 J-5.046 E.01627
G1 X118.16 Y130.041 E.50518
G2 X118.169 Y130.583 I5.179 J.185 E.01667
G1 X129.24 Y141.654 E.48107
G1 X128.666 Y141.614 E.01766
G1 X118.218 Y131.165 E.45403
G2 X118.289 Y131.77 I5.803 J-.377 E.01871
G1 X128.053 Y141.533 E.42428
G1 X127.406 Y141.419 E.0202
G1 X118.416 Y132.429 E.39065
G2 X118.581 Y133.128 I6.745 J-1.226 E.02206
G1 X126.69 Y141.237 E.35238
G3 X125.909 Y140.989 I1.382 J-5.709 E.02521
G1 X118.83 Y133.91 E.3076
G2 X119.198 Y134.812 I8.686 J-3.021 E.02993
G1 X125.024 Y140.638 E.25317
G3 X123.922 Y140.069 I5.016 J-11.073 E.03811
G1 X119.337 Y135.484 E.19926
SET_VELOCITY_LIMIT ACCEL=6000 ACCEL_TO_DECEL=3000
G1 X119.441 Y135.38 F30000
;TYPE:Gap infill
;WIDTH:0.115425
G1 F11055
G1 X119.351 Y135.258 E.00089
G1 X123.265 Y139.707 F30000
;WIDTH:0.106167
G1 F11055
G1 X123.111 Y139.58 E.00103
;WIDTH:0.142159
G1 X122.957 Y139.454 E.00161
;WIDTH:0.185134
G1 X122.651 Y139.183 E.00474
;WIDTH:0.235088
G1 X122.345 Y138.911 E.00641
;WIDTH:0.285246
G3 X120.911 Y137.477 I19.05 J-20.479 E.04006
;WIDTH:0.238549
G1 X120.642 Y137.179 E.0064
;WIDTH:0.195768
G1 X120.459 Y136.964 E.00351
;WIDTH:0.152264
G1 X120.276 Y136.749 E.00251
;WIDTH:0.130512
G1 X120.092 Y136.535 E.00201
G1 X125.537 Y140.914 F30000
;WIDTH:0.147388
G1 F11055
G1 X125.376 Y140.805 E.00166
;WIDTH:0.165788
G1 X125.214 Y140.696 E.00195
G1 X140.244 Y124.634 F30000
;WIDTH:0.0961365
G1 F11055
G1 X140.154 Y124.512 E.00066
G1 X134.538 Y119.35 F30000
;WIDTH:0.188131
G1 F11055
G1 X134.432 Y119.278 E.00152
;WIDTH:0.149463
G1 X134.325 Y119.206 E.00112
;WIDTH:0.122777
G2 X134.193 Y119.118 I-1.747 J2.475 E.00103
G1 X136.339 Y120.348 F30000
SET_VELOCITY_LIMIT ACCEL=4800 ACCEL_TO_DECEL=2400
;TYPE:Internal solid infill
;WIDTH:0.397776
G1 F11055
G1 X137.257 Y121.146 E.03518
;WIDTH:0.43368
G3 X138.679 Y122.568 I-15.609 J17.032 E.06402
;WIDTH:0.412798
G1 X139.177 Y123.13 E.02265
; stop printing object 圆柱体 id:0 copy 0
;LAYER_CHANGE
;Z:26
;HEIGHT:0.200001
;BEFORE_LAYER_CHANGE
;26
G92 E0

G1 E-.67893 F2400
;WIPE_START
G1 F14897.357
G1 X138.679 Y122.568 E-.12107
;WIPE_END
EXCLUDE_OBJECT_END NAME=圆柱体_id_0_copy_0

;don't support timelapse gcode in spiral_mode and by object sequence for I3 structure printer
;time lapse begin
M5001 G92 E0
M5001 G17
M5001 G2 Z26.4 I0.86 J0.86 P1 F20000 ; spiral lift a little
M5001 G1 X0 Y180 F24000 ; move to safe pos
M5001 P15
M5001 M400 P300
M5001 G92 E0
;time lapse end

;AFTER_LAYER_CHANGE
;26
;_SET_FAN_SPEED_CHANGING_LAYER
; printing object 圆柱体 id:0 copy 0
SET_VELOCITY_LIMIT ACCEL=6000 ACCEL_TO_DECEL=3000
EXCLUDE_OBJECT_START NAME=圆柱体_id_0_copy_0
G17
G3 Z26.4 I-1.047 J-.62 P1  F30000
G1 X126.906 Y142.45 Z26.4
G1 Z26
G1 E.8 F2400
SET_VELOCITY_LIMIT ACCEL=5000 ACCEL_TO_DECEL=2500 SQUARE_CORNER_VELOCITY=8
;TYPE:Outer wall
;WIDTH:0.42
G1 F9000
G1 X126.732 Y142.408 E.00548
G3 X129.826 Y117.21 I3.093 J-12.409 E1.13859
G1 X130.271 Y117.218 E.01367
G3 X127.169 Y142.509 I-.446 J12.781 E1.30308
G1 X126.964 Y142.463 E.00645
G1 E-.56 F2400
;WIPE_START
G1 F9000
G1 X126.732 Y142.408 E-.0286
G1 X125.874 Y142.164 E-.10712
G1 X125.057 Y141.867 E-.10428
;WIPE_END
G17
G3 Z26.4 I1.217 J0 P1  F30000

;don't support timelapse gcode in spiral_mode and by object sequence for I3 structure printer
;time lapse begin
M5001 G92 E0
M5001 G17
M5001 G2 Z26.4 I0.86 J0.86 P1 F20000 ; spiral lift a little
M5001 G1 X0 Y180 F24000 ; move to safe pos
M5001 P15
M5001 M400 P300
M5001 G92 E0
;time lapse end

SET_VELOCITY_LIMIT ACCEL=6000 ACCEL_TO_DECEL=3000 SQUARE_CORNER_VELOCITY=12
G1 X140.13 Y137.38
G1 Z26
G1 E.8 F2400
SET_VELOCITY_LIMIT ACCEL=3000 ACCEL_TO_DECEL=1500 SQUARE_CORNER_VELOCITY=8
;TYPE:Top surface
;WIDTH:0.421836
G1 F11604
G3 X138.196 Y139.293 I-55.901 J-54.558 E.08401
G3 X136.237 Y140.737 I-8.266 J-9.166 E.07527
G1 X140.563 Y136.411 E.18892
G2 X141.157 Y135.281 I-9.894 J-5.924 E.03944
G1 X135.107 Y141.331 E.26421
G3 X134.177 Y141.725 I-4.218 J-8.67 E.03117
G1 X141.54 Y134.362 E.32149
G2 X141.809 Y133.557 I-5.614 J-2.325 E.02623
G1 X133.377 Y141.989 E.36818
G3 X132.653 Y142.177 I-1.71 J-5.085 E.02313
G1 X142.004 Y132.826 E.40831
G2 X142.147 Y132.147 I-6.407 J-1.705 E.02143
G1 X131.974 Y142.32 E.44421
G1 X131.351 Y142.408 E.01944
G1 X142.238 Y131.52 E.47543
G2 X142.291 Y130.932 I-5.595 J-.794 E.01824
G1 X130.751 Y142.472 E.50392
G3 X130.187 Y142.499 I-.954 J-13.852 E.01741
G1 X142.327 Y130.36 E.53008
G2 X142.327 Y129.824 I-5.122 J-.268 E.01655
M73 P99 R0
G1 X129.652 Y142.499 E.55349
G3 X129.129 Y142.486 I-.132 J-4.994 E.01614
G1 X142.309 Y129.306 E.5755
G2 X142.269 Y128.81 I-3.57 J.035 E.01538
G1 X128.636 Y142.443 E.59531
G1 X128.151 Y142.392 E.01505
G1 X142.218 Y128.325 E.61426
G2 X142.148 Y127.859 I-4.479 J.436 E.01455
G1 X127.692 Y142.316 E.63126
G1 X127.236 Y142.236 E.01428
G1 X142.062 Y127.41 E.64739
G2 X141.955 Y126.981 I-4.148 J.802 E.01366
G1 X126.8 Y142.135 E.66176
G1 X126.384 Y142.016 E.01338
G1 X141.848 Y126.552 E.67528
G1 X141.723 Y126.141 E.01325
G1 X125.967 Y141.897 E.68798
G3 X125.574 Y141.754 I.823 J-2.883 E.01293
G1 X141.58 Y125.748 E.69892
G1 X141.437 Y125.355 E.01291
G1 X125.181 Y141.611 E.70983
G3 X124.803 Y141.453 I1.317 J-3.686 E.01265
G1 X141.279 Y124.977 E.71944
G2 X141.106 Y124.614 I-3.548 J1.47 E.01242
G1 X124.436 Y141.285 E.72793
G3 X124.082 Y141.102 I1.562 J-3.468 E.01229
G1 X140.93 Y124.254 E.7357
G2 X140.741 Y123.907 I-2.575 J1.178 E.01221
G1 X123.732 Y140.916 E.74273
G3 X123.393 Y140.719 I1.24 J-2.524 E.01211
G1 X140.545 Y123.568 E.74896
G2 X140.341 Y123.236 I-2.471 J1.297 E.01203
G1 X123.064 Y140.513 E.75443
G3 X122.74 Y140.302 I1.351 J-2.42 E.01196
G1 X140.125 Y122.916 E.75915
G2 X139.907 Y122.599 I-3.14 J1.922 E.01191
G1 X122.429 Y140.076 E.76318
G3 X122.119 Y139.85 I1.999 J-3.072 E.01185
G1 X139.676 Y122.293 E.76666
G1 X139.436 Y121.997 E.01176
G1 X121.823 Y139.611 E.76912
G3 X121.535 Y139.362 I3.41 J-4.248 E.01173
G1 X139.184 Y121.713 E.77067
G1 X138.93 Y121.431 E.01172
G1 X121.259 Y139.103 E.77165
G1 X120.986 Y138.84 E.0117
G1 X138.666 Y121.16 E.772
G1 X138.393 Y120.897 E.0117
G1 X120.722 Y138.569 E.77165
G1 X120.468 Y138.287 E.01172
G1 X138.117 Y120.637 E.77067
G2 X137.828 Y120.39 I-2.504 J2.629 E.01174
G1 X120.215 Y138.003 E.76909
G1 X119.976 Y137.707 E.01176
G1 X137.527 Y120.155 E.76642
G1 X137.227 Y119.92 E.01179
G1 X119.75 Y137.397 E.76314
G1 X119.524 Y137.086 E.01185
G1 X136.91 Y119.701 E.75915
G1 X136.59 Y119.485 E.01192
G1 X119.309 Y136.766 E.75458
G3 X119.104 Y136.435 I4.631 J-3.105 E.01202
G1 X136.261 Y119.278 E.74921
G2 X135.92 Y119.084 I-2.027 J3.169 E.01214
G1 X118.91 Y136.094 E.74277
G1 X118.724 Y135.744 E.01223
G1 X135.57 Y118.898 E.73561
G2 X135.216 Y118.715 I-1.916 J3.286 E.01229
G1 X118.543 Y135.389 E.72806
G1 X118.378 Y135.018 E.01253
G1 X134.849 Y118.547 E.71923
G2 X134.471 Y118.389 I-1.695 J3.528 E.01265
G1 X118.215 Y134.645 E.70983
G1 X118.072 Y134.252 E.01291
G1 X134.078 Y118.246 E.69892
G2 X133.685 Y118.103 I-1.216 J2.74 E.01293
G1 X117.929 Y133.859 E.68798
G1 X117.804 Y133.448 E.01325
G1 X133.268 Y117.984 E.67528
G1 X132.852 Y117.865 E.01338
G1 X117.697 Y133.019 E.66176
G3 X117.59 Y132.59 I4.039 J-1.231 E.01366
G1 X132.416 Y117.764 E.6474
G2 X131.966 Y117.679 I-1.042 J4.253 E.01416
G1 X117.505 Y132.14 E.63148
G1 X117.438 Y131.67 E.01465
G1 X131.496 Y117.613 E.61385
G2 X131.019 Y117.554 I-.659 J3.375 E.01485
G1 X117.378 Y131.195 E.59568
G3 X117.34 Y130.697 I7.089 J-.784 E.01544
G1 X130.518 Y117.519 E.57544
G2 X130 Y117.501 I-.388 J3.698 E.01601
G1 X117.327 Y130.174 E.55342
G1 X117.327 Y129.639 E.01655
G1 X129.464 Y117.501 E.53002
G2 X128.901 Y117.528 I.381 J13.692 E.01741
G1 X117.361 Y129.068 E.50391
G3 X117.414 Y128.48 I5.648 J.206 E.01824
G1 X128.301 Y117.592 E.47543
G1 X127.678 Y117.68 E.01944
G1 X117.505 Y127.852 E.44421
G3 X117.648 Y127.174 I6.55 J1.026 E.02144
G1 X126.999 Y117.823 E.40831
G2 X126.277 Y118.008 I1.404 J6.957 E.02301
G1 X117.843 Y126.443 E.36831
G3 X118.112 Y125.638 I5.883 J1.52 E.02623
G1 X125.464 Y118.286 E.32102
G2 X124.545 Y118.669 I2.276 J6.755 E.03076
G1 X118.487 Y124.727 E.26455
G3 X119.1 Y123.579 I14.696 J7.103 E.04022
G1 X123.415 Y119.263 E.18844
G2 X121.15 Y120.992 I6.464 J10.815 E.08819
G1 X119.543 Y122.599 E.07015
SET_VELOCITY_LIMIT ACCEL=6000 ACCEL_TO_DECEL=3000 SQUARE_CORNER_VELOCITY=12
G1 E-.56 F2400
;WIPE_START
G1 F12000
G1 X120.958 Y121.185 E-.24
;WIPE_END
G1 X118.418 Y124.91 Z26.4 F30000
G1 Z26
G1 E.8 F2400
;TYPE:Gap infill
;WIDTH:0.202606
G1 F11604
G1 X118.329 Y125.042 E.00206
;WIDTH:0.156811
G1 X118.24 Y125.173 E.00147
;WIDTH:0.133914
G1 X118.151 Y125.305 E.00118
G1 E-.77462 F2400
;WIPE_START
G1 F15000
G1 X118.24 Y125.173 E-.02538
;WIPE_END
G1 X119.638 Y122.693 Z26.4 F30000
G1 Z26
G1 E.8 F2400
;WIDTH:0.122762
G1 F11604
G1 X119.402 Y122.969 E.00236
;WIDTH:0.0984127
G1 X119.36 Y123.022 E.00031
G1 E-.78914 F2400
;WIPE_START
G1 F15000
G1 X119.402 Y122.969 E-.01086
;WIPE_END
G1 X124.133 Y118.785 Z26.4 F30000
G1 Z26
G1 E.8 F2400
;WIDTH:0.108304
G1 F11604
G1 X123.999 Y118.885 E.00089
;WIDTH:0.148571
G1 X123.864 Y118.985 E.00144
;WIDTH:0.188839
G1 X123.729 Y119.085 E.00199
;WIDTH:0.208973
G1 X123.594 Y119.184 E.00227
G1 E-.77317 F2400
;WIPE_START
G1 F15000
G1 X123.729 Y119.085 E-.02683
;WIPE_END
G1 X125.973 Y118.021 Z26.4 F30000
G1 Z26
G1 E.8 F2400
;WIDTH:0.0881695
G1 F11604
G1 X125.645 Y118.218 E.00141
G1 E-.73881 F2400
;WIPE_START
G1 F15000
G1 X125.973 Y118.021 E-.06119
;WIPE_END
G1 X131.174 Y123.606 Z26.4 F30000
G1 X141.501 Y134.695 Z26.4
G1 Z26
G1 E.8 F2400
;WIDTH:0.111748
G1 F11604
G1 X141.41 Y134.83 E.00091
;WIDTH:0.158904
G1 X141.319 Y134.964 E.00153
;WIDTH:0.182482
G1 X141.229 Y135.099 E.00185
G1 E-.77404 F2400
;WIPE_START
G1 F15000
G1 X141.319 Y134.964 E-.02596
;WIPE_END
G1 X140.27 Y137.001 Z26.4 F30000
G1 Z26
G1 E.8 F2400
;WIDTH:0.102302
G1 F11604
G1 X140.153 Y137.143 E.00089
;WIDTH:0.116434
G1 X140.036 Y137.285 E.0011
G1 E-.77051 F2400
;WIPE_START
G1 F15000
G1 X140.153 Y137.143 E-.02949
;WIPE_END
G1 X136.058 Y140.816 Z26.4 F30000
G1 Z26
G1 E.8 F2400
;WIDTH:0.229102
G1 F11604
G1 X135.923 Y140.915 E.00254
;WIDTH:0.188835
G1 X135.788 Y141.015 E.00199
;WIDTH:0.148569
G1 X135.653 Y141.115 E.00144
;WIDTH:0.128436
G1 X135.519 Y141.215 E.00117
; stop printing object 圆柱体 id:0 copy 0
G1 E-.77317 F2400
;WIPE_START
G1 F15000
G1 X135.653 Y141.115 E-.02683
;WIPE_END
EXCLUDE_OBJECT_END NAME=圆柱体_id_0_copy_0
M106 S0
;TYPE:Custom
; filament end gcode 
G1 X0 Y180 F8000
END_PRINT
M73 P100 R0
; EXECUTABLE_BLOCK_END

; filament used [mm] = 2063.22
; filament used [cm3] = 4.96
; filament used [g] = 6.15
; filament cost = 0.12
; total filament used [g] = 6.15
; total filament cost = 0.12
; total layers count = 130
; estimated printing time (normal mode) = 22m 8s
; estimated first layer printing time (normal mode) = 1m 52s

; CONFIG_BLOCK_START
; accel_to_decel_enable = 1
; accel_to_decel_factor = 50%
; activate_air_filtration = 0
; activate_air_filtration_during_print = 1
; activate_air_filtration_on_completion = 1
; activate_chamber_temp_control = 0
; adaptive_bed_mesh_margin = 0
; adaptive_pressure_advance = 0
; adaptive_pressure_advance_bridges = 0
; adaptive_pressure_advance_model = "0,0,0\n0,0,0"
; adaptive_pressure_advance_overhangs = 0
; additional_cooling_fan_speed = 70
; additional_fan_full_speed_layer = 0
; align_infill_direction_to_model = 0
; alternate_extra_wall = 0
; auxiliary_fan = 0
; bbl_calib_mark_logo = 1
; bbl_use_printhost = 0
; bed_custom_model = 
; bed_custom_texture = 
; bed_exclude_area = 0x0
; bed_mesh_max = 99999,99999
; bed_mesh_min = -99999,-99999
; bed_mesh_probe_distance = 50,50
; bed_temperature_formula = by_highest_temp
; before_layer_change_gcode = ;BEFORE_LAYER_CHANGE\n;[layer_z]\nG92 E0\n
; best_object_pos = 0.5,0.5
; bottom_shell_layers = 3
; bottom_shell_thickness = 0
; bottom_solid_infill_flow_ratio = 1
; bottom_surface_density = 100%
; bottom_surface_filament_id = 0
; bottom_surface_pattern = monotonic
; bridge_acceleration = 50%
; bridge_angle = 0
; bridge_density = 100%
; bridge_flow = 0.95
; bridge_line_width = 100%
; bridge_no_support = 0
; bridge_speed = 25
; brim_ears_detection_length = 1
; brim_ears_max_angle = 125
; brim_flow_ratio = 1
; brim_object_gap = 0.1
; brim_type = auto_brim
; brim_use_efc_outline = 0
; brim_width = 5
; calib_flowrate_topinfill_special_order = 0
; chamber_minimal_temperature = 0
; chamber_temperature = 0
; change_extrusion_role_gcode = 
; change_filament_gcode = G2 Z{z_after_toolchange + 0.4} I0.86 J0.86 P1 F10000 ; spiral lift a little from second lift\nG1 X260 Y180 F30000\nG1 Z{z_after_toolchange} F600
; close_additional_fan_first_x_layers = 1
; close_fan_the_first_x_layers = 1
; combine_brims = 0
; complete_print_exhaust_fan_speed = 80
; continuous_print_max_join_distance = 2
; continuous_print_mode = 0
; cool_plate_temp = 55
; cool_plate_temp_initial_layer = 55
; cooling_tube_length = 0
; cooling_tube_retraction = 0
; counterbore_hole_bridging = none
; curr_bed_type = High Temp Plate
; default_acceleration = 6000
; default_bed_type = 
; default_filament_colour = ""
; default_filament_profile = "Creality Generic PLA @Hi-all"
; default_jerk = 12
; default_junction_deviation = 0
; default_nozzle_volume_type = Standard
; default_print_profile = 0.20mm Standard @Creality Hi
; deretraction_speed = 40
; detect_narrow_internal_solid_infill = 1
; detect_overhang_wall = 1
; detect_thin_wall = 0
; different_settings_to_system = continuous_print_mode;sparse_infill_pattern;top_surface_pattern;wall_loops;;
; disable_m73 = 0
; dont_filter_internal_bridges = disabled
; dont_slow_down_outer_wall = 0
; draft_shield = disabled
; during_print_exhaust_fan_speed = 60
; elefant_foot_compensation = 0.15
; elefant_foot_compensation_layers = 1
; elefant_foot_layers_density = 100%
; emit_machine_limits_to_gcode = 1
; enable_arc_fitting = 1
; enable_extra_bridge_layer = disabled
; enable_filament_ramming = 0
; enable_long_retraction_when_cut = 0
; enable_overhang_bridge_fan = 1
; enable_overhang_speed = 1
; enable_power_loss_recovery = printer_configuration
; enable_pressure_advance = 0
; enable_prime_tower = 0
; enable_support = 0
; enable_tower_interface_cooldown_during_tower = 0
; enable_tower_interface_features = 0
; enable_wrapping_detection = 0
; enforce_support_layers = 0
; eng_plate_temp = 55
; eng_plate_temp_initial_layer = 55
; ensure_vertical_shell_thickness = ensure_all
; exclude_object = 1
; extra_loading_move = 0
; extra_perimeters_on_overhangs = 0
; extra_solid_infills = 
; extruder_ams_count = 1#0|4#0;1#0|4#0
; extruder_clearance_height_to_lid = 20
; extruder_clearance_height_to_rod = 27
; extruder_clearance_radius = 55
; extruder_colour = #D57E0B
; extruder_offset = 0x0
; extruder_printable_area = 
; extruder_printable_height = 0
; extruder_type = Direct Drive
; extruder_variant_list = "Direct Drive Standard"
; extrusion_rate_smoothing_external_perimeter_only = 0
; fan_cooling_layer_time = 100
; fan_kickstart = 0
; fan_max_speed = 100
; fan_min_speed = 100
; fan_speedup_overhangs = 1
; fan_speedup_time = 0
; filament_adaptive_volumetric_speed = 0
; filament_adhesiveness_category = 0
; filament_change_extrusion_role_gcode = ""
; filament_change_length = 10
; filament_colour = #D57E0B
; filament_colour_type = 1
; filament_cooling_before_tower = 10
; filament_cooling_final_speed = 3.4
; filament_cooling_initial_speed = 2.2
; filament_cooling_moves = 4
; filament_cost = 20
; filament_density = 1.24
; filament_diameter = 1.75
; filament_end_gcode = "; filament end gcode \n"
; filament_extruder_variant = "Direct Drive Standard"
; filament_flow_ratio = 0.98
; filament_flush_temp = 0
; filament_flush_volumetric_speed = 0
; filament_ids = GFL99
; filament_is_support = 0
; filament_loading_speed = 28
; filament_loading_speed_start = 3
; filament_map = 1
; filament_map_mode = Auto For Flush
; filament_max_volumetric_speed = 18
; filament_minimal_purge_on_wipe_tower = 15
; filament_multi_colour = #D57E0B
; filament_multitool_ramming = 0
; filament_multitool_ramming_flow = 0
; filament_multitool_ramming_volume = 0
; filament_notes = ""
; filament_printable = 3
; filament_ramming_parameters = "120 100 6.6 6.8 7.2 7.6 7.9 8.2 8.7 9.4 9.9 10.0| 0.05 6.6 0.45 6.8 0.95 7.8 1.45 8.3 1.95 9.7 2.45 10 2.95 7.6 3.45 7.6 3.95 7.6 4.45 7.6 4.95 7.6"
; filament_self_index = 1
; filament_settings_id = "Creality Generic PLA @Hi-all"
; filament_shrink = 100%
; filament_shrinkage_compensation_z = 100%
; filament_soluble = 0
; filament_stamping_distance = 0
; filament_stamping_loading_speed = 0
; filament_start_gcode = "; filament start gcode\n{if (position[2] > first_layer_height) }\nM104 S[nozzle_temperature]\n{else}\nM104 S[first_layer_temperature]\n{endif}\n"
; filament_toolchange_delay = 0
; filament_tower_interface_pre_extrusion_dist = 10
; filament_tower_interface_pre_extrusion_length = 0
; filament_tower_interface_print_temp = -1
; filament_tower_interface_purge_volume = 20
; filament_tower_ironing_area = 4
; filament_type = PLA
; filament_unloading_speed = 90
; filament_unloading_speed_start = 100
; filament_vendor = Generic
; file_start_gcode = 
; filename_format = {input_filename_base}_{filament_type[initial_tool]}_{print_time}.gcode
; fill_multiline = 1
; filter_out_gap_fill = 0
; first_layer_flow_ratio = 1
; first_layer_print_sequence = 0
; first_x_layer_fan_speed = 0
; flashforge_serial_number = 
; flush_into_infill = 0
; flush_into_objects = 0
; flush_into_support = 1
; flush_multiplier = 0.3
; flush_volumes_matrix = 0
; flush_volumes_vector = 140,140
; full_fan_speed_layer = 0
; fuzzy_skin = none
; fuzzy_skin_first_layer = 0
; fuzzy_skin_layers_between_ripple_offset = 1
; fuzzy_skin_mode = displacement
; fuzzy_skin_noise_type = classic
; fuzzy_skin_octaves = 4
; fuzzy_skin_persistence = 0.5
; fuzzy_skin_point_distance = 0.8
; fuzzy_skin_ripple_offset = 50%
; fuzzy_skin_ripples_per_layer = 15
; fuzzy_skin_scale = 1
; fuzzy_skin_thickness = 0.3
; gap_fill_flow_ratio = 1
; gap_fill_target = everywhere
; gap_infill_speed = 250
; gcode_add_line_number = 0
; gcode_comments = 0
; gcode_flavor = klipper
; gcode_label_objects = 1
; grab_length = 0
; gyroid_optimized = 0
; has_scarf_joint_seam = 0
; head_wrap_detect_zone = 
; high_current_on_filament_swap = 0
; hole_to_polyhole = 0
; hole_to_polyhole_threshold = 0.01
; hole_to_polyhole_twisted = 1
; host_type = octoprint
; hot_plate_temp = 55
; hot_plate_temp_initial_layer = 55
; idle_temperature = 0
; independent_support_layer_height = 1
; infill_anchor = 400%
; infill_anchor_max = 20
; infill_combination = 0
; infill_combination_max_layer_height = 100%
; infill_direction = 45
; infill_jerk = 12
; infill_lock_depth = 1
; infill_overhang_angle = 60
; infill_shift_step = 0.4
; infill_wall_overlap = 30%
; inherits_group = ;;
; initial_layer_acceleration = 2000
; initial_layer_infill_speed = 60
; initial_layer_jerk = 8
; initial_layer_line_width = 0.5
; initial_layer_min_bead_width = 85%
; initial_layer_print_height = 0.2
; initial_layer_speed = 60
; initial_layer_travel_acceleration = 100%
; initial_layer_travel_jerk = 100%
; initial_layer_travel_speed = 100%
; inner_wall_acceleration = 6000
; inner_wall_filament_id = 0
; inner_wall_flow_ratio = 1
; inner_wall_jerk = 8
; inner_wall_line_width = 0.45
; inner_wall_speed = 300
; input_shaping_damp_x = 0.1
; input_shaping_damp_y = 0.1
; input_shaping_emit = 0
; input_shaping_freq_x = 0
; input_shaping_freq_y = 0
; input_shaping_type = Default
; interface_shells = 0
; interlocking_beam = 0
; interlocking_beam_layer_count = 2
; interlocking_beam_width = 0.8
; interlocking_boundary_avoidance = 2
; interlocking_depth = 2
; interlocking_orientation = 22.5
; internal_bridge_angle = 0
; internal_bridge_density = 100%
; internal_bridge_fan_speed = -1
; internal_bridge_flow = 1
; internal_bridge_speed = 50
; internal_solid_filament_id = 0
; internal_solid_infill_acceleration = 80%
; internal_solid_infill_flow_ratio = 1
; internal_solid_infill_line_width = 0.42
; internal_solid_infill_pattern = monotonic
; internal_solid_infill_speed = 250
; ironing_angle = 90
; ironing_angle_fixed = 0
; ironing_expansion = 0
; ironing_fan_speed = -1
; ironing_flow = 10%
; ironing_inset = 0
; ironing_pattern = rectilinear
; ironing_spacing = 0.15
; ironing_speed = 30
; ironing_type = no ironing
; is_infill_first = 0
; lateral_lattice_angle_1 = -45
; lateral_lattice_angle_2 = 45
; layer_change_gcode = ;AFTER_LAYER_CHANGE\n;[layer_z]
; layer_height = 0.2
; lightning_overhang_angle = 45
; lightning_prune_angle = 45
; lightning_straightening_angle = 45
; line_width = 0.42
; long_retractions_when_cut = 0
; long_retractions_when_ec = 0
; machine_end_gcode = G1 X0 Y180 F8000\nEND_PRINT
; machine_load_filament_time = 105
; machine_max_acceleration_e = 5000,5000
; machine_max_acceleration_extruding = 12000,12000
; machine_max_acceleration_retracting = 5000,5000
; machine_max_acceleration_travel = 20000,20000
; machine_max_acceleration_x = 12000,12000
; machine_max_acceleration_y = 12000,12000
; machine_max_acceleration_z = 500,500
; machine_max_jerk_e = 2.5,2.5
; machine_max_jerk_x = 12,12
; machine_max_jerk_y = 12,12
; machine_max_jerk_z = 2,2
; machine_max_junction_deviation = 0.01
; machine_max_speed_e = 50,50
; machine_max_speed_x = 300,300
; machine_max_speed_y = 300,300
; machine_max_speed_z = 20,20
; machine_min_extruding_rate = 0,0
; machine_min_travel_rate = 0,0
; machine_pause_gcode = PAUSE
; machine_start_gcode = M140 S0\nM104 S0 \nSTART_PRINT EXTRUDER_TEMP=[nozzle_temperature_initial_layer] BED_TEMP=[bed_temperature_initial_layer_single]\nT[initial_no_support_extruder]\nM104 S[nozzle_temperature_initial_layer]\nM204 S2000\nG1 Z3 F600\nM83\nG1 Y150 F12000\nG1 X0 F12000\nG1 Z0.2 F600\nG1 X0 Y150 F6000\nG1 E0.8 F300\nG1 X0 Y0 E9 F{filament_max_volumetric_speed[initial_extruder]/0.3*60}\nG1 X150 Y0 E9 F{filament_max_volumetric_speed[initial_extruder]/0.3*60}\nG92 E0\nG1 Z1 F600
; machine_tool_change_time = 0
; machine_unload_filament_time = 0
; make_overhang_printable = 0
; make_overhang_printable_angle = 55
; make_overhang_printable_hole_size = 0
; manual_filament_change = 0
; master_extruder_id = 1
; max_bridge_length = 10
; max_layer_height = 0.32
; max_resonance_avoidance_speed = 120
; max_travel_detour_distance = 0
; max_volumetric_extrusion_rate_slope = 0
; max_volumetric_extrusion_rate_slope_segment_length = 3
; min_bead_width = 85%
; min_feature_size = 25%
; min_layer_height = 0.08
; min_length_factor = 0.5
; min_resonance_avoidance_speed = 70
; min_skirt_length = 0
; min_width_top_surface = 300%
; minimum_sparse_infill_area = 15
; mmu_segmented_region_interlocking_depth = 0
; mmu_segmented_region_max_width = 0
; notes = 
; nozzle_diameter = 0.4
; nozzle_flush_dataset = 0
; nozzle_height = 2.5
; nozzle_hrc = 0
; nozzle_temperature = 220
; nozzle_temperature_initial_layer = 220
; nozzle_temperature_range_high = 230
; nozzle_temperature_range_low = 190
; nozzle_type = hardened_steel
; nozzle_volume = 183
; nozzle_volume_type = Standard
; only_one_wall_first_layer = 0
; only_one_wall_top = 1
; ooze_prevention = 0
; other_layers_print_sequence = 0
; other_layers_print_sequence_nums = 0
; outer_wall_acceleration = 5000
; outer_wall_filament_id = 0
; outer_wall_flow_ratio = 1
; outer_wall_jerk = 8
; outer_wall_line_width = 0.42
; outer_wall_speed = 150
; overhang_1_4_speed = 0
; overhang_2_4_speed = 50
; overhang_3_4_speed = 30
; overhang_4_4_speed = 10
; overhang_fan_speed = 100
; overhang_fan_threshold = 50%
; overhang_flow_ratio = 1
; overhang_reverse = 0
; overhang_reverse_internal_only = 0
; overhang_reverse_threshold = 50%
; parallel_printheads_bed_exclude_areas = 
; parallel_printheads_count = 1
; parking_pos_retraction = 0
; part_cooling_fan_min_pwm = 0
; pellet_flow_coefficient = 0.4157
; pellet_modded_printer = 0
; physical_extruder_map = 0
; post_process = 
; precise_outer_wall = 1
; precise_z_height = 0
; preferred_orientation = 0
; preheat_steps = 1
; preheat_time = 30
; pressure_advance = 0.02
; prime_tower_brim_width = 3
; prime_tower_enable_framework = 0
; prime_tower_flat_ironing = 0
; prime_tower_infill_gap = 150%
; prime_tower_skip_points = 1
; prime_tower_width = 60
; prime_volume = 45
; print_compatible_printers = "Creality Hi 0.4 nozzle"
; print_extruder_id = 1
; print_extruder_variant = "Direct Drive Standard"
; print_flow_ratio = 1
; print_order = default
; print_sequence = by layer
; print_settings_id = 0.20mm Standard @Creality Hi
; printable_area = 0x0,260x0,260x260,0x260
; printable_height = 300
; printer_agent = 
; printer_extruder_id = 1
; printer_extruder_variant = "Direct Drive Standard"
; printer_model = Creality Hi
; printer_notes = 
; printer_settings_id = Creality Hi 0.4 nozzle
; printer_structure = i3
; printer_technology = FFF
; printer_variant = 0.4
; printhost_authorization_type = key
; printhost_ssl_ignore_revoke = 0
; printing_by_object_gcode = 
; process_change_extrusion_role_gcode = 
; purge_in_prime_tower = 0
; raft_contact_distance = 0.1
; raft_expansion = 1.5
; raft_first_layer_density = 90%
; raft_first_layer_expansion = 2
; raft_layers = 0
; reduce_crossing_wall = 0
; reduce_fan_stop_start_freq = 1
; reduce_infill_retraction = 1
; relative_bridge_angle = 0
; required_nozzle_HRC = 0
; resolution = 0.012
; resonance_avoidance = 0
; retract_before_wipe = 70%
; retract_length_toolchange = 0
; retract_lift_above = 0
; retract_lift_below = 299
; retract_lift_enforce = All Surfaces
; retract_restart_extra = 0
; retract_restart_extra_toolchange = 0
; retract_when_changing_layer = 1
; retraction_distances_when_cut = 18
; retraction_distances_when_ec = 10
; retraction_length = 0.8
; retraction_minimum_travel = 0.5
; retraction_speed = 40
; role_based_wipe_speed = 1
; scan_first_layer = 0
; scarf_angle_threshold = 155
; scarf_joint_flow_ratio = 1
; scarf_joint_speed = 100%
; scarf_overhang_threshold = 40%
; seam_gap = 15%
; seam_position = aligned
; seam_slope_conditional = 0
; seam_slope_entire_loop = 0
; seam_slope_inner_walls = 0
; seam_slope_min_length = 20
; seam_slope_start_height = 0
; seam_slope_steps = 10
; seam_slope_type = none
; set_other_flow_ratios = 0
; silent_mode = 0
; single_extruder_multi_material = 1
; single_extruder_multi_material_priming = 0
; single_loop_draft_shield = 0
; skeleton_infill_density = 25%
; skeleton_infill_line_width = 100%
; skin_infill_density = 25%
; skin_infill_depth = 2
; skin_infill_line_width = 100%
; skirt_distance = 2
; skirt_height = 1
; skirt_loops = 0
; skirt_speed = 50
; skirt_start_angle = -135
; skirt_type = combined
; slice_closing_radius = 0.049
; slicing_mode = regular
; slow_down_for_layer_cooling = 1
; slow_down_layer_time = 8
; slow_down_layers = 0
; slow_down_min_speed = 20
; slowdown_for_curled_perimeters = 0
; small_area_infill_flow_compensation = 0
; small_area_infill_flow_compensation_model = 0,0;"\n0.2,0.4444";"\n0.4,0.6145";"\n0.6,0.7059";"\n0.8,0.7619";"\n1.5,0.8571";"\n2,0.8889";"\n3,0.9231";"\n5,0.9520";"\n10,1"
; small_perimeter_speed = 50%
; small_perimeter_threshold = 0
; solid_infill_direction = 45
; solid_infill_rotate_template = 
; sparse_infill_acceleration = 100%
; sparse_infill_density = 15%
; sparse_infill_filament_id = 0
; sparse_infill_flow_ratio = 1
; sparse_infill_line_width = 0.45
; sparse_infill_pattern = alignedrectilinear
; sparse_infill_rotate_template = 
; sparse_infill_speed = 270
; spiral_finishing_flow_ratio = 0
; spiral_mode = 0
; spiral_mode_max_xy_smoothing = 200%
; spiral_mode_smooth = 0
; spiral_starting_flow_ratio = 0
; staggered_inner_seams = 1
; standby_temperature_delta = -5
; start_end_points = 30x-3,54x245
; supertack_plate_temp = 35
; supertack_plate_temp_initial_layer = 35
; support_air_filtration = 0
; support_angle = 0
; support_base_pattern = rectilinear
; support_base_pattern_spacing = 2.5
; support_bottom_interface_spacing = 0.5
; support_bottom_z_distance = 0.2
; support_chamber_temp_control = 1
; support_critical_regions_only = 0
; support_expansion = 0
; support_filament = 0
; support_flow_ratio = 1
; support_interface_bottom_layers = 2
; support_interface_filament = 0
; support_interface_flow_ratio = 1
; support_interface_loop_pattern = 0
; support_interface_not_for_body = 1
; support_interface_pattern = auto
; support_interface_spacing = 0.5
; support_interface_speed = 80
; support_interface_top_layers = 2
; support_ironing = 0
; support_ironing_flow = 10%
; support_ironing_pattern = rectilinear
; support_ironing_spacing = 0.1
; support_line_width = 0.4
; support_material_interface_fan_speed = -1
; support_multi_bed_types = 1
; support_object_first_layer_gap = 0.2
; support_object_skip_flush = 0
; support_object_xy_distance = 0.35
; support_on_build_plate_only = 0
; support_parallel_printheads = 0
; support_remove_small_overhang = 1
; support_speed = 150
; support_style = default
; support_threshold_angle = 30
; support_threshold_overlap = 50%
; support_top_z_distance = 0.2
; support_type = normal(auto)
; symmetric_infill_y_axis = 0
; temperature_vitrification = 60
; template_custom_gcode = 
; textured_cool_plate_temp = 40
; textured_cool_plate_temp_initial_layer = 40
; textured_plate_temp = 55
; textured_plate_temp_initial_layer = 55
; thick_bridges = 0
; thick_internal_bridges = 1
; thumbnails = 96x96/PNG, 300x300/PNG
; thumbnails_format = PNG
; time_cost = 0
; time_lapse_gcode = {if !spiral_mode && print_sequence != \"by object\" && layer_num != 0}\n;don't support timelapse gcode in spiral_mode and by object sequence for I3 structure printer\n;time lapse begin\nM5001 G92 E0\nM5001 G17\nM5001 G2 Z{layer_z + 0.4} I0.86 J0.86 P1 F20000 ; spiral lift a little\nM5001 G1 X0 Y180 F24000 ; move to safe pos\nM5001 P15\nM5001 M400 P300\nM5001 G92 E0\n;time lapse end\n{endif}
; timelapse_type = 0
; tool_change_on_wipe_tower = 0
; top_bottom_infill_wall_overlap = 25%
; top_shell_layers = 5
; top_shell_thickness = 0.8
; top_solid_infill_flow_ratio = 1
; top_surface_acceleration = 3000
; top_surface_density = 100%
; top_surface_filament_id = 0
; top_surface_jerk = 8
; top_surface_line_width = 0.42
; top_surface_pattern = monotonic
; top_surface_speed = 200
; travel_acceleration = 6000
; travel_jerk = 12
; travel_slope = 3
; travel_speed = 500
; travel_speed_z = 0
; tree_support_angle_slow = 25
; tree_support_auto_brim = 1
; tree_support_branch_angle = 45
; tree_support_branch_angle_organic = 40
; tree_support_branch_diameter = 2
; tree_support_branch_diameter_angle = 5
; tree_support_branch_diameter_organic = 2
; tree_support_branch_distance = 5
; tree_support_branch_distance_organic = 1
; tree_support_brim_width = 3
; tree_support_tip_diameter = 0.8
; tree_support_top_rate = 30%
; tree_support_wall_count = 0
; upward_compatible_machine = 
; use_3mf = 0
; use_firmware_retraction = 0
; use_relative_e_distances = 1
; volumetric_speed_coefficients = ""
; wall_direction = ccw
; wall_distribution_count = 1
; wall_generator = classic
; wall_loops = 3
; wall_maximum_deviation = 0.025
; wall_maximum_resolution = 0.5
; wall_sequence = inner wall/outer wall
; wall_transition_angle = 10
; wall_transition_filter_deviation = 25%
; wall_transition_length = 100%
; wipe = 1
; wipe_before_external_loop = 0
; wipe_distance = 2
; wipe_on_loops = 0
; wipe_speed = 80%
; wipe_tower_bridging = 10
; wipe_tower_cone_angle = 10
; wipe_tower_extra_flow = 100%
; wipe_tower_extra_rib_length = 0
; wipe_tower_extra_spacing = 100%
; wipe_tower_filament = 0
; wipe_tower_fillet_wall = 1
; wipe_tower_max_purge_speed = 90
; wipe_tower_no_sparse_layers = 0
; wipe_tower_rib_width = 8
; wipe_tower_rotation_angle = 0
; wipe_tower_type = type2
; wipe_tower_wall_type = rib
; wipe_tower_x = 4.000
; wipe_tower_x = 4
; wipe_tower_y = 231.972
; wipe_tower_y = 231.972
; wiping_volumes_extruders = 70,70,70,70,70,70,70,70,70,70
; wrapping_detection_gcode = 
; wrapping_detection_layers = 20
; wrapping_exclude_area = 
; xy_contour_compensation = 0
; xy_hole_compensation = 0
; z_hop = 0.4
; z_hop_types = Auto Lift
; z_offset = 0
; zaa_dont_alternate_fill_direction = 0
; zaa_enabled = 0
; zaa_min_z = 0.05
; zaa_minimize_perimeter_height = 35
; first_layer_bed_temperature = 55
; bed_shape = 0x0,260x0,260x260,0x260
; first_layer_temperature = 220
; first_layer_height = 0.200
; CONFIG_BLOCK_END


